VacationHomeID,VacHomeClass,VacHomeZone,VacHomeLotFrontage,VacHomeLotSqFt,VacHomeStreet,VacHomeRoad,VacHomeLotShape,VacHomeLandContour,VacHomeUtilities,VacHomeLotConfig,VacHomeLandSlope,VacHomeNeighborhood,VacHomeCondition,VacHomeBuilding,VacHomeHouseStyle,VacHomeRating,VacHomeQuality,VacHomeConsYear,VacHomeSince,VacHomeRoofStyle,VacHomeRoofMat,VacHomeExterior,VacHomeMasonryVeneer,VacHomeMasonryArea,VacHomeExterQual,VacHomeQual,VacHomeFoundation,VacHomeBsmtQuality,VacHomeBsmtLight,VacHomeBsmtFinish,VacHomeBsmtSqFt,VacHomeHeating,VacHomeHeatingQuality,VacHomeAC,VacHomeElectricalWiring,VacHomeFloor1SqFt,VacHomeFloor2SqFt,VacHomeSqFt,VacHomeNumFullBath,VacHomeNumHalfBath,VacHomeBedroomWithCloset,VacHomeKitcheninHome,VacHomeKitchenQuality,VacHomeRooms,VacHomeFireplaces,VacHomeFireplaceQuality,VacHomeGarageType,VacHomeGarageFinish,VacHomeCarsInGarage,VacHomeGarageArea,VacHomeGarageQuality,VacHomeDriveway,VacHomeWoodDeckSqFt,VacHomePorchSqFt,VacHomePoolSqFt,VacHomePoolQuality,VacHomeFence,VacHomeStartMonth,VacHomeStartYear,VacHomeSaleType,VacHomeSaleCondition,VacHomeSalePrice,VacHomeInterestInHome,VacHomeGoodSchools,VacHomeAvailableDate,VacHomeBarCode,VacHomeOwnerAddress,VacHomeOwnerCity,VacHomeOwnerCountry,VacHomeOwnerEmail,VacHomeOwnerGender,VacHomeOwnerState,VacHomeOwnerZipcode,VacHomeRenovationAmount,VacHomeSurveyDate,VacHomeSurveyRating,VacHomeReviewDate,VacHomeReviewRating
1,VacHomeClass-6,VacHomeZone-1,65.0,8450,Cobblestone,Gravel,Pie,Flat,Trash|Gas|Water|Electricity,Interior lot,No Slope,RNH 6,Proximity to School,Apartment,Bungalow,7,5,2008,2009,Gable,Rolled Roofing,Board Batten,Natural Stone,196.0,4,3,Individual footing,4.0,No Sunlight,ZenWall Panels,856,Furnace,5,Yes,NM Cable,856,854,1710,2,1,3,1,4,8,0,,Attached,Wood Sheathing,2,548,3,Paved,0,0,0,0,No Fence,2,2008,Down payment assistance,Regular,173061.0,Y,Y,2021-11-24,78408012,"Jochen-Peukert-Straße 4/7
93824 Wolgast",Schwandorf,Venezuela,sylvester59@haase.de,M,Niedersachsen,41157,93.0,2021-11-24,4.6,2021-11-24,4.6
2,VacHomeClass-1,VacHomeZone-1,80.0,9600,Cobblestone,Gravel,Pie,Flat,Trash|Gas|Water|Electricity,T-intersection,No Slope,RNH 25,Proximity to Hospital,Apartment,Contemporary,6,8,1977,1979,Gable,Rolled Roofing,Log Wood,Manmade Stone,0.0,3,3,Combined footing,4.0,French Doors,BrightWall Paneling,1262,Furnace,5,Yes,NM Cable,1262,0,1262,2,0,3,1,3,6,1,TA,Attached,Wood Sheathing,2,460,3,Paved,298,0,0,0,No Fence,5,2007,Down payment assistance,Regular,150651.0,N,Y,2021-10-03,23209473,"Henkweg 1
93328 Bremen",Hersbruck,Bolivien,tilman19@junck.org,F,Thüringen,84185,9.0,2021-01-16,3.8,2021-01-16,3.8
3,VacHomeClass-6,VacHomeZone-1,68.0,11250,Cobblestone,Gravel,Reverse Pie,Flat,Trash|Gas|Water|Electricity,Interior lot,No Slope,RNH 6,Proximity to School,Apartment,Bungalow,7,5,2006,2008,Gable,Rolled Roofing,Board Batten,Natural Stone,162.0,4,3,Individual footing,4.0,Small Windows,ZenWall Panels,920,Furnace,5,Yes,NM Cable,920,866,1786,2,1,3,1,4,6,1,TA,Attached,Wood Sheathing,2,608,3,Paved,0,0,0,0,No Fence,9,2008,Down payment assistance,Regular,185511.0,Y,N,2021-09-21,12309894,"Mercedes-Butte-Allee 8/4
39694 Neustrelitz",Borken,Pakistan,erich35@kade.com,M,Rheinland-Pfalz,79533,88.0,2021-07-08,4.4,2021-07-08,4.4
4,VacHomeClass-7,VacHomeZone-1,60.0,9550,Cobblestone,Gravel,Reverse Pie,Flat,Trash|Gas|Water|Electricity,Corner lot,No Slope,RNH 7,Proximity to School,Apartment,Bungalow,7,5,1916,1975,Gable,Rolled Roofing,Wood Shingle,Manmade Stone,0.0,3,3,Strip foundation,3.0,No Sunlight,BrightWall Paneling,756,Furnace,4,Yes,NM Cable,961,756,1717,1,0,3,1,4,7,1,Gd,Detached,Metal Panels,3,642,3,Paved,0,0,0,0,No Fence,2,2006,Down payment assistance,Shortsale,116206.0,Y,N,2021-01-11,9163454,"Remo-Conradi-Ring 090
21730 Potsdam",Schwarzenberg,Thailand,burkardpaertzelt@googlemail.com,F,Brandenburg,13145,94.0,2021-07-05,3.9,2021-07-05,3.9
5,VacHomeClass-6,VacHomeZone-1,84.0,14260,Cobblestone,Gravel,Reverse Pie,Flat,Trash|Gas|Water|Electricity,T-intersection,No Slope,RNH 14,Proximity to School,Apartment,Bungalow,8,5,2001,2006,Gable,Rolled Roofing,Board Batten,Natural Stone,350.0,4,3,Individual footing,4.0,Large Windows,ZenWall Panels,1145,Furnace,5,Yes,NM Cable,1145,1053,2198,2,1,4,1,4,9,1,TA,Attached,Wood Sheathing,3,836,3,Paved,192,0,0,0,No Fence,12,2008,Down payment assistance,Regular,207506.0,Y,N,2021-11-22,84237590,"Lioba-Stiffel-Platz 58
19720 Sulzbach-Rosenberg",Reutlingen,Portugal,kaesterjoana@aol.de,F,Nordrhein-Westfalen,64280,37.0,2021-12-13,2.8,2021-12-13,2.8
6,VacHomeClass-5,VacHomeZone-1,85.0,14115,Cobblestone,Gravel,Reverse Pie,Flat,Trash|Gas|Water|Electricity,Interior lot,No Slope,RNH 12,Proximity to School,Apartment,Craftsman,5,5,1994,2001,Gable,Rolled Roofing,Board Batten,Manmade Stone,0.0,3,3,Raft foundation,4.0,No Sunlight,ZenWall Panels,796,Furnace,5,Yes,NM Cable,796,566,1362,1,1,1,1,3,5,0,,Attached,Metal Panels,2,480,3,Paved,40,320,0,0,Vinyl Fences,10,2009,Down payment assistance,Regular,118696.0,Y,N,2021-08-18,754705,"Wellerstraße 093
23376 Backnang",Uffenheim,St. Kitts und Nevis,mrose@yahoo.de,F,Sachsen-Anhalt,27142,54.0,2021-02-24,3.2,2021-02-24,3.2
7,VacHomeClass-1,VacHomeZone-1,75.0,10084,Cobblestone,Gravel,Pie,Flat,Trash|Gas|Water|Electricity,Interior lot,No Slope,RNH 22,Proximity to School,Apartment,Contemporary,8,5,2007,2010,Gable,Rolled Roofing,Board Batten,Manmade Panels,186.0,4,3,Individual footing,5.0,Large Windows,ZenWall Panels,1686,Furnace,5,Yes,NM Cable,1694,0,1694,2,0,3,1,4,7,1,Gd,Attached,Wood Sheathing,2,636,3,Paved,255,0,0,0,No Fence,8,2007,Down payment assistance,Regular,254816.0,Y,N,2021-08-02,85124004,"Rolf-Peter-Stoll-Straße 0
00891 Cloppenburg",Hannover,Samoa,qdrub@gmail.com,M,Niedersachsen,17610,6.0,2021-10-21,1.9,2021-10-21,1.9
8,VacHomeClass-6,VacHomeZone-1,,10382,Cobblestone,Gravel,Reverse Pie,Flat,Trash|Gas|Water|Electricity,Corner lot,No Slope,RNH 17,Proximity to Park,Apartment,Bungalow,7,6,1978,1976,Gable,Rolled Roofing,Horizontal Wood,Manmade Panels,240.0,3,3,Combined footing,4.0,Small Windows,BrightWall Paneling,1107,Furnace,5,Yes,NM Cable,1107,983,2090,2,1,3,1,3,7,2,TA,Attached,Wood Sheathing,2,484,3,Paved,235,0,0,0,No Fence,11,2009,Down payment assistance,Regular,166006.0,N,Y,2021-09-22,41730423,"Roskothallee 977
58236 Amberg",Duderstadt,Isle of Man,gottlob29@klingelhoefer.com,M,Niedersachsen,51590,67.0,2021-11-07,3.8,2021-11-07,3.8
9,VacHomeClass-5,VacHomeZone-2,51.0,6120,Cobblestone,Gravel,Pie,Flat,Trash|Gas|Water|Electricity,Interior lot,No Slope,RNH 18,Proximity to Gym,Apartment,Craftsman,7,5,1934,1953,Gable,Rolled Roofing,Vertical Wood,Manmade Stone,0.0,3,3,Strip foundation,3.0,No Sunlight,Dry Wall,952,Furnace,4,Yes,Armored Cable,1022,752,1774,2,0,2,2,3,8,2,TA,Detached,Metal Panels,2,468,2,Paved,90,0,0,0,No Fence,4,2008,Down payment assistance,Shortsale,107823.0,Y,N,2021-04-28,77936158,"Lindaugasse 877
51717 Bad Kissingen",Holzminden,Vereinigtes Königreich,burkardkraushaar@dippel.org,Unknown,Bremen,96111,29.0,2021-10-01,2.4,2021-10-01,2.4
10,VacHomeClass-15,VacHomeZone-1,50.0,7420,Cobblestone,Gravel,Pie,Flat,Trash|Gas|Water|Electricity,Corner lot,No Slope,RNH 4,Proximity to Gym,Condo,Colonial,5,6,1944,1957,Gable,Rolled Roofing,Log Wood,Manmade Stone,0.0,3,3,Strip foundation,3.0,No Sunlight,ZenWall Panels,991,Furnace,5,Yes,NM Cable,1077,0,1077,1,0,2,2,3,5,2,TA,Attached,Wood Sheathing,1,205,4,Paved,0,0,0,0,No Fence,1,2008,Down payment assistance,Regular,97946.0,Y,Y,2021-08-16,68757731,"Ortwin-Drewes-Gasse 873
76430 Schwerin",Böblingen,Litauen,carlaladeck@web.de,Unknown,Hessen,58219,70.0,2021-02-08,1.5,2021-02-08,1.5
11,VacHomeClass-1,VacHomeZone-1,70.0,11200,Cobblestone,Gravel,Pie,Flat,Trash|Gas|Water|Electricity,Interior lot,No Slope,RNH 20,Proximity to School,Apartment,Contemporary,5,5,1969,1971,Sawtooth,Rolled Roofing,Horizontal Wood,Manmade Stone,0.0,3,3,Combined footing,3.0,No Sunlight,Foamax,1040,Furnace,5,Yes,NM Cable,1040,0,1040,1,0,3,1,3,5,0,,Detached,Metal Panels,1,384,3,Paved,0,0,0,0,No Fence,2,2008,Down payment assistance,Regular,107491.0,Y,N,2021-01-04,89163481,"Beierstr. 49
69471 Osterburg",Berchtesgaden,Britisches Territorium im Indischen Ozean,gkoehler@reichmann.com,F,Mecklenburg-Vorpommern,40752,77.0,2021-07-03,1.5,2021-07-03,1.5
12,VacHomeClass-6,VacHomeZone-1,85.0,11924,Cobblestone,Gravel,Reverse Pie,Flat,Trash|Gas|Water|Electricity,Interior lot,No Slope,RNH 16,Proximity to School,Apartment,Bungalow,9,5,2009,2015,Sawtooth,Rolled Roofing,Vinyl,Manmade Panels,286.0,5,3,Individual footing,5.0,No Sunlight,ZenWall Panels,1175,Furnace,5,Yes,NM Cable,1182,1142,2324,3,0,4,1,5,11,2,Gd,Breezeway,DryWall,3,736,3,Paved,147,0,0,0,No Fence,7,2006,Government-backed programs,Distress Sale,286356.0,Y,N,2021-11-17,91256096,"Miroslawa-Bärer-Allee 248
51744 Kronach",Beilngries,Pitcairn,ffaust@yahoo.de,F,Hamburg,34500,60.0,2021-06-18,3.9,2021-06-18,3.9
13,VacHomeClass-1,VacHomeZone-1,,12968,Cobblestone,Gravel,Rectangular,Flat,Trash|Gas|Water|Electricity,Interior lot,No Slope,RNH 20,Proximity to School,Apartment,Contemporary,5,6,1967,1966,Sawtooth,Rolled Roofing,Horizontal Wood,Manmade Stone,0.0,3,3,Combined footing,3.0,No Sunlight,BrightWall Paneling,912,Furnace,3,Yes,NM Cable,912,0,912,1,0,2,1,3,4,0,,Detached,Metal Panels,1,352,3,Paved,140,0,0,0,No Fence,9,2008,Down payment assistance,Regular,119526.0,N,N,2021-06-28,30675377,"Zänkerplatz 099
51853 Neustadtner Waldnaab",Beeskow,Palau,poelitznatalja@yahoo.de,Unknown,Schleswig-Holstein,19426,46.0,2021-09-06,2.8,2021-09-06,2.8
14,VacHomeClass-1,VacHomeZone-1,91.0,10652,Cobblestone,Gravel,Reverse Pie,Flat,Trash|Gas|Water|Electricity,Interior lot,No Slope,RNH 6,Proximity to School,Apartment,Contemporary,7,5,2010,2017,Gable,Rolled Roofing,Board Batten,Manmade Panels,306.0,4,3,Individual footing,4.0,Large Windows,Dry Wall,1494,Furnace,5,Yes,NM Cable,1494,0,1494,2,0,3,1,4,7,1,Gd,Attached,Wood Sheathing,3,840,3,Paved,160,0,0,0,No Fence,8,2007,Government-backed programs,Distress Sale,231991.0,Y,Y,2021-01-18,50552030,"Bauerstr. 31
84126 Borna",Lübben,Bermuda,ujunk@budig.com,Unknown,Berlin,20766,47.0,2021-07-05,4.8,2021-07-05,4.8
15,VacHomeClass-1,VacHomeZone-1,,10920,Cobblestone,Gravel,Reverse Pie,Flat,Trash|Gas|Water|Electricity,Corner lot,No Slope,NAmes,Proximity to School,Apartment,Contemporary,6,5,1964,1968,Sawtooth,Rolled Roofing,Log Wood,Natural Stone,212.0,3,3,Combined footing,3.0,No Sunlight,CleanSpace Wall System,1253,Furnace,3,Yes,NM Cable,1253,0,1253,1,1,2,1,3,5,1,Fa,Attached,Wood Sheathing,1,352,3,Paved,0,0,0,0,Wood Fences,5,2008,Down payment assistance,Regular,130316.0,Y,N,2021-08-20,89426227,"Hardy-Speer-Allee 045
93227 Nauen",Viersen,Britisches Territorium im Indischen Ozean,hans-eberhard91@aol.de,F,Niedersachsen,35574,29.0,2021-04-12,1.8,2021-04-12,1.8
16,VacHomeClass-4,VacHomeZone-2,51.0,6120,Cobblestone,Gravel,Pie,Flat,Trash|Gas|Water|Electricity,Corner lot,No Slope,RNH 4,Proximity to School,Apartment,Colonial,7,8,1931,2007,Gable,Rolled Roofing,Wood Shingle,Manmade Stone,0.0,3,3,Strip foundation,3.0,No Sunlight,Dry Wall,832,Furnace,5,Yes,Underground Feeder Cable,854,0,854,1,0,2,1,3,5,0,,Detached,Metal Panels,2,576,3,Paved,48,0,0,0,Composite Fences,7,2007,Down payment assistance,Regular,109566.0,N,N,2021-07-17,54712140,"Klaus-D.-Köhler-Straße 290
11264 Wittenberg",Rudolstadt,Haiti,alangern@wagenknecht.net,F,Sachsen-Anhalt,13758,15.0,2021-12-22,1.1,2021-12-22,1.1
17,VacHomeClass-1,VacHomeZone-1,,11241,Cobblestone,Gravel,Reverse Pie,Flat,Trash|Gas|Water|Electricity,Cul-de-sac,No Slope,NAmes,Proximity to School,Apartment,Contemporary,6,7,1973,1978,Gable,Rolled Roofing,Wood Shingle,Natural Stone,180.0,3,3,Combined footing,3.0,No Sunlight,BrightWall Paneling,1004,Furnace,5,Yes,NM Cable,1004,0,1004,1,0,2,1,3,5,1,TA,Attached,DryWall,2,480,3,Paved,0,0,0,0,No Fence,3,2010,Down payment assistance,Regular,123676.0,N,N,2021-11-06,73864011,"Kristin-Löchel-Straße 37
82571 Wolgast",Halberstadt,Tansania,beatrix92@troest.com,Unknown,Baden-Württemberg,97034,35.0,2021-10-07,4.0,2021-10-07,4.0
18,VacHomeClass-11,VacHomeZone-1,72.0,10791,Cobblestone,Gravel,Pie,Flat,Trash|Gas|Water|Electricity,Interior lot,No Slope,RNH 20,Proximity to School,Townhome,Contemporary,4,5,1971,1975,Gable,Rolled Roofing,Log Wood,Manmade Stone,0.0,3,3,Pile foundation,,,,0,Furnace,3,Yes,NM Cable,1296,0,1296,2,0,2,2,3,6,0,,Carports,Metal Panels,2,516,3,Paved,0,0,0,0,No Fence,10,2006,Down payment assistance,Regular,74706.0,Y,Y,2021-01-01,47592216,"Matthäigasse 5
39101 Hansestadttralsund",Cloppenburg,Uruguay,anniedoehn@schuster.org,M,Mecklenburg-Vorpommern,16448,90.0,2021-08-26,4.5,2021-08-26,4.5
19,VacHomeClass-1,VacHomeZone-1,66.0,13695,Cobblestone,Gravel,Pie,Flat,Trash|Gas|Water|Electricity,Interior lot,No Slope,RNH 21,Proximity to Dance Club,Apartment,Contemporary,5,5,2007,2009,Gable,Rolled Roofing,Board Batten,Manmade Stone,0.0,3,3,Individual footing,3.0,No Sunlight,ZenWall Panels,1114,Furnace,5,Yes,NM Cable,1114,0,1114,1,1,3,1,4,6,0,,Detached,Metal Panels,2,576,3,Paved,0,0,0,0,No Fence,6,2008,Down payment assistance,Regular,131976.0,N,Y,2021-05-29,16050198,"Brunhilde-Steckel-Ring 7
37785 Stade",Meißen,Burkina Faso,hatzler@aol.de,Unknown,Nordrhein-Westfalen,9305,1.0,2021-04-05,3.1,2021-04-05,3.1
20,VacHomeClass-1,VacHomeZone-1,70.0,7560,Cobblestone,Gravel,Pie,Flat,Trash|Gas|Water|Electricity,Interior lot,No Slope,NAmes,Proximity to School,Apartment,Contemporary,5,6,1962,1971,Sawtooth,Rolled Roofing,Vertical Wood,Manmade Stone,0.0,3,3,Combined footing,3.0,No Sunlight,Basement to Beautiful Panels,1029,Furnace,3,Yes,NM Cable,1339,0,1339,1,0,3,1,3,6,0,,Attached,Metal Panels,1,294,3,Paved,0,0,0,0,Vinyl Fences,5,2009,Reverse Mortgage,Shortsale,115376.0,N,Y,2021-12-06,33739069,"Kata-Ruppert-Ring 16
56256 Donaueschingen",Viersen,Mongolei,ynohlmans@web.de,M,Bremen,23275,5.0,2021-03-16,2.3,2021-03-16,2.3
21,VacHomeClass-6,VacHomeZone-1,101.0,14215,Cobblestone,Gravel,Reverse Pie,Flat,Trash|Gas|Water|Electricity,Corner lot,No Slope,RNH 16,Proximity to School,Apartment,Bungalow,8,5,2006,2009,Gable,Rolled Roofing,Board Batten,Natural Stone,380.0,4,3,Individual footing,5.0,Large Windows,Dry Wall,1158,Furnace,5,Yes,NM Cable,1158,1218,2376,3,1,4,1,4,9,1,Gd,Breezeway,Wood Sheathing,3,853,3,Paved,240,0,0,0,No Fence,11,2006,Government-backed programs,Distress Sale,270005.0,N,N,2021-09-03,50402168,"Bohlanderweg 39
91845 Miesbach",Seelow,Nigeria,beyerbernfried@gmail.com,Unknown,Sachsen-Anhalt,74735,88.0,2021-11-08,2.8,2021-11-08,2.8
22,VacHomeClass-4,VacHomeZone-2,57.0,7449,Cobblestone,Concrete,Pie,Slope,Trash|Gas|Water|Electricity,Interior lot,No Slope,RNH 10,Proximity to School,Apartment,Colonial,7,7,1935,1956,Gable,Rolled Roofing,Wood Shingle,Manmade Stone,0.0,3,3,Individual footing,3.0,No Sunlight,Dry Wall,637,Furnace,5,Yes,Armored Cable,1108,0,1108,1,0,3,1,4,6,1,Gd,Attached,Metal Panels,1,280,3,Only Gravel,0,0,0,0,Composite Fences,6,2007,Down payment assistance,Regular,115708.0,Y,Y,2021-08-25,48107778,"Gröttnerring 915
87540 Erfurt",Bogen,Turks- und Caicosinseln,wolfram53@aol.de,F,Hessen,33444,7.0,2021-06-23,1.1,2021-06-23,1.1
23,VacHomeClass-1,VacHomeZone-1,75.0,9742,Cobblestone,Gravel,Pie,Flat,Trash|Gas|Water|Electricity,Interior lot,No Slope,RNH 6,Proximity to School,Apartment,Contemporary,8,5,2004,2009,Sawtooth,Rolled Roofing,Board Batten,Natural Stone,281.0,4,3,Individual footing,4.0,No Sunlight,Dry Wall,1777,Furnace,5,Yes,NM Cable,1795,0,1795,2,0,3,1,4,7,1,Gd,Attached,Wood Sheathing,2,534,3,Paved,171,0,0,0,No Fence,9,2008,Down payment assistance,Regular,190906.0,Y,N,2021-07-11,78978447,"Detlev-Butte-Platz 263
91686 Eisenhüttenstadt",Neustadt am Rübenberge,Britische Jungferninseln,ingelorehuebel@yahoo.de,Unknown,Mecklenburg-Vorpommern,55618,30.0,2021-05-05,4.1,2021-05-05,4.1
24,VacHomeClass-12,VacHomeZone-2,44.0,4224,Cobblestone,Gravel,Pie,Flat,Trash|Gas|Water|Electricity,Interior lot,No Slope,RNH 11,Proximity to School,SingleFamilyHome,Contemporary,5,7,1977,1980,Gable,Rolled Roofing,Metal,Manmade Stone,0.0,3,3,Individual footing,4.0,No Sunlight,ZenWall Panels,1040,Furnace,3,Yes,NM Cable,1060,0,1060,1,0,3,1,3,6,1,TA,Attached,Metal Panels,2,572,3,Paved,100,0,0,0,No Fence,6,2007,Down payment assistance,Regular,107823.0,N,Y,2021-02-16,59026228,"Heringplatz 0
01641 Geithain",Füssen,Australien,marcellaaustermuehle@patberg.de,F,Mecklenburg-Vorpommern,53574,66.0,2021-04-28,3.1,2021-04-28,3.1
25,VacHomeClass-1,VacHomeZone-1,,8246,Cobblestone,Gravel,Reverse Pie,Flat,Trash|Gas|Water|Electricity,Interior lot,No Slope,RNH 20,Proximity to School,Apartment,Contemporary,5,8,1973,2007,Gable,Rolled Roofing,Brick,Manmade Stone,0.0,3,4,Combined footing,3.0,Small Windows,Foamax,1060,Furnace,5,Yes,NM Cable,1060,0,1060,1,0,3,1,4,6,1,TA,Attached,Metal Panels,1,270,3,Paved,406,0,0,0,Vinyl Fences,5,2010,Down payment assistance,Regular,127826.0,Y,Y,2021-02-22,63546033,"Horst-Peter-Walter-Platz 65
71908 Neustadt am Rübenberge",Hechingen,Äußeres Ozeanien,heserfreddy@hotmail.de,F,Baden-Württemberg,82778,5.0,2021-08-01,3.8,2021-08-01,3.8
26,VacHomeClass-1,VacHomeZone-1,110.0,14230,Cobblestone,Gravel,Pie,Flat,Trash|Gas|Water|Electricity,Corner lot,No Slope,RNH 16,Proximity to School,Apartment,Contemporary,8,5,2010,2012,Gable,Rolled Roofing,Board Batten,Manmade Panels,640.0,4,3,Individual footing,4.0,No Sunlight,Dry Wall,1566,Furnace,5,Yes,NM Cable,1600,0,1600,2,0,3,1,4,7,1,Gd,Attached,Wood Sheathing,3,890,3,Paved,0,0,0,0,No Fence,7,2009,Down payment assistance,Regular,212735.0,N,Y,2021-10-10,62376259,"Steckelweg 45
40598 Wertingen",Jena,Marokko,bolandermuharrem@web.de,F,Baden-Württemberg,3003,40.0,2021-03-20,3.7,2021-03-20,3.7
27,VacHomeClass-1,VacHomeZone-1,60.0,7200,Cobblestone,Gravel,Pie,Flat,Trash|Gas|Water|Electricity,Corner lot,No Slope,NAmes,Proximity to School,Apartment,Contemporary,5,7,1954,2005,Gable,Rolled Roofing,Wood Shingle,Manmade Stone,0.0,3,3,Combined footing,3.0,Small Windows,CleanSpace Wall System,900,Furnace,3,Yes,NM Cable,900,0,900,1,0,3,1,4,5,0,,Detached,Metal Panels,2,576,3,Paved,222,0,0,0,No Fence,5,2010,Down payment assistance,Regular,111890.0,Y,Y,2021-09-10,29904563,"Andersstraße 8
09166 Ahaus",Schweinfurt,Barbados,lorchsusann@doehn.de,F,Bremen,32302,4.0,2021-02-05,4.5,2021-02-05,4.5
28,VacHomeClass-1,VacHomeZone-1,98.0,11478,Cobblestone,Gravel,Pie,Flat,Trash|Gas|Water|Electricity,Interior lot,No Slope,RNH 16,Proximity to School,Apartment,Contemporary,8,5,2012,2018,Gable,Rolled Roofing,Board Batten,Manmade Panels,200.0,4,3,Individual footing,5.0,No Sunlight,ZenWall Panels,1704,Furnace,5,Yes,NM Cable,1704,0,1704,2,0,3,1,4,7,1,Gd,Attached,Wood Sheathing,3,772,3,Paved,0,0,0,0,No Fence,5,2010,Down payment assistance,Regular,253986.0,Y,Y,2021-07-12,404945,"Steinbergplatz 3/8
26547 Ansbach",Pegnitz,Nauru,ukruschwitz@lachmann.de,M,Nordrhein-Westfalen,8984,88.0,2021-08-12,2.4,2021-08-12,2.4
29,VacHomeClass-1,VacHomeZone-1,47.0,16321,Cobblestone,Gravel,Reverse Pie,Flat,Trash|Gas|Water|Electricity,Cul-de-sac,No Slope,NAmes,Proximity to School,Apartment,Contemporary,5,6,1962,2003,Gable,Rolled Roofing,Log Wood,Manmade Stone,0.0,3,3,Combined footing,3.0,French Doors,CleanSpace Wall System,1484,Furnace,3,Yes,NM Cable,1600,0,1600,1,0,2,1,3,6,2,Gd,Attached,Wood Sheathing,1,319,3,Paved,288,0,0,0,No Fence,12,2006,Down payment assistance,Regular,172231.0,Y,N,2021-10-24,25074932,"Hänelgasse 3
22509 Regensburg",Illertissen,Guinea-Bissau,zorbachfriedbert@beyer.de,M,Saarland,57696,9.0,2021-03-13,2.2,2021-03-13,2.2
30,VacHomeClass-2,VacHomeZone-2,60.0,6324,Cobblestone,Gravel,Reverse Pie,Flat,Trash|Gas|Water|Electricity,Interior lot,No Slope,RNH 4,Proximity to Hospital,Apartment,Contemporary,4,6,1932,1957,Gable,Rolled Roofing,Log Wood,Manmade Stone,0.0,3,3,Strip foundation,3.0,No Sunlight,Dry Wall,520,Furnace,2,No,NM Cable,520,0,520,1,0,1,1,2,4,0,,Detached,Metal Panels,1,240,2,Paved,49,0,0,0,No Fence,5,2008,Down payment assistance,Regular,56861.0,Y,Y,2021-04-19,93058230,"Gertraude-Segebahn-Platz 889
64440 Waren",Grevenbroich,Italien,vitali08@googlemail.com,Unknown,Rheinland-Pfalz,62082,81.0,2021-01-13,3.7,2021-01-13,3.7
31,VacHomeClass-7,VacHomeZone-3,50.0,8500,Cobblestone,Cobblestone,Pie,Flat,Trash|Gas|Water|Electricity,Interior lot,No Slope,RNH 10,Proximity to Hospital,Apartment,Bungalow,4,4,1925,1957,Curved,Rolled Roofing,Vertical Wood,Manmade Stone,0.0,3,2,Strip foundation,3.0,No Sunlight,Dry Wall,649,Furnace,3,No,NM Cable,649,668,1317,1,0,3,1,3,6,0,,Detached,Metal Panels,1,250,3,Only Gravel,0,0,0,0,Vinyl Fences,7,2008,Down payment assistance,Regular,33206.0,Y,N,2021-09-01,66097594,"Chantal-Hendriks-Ring 61
37813 Mayen",Magdeburg,Zentralafrikanische Republik,ansgar70@gutknecht.de,M,Sachsen,46595,17.0,2021-01-27,1.2,2021-01-27,1.2
32,VacHomeClass-1,VacHomeZone-1,,8544,Cobblestone,Gravel,Reverse Pie,Flat,Trash|Gas|Water|Electricity,Cul-de-sac,No Slope,RNH 20,Proximity to School,Apartment,Contemporary,5,6,1971,2013,Gable,Rolled Roofing,Horizontal Wood,Manmade Stone,0.0,3,3,Combined footing,3.0,No Sunlight,Dry Wall,1228,Furnace,4,Yes,NM Cable,1228,0,1228,1,1,3,1,4,6,0,,Attached,Metal Panels,1,271,3,Paved,0,0,0,0,Vinyl Fences,6,2008,Down payment assistance,Regular,123966.5,Y,N,2021-05-08,27080863,"Pruschkeplatz 195
01318 Bad Liebenwerda",Aue,Kenia,angelika02@gmail.com,Unknown,Rheinland-Pfalz,46292,24.0,2021-12-07,2.0,2021-12-07,2.0
33,VacHomeClass-1,VacHomeZone-1,85.0,11049,Cobblestone,Gravel,Pie,Flat,Trash|Gas|Water|Electricity,Corner lot,No Slope,RNH 6,Proximity to School,Apartment,Contemporary,8,5,2011,2010,Gable,Rolled Roofing,Board Batten,Manmade Stone,0.0,4,3,Individual footing,5.0,Large Windows,Dry Wall,1234,Furnace,5,Yes,NM Cable,1234,0,1234,2,0,3,1,4,7,0,,Attached,Wood Sheathing,2,484,3,Paved,0,0,0,0,No Fence,1,2008,Down payment assistance,Regular,149323.0,Y,N,2021-11-07,27808184,"Margareta-Hettner-Platz 5
48727 Bad Kissingen",Soltau,Usbekistan,ingekade@web.de,Unknown,Bayern,13793,44.0,2021-11-24,1.8,2021-11-24,1.8
34,VacHomeClass-1,VacHomeZone-1,70.0,10552,Cobblestone,Gravel,Reverse Pie,Flat,Trash|Gas|Water|Electricity,Interior lot,No Slope,NAmes,Proximity to School,Apartment,Contemporary,5,5,1962,1964,Sawtooth,Rolled Roofing,Vertical Wood,Manmade Stone,0.0,3,3,Combined footing,3.0,No Sunlight,Foamax,1398,Furnace,4,Yes,NM Cable,1700,0,1700,1,1,4,1,4,6,1,Gd,Attached,Wood Sheathing,2,447,3,Paved,0,0,0,0,No Fence,4,2010,Down payment assistance,Regular,137371.0,Y,N,2021-11-12,49762075,"Schmidtring 5/6
12502 Arnstadt",Schlüchtern,Antigua und Barbuda,sinaida16@margraf.org,F,Hessen,4609,34.0,2021-09-23,4.8,2021-09-23,4.8
35,VacHomeClass-12,VacHomeZone-1,60.0,7313,Cobblestone,Gravel,Pie,Flat,Trash|Gas|Water|Electricity,Interior lot,No Slope,RNH 16,Proximity to School,SingleFamilyHome,Contemporary,9,5,2007,2013,Sawtooth,Rolled Roofing,Log Wood,Natural Stone,246.0,5,3,Individual footing,5.0,No Sunlight,ZenWall Panels,1561,Furnace,5,Yes,NM Cable,1561,0,1561,2,0,2,1,5,6,1,Gd,Attached,DryWall,2,556,3,Paved,203,0,0,0,No Fence,8,2007,Down payment assistance,Regular,230331.0,N,Y,2021-05-31,6528225,"Fabian-Bauer-Ring 269
57877 Badoberan",Griesbach Rottal,Polen,sibillapohl@hoerle.com,Unknown,Baden-Württemberg,15517,23.0,2021-04-18,2.3,2021-04-18,2.3
36,VacHomeClass-6,VacHomeZone-1,108.0,13418,Cobblestone,Gravel,Pie,Flat,Trash|Gas|Water|Electricity,Interior lot,No Slope,RNH 16,Proximity to School,Apartment,Bungalow,8,5,2007,2009,Gable,Rolled Roofing,Board Batten,Manmade Panels,132.0,4,3,Individual footing,5.0,Large Windows,Dry Wall,1117,Furnace,5,Yes,NM Cable,1132,1320,2452,3,1,4,1,4,9,1,Gd,Breezeway,DryWall,3,691,3,Paved,113,0,0,0,No Fence,9,2006,Down payment assistance,Regular,256476.0,Y,N,2021-09-06,58000199,"Xaver-Schottin-Allee 0/3
45235 Eberswalde",Moers,Türkei,zullmann@fischer.com,Unknown,Saarland,69029,79.0,2021-12-14,4.9,2021-12-14,4.9
37,VacHomeClass-1,VacHomeZone-1,112.0,10859,Cobblestone,Gravel,Pie,Flat,Trash|Gas|Water|Electricity,Corner lot,No Slope,RNH 6,Proximity to School,Apartment,Contemporary,5,5,1996,2000,Gable,Rolled Roofing,Board Batten,Manmade Stone,0.0,3,3,Individual footing,4.0,No Sunlight,Dry Wall,1097,Furnace,5,Yes,NM Cable,1097,0,1097,1,1,3,1,3,6,0,,Attached,Metal Panels,2,672,3,Paved,392,0,0,0,No Fence,6,2009,Down payment assistance,Regular,120356.0,N,Y,2021-10-30,91448583,"Severin-Mangold-Weg 3
58386 Darmstadt",Regensburg,Benin,frederikenette@googlemail.com,F,Saarland,63763,3.0,2021-04-17,4.7,2021-04-17,4.7
38,VacHomeClass-1,VacHomeZone-1,74.0,8532,Cobblestone,Gravel,Pie,Flat,Trash|Gas|Water|Electricity,Interior lot,No Slope,NAmes,Proximity to School,Apartment,Contemporary,5,6,1957,1992,Sawtooth,Rolled Roofing,Wood Shingle,Natural Stone,650.0,3,3,Combined footing,3.0,No Sunlight,Foamax,1297,Furnace,4,Yes,NM Cable,1297,0,1297,1,0,3,1,3,5,1,TA,Attached,DryWall,2,498,3,Paved,0,0,0,0,No Fence,10,2009,Down payment assistance,Regular,126996.0,N,Y,2021-12-07,34295465,"Elenore-Jungfer-Straße 802
06661 Scheinfeld",Ebersberg,Italien,murat25@schueler.com,M,Hamburg,62948,82.0,2021-09-14,3.1,2021-09-14,3.1
39,VacHomeClass-1,VacHomeZone-1,68.0,7922,Cobblestone,Gravel,Pie,Flat,Trash|Gas|Water|Electricity,Interior lot,No Slope,NAmes,Proximity to School,Apartment,Contemporary,5,7,1956,2015,Gable,Rolled Roofing,Board Batten,Manmade Stone,0.0,3,4,Combined footing,3.0,No Sunlight,ZenWall Panels,1057,Furnace,3,Yes,NM Cable,1057,0,1057,1,0,3,1,4,5,0,,Detached,Metal Panels,1,246,3,Paved,0,0,0,0,No Fence,1,2010,Down payment assistance,Shortsale,90476.0,Y,N,2021-04-24,59451648,"Heuserstraße 52
19520 Rockenhausen",Moers,Pitcairn,gregorheidrich@putz.de,M,Berlin,68822,21.0,2021-05-06,1.7,2021-05-06,1.7
40,VacHomeClass-11,VacHomeZone-1,65.0,6040,Cobblestone,Gravel,Pie,Flat,Trash|Gas|Water|Electricity,Interior lot,No Slope,RNH 8,Proximity to School,Townhome,Contemporary,4,5,1958,1964,Gable,Rolled Roofing,Concrete,Manmade Stone,0.0,3,3,Individual footing,,,,0,Furnace,3,No,Low Voltage Wire,1152,0,1152,2,0,2,2,2,6,0,,No Garage,Unfinished,0,0,0,Only Gravel,0,0,0,0,No Fence,6,2008,Down payment assistance,Trade,68066.0,N,Y,2021-09-01,57517599,"Weimerweg 3
56784 Luckenwalde",Säckingen,Burundi,heidrun92@caspar.com,M,Bremen,99813,90.0,2021-08-16,3.3,2021-08-16,3.3
41,VacHomeClass-1,VacHomeZone-1,84.0,8658,Cobblestone,Gravel,Pie,Flat,Trash|Gas|Water|Electricity,Interior lot,No Slope,NAmes,Proximity to School,Apartment,Contemporary,6,5,1968,1974,Gable,Rolled Roofing,Wood Shingle,Natural Stone,101.0,3,3,Combined footing,3.0,No Sunlight,Foamax,1088,Furnace,5,Yes,NM Cable,1324,0,1324,2,0,3,1,3,6,1,TA,Attached,Wood Sheathing,2,440,3,Paved,0,0,0,0,Wood Fences,12,2006,Down payment assistance,Shortsale,132806.0,Y,Y,2021-09-16,79148788,"Canan-Röhrdanz-Gasse 02
93764 Rothenburg ob der Tauber",Kusel,Ukraine,holm87@aol.de,F,Hamburg,90619,83.0,2021-04-05,1.4,2021-04-05,1.4
42,VacHomeClass-1,VacHomeZone-1,115.0,16905,Cobblestone,Gravel,Pie,Flat,Trash|Gas|Water|Electricity,Interior lot,No Slope,RNH 24,Proximity to School,Apartment,Contemporary,5,6,1960,1965,Gable,Rolled Roofing,Board Batten,Manmade Stone,0.0,3,4,Combined footing,3.0,French Doors,CleanSpace Wall System,1350,Furnace,4,Yes,NM Cable,1328,0,1328,1,1,2,1,3,5,2,Gd,Attached,Wood Sheathing,1,308,3,Partially Gravel,0,0,0,0,No Fence,7,2007,Down payment assistance,Regular,141106.0,N,Y,2021-07-03,89717851,"Ayse-Knappe-Platz 9
71176 Rastatt",Grimma,Französisch-Guayana,cynthiaroerricht@albers.de,Unknown,Thüringen,42512,44.0,2021-02-15,2.5,2021-02-15,2.5
43,VacHomeClass-10,VacHomeZone-1,,9180,Cobblestone,Gravel,Reverse Pie,Flat,Trash|Gas|Water|Electricity,Cul-de-sac,No Slope,RNH 21,Proximity to School,Apartment,Georgian,5,7,1988,1992,Gable,Rolled Roofing,Horizontal Wood,Manmade Stone,0.0,3,3,Combined footing,4.0,Large Windows,BrightWall Paneling,840,Furnace,4,Yes,NM Cable,884,0,884,1,0,2,1,4,5,0,,Attached,Wood Sheathing,2,504,3,Paved,240,0,0,0,Vinyl Fences,12,2007,Down payment assistance,Regular,119526.0,Y,N,2021-09-24,55645645,"Alena-Jockel-Ring 07
85114 Gardelegen",Konstanz,Französisch-Polynesien,kuschnorman@muehle.net,Unknown,Bremen,37546,14.0,2021-11-05,2.5,2021-11-05,2.5
44,VacHomeClass-1,VacHomeZone-1,,9200,Cobblestone,Gravel,Reverse Pie,Flat,Trash|Gas|Water|Electricity,Cul-de-sac,No Slope,RNH 6,Proximity to School,Apartment,Contemporary,5,6,1976,1989,Sawtooth,Rolled Roofing,Board Batten,Manmade Stone,0.0,3,3,Combined footing,4.0,Large Windows,Basement to Beautiful Panels,938,Furnace,3,Yes,NM Cable,938,0,938,1,0,3,1,3,5,0,,Detached,Metal Panels,1,308,3,Paved,145,0,0,0,Vinyl Fences,7,2008,Down payment assistance,Regular,108113.5,N,N,2021-12-17,61435216,"Fliegnerring 25
31667 Regensburg",Strausberg,Mauretanien,zjunck@loewer.com,Unknown,Sachsen,73580,24.0,2021-06-15,1.1,2021-06-15,1.1
45,VacHomeClass-1,VacHomeZone-1,70.0,7945,Cobblestone,Gravel,Pie,Flat,Trash|Gas|Water|Electricity,Interior lot,No Slope,NAmes,Proximity to School,Apartment,Contemporary,5,6,1962,1962,Gable,Rolled Roofing,Vertical Wood,Manmade Stone,0.0,3,3,Combined footing,3.0,No Sunlight,BrightWall Paneling,1150,Furnace,5,Yes,Underground Feeder Cable,1150,0,1150,1,0,3,1,3,6,0,,Attached,Wood Sheathing,1,300,3,Paved,0,0,0,0,No Fence,5,2006,Down payment assistance,Regular,117036.0,N,Y,2021-01-11,9555723,"Ralph-Reising-Gasse 19
17308 Bergzabern",Gelnhausen,Wallis und Futuna,schoenlandvalentina@gmx.de,F,Mecklenburg-Vorpommern,67063,77.0,2021-11-01,2.3,2021-11-01,2.3
46,VacHomeClass-12,VacHomeZone-1,61.0,7658,Cobblestone,Gravel,Pie,Flat,Trash|Gas|Water|Electricity,Interior lot,No Slope,RNH 16,Proximity to School,SingleFamilyHome,Contemporary,9,5,2008,2008,Sawtooth,Rolled Roofing,Log Wood,Natural Stone,412.0,5,3,Individual footing,5.0,No Sunlight,ZenWall Panels,1752,Furnace,5,Yes,NM Cable,1752,0,1752,2,0,2,1,5,6,1,Gd,Attached,Wood Sheathing,2,576,3,Paved,196,0,0,0,No Fence,2,2010,Down payment assistance,Regular,265523.0,Y,Y,2021-04-08,37357603,"Barthweg 92
39536 Ravensburg",Torgau,Brasilien,yhermighausen@rosenow.de,M,Thüringen,72785,58.0,2021-01-18,1.0,2021-01-18,1.0
47,VacHomeClass-5,VacHomeZone-1,48.0,12822,Cobblestone,Gravel,Reverse Pie,Flat,Trash|Gas|Water|Electricity,Cul-de-sac,No Slope,RNH 12,Proximity to School,Apartment,Craftsman,7,5,2005,2011,Gable,Rolled Roofing,Board Batten,Manmade Stone,0.0,4,3,Individual footing,5.0,No Sunlight,ZenWall Panels,1434,Furnace,5,Yes,NM Cable,1518,631,2149,1,1,1,1,4,6,1,Ex,Attached,Wood Sheathing,2,670,3,Paved,168,0,0,0,No Fence,8,2009,Down payment assistance,Shortsale,198945.38,Y,Y,2021-08-03,26058351,"Stefan-Hendriks-Ring 7/2
74579 Parchim",Erding,Weihnachtsinsel,rkrein@lehmann.net,M,Nordrhein-Westfalen,2505,24.0,2021-02-18,2.9,2021-02-18,2.9
48,VacHomeClass-1,VacHomeZone-5,84.0,11096,Cobblestone,Gravel,Pie,Flat,Trash|Gas|Water|Electricity,Interior lot,No Slope,RNH 22,Proximity to School,Apartment,Contemporary,8,5,2008,2011,Gable,Rolled Roofing,Board Batten,Manmade Stone,0.0,4,3,Individual footing,4.0,Large Windows,ZenWall Panels,1656,Furnace,5,Yes,NM Cable,1656,0,1656,2,0,3,1,4,7,0,,Attached,Wood Sheathing,3,826,3,Paved,0,0,0,0,No Fence,7,2007,Down payment assistance,Regular,207257.0,Y,N,2021-03-01,57123127,"Beckmannplatz 9/5
00023 Strausberg",Starnberg,Tunesien,iris76@googlemail.com,M,Brandenburg,45732,51.0,2021-11-19,1.6,2021-11-19,1.6
49,VacHomeClass-15,VacHomeZone-2,33.0,4456,Cobblestone,Gravel,Pie,Flat,Trash|Gas|Water|Electricity,Interior lot,No Slope,RNH 18,Proximity to School,Condo,Bungalow,4,5,1925,2015,Gable,Rolled Roofing,Log Wood,Manmade Stone,0.0,3,3,Strip foundation,3.0,No Sunlight,Dry Wall,736,Furnace,4,Yes,NM Cable,736,716,1452,2,0,2,3,3,8,0,,No Garage,Unfinished,0,0,0,Only Gravel,0,0,0,0,No Fence,6,2009,Government-backed programs,Distress Sale,93796.0,Y,N,2021-10-02,39098528,"Amir-Ladeck-Platz 699
83028 Hechingen",Potsdam,Barbados,weissanatolij@yahoo.de,Unknown,Berlin,3695,60.0,2021-02-05,3.1,2021-02-05,3.1
50,VacHomeClass-1,VacHomeZone-1,66.0,7742,Cobblestone,Gravel,Pie,Flat,Trash|Gas|Water|Electricity,Interior lot,No Slope,RNH 20,Proximity to School,Apartment,Contemporary,5,7,1969,1972,Gable,Rolled Roofing,Horizontal Wood,Manmade Stone,0.0,3,3,Combined footing,3.0,No Sunlight,CleanSpace Wall System,955,Furnace,5,Yes,NM Cable,955,0,955,1,0,3,1,3,6,0,,Attached,Metal Panels,1,386,3,Paved,0,0,0,0,Vinyl Fences,1,2007,Down payment assistance,Regular,105416.0,Y,N,2021-02-12,46154590,"Ralph-Krause-Allee 3
10259 Belzig",Mallersdorf,Kasachstan,troeststefano@beckmann.org,Unknown,Rheinland-Pfalz,16922,82.0,2021-01-15,1.3,2021-01-15,1.3
51,VacHomeClass-6,VacHomeZone-1,,13869,Cobblestone,Gravel,Rectangular,Flat,Trash|Gas|Water|Electricity,Corner lot,No Slope,RNH 9,Proximity to School,Apartment,Bungalow,6,6,1999,2000,Gable,Rolled Roofing,Board Batten,Manmade Stone,0.0,3,3,Individual footing,4.0,Large Windows,ZenWall Panels,794,Furnace,4,Yes,NM Cable,794,676,1470,2,0,3,1,3,6,0,,Attached,DryWall,2,388,3,Paved,0,0,0,0,No Fence,7,2007,Down payment assistance,Regular,146916.0,N,N,2021-10-17,39752451,"Gottfried-Oestrovsky-Gasse 5
51986 Grafenau",Paderborn,Tunesien,hans-dthanel@hein.de,Unknown,Berlin,70835,71.0,2021-03-13,1.7,2021-03-13,1.7
52,VacHomeClass-5,VacHomeZone-2,52.0,6240,Cobblestone,Gravel,Pie,Flat,Trash|Gas|Water|Electricity,Interior lot,No Slope,RNH 4,Proximity to School,Apartment,Craftsman,6,6,1936,1958,Gable,Rolled Roofing,Wood Shingle,Manmade Stone,0.0,3,3,Individual footing,3.0,No Sunlight,Dry Wall,816,Furnace,3,Yes,NM Cable,816,0,1176,1,0,3,1,3,6,1,Gd,Detached,Metal Panels,2,528,3,Paved,112,0,0,0,Vinyl Fences,9,2006,Down payment assistance,Regular,95041.0,N,N,2021-03-25,40004150,"Karl-Ernst-Rose-Allee 154
01904 Eggenfelden",Finsterwalde,Turkmenistan,scheibevinko@gertz.de,Unknown,Saarland,16886,41.0,2021-03-23,1.0,2021-03-23,1.0
53,VacHomeClass-11,VacHomeZone-2,110.0,8472,Concrete,Gravel,Rectangular,Slope,Trash|Gas|Water|Electricity,Corner lot,Little Slope,RNH 10,Proximity to Theatre,Townhome,Contemporary,5,5,1965,1969,Gable,Rolled Roofing,Wood Shingle,Manmade Stone,0.0,2,3,Combined footing,4.0,French Doors,Basement to Beautiful Panels,816,Furnace,3,No,NM Cable,816,0,816,1,0,2,1,3,5,0,,Carports,Metal Panels,2,516,3,Paved,106,0,0,0,No Fence,5,2010,Down payment assistance,Regular,91306.0,Y,N,2021-01-19,18374469,"Scheuermanngasse 6/4
45877 Lüdinghausen",Eichstätt,Französisch-Polynesien,saraeckbauer@austermuehle.de,Unknown,Bayern,60314,56.0,2021-07-31,4.9,2021-07-31,4.9
54,VacHomeClass-1,VacHomeZone-1,68.0,50271,Cobblestone,Gravel,Reverse Pie,Low Level,Trash|Gas|Water|Electricity,Interior lot,No Slope,RNH 25,Proximity to School,Apartment,Contemporary,9,5,1983,1996,Gable,Built-Up Roofing,Vinyl,Manmade Stone,0.0,4,3,Combined footing,5.0,French Doors,ZenWall Panels,1842,Furnace,4,Yes,NM Cable,1842,0,1842,0,1,0,1,4,5,1,Gd,Attached,DryWall,3,894,3,Paved,857,0,0,0,No Fence,11,2006,Down payment assistance,Regular,319556.0,N,Y,2021-09-28,36887125,"Gutknechtplatz 34
28480 Gelnhausen",Viechtach,Gambia,dgute@geisel.de,M,Hamburg,92384,12.0,2021-02-09,3.1,2021-02-09,3.1
55,VacHomeClass-9,VacHomeZone-1,60.0,7134,Cobblestone,Gravel,Pie,Slope,Trash|Gas|Water|Electricity,Interior lot,Little Slope,NAmes,Proximity to School,Apartment,Spanish,5,5,1958,1961,Gable,Rolled Roofing,Log Wood,Manmade Stone,0.0,3,3,Combined footing,3.0,No Sunlight,BrightWall Paneling,384,Furnace,3,Yes,NM Cable,1360,0,1360,1,0,3,1,3,6,1,TA,Detached,Metal Panels,2,572,3,Paved,0,0,0,0,Vinyl Fences,2,2007,Down payment assistance,Regular,107906.0,N,N,2021-12-16,55484206,"Julie-Kruschwitz-Straße 6
64129 Wittenberg",Bad Mergentheim,Mayotte,schinkegebhard@gmx.de,F,Bayern,73729,62.0,2021-03-27,1.4,2021-03-27,1.4
56,VacHomeClass-1,VacHomeZone-1,100.0,10175,Cobblestone,Gravel,Reverse Pie,Flat,Trash|Gas|Water|Electricity,Interior lot,No Slope,NAmes,Proximity to School,Apartment,Contemporary,6,5,1965,1970,Gable,Rolled Roofing,Horizontal Wood,Natural Stone,272.0,3,3,Combined footing,3.0,No Sunlight,CleanSpace Wall System,1425,Furnace,4,Yes,NM Cable,1425,0,1425,2,0,3,1,3,7,1,Gd,Attached,Wood Sheathing,2,576,3,Paved,0,407,0,0,No Fence,7,2008,Down payment assistance,Regular,149821.0,N,Y,2021-08-25,34710395,"Jacobi Jäckelstraße 74
59669 Tübingen",Strausberg,Dschibuti,qkarge@jacobi.com,F,Mecklenburg-Vorpommern,34828,14.0,2021-05-17,4.2,2021-05-17,4.2
57,VacHomeClass-13,VacHomeZone-5,24.0,2645,Cobblestone,Cobblestone,Pie,Flat,Trash|Gas|Water|Electricity,Interior lot,No Slope,RNH 22,Proximity to School,MultiFamilyHome,Bungalow,8,5,2001,2003,Gable,Rolled Roofing,Log Wood,Natural Stone,456.0,4,3,Individual footing,4.0,No Sunlight,ZenWall Panels,970,Furnace,5,Yes,NM Cable,983,756,1739,2,1,3,1,4,7,0,,Attached,DryWall,2,480,3,Paved,115,0,0,0,No Fence,8,2009,Down payment assistance,Shortsale,143181.0,Y,Y,2021-11-05,35227298,"Ellen-Gerlach-Allee 9
00092 Genthin",Nordhausen,Tschechische Republik,schenkannie@kitzmann.de,Unknown,Saarland,19610,76.0,2021-01-24,4.0,2021-01-24,4.0
58,VacHomeClass-6,VacHomeZone-1,89.0,11645,Cobblestone,Gravel,Reverse Pie,Flat,Trash|Gas|Water|Electricity,Corner lot,No Slope,RNH 6,Proximity to School,Apartment,Bungalow,7,5,2009,2006,Gable,Rolled Roofing,Board Batten,Manmade Stone,0.0,4,3,Individual footing,4.0,No Sunlight,Dry Wall,860,Furnace,5,Yes,NM Cable,860,860,1720,2,1,3,1,4,7,0,,Attached,Wood Sheathing,2,565,3,Paved,0,0,0,0,No Fence,8,2006,Down payment assistance,Regular,163101.0,Y,Y,2021-08-16,97629627,"Sükrü-auch Schlauchin-Gasse 81
45930 Dessau",Stadtsteinach,Malta,pieperjochen@trupp.de,Unknown,Niedersachsen,95417,88.0,2021-08-20,1.6,2021-08-20,1.6
59,VacHomeClass-6,VacHomeZone-1,66.0,13682,Cobblestone,Gravel,Rectangular,High Level,Trash|Gas|Water|Electricity,Cul-de-sac,No Slope,RNH 23,Proximity to School,Apartment,Bungalow,10,5,2010,2011,Sawtooth,Rolled Roofing,Board Batten,Natural Stone,1031.0,5,3,Individual footing,5.0,French Doors,Dry Wall,1410,Furnace,5,Yes,NM Cable,1426,1519,2945,3,1,3,1,4,10,1,Gd,Breezeway,DryWall,3,641,3,Paved,192,0,0,0,No Fence,10,2006,Government-backed programs,Distress Sale,364193.4,Y,Y,2021-08-16,962841,"Hornigweg 644
58810 Schlüchtern",Dessau,Kolumbien,benedikthaering@googlemail.com,F,Brandenburg,70521,53.0,2021-03-19,3.5,2021-03-19,3.5
60,VacHomeClass-1,VacHomeZone-1,60.0,7200,Cobblestone,Gravel,Pie,Slope,Trash|Gas|Water|Electricity,Interior lot,No Slope,RNH 6,Proximity to School,Apartment,Contemporary,5,7,1975,1979,Gable,Rolled Roofing,Horizontal Wood,Manmade Stone,0.0,3,3,Combined footing,3.0,Large Windows,BrightWall Paneling,780,Furnace,5,Yes,NM Cable,780,0,780,1,0,2,1,3,4,0,,Detached,Metal Panels,1,352,3,Paved,196,0,0,0,Vinyl Fences,1,2008,Down payment assistance,Regular,103673.0,N,N,2021-12-13,59115342,"Bärbel-Eckbauer-Allee 92
97444 Lobenstein",Siegen,Mongolei,kadeahmad@junitz.com,Unknown,Bayern,4228,58.0,2021-12-18,4.9,2021-12-18,4.9
61,VacHomeClass-1,VacHomeZone-1,63.0,13072,Cobblestone,Gravel,Pie,Flat,Trash|Gas|Water|Electricity,Interior lot,No Slope,RNH 21,Proximity to Dance Club,Apartment,Contemporary,6,5,2009,2010,Gable,Rolled Roofing,Board Batten,Manmade Stone,0.0,3,3,Individual footing,4.0,No Sunlight,BrightWall Paneling,1158,Furnace,5,Yes,NM Cable,1158,0,1158,1,1,3,1,4,5,0,,Detached,Metal Panels,2,576,3,Paved,0,0,0,0,No Fence,5,2006,Government-backed programs,Distress Sale,131146.0,Y,Y,2021-09-22,76959783,"Danilo-Jopich-Straße 6/8
86813 Soltau",Olpe,Burundi,putzjuan@jacobi.de,Unknown,Rheinland-Pfalz,22069,45.0,2021-03-07,2.0,2021-03-07,2.0
62,VacHomeClass-8,VacHomeZone-2,60.0,7200,Cobblestone,Gravel,Pie,Flat,Trash|Gas|Water|Electricity,Interior lot,No Slope,RNH 10,Proximity to School,Apartment,Modern,5,7,1923,2003,Gable,Rolled Roofing,Log Wood,Manmade Stone,0.0,3,3,Strip foundation,3.0,No Sunlight,Dry Wall,530,Furnace,3,No,NM Cable,581,530,1111,1,0,3,1,2,6,0,,Detached,Metal Panels,1,288,3,Only Gravel,0,0,0,0,No Fence,3,2007,Down payment assistance,Regular,83836.0,Y,Y,2021-10-29,75207823,"Karzallee 391
15693 Osterode am Harz",Bad Kreuznach,Antarktis,seipkunigunda@gmail.com,Unknown,Saarland,25477,50.0,2021-11-03,2.2,2021-11-03,2.2
63,VacHomeClass-12,VacHomeZone-1,44.0,6442,Cobblestone,Gravel,Reverse Pie,Flat,Trash|Gas|Water|Electricity,Interior lot,No Slope,RNH 16,Proximity to School,SingleFamilyHome,Contemporary,8,5,2011,2009,Gable,Rolled Roofing,Board Batten,Manmade Panels,178.0,4,3,Individual footing,4.0,Small Windows,ZenWall Panels,1370,Furnace,5,Yes,NM Cable,1370,0,1370,2,0,2,1,4,6,1,Gd,Attached,Wood Sheathing,2,484,3,Paved,120,0,0,0,No Fence,10,2007,Down payment assistance,Regular,168081.0,Y,Y,2021-09-24,92532489,"Imelda-Meyer-Weg 97
95692 Königs Wusterhausen",Kehl,Guyana,mhellwig@gmx.de,Unknown,Sachsen,34389,23.0,2021-05-13,3.1,2021-05-13,3.1
64,VacHomeClass-7,VacHomeZone-2,50.0,10300,Cobblestone,Gravel,Reverse Pie,Slope,Trash|Gas|Water|Electricity,Interior lot,No Slope,RNH 18,Proximity to Restaurants,Apartment,Bungalow,7,6,1923,1960,Gable,Rolled Roofing,Fiber cement,Manmade Stone,0.0,3,3,Strip foundation,3.0,No Sunlight,Dry Wall,576,Furnace,4,Yes,NM Cable,902,808,1710,2,0,3,1,3,9,0,,Detached,Metal Panels,2,480,3,Paved,12,0,0,0,Composite Fences,4,2010,Down payment assistance,Regular,116206.0,Y,N,2021-12-14,76560101,"Hella-Girschner-Weg 9
18734 Gräfenhainichen",Jessen,Indonesien,hermannaline@gmx.de,M,Sachsen-Anhalt,3392,43.0,2021-08-20,4.2,2021-08-20,4.2
65,VacHomeClass-6,VacHomeZone-1,,9375,Cobblestone,Gravel,Pie,Flat,Trash|Gas|Water|Electricity,Interior lot,No Slope,RNH 6,Proximity to School,Apartment,Bungalow,7,5,2000,2000,Gable,Rolled Roofing,Board Batten,Natural Stone,573.0,3,3,Individual footing,4.0,No Sunlight,ZenWall Panels,1057,Furnace,5,Yes,NM Cable,1057,977,2034,2,1,3,1,4,8,0,,Attached,Wood Sheathing,2,645,3,Paved,576,0,0,0,Composite Fences,2,2009,Down payment assistance,Regular,182191.0,N,N,2021-10-24,22347428,"Rognerstraße 5/3
11809 Wesel",Regen,Amerikanisch-Samoa,karl-georghuebel@gorlitz.net,M,Mecklenburg-Vorpommern,14196,95.0,2021-01-06,4.6,2021-01-06,4.6
66,VacHomeClass-6,VacHomeZone-1,76.0,9591,Cobblestone,Gravel,Pie,Flat,Trash|Gas|Water|Electricity,Interior lot,No Slope,RNH 16,Proximity to School,Apartment,Bungalow,8,5,2007,2008,Gable,Rolled Roofing,Board Batten,Natural Stone,344.0,4,3,Individual footing,5.0,Large Windows,Dry Wall,1143,Furnace,5,Yes,NM Cable,1143,1330,2473,2,1,4,1,4,9,1,Gd,Breezeway,Wood Sheathing,3,852,3,Paved,192,0,0,0,No Fence,10,2007,Down payment assistance,Regular,263116.0,N,N,2021-03-21,57343150,"Gnatzplatz 587
41949 Altentreptow",Forst,Kroatien,gretchengertz@googlemail.com,Unknown,Baden-Württemberg,27808,63.0,2021-12-16,3.5,2021-12-16,3.5
67,VacHomeClass-1,VacHomeZone-1,,19900,Cobblestone,Gravel,Pie,Flat,Trash|Gas|Water|Electricity,Interior lot,No Slope,NAmes,Proximity to Mall,Apartment,Contemporary,7,5,1971,1992,Gable,Rolled Roofing,Brick,Natural Stone,287.0,3,3,Combined footing,4.0,French Doors,ZenWall Panels,1947,Furnace,3,Yes,NM Cable,2207,0,2207,2,0,3,1,3,7,1,Gd,Attached,Wood Sheathing,2,576,3,Paved,301,0,0,0,No Fence,7,2010,Down payment assistance,Regular,149406.0,N,Y,2021-05-17,4978961,"Röhrdanzstraße 261
82726 Wesel",Wunsiedel,Slowenien,marliese66@eberth.com,M,Hamburg,47568,27.0,2021-05-31,3.2,2021-05-31,3.2
68,VacHomeClass-1,VacHomeZone-1,72.0,10665,Cobblestone,Gravel,Reverse Pie,Flat,Trash|Gas|Water|Electricity,Interior lot,No Slope,RNH 6,Proximity to School,Apartment,Contemporary,7,5,2004,2011,Gable,Rolled Roofing,Board Batten,Natural Stone,167.0,4,3,Individual footing,4.0,Large Windows,ZenWall Panels,1453,Furnace,5,Yes,NM Cable,1479,0,1479,2,0,3,1,4,7,0,,Attached,Wood Sheathing,2,558,3,Paved,144,0,0,0,No Fence,6,2007,Down payment assistance,Regular,187586.0,Y,Y,2021-03-21,90553035,"Antonietta-Kusch-Gasse 2/0
33196 Berlin",Pasewalk,Fidschi,zschleich@hesse.de,Unknown,Hessen,13182,57.0,2021-08-06,1.7,2021-08-06,1.7
69,VacHomeClass-2,VacHomeZone-2,47.0,4608,Cobblestone,Gravel,Pie,Flat,Trash|Gas|Water|Electricity,Corner lot,No Slope,RNH 18,Proximity to Gym,Apartment,Contemporary,4,6,1948,1957,Gable,Rolled Roofing,Log Wood,Manmade Stone,0.0,3,4,Combined footing,3.0,No Sunlight,Dry Wall,747,Furnace,3,Yes,NM Cable,747,0,747,1,0,2,1,3,4,0,,Attached,Metal Panels,1,220,3,Paved,0,0,0,0,No Fence,6,2010,Down payment assistance,Regular,66406.0,N,N,2021-07-21,51533489,"Hugo-Meyer-Straße 944
54191 Kelheim",Geithain,Kolumbien,erhardtpergande@gmx.de,M,Bremen,7428,90.0,2021-10-15,1.5,2021-10-15,1.5
70,VacHomeClass-5,VacHomeZone-1,81.0,15593,Cobblestone,Gravel,Pie,Flat,Trash|Gas|Water|Electricity,Corner lot,No Slope,RNH 5,Proximity to School,Apartment,Craftsman,7,4,1956,1963,Gable,Rolled Roofing,Vertical Wood,Manmade Stone,0.0,4,3,Combined footing,3.0,No Sunlight,CleanSpace Wall System,1304,Boiler,3,Yes,NM Cable,1304,983,2287,2,0,3,1,3,7,1,TA,Attached,DryWall,2,667,3,Paved,0,0,0,0,No Fence,7,2006,Down payment assistance,Regular,186756.0,Y,N,2021-09-10,17380096,"Friedhold-Margraf-Gasse 2
97529 Riesa",Grimma,Botsuana,karolin79@striebitz.com,F,Hessen,27862,12.0,2021-10-15,1.8,2021-10-15,1.8
71,VacHomeClass-1,VacHomeZone-1,95.0,13651,Cobblestone,Gravel,Reverse Pie,Flat,Trash|Gas|Water|Electricity,Interior lot,No Slope,NAmes,Proximity to School,Apartment,Contemporary,7,6,1975,1977,Gable,Rolled Roofing,Brick,Natural Stone,1115.0,3,4,Combined footing,4.0,French Doors,BrightWall Paneling,2223,Furnace,5,Yes,NM Cable,2223,0,2223,2,0,3,1,3,8,2,Gd,Attached,DryWall,2,516,3,Paved,300,0,0,0,No Fence,2,2007,Down payment assistance,Regular,202526.0,N,Y,2021-11-16,27055465,"Fröhlichplatz 982
30329 Sigmaringen",Wurzen,Bahamas,tberger@aol.de,Unknown,Hamburg,41497,50.0,2021-04-20,2.3,2021-04-20,2.3
72,VacHomeClass-1,VacHomeZone-1,69.0,7599,Cobblestone,Gravel,Pie,Flat,Trash|Gas|Water|Electricity,Corner lot,No Slope,RNH 12,Proximity to School,Apartment,Contemporary,4,6,1983,2012,Gable,Rolled Roofing,Horizontal Wood,Manmade Stone,0.0,3,3,Combined footing,3.0,No Sunlight,BrightWall Paneling,845,Furnace,3,Yes,NM Cable,845,0,845,1,0,2,1,3,4,0,,Detached,Metal Panels,2,360,3,Paved,0,0,0,0,No Fence,6,2007,Down payment assistance,Regular,107491.0,Y,N,2021-04-26,6704896,"Deborah-van der Dussen-Platz 83
50469 Vilsbiburg",Wanzleben,Vietnam,denny52@googlemail.com,Unknown,Sachsen,41743,99.0,2021-10-23,4.5,2021-10-23,4.5
73,VacHomeClass-6,VacHomeZone-1,74.0,10141,Cobblestone,Gravel,Reverse Pie,Flat,Trash|Gas|Water|Electricity,Corner lot,No Slope,RNH 9,Proximity to School,Apartment,Bungalow,7,5,2002,2008,Gable,Rolled Roofing,Board Batten,Natural Stone,40.0,3,3,Individual footing,4.0,No Sunlight,Dry Wall,832,Furnace,4,Yes,NM Cable,885,833,1718,2,1,3,1,3,7,1,TA,Attached,DryWall,2,427,3,Paved,0,0,0,0,No Fence,12,2009,Down payment assistance,Regular,153556.0,Y,N,2021-07-01,21357725,"Jovan-Döring-Straße 3
74862 Groß-Gerau",Tuttlingen,Estland,maxlehmann@yahoo.de,Unknown,Baden-Württemberg,41064,88.0,2021-08-25,3.5,2021-08-25,3.5
74,VacHomeClass-1,VacHomeZone-1,85.0,10200,Cobblestone,Gravel,Pie,Flat,Trash|Gas|Water|Electricity,Interior lot,No Slope,NAmes,Proximity to School,Apartment,Contemporary,5,7,1955,2009,Gable,Rolled Roofing,Wood Shingle,Natural Stone,104.0,3,3,Combined footing,3.0,No Sunlight,BrightWall Paneling,1086,Furnace,4,Yes,NM Cable,1086,0,1086,1,0,3,1,3,6,0,,Attached,Metal Panels,2,490,3,Paved,0,0,0,0,Wood Fences,5,2010,Down payment assistance,Regular,120273.0,N,Y,2021-06-16,73359746,"Schaafgasse 872
08673 Sigmaringen",Lüdenscheid,Russische Föderation,abbas20@kambs.de,F,Bayern,92448,70.0,2021-08-18,2.4,2021-08-18,2.4
75,VacHomeClass-5,VacHomeZone-2,60.0,5790,Cobblestone,Gravel,Pie,Flat,Trash|Gas|Water|Electricity,Corner lot,No Slope,RNH 18,Proximity to School,Apartment,Bungalow,3,6,1916,1952,Curved,Rolled Roofing,Board Batten,Manmade Stone,0.0,4,4,Combined footing,2.0,No Sunlight,Dry Wall,840,Furnace,4,No,NM Cable,840,765,1605,2,0,3,2,3,8,0,,Detached,Metal Panels,1,379,3,Paved,0,0,0,0,No Fence,5,2010,Down payment assistance,Regular,89148.0,Y,N,2021-06-24,11416340,"Adelbert-Döring-Ring 48
84118 Wittenberg",Gifhorn,Sambia,ktrommler@rose.com,F,Brandenburg,72274,93.0,2021-05-31,4.1,2021-05-31,4.1
76,VacHomeClass-14,VacHomeZone-2,21.0,1596,Cobblestone,Gravel,Pie,Flat,Trash|Gas|Water|Electricity,Interior lot,No Slope,RNH 11,Proximity to School,MultiFamilyHome,Spanish,4,5,1974,1976,Gable,Rolled Roofing,Metal,Manmade Stone,0.0,3,3,Combined footing,4.0,French Doors,ZenWall Panels,462,Furnace,3,Yes,NM Cable,526,462,988,1,0,2,1,3,5,0,,Breezeway,Metal Panels,1,297,3,Paved,120,0,0,0,Wood Fences,11,2009,Down payment assistance,Regular,75536.0,N,Y,2021-03-31,82369583,"Simon-Segebahn-Gasse 9/3
58577 Illertissen",Eberswalde,Uganda,amirdobes@googlemail.com,M,Hamburg,75057,18.0,2021-01-01,2.5,2021-01-01,2.5
77,VacHomeClass-1,VacHomeZone-1,,8475,Cobblestone,Gravel,Reverse Pie,Flat,Trash|Gas|Water|Electricity,Interior lot,No Slope,NAmes,Proximity to School,Apartment,Contemporary,4,7,1961,1962,Gable,Rolled Roofing,Board Batten,Manmade Stone,0.0,3,3,Combined footing,3.0,No Sunlight,BrightWall Paneling,952,Furnace,5,Yes,Underground Feeder Cable,952,0,952,1,0,2,1,3,4,0,,Detached,Metal Panels,1,283,3,Paved,0,0,0,0,No Fence,4,2008,Down payment assistance,Regular,112678.5,Y,N,2021-07-10,41015667,"Kochgasse 93
72188 Schrobenhausen",Forst,Kuwait,tmende@hotmail.de,F,Berlin,87503,49.0,2021-03-04,2.3,2021-03-04,2.3
78,VacHomeClass-5,VacHomeZone-2,50.0,8635,Cobblestone,Gravel,Pie,Flat,Trash|Gas|Water|Electricity,Interior lot,No Slope,RNH 4,Proximity to School,Apartment,Craftsman,5,5,1949,2003,Gable,Rolled Roofing,Wood Shingle,Manmade Stone,0.0,3,3,Combined footing,3.0,No Sunlight,CleanSpace Wall System,672,Furnace,3,Yes,NM Cable,1072,213,1285,1,0,2,1,3,6,0,,Detached,Metal Panels,1,240,3,Paved,0,0,0,0,Vinyl Fences,1,2008,Down payment assistance,Regular,105416.0,N,N,2021-04-20,36095223,"Erna-Mälzer-Allee 7
66699 Mühlhausen",Hannoversch Münden,Südgeorgien und die Südlichen Sandwichinseln,striebitzhenrik@gmx.de,M,Sachsen-Anhalt,50677,64.0,2021-09-05,4.6,2021-09-05,4.6
79,VacHomeClass-11,VacHomeZone-1,72.0,10778,Cobblestone,Gravel,Pie,Flat,Trash|Gas|Water|Electricity,Interior lot,No Slope,RNH 20,Proximity to School,Townhome,Contemporary,4,5,1969,1976,Sawtooth,Rolled Roofing,Horizontal Wood,Manmade Stone,0.0,3,3,Combined footing,3.0,No Sunlight,Dry Wall,1768,Furnace,3,No,NM Cable,1768,0,1768,2,0,4,2,3,8,0,,No Garage,Unfinished,0,0,0,Paved,0,0,0,0,No Fence,4,2010,Down payment assistance,Regular,113301.0,Y,Y,2021-10-29,37483616,"Heribert-Siering-Platz 866
46748 Ebern",Ebermannstadt,Republik Moldau,mehdi71@wilmsen.org,M,Brandenburg,74446,55.0,2021-10-03,4.0,2021-10-03,4.0
80,VacHomeClass-5,VacHomeZone-2,60.0,10440,Cobblestone,Concrete,Pie,Flat,Trash|Gas|Water|Electricity,Corner lot,No Slope,RNH 18,Proximity to School,Apartment,Bungalow,5,6,1912,1987,Gable,Rolled Roofing,Wood Shingle,Manmade Stone,0.0,3,3,Individual footing,3.0,No Sunlight,Dry Wall,440,Furnace,4,Yes,NM Cable,682,548,1230,1,1,2,1,3,5,0,,Detached,Metal Panels,2,440,3,Paved,74,0,0,0,Vinyl Fences,5,2009,Down payment assistance,Regular,91306.0,Y,Y,2021-01-17,78281257,"Klaus-Werner-Jessel-Gasse 090
92719 Artern",Burglengenfeld,Senegal,dreweswilhelm@web.de,F,Berlin,91317,94.0,2021-06-06,4.0,2021-06-06,4.0
81,VacHomeClass-6,VacHomeZone-1,100.0,13000,Cobblestone,Gravel,Pie,Flat,Trash|Gas|Water|Electricity,Corner lot,No Slope,NAmes,Proximity to School,Apartment,Bungalow,6,6,1969,1976,Gable,Rolled Roofing,Board Batten,Natural Stone,576.0,3,4,Combined footing,4.0,No Sunlight,Foamax,896,Furnace,3,Yes,NM Cable,1182,960,2142,2,1,4,1,4,8,1,Gd,Attached,DryWall,1,509,3,Paved,0,0,0,0,No Fence,6,2009,Down payment assistance,Regular,160611.0,Y,Y,2021-07-18,22177247,"Janett-Röhricht-Platz 658
89864 Regensburg",Döbeln,Trinidad und Tobago,fechnerjoachim@stolze.net,M,Sachsen,45850,34.0,2021-03-06,4.1,2021-03-06,4.1
82,VacHomeClass-12,VacHomeZone-2,32.0,4500,Cobblestone,Gravel,Pie,Flat,Trash|Gas|Water|Electricity,T-intersection,No Slope,RNH 12,Proximity to School,SingleFamilyHome,Contemporary,6,5,2001,2005,Sawtooth,Rolled Roofing,Board Batten,Natural Stone,443.0,3,4,Individual footing,5.0,No Sunlight,ZenWall Panels,1237,Furnace,5,Yes,NM Cable,1337,0,1337,2,0,2,1,3,5,0,,Attached,DryWall,2,405,3,Paved,0,0,0,0,No Fence,3,2006,Down payment assistance,Regular,127411.0,N,Y,2021-12-05,40415604,"Weitzelring 18
24531 Jena",Zossen,Äußeres Ozeanien,wbeer@renner.com,F,Brandenburg,68505,87.0,2021-04-11,2.7,2021-04-11,2.7
83,VacHomeClass-1,VacHomeZone-1,78.0,10206,Cobblestone,Gravel,Pie,Flat,Trash|Gas|Water|Electricity,Interior lot,No Slope,RNH 22,Proximity to School,Apartment,Contemporary,8,5,2009,2013,Gable,Rolled Roofing,Board Batten,Manmade Panels,468.0,3,3,Individual footing,4.0,No Sunlight,ZenWall Panels,1563,Furnace,5,Yes,NM Cable,1563,0,1563,2,0,3,1,4,6,1,Gd,Attached,Wood Sheathing,3,758,3,Paved,144,0,0,0,No Fence,10,2008,Down payment assistance,Regular,203356.0,N,Y,2021-03-30,51065270,"Putzweg 273
64040 Schleiz",Hofgeismar,Ungarn,qrogge@scheibe.de,F,Hamburg,39830,30.0,2021-07-24,4.8,2021-07-24,4.8
84,VacHomeClass-1,VacHomeZone-1,80.0,8892,Cobblestone,Gravel,Reverse Pie,Flat,Trash|Gas|Water|Electricity,Interior lot,No Slope,NAmes,Proximity to School,Apartment,Contemporary,5,5,1965,1969,Gable,Rolled Roofing,Log Wood,Concrete Panels,66.0,3,3,Combined footing,3.0,No Sunlight,Dry Wall,1065,Furnace,4,Yes,NM Cable,1065,0,1065,1,1,3,1,3,6,0,,Detached,Metal Panels,2,461,3,Paved,74,0,0,0,No Fence,7,2007,Reverse Mortgage,Regular,105001.0,N,Y,2021-10-24,14954443,"Liebeltallee 2/2
67341 Reutlingen",Hannover,Bermuda,astrid67@googlemail.com,M,Hamburg,42648,49.0,2021-08-23,1.0,2021-08-23,1.0
85,VacHomeClass-9,VacHomeZone-1,,8530,Cobblestone,Gravel,Reverse Pie,Flat,Trash|Gas|Water|Electricity,Interior lot,No Slope,RNH 9,Proximity to School,Apartment,Spanish,7,5,1997,1999,Gable,Rolled Roofing,Horizontal Wood,Natural Stone,22.0,3,3,Individual footing,4.0,No Sunlight,Dry Wall,384,Furnace,4,Yes,NM Cable,804,670,1474,2,1,3,1,3,7,1,TA,Breezeway,DryWall,2,400,3,Paved,120,0,0,0,No Fence,5,2009,Down payment assistance,Regular,139861.0,Y,Y,2021-07-14,31297271,"Wähnerweg 0/0
81400 Suhl",Perleberg,Nauru,schlossernurettin@jaentsch.com,F,Saarland,87879,41.0,2021-07-12,3.4,2021-07-12,3.4
86,VacHomeClass-6,VacHomeZone-1,121.0,16059,Cobblestone,Gravel,Pie,Flat,Trash|Gas|Water|Electricity,Corner lot,No Slope,RNH 14,Proximity to School,Apartment,Bungalow,8,5,1993,1997,Sawtooth,Rolled Roofing,Horizontal Wood,Natural Stone,284.0,4,3,Combined footing,4.0,No Sunlight,Dry Wall,1288,Furnace,5,Yes,NM Cable,1301,1116,2417,2,1,4,1,4,9,1,TA,Attached,Metal Panels,2,462,3,Paved,127,0,0,0,No Fence,4,2006,Down payment assistance,Regular,215806.0,Y,N,2021-12-01,14527500,"Nohlmansring 05
68914 Nürtingen",Dinslaken,Westsahara,etzoldester@rosemann.org,M,Berlin,30077,43.0,2021-11-22,4.0,2021-11-22,4.0
87,VacHomeClass-6,VacHomeZone-1,122.0,11911,Cobblestone,Gravel,Rectangular,Flat,Trash|Gas|Water|Electricity,Interior lot,No Slope,RNH 9,Proximity to School,Apartment,Bungalow,6,5,2006,2012,Gable,Rolled Roofing,Board Batten,Manmade Stone,0.0,4,3,Individual footing,4.0,Large Windows,Dry Wall,684,Furnace,5,Yes,NM Cable,684,876,1560,2,1,3,1,4,6,1,Gd,Breezeway,DryWall,2,400,3,Paved,100,0,0,0,No Fence,3,2009,Down payment assistance,Regular,144426.0,N,N,2021-12-09,54753273,"Sorgatzring 2
76631 Grimmen",Malchin,Ungarn,etzlervittorio@gmx.de,M,Thüringen,26363,17.0,2021-11-11,4.3,2021-11-11,4.3
88,VacHomeClass-13,VacHomeZone-5,40.0,3951,Cobblestone,Cobblestone,Pie,Flat,Trash|Gas|Water|Electricity,Corner lot,No Slope,RNH 22,Proximity to School,SingleFamilyHome,Bungalow,6,5,2013,2018,Gable,Rolled Roofing,Board Batten,Manmade Panels,76.0,4,3,Individual footing,4.0,Large Windows,Dry Wall,612,Furnace,5,Yes,NM Cable,612,612,1224,2,1,2,1,4,4,0,,Detached,Wood Sheathing,2,528,3,Paved,0,0,0,0,No Fence,6,2009,Government-backed programs,Distress Sale,136541.0,N,Y,2021-11-08,10616772,"Dusan-Renner-Weg 5/2
52451 Klötze",Worbis,Indien,fhendriks@putz.org,F,Rheinland-Pfalz,3422,85.0,2021-08-02,1.2,2021-08-02,1.2
89,VacHomeClass-5,VacHomeZone-3,105.0,8470,Cobblestone,Gravel,Reverse Pie,Flat,Trash|Gas|Water|Electricity,Corner lot,No Slope,RNH 10,Proximity to Hospital,Apartment,Craftsman,3,2,1919,1986,Sawtooth,Rolled Roofing,Brick,Manmade Stone,0.0,2,2,Combined footing,3.0,No Sunlight,Dry Wall,1013,Furnace,3,No,NM Cable,1013,0,1526,1,0,2,1,2,6,0,,No Garage,Unfinished,0,0,0,Only Gravel,0,0,0,0,Vinyl Fences,10,2009,Rent-to-own,Shortsale,70556.0,N,N,2021-10-02,71586472,"Gerd-Schulz-Gasse 9/1
19913 Lobenstein",Pegnitz,Schweden,hahnfanny@winkler.de,M,Schleswig-Holstein,52642,8.0,2021-01-06,4.6,2021-01-06,4.6
90,VacHomeClass-1,VacHomeZone-1,60.0,8070,Cobblestone,Gravel,Pie,Flat,Trash|Gas|Water|Electricity,Interior lot,No Slope,RNH 6,Proximity to School,Apartment,Contemporary,4,5,1996,2000,Gable,Rolled Roofing,Board Batten,Manmade Stone,0.0,3,3,Individual footing,4.0,No Sunlight,ZenWall Panels,990,Furnace,5,Yes,NM Cable,990,0,990,1,0,3,1,3,5,0,,No Garage,Unfinished,0,0,0,Paved,0,0,0,0,No Fence,8,2007,Down payment assistance,Regular,102594.0,N,N,2021-05-16,47210783,"Susi-Heinrich-Gasse 76
53152 Gera",Starnberg,Tunesien,joerg-petergunpf@rogner.com,Unknown,Thüringen,97844,68.0,2021-05-03,1.3,2021-05-03,1.3
91,VacHomeClass-1,VacHomeZone-1,60.0,7200,Cobblestone,Gravel,Pie,Flat,Trash|Gas|Water|Electricity,Interior lot,No Slope,NAmes,Proximity to School,Apartment,Contemporary,4,5,1953,1954,Gable,Rolled Roofing,Vertical Wood,Manmade Stone,0.0,3,3,Pile foundation,,,,0,Furnace,3,Yes,Underground Feeder Cable,1040,0,1040,1,0,2,1,3,4,0,,Detached,Metal Panels,2,420,3,Paved,0,0,0,0,No Fence,7,2006,Down payment assistance,Regular,91223.0,Y,N,2021-12-04,56360936,"Heidrichring 2/8
72018 Dessau",Bautzen,Venezuela,hsiering@hotmail.de,Unknown,Rheinland-Pfalz,31032,73.0,2021-01-06,1.8,2021-01-06,1.8
92,VacHomeClass-1,VacHomeZone-1,85.0,8500,Cobblestone,Gravel,Pie,Flat,Trash|Gas|Water|Electricity,Interior lot,No Slope,NAmes,Proximity to School,Apartment,Contemporary,5,3,1964,1967,Sawtooth,Rolled Roofing,Horizontal Wood,Concrete Panels,203.0,3,3,Combined footing,3.0,No Sunlight,Foamax,1235,Furnace,3,Yes,NM Cable,1235,0,1235,1,0,2,1,3,6,0,,Attached,Metal Panels,2,480,3,Paved,0,0,0,0,Wood Fences,12,2006,Down payment assistance,Shortsale,81844.0,N,N,2021-12-11,27329313,"Fliegnerallee 19
54475 Neustadtner Waldnaab",Grimmen,Libanon,twernecke@losekann.com,F,Nordrhein-Westfalen,65640,35.0,2021-08-26,1.3,2021-08-26,1.3
93,VacHomeClass-2,VacHomeZone-1,80.0,13360,Cobblestone,Concrete,Reverse Pie,High Level,Trash|Gas|Water|Electricity,Interior lot,No Slope,RNH 7,Proximity to School,Apartment,Contemporary,5,7,1923,2011,Gable,Rolled Roofing,Wood Shingle,Manmade Stone,0.0,3,4,Strip foundation,4.0,No Sunlight,BrightWall Paneling,876,Furnace,5,Yes,NM Cable,964,0,964,1,0,2,1,3,5,0,,Detached,Metal Panels,2,432,3,Paved,0,0,0,0,No Fence,8,2009,Down payment assistance,Regular,135711.0,N,N,2021-08-17,12613229,"Wolfgang-Hering-Straße 10
11922 Sondershausen",Kassel,Benin,konstanzescheuermann@matthaei.org,M,Brandenburg,72598,89.0,2021-02-16,2.4,2021-02-16,2.4
94,VacHomeClass-15,VacHomeZone-3,60.0,7200,Cobblestone,Gravel,Pie,Flat,Trash|Gas|Water|Electricity,Corner lot,No Slope,RNH 18,Proximity to School,Condo,Modern,6,6,1913,2000,Sawtooth,Rolled Roofing,Log Wood,Manmade Stone,0.0,3,3,Strip foundation,3.0,Small Windows,Foamax,1214,Boiler,5,No,NM Cable,1260,1031,2291,2,0,4,2,3,9,1,Gd,Detached,Metal Panels,2,506,3,Paved,0,0,0,0,No Fence,11,2007,Down payment assistance,Regular,111143.0,Y,Y,2021-04-18,70922899,"Trübring 160
35635 Rottweil",Hofgeismar,Mali,dietrichroerricht@gmx.de,F,Berlin,43605,44.0,2021-04-19,2.1,2021-04-19,2.1
95,VacHomeClass-6,VacHomeZone-1,69.0,9337,Cobblestone,Gravel,Reverse Pie,Flat,Trash|Gas|Water|Electricity,Interior lot,No Slope,RNH 6,Proximity to School,Apartment,Bungalow,6,5,2002,2005,Gable,Rolled Roofing,Board Batten,Manmade Stone,0.0,3,4,Individual footing,4.0,No Sunlight,ZenWall Panels,824,Furnace,5,Yes,NM Cable,905,881,1786,2,1,3,1,4,7,0,,Attached,Wood Sheathing,2,684,3,Paved,0,0,0,0,No Fence,5,2007,Down payment assistance,Regular,169948.5,N,N,2021-11-25,65285923,"Möchlichenring 607
24549 Neustadt am Rübenberge",Altötting,Venezuela,loechelnina@metz.com,F,Rheinland-Pfalz,60429,11.0,2021-07-04,4.1,2021-07-04,4.1
96,VacHomeClass-6,VacHomeZone-1,,9765,Cobblestone,Gravel,Rectangular,Flat,Trash|Gas|Water|Electricity,Corner lot,No Slope,RNH 9,Proximity to School,Apartment,Bungalow,6,8,1998,2001,Gable,Rolled Roofing,Board Batten,Natural Stone,68.0,5,4,Individual footing,4.0,No Sunlight,BrightWall Paneling,680,Furnace,4,Yes,NM Cable,680,790,1470,2,1,3,1,3,6,1,TA,Breezeway,DryWall,2,420,3,Paved,232,0,0,0,No Fence,4,2009,Down payment assistance,Regular,153556.0,N,N,2021-04-05,31562447,"Ullmannallee 06
45947 Heiligenstadt",Malchin,Türkei,klaus-peter22@tschentscher.org,Unknown,Mecklenburg-Vorpommern,8965,91.0,2021-01-09,3.7,2021-01-09,3.7
97,VacHomeClass-1,VacHomeZone-1,78.0,10264,Cobblestone,Gravel,Reverse Pie,Flat,Trash|Gas|Water|Electricity,Interior lot,No Slope,RNH 6,Proximity to School,Apartment,Contemporary,7,5,2000,2003,Gable,Rolled Roofing,Board Batten,Natural Stone,183.0,4,3,Individual footing,4.0,Large Windows,BrightWall Paneling,1588,Furnace,5,Yes,NM Cable,1588,0,1588,2,0,3,1,4,6,0,,Attached,Wood Sheathing,2,472,3,Paved,158,0,0,0,No Fence,8,2006,Down payment assistance,Regular,177626.0,N,Y,2021-12-02,73849919,"Marie-Theres-Gotthard-Straße 1/1
81357 Eichstätt",Zeulenroda,Tuvalu,sieringbenedikt@graf.com,F,Bayern,43807,20.0,2021-11-07,1.4,2021-11-07,1.4
98,VacHomeClass-1,VacHomeZone-1,73.0,10921,Cobblestone,Gravel,Pie,High Level,Trash|Gas|Water|Electricity,Interior lot,No Slope,RNH 8,Proximity to School,Apartment,Contemporary,4,5,1967,1969,Sawtooth,Rolled Roofing,Horizontal Wood,Natural Stone,48.0,3,3,Combined footing,3.0,No Sunlight,Foamax,960,Furnace,3,Yes,Armored Cable,960,0,960,1,0,3,1,3,6,0,,Attached,DryWall,1,432,3,Partially Gravel,120,0,0,0,No Fence,5,2007,Down payment assistance,Regular,78648.5,Y,N,2021-11-25,2978109,"Roggeallee 94
96515 Zeulenroda",Burgdorf,Nicaragua,bheintze@mosemann.org,Unknown,Nordrhein-Westfalen,50096,86.0,2021-02-21,3.1,2021-02-21,3.1
99,VacHomeClass-2,VacHomeZone-1,85.0,10625,Cobblestone,Gravel,Pie,Flat,Trash|Gas|Water|Electricity,Corner lot,No Slope,RNH 8,Proximity to School,Apartment,Contemporary,5,5,1923,1956,Gable,Rolled Roofing,Wood Shingle,Manmade Stone,0.0,3,3,Strip foundation,3.0,No Sunlight,BrightWall Paneling,458,Furnace,2,No,NM Cable,835,0,835,1,0,2,1,3,5,0,,Barns,Metal Panels,1,366,2,Paved,0,0,0,0,No Fence,5,2010,Reverse Mortgage,Shortsale,68896.0,Y,Y,2021-11-06,35729334,"Krausestr. 38
00664 Koblenz",Stollberg,Paraguay,lindauadriane@schueler.com,Unknown,Rheinland-Pfalz,83859,5.0,2021-12-05,2.4,2021-12-05,2.4
100,VacHomeClass-1,VacHomeZone-1,77.0,9320,Cobblestone,Gravel,Reverse Pie,Flat,Trash|Gas|Water|Electricity,Interior lot,No Slope,NAmes,Proximity to School,Apartment,Contemporary,4,5,1962,1965,Gable,Rolled Roofing,Brick,Manmade Stone,0.0,3,3,Combined footing,3.0,No Sunlight,BrightWall Paneling,950,Furnace,2,Yes,NM Cable,1225,0,1225,1,1,3,1,3,6,0,,No Garage,Unfinished,0,0,0,Paved,352,0,0,0,No Fence,1,2010,Down payment assistance,Regular,107034.5,Y,Y,2021-02-16,81224050,"Walterring 29
40619 Eberswalde",Füssen,St. Barthélemy,heinz-gerdpieper@neuschaefer.com,M,Sachsen-Anhalt,28795,15.0,2021-11-27,1.0,2021-11-27,1.0
101,VacHomeClass-1,VacHomeZone-1,,10603,Cobblestone,Gravel,Reverse Pie,Flat,Trash|Gas|Water|Electricity,Interior lot,No Slope,RNH 17,Proximity to School,Apartment,Contemporary,6,7,1979,2006,Gable,Rolled Roofing,Brick,Natural Stone,28.0,3,3,Individual footing,3.0,Small Windows,BrightWall Paneling,1610,Furnace,4,Yes,NM Cable,1610,0,1610,2,0,3,1,4,6,2,TA,Attached,Wood Sheathing,2,480,3,Paved,168,0,0,0,No Fence,2,2010,Down payment assistance,Regular,170156.0,N,Y,2021-08-29,33618425,"Aumannallee 2
83794 Beeskow",Rottweil,Dänemark,herta15@gude.net,Unknown,Niedersachsen,14754,45.0,2021-01-16,2.4,2021-01-16,2.4
102,VacHomeClass-6,VacHomeZone-1,77.0,9206,Cobblestone,Gravel,Pie,Flat,Trash|Gas|Water|Electricity,Interior lot,No Slope,RNH 21,Proximity to School,Apartment,Bungalow,6,5,1986,1993,Gable,Rolled Roofing,Horizontal Wood,Natural Stone,336.0,4,3,Combined footing,4.0,No Sunlight,Dry Wall,741,Furnace,3,Yes,NM Cable,977,755,1732,2,1,3,1,4,7,1,TA,Attached,DryWall,2,476,3,Paved,192,0,0,0,No Fence,6,2010,Down payment assistance,Regular,147746.0,N,N,2021-01-11,75821760,"Jaroslav-Trüb-Platz 1
86852 Cottbus",Wertingen,Demokratische Volksrepublik Korea,wgroettner@heuser.com,Unknown,Nordrhein-Westfalen,43893,99.0,2021-08-05,3.5,2021-08-05,3.5
103,VacHomeClass-11,VacHomeZone-1,64.0,7018,Cobblestone,Gravel,Pie,Slope,Trash|Gas|Water|Electricity,Interior lot,No Slope,RNH 21,Proximity to School,Townhome,Contemporary,5,5,1983,1988,Gable,Rolled Roofing,Horizontal Wood,Manmade Stone,0.0,3,2,Pile foundation,,,,0,Furnace,3,Yes,NM Cable,1535,0,1535,2,0,4,2,3,8,0,,Attached,Metal Panels,2,410,3,Paved,0,0,0,0,No Fence,6,2009,Down payment assistance,Foreclosure,98746.12,N,Y,2021-05-04,45783623,"Karlfried-Bien-Straße 792
16341 Schwäbisch Gmünd",Plauen,Nicaragua,georgiasoeding@drub.com,Unknown,Baden-Württemberg,66853,77.0,2021-08-09,1.9,2021-08-09,1.9
104,VacHomeClass-1,VacHomeZone-1,94.0,10402,Cobblestone,Gravel,Reverse Pie,Flat,Trash|Gas|Water|Electricity,Corner lot,No Slope,RNH 6,Proximity to School,Apartment,Contemporary,7,5,2011,2012,Gable,Rolled Roofing,Board Batten,Manmade Stone,0.0,3,3,Individual footing,4.0,No Sunlight,Dry Wall,1226,Furnace,5,Yes,NM Cable,1226,0,1226,2,0,3,1,4,6,0,,Attached,Wood Sheathing,3,740,3,Paved,0,0,0,0,No Fence,5,2010,Down payment assistance,Regular,165093.0,N,Y,2021-05-13,20174545,"Fischergasse 9
18178 Güstrow",Schwabmünchen,Estland,isa17@yahoo.de,Unknown,Berlin,64853,57.0,2021-09-12,4.7,2021-09-12,4.7
105,VacHomeClass-5,VacHomeZone-2,,7758,Cobblestone,Gravel,Pie,Flat,Trash|Gas|Water|Electricity,Corner lot,No Slope,RNH 10,Proximity to School,Apartment,Craftsman,7,4,1932,1954,Gable,Rolled Roofing,Fiber cement,Natural Stone,600.0,3,2,Individual footing,3.0,No Sunlight,Basement to Beautiful Panels,1040,Furnace,5,Yes,Armored Cable,1226,592,1818,1,1,4,1,3,7,2,TA,Detached,Metal Panels,1,240,3,Paved,0,0,0,0,No Fence,6,2007,Down payment assistance,Regular,140691.0,Y,Y,2021-05-14,39136541,"Wähnerring 6
06984 Saulgau",Prenzlau,Indonesien,katerinasontag@gmx.de,M,Brandenburg,62120,3.0,2021-09-06,4.5,2021-09-06,4.5
106,VacHomeClass-6,VacHomeZone-5,75.0,9375,Cobblestone,Gravel,Pie,Flat,Trash|Gas|Water|Electricity,Interior lot,No Slope,RNH 22,Proximity to School,Apartment,Bungalow,8,5,2006,2009,Sawtooth,Rolled Roofing,Board Batten,Natural Stone,768.0,4,3,Individual footing,5.0,No Sunlight,Dry Wall,1053,Furnace,5,Yes,NM Cable,1053,939,1992,2,1,3,1,4,9,1,Gd,Attached,Wood Sheathing,2,648,3,Paved,140,0,0,0,No Fence,8,2008,Down payment assistance,Regular,207506.0,N,Y,2021-06-28,98199679,"Goran-Vollbrecht-Straße 202
15033 Greifswald",Regensburg,Slowakei,vivianeheinrich@etzold.com,M,Saarland,79803,84.0,2021-12-05,2.3,2021-12-05,2.3
107,VacHomeClass-2,VacHomeZone-2,60.0,10800,Cobblestone,Concrete,Pie,Flat,Trash|Gas|Water|Electricity,Interior lot,No Slope,RNH 18,Proximity to School,Apartment,Contemporary,4,7,1888,1999,Colonial,Rolled Roofing,Board Batten,Manmade Stone,0.0,3,3,Strip foundation,2.0,No Sunlight,Dry Wall,641,Furnace,4,Yes,NM Cable,1047,0,1047,1,0,2,1,3,6,0,,Detached,Metal Panels,1,273,2,Only Gravel,0,0,0,0,No Fence,8,2007,Down payment assistance,Regular,83006.0,Y,N,2021-06-03,51650155,"Ferdi-Schmidtke-Ring 6
79936 Rathenow",Wiedenbrück,Tadschikistan,schachtmargita@gmx.de,M,Brandenburg,94847,76.0,2021-05-26,3.0,2021-05-26,3.0
108,VacHomeClass-1,VacHomeZone-2,50.0,6000,Cobblestone,Gravel,Pie,Flat,Trash|Gas|Water|Electricity,Interior lot,No Slope,RNH 18,Proximity to School,Apartment,Contemporary,5,5,1953,1957,Gable,Rolled Roofing,Board Batten,Manmade Stone,0.0,3,3,Combined footing,3.0,No Sunlight,BrightWall Paneling,789,Furnace,5,Yes,NM Cable,789,0,789,1,0,2,1,3,5,0,,Detached,Metal Panels,1,250,3,Paved,0,0,0,0,No Fence,4,2008,Down payment assistance,Distress Sale,95456.0,Y,N,2021-08-05,26745497,"Alfred-Jessel-Allee 1/8
73484 Feuchtwangen",Saulgau,Venezuela,kargehenny@aol.de,Unknown,Schleswig-Holstein,45099,88.0,2021-02-23,2.4,2021-02-23,2.4
109,VacHomeClass-5,VacHomeZone-2,85.0,8500,Cobblestone,Gravel,Pie,Flat,Trash|Gas|Water|Electricity,Corner lot,No Slope,RNH 10,Proximity to Gym,Apartment,Craftsman,5,7,1923,2014,Gable,Rolled Roofing,Metal,Manmade Stone,0.0,3,3,Combined footing,3.0,No Sunlight,Dry Wall,793,Boiler,3,No,Armored Cable,997,520,1517,2,0,3,1,2,7,0,,No Garage,Unfinished,0,0,0,Only Gravel,0,0,0,0,No Fence,8,2007,Down payment assistance,Regular,95456.0,Y,N,2021-10-03,79259446,"Heserstraße 128
45550 Stollberg",Einbeck,Ukraine,conrad50@yahoo.de,F,Nordrhein-Westfalen,8845,63.0,2021-05-10,3.5,2021-05-10,3.5
110,VacHomeClass-1,VacHomeZone-1,105.0,11751,Cobblestone,Gravel,Reverse Pie,Flat,Trash|Gas|Water|Electricity,Interior lot,No Slope,RNH 17,Proximity to School,Apartment,Contemporary,6,6,1978,1985,Sawtooth,Rolled Roofing,Brick,Natural Stone,480.0,3,3,Combined footing,4.0,No Sunlight,CleanSpace Wall System,1844,Furnace,5,Yes,NM Cable,1844,0,1844,2,0,3,1,3,7,1,TA,Attached,Wood Sheathing,2,546,3,Paved,0,0,0,0,Vinyl Fences,1,2010,Reverse Mortgage,Regular,157706.0,N,N,2021-06-23,15795458,"Heintzegasse 676
50074 Tübingen",Monschau,Saudi-Arabien,hertrampfsigmar@spiess.org,M,Brandenburg,80412,30.0,2021-10-07,1.5,2021-10-07,1.5
111,VacHomeClass-5,VacHomeZone-1,75.0,9525,Cobblestone,Gravel,Pie,Flat,Trash|Gas|Water|Electricity,Interior lot,No Slope,RNH 8,Proximity to School,Apartment,Craftsman,6,4,1956,1980,Gable,Rolled Roofing,Wood Shingle,Manmade Stone,0.0,3,3,Combined footing,3.0,No Sunlight,Foamax,994,Furnace,4,Yes,NM Cable,1216,639,1855,2,0,4,1,3,7,0,,Attached,Metal Panels,1,325,3,Paved,182,0,0,0,No Fence,10,2006,Down payment assistance,Regular,113633.0,Y,N,2021-10-15,12959204,"Hanife-Kranz-Ring 831
08523 Pirmasens",Malchin,Liberia,reinholdadolph@aol.de,Unknown,Hamburg,20545,6.0,2021-10-30,1.0,2021-10-30,1.0
112,VacHomeClass-9,VacHomeZone-1,,7750,Cobblestone,Gravel,Reverse Pie,Flat,Trash|Gas|Water|Electricity,Interior lot,No Slope,RNH 9,Proximity to School,Apartment,Spanish,7,5,2003,2009,Gable,Rolled Roofing,Board Batten,Manmade Stone,0.0,3,3,Individual footing,4.0,No Sunlight,ZenWall Panels,384,Furnace,5,Yes,NM Cable,774,656,1430,2,1,3,1,3,7,1,TA,Breezeway,DryWall,2,400,3,Paved,180,0,0,0,No Fence,4,2010,Down payment assistance,Regular,149406.0,Y,N,2021-08-13,92815995,"Gerd-Rogner-Platz 6/0
45903 Kehl",Hünfeld,Niger,heiniputz@gmail.com,M,Berlin,51635,72.0,2021-04-15,2.2,2021-04-15,2.2
113,VacHomeClass-6,VacHomeZone-1,77.0,9965,Cobblestone,Gravel,Pie,Flat,Trash|Gas|Water|Electricity,Interior lot,No Slope,RNH 6,Proximity to School,Apartment,Bungalow,7,5,2009,2013,Gable,Rolled Roofing,Board Batten,Manmade Panels,220.0,4,3,Individual footing,5.0,Large Windows,ZenWall Panels,1264,Furnace,5,Yes,NM Cable,1282,1414,2696,2,1,4,1,5,10,1,Gd,Breezeway,DryWall,3,792,3,Paved,120,0,0,0,No Fence,10,2007,Government-backed programs,Distress Sale,318701.1,Y,Y,2021-08-28,5207695,"Möchlichenring 2/6
51524 Hoyerswerda",Zschopau,Kamerun,constanzemisicher@lorch.net,F,Berlin,45263,13.0,2021-08-15,3.5,2021-08-15,3.5
114,VacHomeClass-1,VacHomeZone-1,,21000,Cobblestone,Gravel,Pie,Slope,Trash|Gas|Water|Electricity,Corner lot,No Slope,RNH 7,Proximity to School,Apartment,Contemporary,6,5,1958,1957,Sawtooth,Rolled Roofing,Wood Shingle,Natural Stone,184.0,3,4,Combined footing,4.0,Small Windows,BrightWall Paneling,1809,Furnace,3,Yes,NM Cable,2259,0,2259,2,0,3,1,4,7,2,Gd,Barns,Metal Panels,2,450,3,Paved,166,0,0,0,Vinyl Fences,10,2007,Reverse Mortgage,Shortsale,180116.0,Y,Y,2021-05-31,57583495,"Adlerallee 69
79666 Hechingen",Eggenfelden,Brasilien,mieslioba@yahoo.de,Unknown,Rheinland-Pfalz,29632,4.0,2021-06-03,2.4,2021-06-03,2.4
115,VacHomeClass-7,VacHomeZone-1,61.0,7259,Cobblestone,Gravel,Reverse Pie,Flat,Trash|Gas|Water|Electricity,Interior lot,Little Slope,RNH 7,Proximity to School,Apartment,Bungalow,6,8,1949,2008,Curved,Rolled Roofing,Wood Shingle,Manmade Stone,0.0,3,3,Combined footing,3.0,No Sunlight,BrightWall Paneling,1028,Furnace,5,Yes,NM Cable,1436,884,2320,2,1,3,1,4,9,1,TA,Detached,Metal Panels,1,180,3,Paved,224,0,0,0,Vinyl Fences,7,2007,Down payment assistance,Regular,215391.0,Y,Y,2021-09-28,46937322,"Peter-Michael-Austermühle-Ring 3/0
96249 Zschopau",Kyritz,Jordanien,lorenzo24@googlemail.com,F,Thüringen,92096,64.0,2021-02-14,4.3,2021-02-14,4.3
116,VacHomeClass-13,VacHomeZone-5,34.0,3230,Cobblestone,Cobblestone,Pie,Flat,Trash|Gas|Water|Electricity,Corner lot,No Slope,RNH 22,Proximity to School,SingleFamilyHome,Bungalow,6,5,2002,2005,Gable,Rolled Roofing,Log Wood,Natural Stone,1129.0,3,3,Individual footing,4.0,No Sunlight,ZenWall Panels,729,Furnace,4,Yes,NM Cable,729,729,1458,2,1,2,1,3,5,1,Fa,Detached,Metal Panels,2,440,3,Paved,0,0,0,0,No Fence,6,2007,Down payment assistance,Regular,146086.0,Y,N,2021-01-15,98841882,"Täscheallee 1/4
22342 Ilmenau",Rockenhausen,Aserbaidschan,holstenchrista-maria@doerr.de,F,Hamburg,24944,8.0,2021-12-29,1.4,2021-12-29,1.4
117,VacHomeClass-1,VacHomeZone-1,,11616,Cobblestone,Gravel,Pie,Flat,Trash|Gas|Water|Electricity,Interior lot,No Slope,RNH 20,Proximity to School,Apartment,Contemporary,5,5,1965,1972,Gable,Rolled Roofing,Wood Shingle,Natural Stone,116.0,3,3,Combined footing,3.0,No Sunlight,Basement to Beautiful Panels,1092,Furnace,3,Yes,NM Cable,1092,0,1092,1,0,3,1,3,6,1,Po,Attached,Metal Panels,1,288,3,Paved,0,0,0,0,No Fence,9,2009,Down payment assistance,Regular,115376.0,N,N,2021-05-13,33586205,"Steckelstr. 16
19485 Bad Kreuznach",Cuxhaven,Tadschikistan,doehnellen@hotmail.de,F,Sachsen,5589,11.0,2021-03-11,1.4,2021-03-11,1.4
118,VacHomeClass-1,VacHomeZone-1,74.0,8536,Cobblestone,Gravel,Pie,Flat,Trash|Gas|Water|Electricity,Corner lot,No Slope,RNH 8,Proximity to School,Apartment,Contemporary,5,5,2008,2013,Gable,Rolled Roofing,Board Batten,Manmade Stone,0.0,3,3,Individual footing,4.0,No Sunlight,Dry Wall,1125,Furnace,4,Yes,NM Cable,1125,0,1125,1,1,2,1,3,5,0,,Attached,Metal Panels,2,430,3,Paved,80,0,0,0,No Fence,4,2007,Government-backed programs,Distress Sale,128656.0,N,N,2021-09-05,93909143,"Rudolphweg 635
12432 Kronach",Fallingbostel,Albanien,jan-peter83@googlemail.com,Unknown,Hessen,63819,56.0,2021-06-06,3.4,2021-06-06,3.4
119,VacHomeClass-6,VacHomeZone-1,90.0,12376,Cobblestone,Gravel,Pie,Flat,Trash|Gas|Water|Electricity,Corner lot,No Slope,RNH 21,Proximity to School,Apartment,Bungalow,7,5,1993,1995,Sawtooth,Rolled Roofing,Brick,Manmade Stone,0.0,3,3,Individual footing,4.0,Small Windows,ZenWall Panels,1673,Furnace,4,Yes,NM Cable,1699,1523,3222,3,0,5,1,4,11,2,TA,Attached,Metal Panels,3,594,3,Paved,367,0,0,0,No Fence,5,2010,Down payment assistance,Regular,265606.0,Y,Y,2021-10-31,24177375,"Kabusgasse 1
49116 Dresden",Gardelegen,Färöer,nhentschel@dietz.de,F,Bremen,9077,34.0,2021-06-11,1.1,2021-06-11,1.1
120,VacHomeClass-6,VacHomeZone-1,65.0,8461,Cobblestone,Gravel,Pie,Flat,Trash|Gas|Water|Electricity,Interior lot,No Slope,RNH 6,Proximity to School,Apartment,Bungalow,6,5,2010,2012,Gable,Rolled Roofing,Board Batten,Manmade Stone,0.0,4,3,Individual footing,4.0,No Sunlight,Dry Wall,728,Furnace,5,Yes,NM Cable,728,728,1456,2,1,3,1,4,8,1,Gd,Attached,DryWall,2,390,3,Paved,0,0,0,0,No Fence,7,2006,Government-backed programs,Distress Sale,136117.69999999998,N,Y,2021-03-16,98000692,"Marlene-Rudolph-Straße 6
62298 Calau",Schlüchtern,Salomonen,clarissa50@beer.com,Unknown,Saarland,4736,39.0,2021-08-06,4.7,2021-08-06,4.7
121,VacHomeClass-9,VacHomeZone-1,,21453,Cobblestone,Gravel,Reverse Pie,Low Level,Trash|Gas|Water|Electricity,Cul-de-sac,Severe Slope,RNH 5,Proximity to School,Apartment,Spanish,6,5,1973,1978,Dormer,Membrane Roofing,Brick,Manmade Stone,0.0,3,3,Combined footing,3.0,French Doors,BrightWall Paneling,938,Furnace,5,Yes,NM Cable,988,0,988,1,0,1,1,3,4,2,TA,Attached,Metal Panels,2,540,3,Paved,0,130,0,0,No Fence,10,2006,Down payment assistance,Regular,149406.0,Y,N,2021-05-09,87132670,"Siegmar-Höfig-Allee 500
19081 Freital",Görlitz,Bolivien,roland30@hotmail.de,Unknown,Brandenburg,12833,9.0,2021-05-11,3.1,2021-05-11,3.1
122,VacHomeClass-5,VacHomeZone-2,50.0,6060,Cobblestone,Gravel,Pie,Flat,Trash|Gas|Water|Electricity,Interior lot,No Slope,RNH 10,Proximity to School,Apartment,Craftsman,4,5,1941,1957,Gable,Rolled Roofing,Concrete,Manmade Stone,0.0,3,3,Individual footing,3.0,No Sunlight,Dry Wall,732,Furnace,4,Yes,NM Cable,772,351,1123,1,0,3,1,3,4,0,,Detached,Metal Panels,1,264,3,Partially Gravel,0,0,0,0,Vinyl Fences,6,2007,Down payment assistance,Regular,83006.0,Y,Y,2021-03-30,54386440,"Steystraße 4/9
80862 Wittenberg",Badalzungen,Kasachstan,jacobnatalja@paffrath.net,F,Nordrhein-Westfalen,79658,49.0,2021-07-06,1.7,2021-07-06,1.7
123,VacHomeClass-1,VacHomeZone-1,75.0,9464,Cobblestone,Gravel,Pie,Flat,Trash|Gas|Water|Electricity,Corner lot,No Slope,NAmes,Proximity to School,Apartment,Contemporary,6,7,1959,1960,Sawtooth,Rolled Roofing,Log Wood,Natural Stone,135.0,3,4,Combined footing,3.0,No Sunlight,CleanSpace Wall System,1080,Furnace,4,Yes,NM Cable,1080,0,1080,1,0,3,1,3,5,0,,Attached,Metal Panels,1,288,3,Paved,0,0,0,0,No Fence,6,2008,Down payment assistance,Regular,112886.0,N,Y,2021-10-16,9206656,"Laurenz-Jacob-Platz 368
53673 Parchim",Königs Wusterhausen,Niue,alban66@gmail.com,Unknown,Berlin,71218,55.0,2021-06-15,1.4,2021-06-15,1.4
124,VacHomeClass-12,VacHomeZone-1,55.0,7892,Cobblestone,Gravel,Pie,Flat,Trash|Gas|Water|Electricity,Interior lot,No Slope,RNH 21,Proximity to School,SingleFamilyHome,Contemporary,6,5,1997,1999,Gable,Rolled Roofing,Brick,Manmade Stone,0.0,4,3,Individual footing,4.0,No Sunlight,ZenWall Panels,1199,Furnace,5,Yes,NM Cable,1199,0,1199,2,0,2,1,4,5,0,,Attached,Wood Sheathing,2,530,3,Paved,0,0,0,0,No Fence,3,2008,Down payment assistance,Regular,127743.0,N,N,2021-01-16,67920204,"Serpil-Christoph-Gasse 98
25628 Wolfenbüttel",Goslar,Grönland,thofmann@raedel.com,M,Berlin,93320,67.0,2021-05-11,2.2,2021-05-11,2.2
125,VacHomeClass-1,VacHomeZone-1,48.0,17043,Cobblestone,Gravel,Reverse Pie,Flat,Trash|Gas|Water|Electricity,Cul-de-sac,No Slope,RNH 17,Proximity to School,Apartment,Contemporary,6,5,1982,2005,Gable,Rolled Roofing,Horizontal Wood,Manmade Stone,0.0,3,4,Combined footing,4.0,No Sunlight,Dry Wall,1362,Furnace,3,Yes,NM Cable,1586,0,1586,2,0,3,1,3,7,1,TA,Attached,Metal Panels,2,435,3,Paved,192,0,0,0,No Fence,1,2009,Down payment assistance,Regular,150236.0,Y,N,2021-05-18,21707544,"Urte-Stoll-Straße 46
67723 Plauen",Parsberg,Papua-Neuguinea,rosita19@hotmail.de,M,Hessen,54390,56.0,2021-09-01,4.1,2021-09-01,4.1
126,VacHomeClass-15,VacHomeZone-2,60.0,6780,Cobblestone,Gravel,Pie,Flat,Trash|Gas|Water|Electricity,Interior lot,No Slope,RNH 10,Proximity to School,Condo,Craftsman,6,8,1937,1989,Gable,Rolled Roofing,Wood Shingle,Manmade Stone,0.0,3,2,Combined footing,3.0,Large Windows,ZenWall Panels,520,Furnace,4,No,NM Cable,520,0,754,1,0,2,1,3,5,0,,No Garage,Unfinished,0,0,0,Only Gravel,53,0,0,0,No Fence,6,2006,Down payment assistance,Regular,70141.0,Y,N,2021-01-15,54808164,"Wellerweg 49
03095 Merseburg",Göppingen,Kamerun,mijolindau@reuter.de,F,Rheinland-Pfalz,17811,85.0,2021-01-26,1.3,2021-01-26,1.3
127,VacHomeClass-12,VacHomeZone-1,,4928,Cobblestone,Gravel,Reverse Pie,Flat,Trash|Gas|Water|Electricity,Interior lot,No Slope,RNH 15,Proximity to School,SingleFamilyHome,Contemporary,6,5,1978,1982,Gable,Rolled Roofing,Brick,Manmade Stone,0.0,3,3,Combined footing,4.0,No Sunlight,BrightWall Paneling,1078,Furnace,3,Yes,NM Cable,958,0,958,2,0,2,1,3,5,1,TA,Attached,Wood Sheathing,2,440,3,Paved,0,0,0,0,No Fence,2,2007,Down payment assistance,Regular,106246.0,N,N,2021-08-12,3483404,"Jutta-Ditschlerin-Allee 2/6
68056 Göttingen",Borken,Namibia,jernst@hotmail.de,M,Schleswig-Holstein,93803,66.0,2021-10-19,2.0,2021-10-19,2.0
128,VacHomeClass-4,VacHomeZone-2,55.0,4388,Cobblestone,Gravel,Reverse Pie,Slope,Trash|Gas|Water|Electricity,Interior lot,No Slope,RNH 18,Proximity to Hospital,Apartment,Colonial,5,7,1934,1953,Gable,Rolled Roofing,Vinyl,Manmade Stone,0.0,3,4,Strip foundation,3.0,No Sunlight,Basement to Beautiful Panels,672,Furnace,5,Yes,NM Cable,840,0,840,1,0,3,1,3,5,1,TA,No Garage,Unfinished,0,0,0,Only Gravel,0,0,0,0,No Fence,6,2007,Down payment assistance,Regular,72216.0,N,N,2021-09-27,64538396,"Arndt-Gröttner-Weg 3
40066 Torgau",Stuttgart,Kaimaninseln,junkenheinz-dieter@berger.de,Unknown,Brandenburg,34685,76.0,2021-05-30,1.1,2021-05-30,1.1
129,VacHomeClass-6,VacHomeZone-1,69.0,7590,Cobblestone,Gravel,Pie,Flat,Trash|Gas|Water|Electricity,Interior lot,No Slope,NAmes,Proximity to Park,Apartment,Bungalow,6,5,1968,1973,Gable,Rolled Roofing,Board Batten,Natural Stone,266.0,3,3,Combined footing,3.0,No Sunlight,CleanSpace Wall System,660,Furnace,3,Yes,NM Cable,660,688,1348,1,1,3,1,3,6,1,Fa,Attached,Wood Sheathing,2,453,3,Paved,188,0,0,0,No Fence,7,2006,Down payment assistance,Regular,128656.0,N,Y,2021-10-31,15734419,"Karl-Ludwig-Fritsch-Platz 3/0
36660 Schrobenhausen",Vilsbiburg,Puerto Rico,dietmar75@scholl.com,M,Nordrhein-Westfalen,93476,99.0,2021-06-02,3.7,2021-06-02,3.7
130,VacHomeClass-1,VacHomeZone-1,69.0,8973,Cobblestone,Gravel,Pie,Flat,Trash|Gas|Water|Electricity,Interior lot,No Slope,NAmes,Proximity to School,Apartment,Contemporary,5,7,1962,1993,Gable,Rolled Roofing,Brick,Natural Stone,85.0,3,3,Combined footing,3.0,No Sunlight,Foamax,1008,Furnace,3,Yes,Underground Feeder Cable,1053,0,1053,1,1,3,1,5,6,0,,Portable,Wood Sheathing,2,750,3,Paved,0,180,0,0,Metal Fences,7,2006,Down payment assistance,Shortsale,124506.0,Y,Y,2021-01-27,90717475,"Haasestraße 8/7
20871 Schwäbisch Gmünd",Wesel,Barbados,jameshornich@hornig.de,F,Hamburg,79376,88.0,2021-12-24,4.9,2021-12-24,4.9
131,VacHomeClass-6,VacHomeZone-1,88.0,14200,Cobblestone,Gravel,Pie,Flat,Trash|Gas|Water|Electricity,Corner lot,No Slope,NAmes,Proximity to School,Apartment,Bungalow,7,6,1969,1971,Gable,Rolled Roofing,Log Wood,Natural Stone,309.0,3,3,Combined footing,3.0,No Sunlight,Foamax,924,Furnace,5,Yes,NM Cable,1216,941,2157,2,1,4,1,4,8,2,Gd,Attached,DryWall,2,487,3,Paved,105,0,0,0,Composite Fences,5,2006,Down payment assistance,Regular,187586.0,Y,Y,2021-12-30,65460009,"Häringallee 7/5
27514 Rothenburg ob der Tauber",Steinfurt,Puerto Rico,lholsten@aol.de,M,Nordrhein-Westfalen,20898,32.0,2021-10-05,2.6,2021-10-05,2.6
132,VacHomeClass-6,VacHomeZone-1,,12224,Cobblestone,Gravel,Reverse Pie,Flat,Trash|Gas|Water|Electricity,Corner lot,No Slope,RNH 9,Proximity to School,Apartment,Bungalow,6,5,2002,2005,Gable,Rolled Roofing,Board Batten,Natural Stone,40.0,4,3,Individual footing,4.0,No Sunlight,ZenWall Panels,992,Furnace,5,Yes,NM Cable,1022,1032,2054,2,1,3,1,4,7,1,TA,Breezeway,Wood Sheathing,2,390,3,Paved,24,0,0,0,No Fence,7,2009,Down payment assistance,Regular,202526.0,Y,Y,2021-10-27,10900369,"Mudestr. 14
27901 Grafenau",Marktheidenfeld,Uruguay,jkabus@web.de,Unknown,Hamburg,33800,99.0,2021-02-02,3.3,2021-02-02,3.3
133,VacHomeClass-1,VacHomeZone-1,75.0,7388,Cobblestone,Gravel,Pie,Flat,Trash|Gas|Water|Electricity,Corner lot,No Slope,NAmes,Proximity to School,Apartment,Contemporary,5,6,1961,2008,Gable,Rolled Roofing,Log Wood,Manmade Stone,0.0,3,3,Combined footing,3.0,No Sunlight,Foamax,1063,Furnace,4,Yes,NM Cable,1327,0,1327,1,0,3,1,4,7,0,,Detached,Metal Panels,2,624,3,Paved,0,0,0,0,No Fence,7,2007,Down payment assistance,Regular,125128.5,Y,Y,2021-11-01,61206809,"Ditschlerinstr. 15
83899 Recklinghausen",Parsberg,Cookinseln,annett21@gmx.de,M,Mecklenburg-Vorpommern,51146,73.0,2021-04-12,2.6,2021-04-12,2.6
134,VacHomeClass-1,VacHomeZone-1,,6853,Cobblestone,Gravel,Reverse Pie,Flat,Trash|Gas|Water|Electricity,Interior lot,No Slope,RNH 24,Proximity to School,Apartment,Contemporary,8,5,2003,2009,Gable,Rolled Roofing,Board Batten,Natural Stone,136.0,4,3,Individual footing,5.0,No Sunlight,ZenWall Panels,1267,Furnace,5,Yes,NM Cable,1296,0,1296,2,0,2,1,4,6,0,,Attached,DryWall,2,471,3,Paved,192,0,0,0,No Fence,6,2009,Down payment assistance,Regular,182606.0,N,Y,2021-12-28,54027534,"Bertold-Beckmann-Gasse 51
44701 Gelnhausen",Großenhain,Uruguay,bolnbachruediger@gmx.de,F,Brandenburg,81554,27.0,2021-03-16,3.1,2021-03-16,3.1
135,VacHomeClass-1,VacHomeZone-1,78.0,10335,Cobblestone,Gravel,Reverse Pie,Flat,Trash|Gas|Water|Electricity,Interior lot,No Slope,RNH 20,Proximity to School,Apartment,Contemporary,5,6,1970,1999,Gable,Rolled Roofing,Brick,Manmade Stone,0.0,3,3,Combined footing,3.0,No Sunlight,Foamax,1461,Furnace,4,Yes,NM Cable,1721,0,1721,2,1,3,1,3,7,1,TA,Attached,Wood Sheathing,2,440,3,Paved,0,0,0,0,Vinyl Fences,7,2006,Down payment assistance,Regular,149406.0,N,Y,2021-06-14,66532569,"Hanns-Schwital-Weg 81
86053 Saarbrücken",Mühldorf am Inn,Vereinigte Arabische Emirate,pwernecke@doering.de,Unknown,Brandenburg,35955,50.0,2021-01-25,1.8,2021-01-25,1.8
136,VacHomeClass-1,VacHomeZone-1,80.0,10400,Cobblestone,Gravel,Pie,Flat,Trash|Gas|Water|Electricity,Interior lot,No Slope,RNH 17,Proximity to School,Apartment,Contemporary,7,6,1971,1974,Sawtooth,Rolled Roofing,Brick,Natural Stone,288.0,3,3,Individual footing,3.0,No Sunlight,Dry Wall,1304,Furnace,4,Yes,NM Cable,1682,0,1682,2,0,3,1,3,7,1,Gd,Attached,Metal Panels,2,530,3,Paved,98,0,0,0,Vinyl Fences,5,2008,Down payment assistance,Regular,144426.0,N,N,2021-10-03,68551025,"Luitgard-Kohl-Platz 30
61198 Karlsruhe",Eckernförde,Luxemburg,istiffel@mohaupt.com,F,Saarland,54456,90.0,2021-06-25,2.1,2021-06-25,2.1
137,VacHomeClass-1,VacHomeZone-1,,10355,Cobblestone,Gravel,Reverse Pie,Flat,Trash|Gas|Water|Electricity,Corner lot,No Slope,NAmes,Proximity to School,Apartment,Contemporary,5,5,1969,1975,Gable,Rolled Roofing,Log Wood,Natural Stone,196.0,3,3,Combined footing,3.0,No Sunlight,CleanSpace Wall System,1214,Furnace,3,Yes,NM Cable,1214,0,1214,2,0,3,1,3,5,1,Fa,Attached,Wood Sheathing,1,318,3,Paved,0,0,0,0,No Fence,7,2007,Down payment assistance,Regular,118696.0,N,Y,2021-05-07,82778507,"Klotzstr. 178
07713 Flöha",Sonneberg,Jersey,grzegorz61@staude.de,Unknown,Hessen,4405,48.0,2021-07-13,4.4,2021-07-13,4.4
138,VacHomeClass-11,VacHomeZone-1,82.0,11070,Cobblestone,Gravel,Pie,Flat,Trash|Gas|Water|Electricity,Interior lot,No Slope,RNH 12,Proximity to School,Townhome,Contemporary,7,5,1991,1995,Gable,Rolled Roofing,Board Batten,Natural Stone,70.0,3,3,Combined footing,3.0,No Sunlight,Dry Wall,1907,Furnace,4,Yes,NM Cable,1959,0,1959,3,0,5,2,3,9,0,,Portable,Metal Panels,3,766,3,Paved,0,0,0,0,No Fence,7,2006,Down payment assistance,Foreclosure,141936.0,Y,Y,2021-02-01,64759982,"Ursel-Hentschel-Weg 161
27994 Altentreptow",Riesa,Wallis und Futuna,patbergkrista@pergande.de,F,Hessen,92727,84.0,2021-03-22,1.3,2021-03-22,1.3
139,VacHomeClass-6,VacHomeZone-1,73.0,9066,Cobblestone,Gravel,Reverse Pie,Flat,Trash|Gas|Water|Electricity,Interior lot,No Slope,RNH 6,Proximity to School,Apartment,Bungalow,8,5,2000,2009,Gable,Rolled Roofing,Board Batten,Natural Stone,320.0,4,3,Individual footing,4.0,Small Windows,ZenWall Panels,1004,Furnace,5,Yes,NM Cable,1004,848,1852,2,1,3,1,4,7,2,TA,Attached,DryWall,3,660,3,Paved,224,0,0,0,Composite Fences,12,2008,Down payment assistance,Regular,190906.0,Y,Y,2021-10-23,31956260,"Neuschäferstraße 6
00567 Schleiz",Perleberg,Niederlande,gscholz@hertrampf.de,M,Hessen,32488,69.0,2021-08-31,2.1,2021-08-31,2.1
140,VacHomeClass-6,VacHomeZone-1,65.0,15426,Cobblestone,Gravel,Reverse Pie,Flat,Trash|Gas|Water|Electricity,Interior lot,No Slope,RNH 6,Proximity to School,Apartment,Bungalow,6,5,2001,2005,Gable,Rolled Roofing,Board Batten,Manmade Stone,0.0,3,3,Individual footing,4.0,No Sunlight,ZenWall Panels,928,Furnace,5,Yes,NM Cable,928,836,1764,2,1,3,1,4,7,0,,Attached,Wood Sheathing,2,470,3,Paved,276,0,0,0,Vinyl Fences,8,2009,Down payment assistance,Regular,192151.0,Y,Y,2021-12-10,41341322,"Klemmallee 6
64037 Freudenstadt",Herford,Kanada,bachmannharry@web.de,F,Baden-Württemberg,39636,31.0,2021-03-18,4.6,2021-03-18,4.6
141,VacHomeClass-1,VacHomeZone-1,70.0,10500,Cobblestone,Gravel,Pie,Flat,Trash|Gas|Water|Electricity,T-intersection,No Slope,NAmes,Proximity to School,Apartment,Contemporary,4,5,1973,1980,Gable,Rolled Roofing,Horizontal Wood,Manmade Stone,0.0,3,3,Combined footing,3.0,No Sunlight,BrightWall Paneling,864,Furnace,3,Yes,NM Cable,864,0,864,1,0,3,1,3,5,1,Po,No Garage,Unfinished,0,0,0,Paved,0,0,0,0,No Fence,4,2010,Family Sponsored,Regular,95456.0,Y,N,2021-09-05,73466703,"Ilias-Siering-Weg 0/2
91047 Fallingbostel",Schwäbisch Hall,Honduras,llindau@hotmail.de,M,Rheinland-Pfalz,25645,44.0,2021-05-21,2.1,2021-05-21,2.1
142,VacHomeClass-1,VacHomeZone-1,78.0,11645,Cobblestone,Gravel,Pie,Flat,Trash|Gas|Water|Electricity,Interior lot,No Slope,RNH 6,Proximity to School,Apartment,Contemporary,7,5,2008,2009,Gable,Rolled Roofing,Board Batten,Manmade Stone,0.0,4,3,Individual footing,4.0,Large Windows,ZenWall Panels,1734,Furnace,5,Yes,NM Cable,1734,0,1734,2,0,3,1,4,7,0,,Attached,DryWall,2,660,3,Paved,160,0,0,0,No Fence,1,2006,Down payment assistance,Regular,215806.0,N,Y,2021-05-14,48839839,"Knappeweg 1/1
49657 Ilmenau",Sondershausen,Namibia,npatberg@hartmann.com,Unknown,Sachsen-Anhalt,68505,88.0,2021-08-20,4.2,2021-08-20,4.2
143,VacHomeClass-5,VacHomeZone-1,71.0,8520,Cobblestone,Gravel,Pie,Flat,Trash|Gas|Water|Electricity,Corner lot,No Slope,NAmes,Proximity to Gym,Apartment,Craftsman,5,4,1954,1955,Gable,Rolled Roofing,Vertical Wood,Manmade Stone,0.0,3,2,Combined footing,3.0,No Sunlight,Foamax,910,Furnace,2,Yes,NM Cable,910,475,1385,2,0,4,1,3,6,0,,Detached,Metal Panels,2,720,3,Paved,0,0,0,0,Vinyl Fences,6,2010,Down payment assistance,Regular,137786.0,Y,N,2021-07-16,62749114,"Jonas-Juncken-Ring 728
99964 Gräfenhainichen",Halberstadt,Georgien,george16@wieloch.net,M,Hamburg,73345,99.0,2021-08-07,4.6,2021-08-07,4.6
144,VacHomeClass-1,VacHomeZone-1,78.0,10335,Cobblestone,Gravel,Reverse Pie,Flat,Trash|Gas|Water|Electricity,Interior lot,No Slope,RNH 6,Proximity to School,Apartment,Contemporary,7,5,2004,2004,Gable,Rolled Roofing,Board Batten,Natural Stone,183.0,4,3,Individual footing,4.0,French Doors,ZenWall Panels,1490,Furnace,5,Yes,NM Cable,1501,0,1501,2,0,3,1,4,6,0,,Attached,Wood Sheathing,2,577,3,Paved,144,0,0,0,No Fence,6,2009,Down payment assistance,Regular,169326.0,N,Y,2021-03-26,12140381,"Christophstraße 4
64385 Schwäbisch Gmünd",Kötzting,Bouvetinsel,antoinette22@yahoo.de,F,Saarland,97996,46.0,2021-12-07,4.5,2021-12-07,4.5
145,VacHomeClass-11,VacHomeZone-2,70.0,9100,Cobblestone,Gravel,Pie,Flat,Trash|Gas|Water|Electricity,Interior lot,No Slope,RNH 20,Proximity to Dance Club,Townhome,Contemporary,5,5,1965,1969,Gable,Rolled Roofing,Horizontal Wood,Natural Stone,336.0,3,3,Combined footing,3.0,No Sunlight,Foamax,1728,Furnace,3,Yes,NM Cable,1728,0,1728,2,0,6,2,3,10,0,,Detached,Metal Panels,2,504,3,Paved,0,0,0,0,No Fence,11,2006,Family Sponsored,Shortsale,103756.0,Y,Y,2021-08-06,5572847,"Barthallee 86
66988 Böblingen",Hoyerswerda,Montserrat,xzorbach@aol.de,F,Sachsen-Anhalt,37729,7.0,2021-11-20,4.7,2021-11-20,4.7
146,VacHomeClass-13,VacHomeZone-2,24.0,2522,Cobblestone,Gravel,Pie,Flat,Trash|Gas|Water|Electricity,Interior lot,No Slope,RNH 8,Proximity to School,MultiFamilyHome,Bungalow,6,5,2006,2009,Gable,Rolled Roofing,Board Batten,Manmade Panels,50.0,4,3,Individual footing,4.0,No Sunlight,Dry Wall,970,Furnace,5,Yes,NM Cable,970,739,1709,2,0,3,1,4,7,0,,Detached,Metal Panels,2,380,3,Paved,0,0,0,0,No Fence,4,2006,Down payment assistance,Regular,107906.0,N,N,2021-06-25,19509242,"Schweitzerstr. 29
38270 Osterburg",Wolfenbüttel,Kuwait,bjaehn@reuter.org,Unknown,Rheinland-Pfalz,31679,85.0,2021-09-04,2.8,2021-09-04,2.8
147,VacHomeClass-2,VacHomeZone-2,51.0,6120,Cobblestone,Gravel,Pie,Flat,Trash|Gas|Water|Electricity,Corner lot,No Slope,RNH 4,Proximity to School,Apartment,Contemporary,5,7,1932,2000,Gable,Rolled Roofing,Wood Shingle,Manmade Stone,0.0,3,3,Strip foundation,3.0,No Sunlight,CleanSpace Wall System,715,Furnace,3,Yes,Underground Feeder Cable,875,0,875,1,0,2,1,3,5,0,,Detached,Metal Panels,1,180,2,Paved,48,0,0,0,No Fence,11,2009,Down payment assistance,Regular,87156.0,Y,Y,2021-05-13,16380264,"Kallertweg 559
37699 Mainburg",Nauen,Cookinseln,froehlichannaliese@stolze.com,M,Hessen,3070,21.0,2021-08-25,2.0,2021-08-25,2.0
148,VacHomeClass-6,VacHomeZone-1,,9505,Cobblestone,Gravel,Reverse Pie,Flat,Trash|Gas|Water|Electricity,Cul-de-sac,No Slope,RNH 9,Proximity to School,Apartment,Bungalow,7,5,2002,2007,Gable,Rolled Roofing,Board Batten,Natural Stone,180.0,4,3,Individual footing,4.0,No Sunlight,Dry Wall,884,Furnace,5,Yes,NM Cable,884,1151,2035,2,1,3,1,4,8,1,Gd,Breezeway,DryWall,2,434,3,Paved,144,0,0,0,No Fence,5,2010,Down payment assistance,Regular,184681.0,Y,Y,2021-06-13,72533291,"Bonbachgasse 381
81910 Greifswald",Rosenheim,Indien,tamarawaehner@web.de,Unknown,Bremen,99935,51.0,2021-05-13,3.5,2021-05-13,3.5
149,VacHomeClass-1,VacHomeZone-1,63.0,7500,Cobblestone,Gravel,Pie,Flat,Trash|Gas|Water|Electricity,Interior lot,No Slope,RNH 21,Proximity to School,Apartment,Contemporary,7,5,2008,2011,Gable,Rolled Roofing,Board Batten,Natural Stone,120.0,3,3,Individual footing,4.0,No Sunlight,ZenWall Panels,1080,Furnace,5,Yes,NM Cable,1080,0,1080,1,0,3,1,4,6,0,,No Garage,Unfinished,0,0,0,Paved,0,0,0,0,No Fence,4,2008,Down payment assistance,Regular,117036.0,Y,Y,2021-05-28,37804305,"Karl-Otto-Dippel-Gasse 0/2
41309 Klötze",Steinfurt,Estland,drewesdeborah@mude.de,F,Thüringen,15765,30.0,2021-01-14,2.4,2021-01-14,2.4
150,VacHomeClass-5,VacHomeZone-2,,6240,Cobblestone,Gravel,Pie,Flat,Trash|Gas|Water|Electricity,Interior lot,No Slope,RNH 4,Proximity to School,Apartment,Craftsman,5,4,1940,1953,Gable,Rolled Roofing,Log Wood,Manmade Stone,0.0,3,3,Strip foundation,4.0,No Sunlight,Dry Wall,896,Furnace,4,Yes,Underground Feeder Cable,896,448,1344,1,0,3,1,3,7,0,,Detached,Metal Panels,1,240,2,Paved,200,0,0,0,No Fence,4,2006,Down payment assistance,Regular,95456.0,Y,Y,2021-11-03,64321332,"Kobeltweg 33
09101 Jessen",Pfaffenhofen an der Ilm,Guadeloupe,helmaebert@schaaf.org,M,Sachsen,27773,40.0,2021-08-23,2.6,2021-08-23,2.6
151,VacHomeClass-1,VacHomeZone-1,120.0,10356,Cobblestone,Gravel,Pie,Flat,Trash|Gas|Water|Electricity,Corner lot,No Slope,RNH 6,Proximity to School,Apartment,Contemporary,5,6,1980,1981,Gable,Rolled Roofing,Horizontal Wood,Manmade Stone,0.0,3,3,Combined footing,3.0,Large Windows,CleanSpace Wall System,969,Furnace,3,Yes,NM Cable,969,0,969,1,1,3,1,3,5,0,,Attached,Metal Panels,2,440,3,Paved,0,0,0,0,Vinyl Fences,1,2007,Down payment assistance,Regular,101266.0,Y,N,2021-10-31,35397069,"Beate-Otto-Ring 11
98332 Fallingbostel",Schwerin,Bhutan,herminekrein@ullrich.net,F,Thüringen,68206,78.0,2021-08-15,3.7,2021-08-15,3.7
152,VacHomeClass-1,VacHomeZone-1,107.0,13891,Cobblestone,Gravel,Pie,Flat,Trash|Gas|Water|Electricity,Interior lot,No Slope,RNH 16,Proximity to School,Apartment,Contemporary,8,5,2010,2017,Sawtooth,Rolled Roofing,Board Batten,Manmade Panels,436.0,4,3,Individual footing,5.0,French Doors,ZenWall Panels,1710,Furnace,5,Yes,NM Cable,1710,0,1710,2,0,2,1,4,6,1,Gd,Attached,Wood Sheathing,3,866,3,Paved,0,0,0,0,No Fence,1,2008,Government-backed programs,Distress Sale,309099.66,Y,Y,2021-01-17,2104416,"Fröhlichgasse 7
89649 Gardelegen",Naila,Saudi-Arabien,jurij10@barth.de,F,Brandenburg,74944,9.0,2021-01-26,1.8,2021-01-26,1.8
153,VacHomeClass-6,VacHomeZone-1,,14803,Cobblestone,Gravel,Reverse Pie,Flat,Trash|Gas|Water|Electricity,Cul-de-sac,No Slope,RNH 17,Proximity to School,Apartment,Bungalow,6,5,1975,1979,Gable,Rolled Roofing,Horizontal Wood,Natural Stone,252.0,3,3,Combined footing,3.0,No Sunlight,Foamax,825,Furnace,4,Yes,NM Cable,1097,896,1993,2,1,4,1,3,8,1,Gd,Attached,Wood Sheathing,2,495,3,Paved,0,0,0,0,Wood Fences,6,2006,Down payment assistance,Regular,157706.0,Y,N,2021-03-28,30092792,"auch Schlauchinallee 0/8
64903 Iserlohn",Eichstätt,Dschibuti,gereon90@kusch.org,Unknown,Sachsen-Anhalt,498,20.0,2021-12-04,1.1,2021-12-04,1.1
154,VacHomeClass-1,VacHomeZone-1,,13500,Cobblestone,Gravel,Pie,Flat,Trash|Gas|Water|Electricity,Interior lot,No Slope,RNH 5,Proximity to School,Apartment,Contemporary,6,7,1961,1980,Dormer,Rolled Roofing,Vertical Wood,Manmade Stone,0.0,3,3,Combined footing,4.0,French Doors,CleanSpace Wall System,1602,Furnace,4,Yes,NM Cable,1252,0,1252,1,0,1,1,3,4,1,Gd,Attached,Wood Sheathing,2,564,3,Paved,409,0,0,0,No Fence,3,2008,Down payment assistance,Regular,195056.0,Y,N,2021-11-22,79638753,"Paffrathweg 873
40594 Gelnhausen",Hohenstein-Ernstthal,Guam,kamilkoehler@putz.de,F,Nordrhein-Westfalen,71163,13.0,2021-03-29,2.0,2021-03-29,2.0
155,VacHomeClass-2,VacHomeZone-2,84.0,11340,Cobblestone,Gravel,Pie,Flat,Trash|Gas|Water|Electricity,Corner lot,No Slope,RNH 18,Proximity to School,Apartment,Contemporary,6,5,1927,1953,Gable,Rolled Roofing,Wood Shingle,Manmade Stone,0.0,3,3,Strip foundation,3.0,No Sunlight,Dry Wall,1200,Furnace,3,Yes,Underground Feeder Cable,1200,0,1200,1,0,4,1,3,7,0,,Detached,Metal Panels,1,312,2,Paved,0,0,0,0,No Fence,3,2006,Down payment assistance,Foreclosure,103756.0,N,N,2021-08-27,16565296,"Marlene-Barkholz-Gasse 386
81174 Mühldorf am Inn",Hechingen,Kambodscha,waldtrautscheibe@stoll.org,F,Thüringen,28307,50.0,2021-04-27,1.7,2021-04-27,1.7
156,VacHomeClass-5,VacHomeZone-1,60.0,9600,Cobblestone,Gravel,Pie,Flat,Trash|Gas|Water|Electricity,Corner lot,No Slope,RNH 8,Proximity to Gym,Apartment,Craftsman,6,5,1925,1959,Gable,Rolled Roofing,Wood Shingle,Manmade Stone,0.0,3,3,Strip foundation,3.0,No Sunlight,Dry Wall,572,Heat Pump,2,No,Armored Cable,572,524,1096,1,0,2,1,3,5,0,,No Garage,Unfinished,0,0,0,Only Gravel,0,0,0,0,No Fence,4,2008,Down payment assistance,Regular,65576.0,N,Y,2021-02-20,53438065,"Arnfried-Köster-Straße 1/5
92403 Grevesmühlen",Bogen,Botsuana,heinz-wilhelmklotz@giess.de,M,Schleswig-Holstein,52481,33.0,2021-05-09,2.2,2021-05-09,2.2
157,VacHomeClass-1,VacHomeZone-1,60.0,7200,Cobblestone,Gravel,Pie,Flat,Trash|Gas|Water|Electricity,Interior lot,No Slope,NAmes,Proximity to School,Apartment,Contemporary,5,7,1955,1960,Sawtooth,Rolled Roofing,Wood Shingle,Manmade Stone,0.0,3,3,Combined footing,,,,0,Furnace,3,Yes,Armored Cable,1040,0,1040,1,0,2,1,3,5,0,,Detached,Metal Panels,2,625,3,Paved,0,0,0,0,No Fence,6,2006,Down payment assistance,Regular,90891.0,Y,N,2021-05-31,27728369,"Abbas-Schaaf-Platz 80
99422 Bad Kissingen",Sangerhausen,Tunesien,ann74@huebel.net,Unknown,Nordrhein-Westfalen,51332,50.0,2021-12-04,4.5,2021-12-04,4.5
158,VacHomeClass-6,VacHomeZone-1,92.0,12003,Cobblestone,Gravel,Pie,Flat,Trash|Gas|Water|Electricity,Corner lot,No Slope,RNH 24,Proximity to School,Apartment,Bungalow,8,5,2010,2020,Gable,Rolled Roofing,Board Batten,Natural Stone,84.0,4,3,Individual footing,5.0,No Sunlight,Dry Wall,774,Furnace,5,Yes,NM Cable,774,1194,1968,2,1,4,1,5,8,1,Gd,Breezeway,DryWall,3,680,3,Paved,0,0,0,0,No Fence,5,2010,Government-backed programs,Distress Sale,223691.0,N,N,2021-03-26,16653320,"Stollplatz 6/7
39049 Stadtsteinach",Rockenhausen,Komoren,heydrichmehmet@trub.de,Unknown,Bayern,942,78.0,2021-07-16,4.8,2021-07-16,4.8
159,VacHomeClass-6,VacHomeZone-5,100.0,12552,Cobblestone,Gravel,Pie,Flat,Trash|Gas|Water|Electricity,Corner lot,No Slope,RNH 22,Proximity to School,Apartment,Bungalow,7,5,2007,2011,Gable,Rolled Roofing,Board Batten,Manmade Stone,0.0,4,3,Individual footing,4.0,No Sunlight,ZenWall Panels,991,Furnace,5,Yes,NM Cable,991,956,1947,2,1,3,1,4,8,1,Gd,Attached,Wood Sheathing,2,678,3,Paved,0,0,0,0,Wood Fences,5,2010,Down payment assistance,Regular,211573.0,N,Y,2021-11-16,58339084,"Reisingweg 91
79124 Stade",Zossen,Weihnachtsinsel,gisahertrampf@eckbauer.de,Unknown,Sachsen-Anhalt,15701,86.0,2021-07-15,1.9,2021-07-15,1.9
160,VacHomeClass-6,VacHomeZone-1,134.0,19378,Cobblestone,Gravel,Reverse Pie,High Level,Trash|Gas|Water|Electricity,Corner lot,No Slope,RNH 9,Proximity to School,Apartment,Bungalow,7,5,2006,2008,Gable,Rolled Roofing,Board Batten,Natural Stone,456.0,4,3,Individual footing,4.0,Small Windows,ZenWall Panels,1392,Furnace,5,Yes,NM Cable,1392,1070,2462,2,1,4,1,4,9,1,Gd,Attached,Wood Sheathing,2,576,3,Paved,239,168,0,0,No Fence,3,2006,Government-backed programs,Distress Sale,265606.0,Y,Y,2021-07-31,20323905,"Rico-Mude-Straße 78
43187 Schweinfurt",Helmstedt,Benin,annelieweitzel@googlemail.com,Unknown,Berlin,37820,44.0,2021-02-05,1.6,2021-02-05,1.6
161,VacHomeClass-1,VacHomeZone-1,,11120,Cobblestone,Gravel,Reverse Pie,Flat,Trash|Gas|Water|Electricity,Cul-de-sac,No Slope,RNH 25,Proximity to School,Apartment,Contemporary,6,6,1989,1992,Gable,Rolled Roofing,Brick,Manmade Stone,0.0,3,3,Individual footing,4.0,No Sunlight,CleanSpace Wall System,1232,Furnace,3,Yes,NM Cable,1232,0,1232,2,0,3,1,3,6,0,,Attached,Metal Panels,2,516,3,Paved,0,0,0,0,No Fence,6,2008,Down payment assistance,Regular,134881.0,Y,Y,2021-10-29,64570341,"Rosenowring 1
61795 Mainburg",Witzenhausen,Sambia,roerrichtedward@jaentsch.de,M,Brandenburg,28953,90.0,2021-12-18,2.4,2021-12-18,2.4
162,VacHomeClass-6,VacHomeZone-1,110.0,13688,Cobblestone,Gravel,Reverse Pie,Flat,Trash|Gas|Water|Electricity,Interior lot,No Slope,RNH 16,Proximity to School,Apartment,Bungalow,9,5,2004,2011,Gable,Rolled Roofing,Board Batten,Natural Stone,664.0,4,3,Individual footing,5.0,Large Windows,ZenWall Panels,1572,Furnace,5,Yes,NM Cable,1572,1096,2668,2,1,3,1,5,10,2,Gd,Breezeway,DryWall,3,726,3,Paved,400,0,0,0,No Fence,3,2008,Down payment assistance,Regular,342381.0,Y,Y,2021-06-10,30625129,"Czeslaw-Benthin-Ring 04
93858 Forchheim",Schwabmünchen,Uganda,ewa65@yahoo.de,M,Schleswig-Holstein,21465,30.0,2021-07-27,4.7,2021-07-27,4.7
163,VacHomeClass-1,VacHomeZone-1,95.0,12182,Cobblestone,Gravel,Pie,Flat,Trash|Gas|Water|Electricity,Corner lot,No Slope,RNH 16,Proximity to School,Apartment,Contemporary,7,5,2006,2009,Gable,Rolled Roofing,Board Batten,Natural Stone,226.0,4,3,Individual footing,4.0,Small Windows,CleanSpace Wall System,1541,Furnace,5,Yes,NM Cable,1541,0,1541,2,0,3,1,4,7,1,Gd,Attached,Wood Sheathing,2,532,3,Paved,0,0,0,0,No Fence,5,2010,Government-backed programs,Distress Sale,182606.0,N,Y,2021-07-07,90391101,"Tschentscherstraße 86
99376 Rastatt",Bad Liebenwerda,Guam,gittebinner@hendriks.com,Unknown,Baden-Württemberg,23396,25.0,2021-11-25,4.9,2021-11-25,4.9
164,VacHomeClass-4,VacHomeZone-1,55.0,5500,Cobblestone,Gravel,Pie,Flat,Trash|Gas|Water|Electricity,Interior lot,No Slope,RNH 18,Proximity to School,Apartment,Colonial,4,6,1961,1962,Gable,Rolled Roofing,Log Wood,Manmade Stone,0.0,3,3,Combined footing,3.0,No Sunlight,Dry Wall,882,Furnace,5,Yes,NM Cable,882,0,882,1,0,1,1,3,4,0,,No Garage,Unfinished,0,0,0,Paved,0,0,0,0,Vinyl Fences,4,2007,Down payment assistance,Regular,85662.0,Y,N,2021-03-01,31162791,"Radischstraße 591
61850 Badalzungen",Hamburg,Swasiland,mwerner@web.de,Unknown,Bayern,15542,67.0,2021-08-16,2.0,2021-08-16,2.0
165,VacHomeClass-3,VacHomeZone-2,40.0,5400,Cobblestone,Cobblestone,Pie,Flat,Trash|Gas|Water|Electricity,Corner lot,No Slope,RNH 18,Proximity to School,Apartment,Contemporary,6,7,1928,2010,Gable,Rolled Roofing,Log Wood,Manmade Stone,0.0,3,4,Strip foundation,3.0,Small Windows,Basement to Beautiful Panels,1149,Furnace,4,Yes,Underground Feeder Cable,1149,467,1616,2,0,3,1,4,5,0,,Detached,Metal Panels,1,216,3,Paved,0,0,0,0,No Fence,10,2007,Down payment assistance,Regular,126166.0,Y,Y,2021-12-08,7210341,"Alfons-Nette-Platz 59
18842 Hohenmölsen",Cloppenburg,San Marino,ttrommler@aol.de,F,Sachsen,48469,30.0,2021-09-13,1.2,2021-09-13,1.2
166,VacHomeClass-15,VacHomeZone-1,62.0,10106,Cobblestone,Gravel,Pie,Flat,Trash|Gas|Water|Electricity,Interior lot,No Slope,RNH 8,Proximity to School,Condo,Craftsman,5,7,1943,2004,Gable,Rolled Roofing,Wood Shingle,Manmade Stone,0.0,3,4,Strip foundation,3.0,No Sunlight,BrightWall Paneling,644,Furnace,4,Yes,NM Cable,808,547,1355,2,0,4,2,3,6,0,,No Garage,Unfinished,0,0,0,Paved,140,0,0,0,No Fence,9,2008,Down payment assistance,Regular,105831.0,N,Y,2021-09-01,81101269,"Lübsring 7/9
33035 Havelberg",Bad Brückenau,Ungarn,briankabus@ehlert.com,F,Sachsen-Anhalt,85324,79.0,2021-04-28,3.5,2021-04-28,3.5
167,VacHomeClass-1,VacHomeZone-1,,10708,Cobblestone,Gravel,Reverse Pie,Flat,Trash|Gas|Water|Electricity,Interior lot,No Slope,RNH 5,Proximity to School,Apartment,Contemporary,5,5,1960,1999,Sawtooth,Rolled Roofing,Wood Shingle,Manmade Stone,0.0,4,3,Combined footing,3.0,No Sunlight,Basement to Beautiful Panels,1617,Furnace,5,Yes,Underground Feeder Cable,1867,0,1867,1,0,2,1,3,7,3,Gd,Attached,DryWall,1,303,3,Paved,476,0,0,0,Wood Fences,11,2009,Reverse Mortgage,Regular,157706.0,Y,N,2021-01-12,77349866,"Edit-Wagenknecht-Weg 320
44992 Helmstedt",Eggenfelden,Nauru,ernsthess@gmx.de,Unknown,Brandenburg,72090,59.0,2021-01-26,4.4,2021-01-26,4.4
168,VacHomeClass-6,VacHomeZone-1,86.0,10562,Cobblestone,Gravel,Pie,Flat,Trash|Gas|Water|Electricity,Interior lot,No Slope,RNH 16,Proximity to School,Apartment,Bungalow,8,5,2008,2014,Gable,Rolled Roofing,Board Batten,Manmade Panels,300.0,4,3,Individual footing,5.0,No Sunlight,ZenWall Panels,1582,Furnace,5,Yes,NM Cable,1610,551,2161,1,1,3,1,5,8,1,Gd,Attached,DryWall,3,789,3,Paved,178,0,0,0,No Fence,11,2007,Government-backed programs,Distress Sale,270273.92,N,N,2021-06-22,20120597,"Sergio-Kreusel-Platz 593
81065 Waren",Hofgeismar,Bolivien,jsalz@web.de,M,Sachsen-Anhalt,76446,47.0,2021-11-17,3.6,2021-11-17,3.6
169,VacHomeClass-6,VacHomeZone-1,62.0,8244,Cobblestone,Gravel,Reverse Pie,Flat,Trash|Gas|Water|Electricity,Interior lot,No Slope,RNH 9,Proximity to School,Apartment,Bungalow,7,5,2007,2014,Gable,Rolled Roofing,Board Batten,Manmade Stone,0.0,4,3,Individual footing,4.0,No Sunlight,Dry Wall,840,Furnace,5,Yes,NM Cable,840,880,1720,2,1,3,1,4,7,1,Gd,Attached,DryWall,2,440,3,Paved,100,0,0,0,No Fence,5,2007,Down payment assistance,Regular,152311.0,Y,N,2021-11-21,43098415,"Bolanderring 7/9
94991 Güstrow",Siegen,Gibraltar,ortmannhardy@hotmail.de,F,Sachsen,91464,53.0,2021-05-30,4.0,2021-05-30,4.0
170,VacHomeClass-1,VacHomeZone-1,,16669,Cobblestone,Gravel,Reverse Pie,Flat,Trash|Gas|Water|Electricity,Corner lot,No Slope,RNH 24,Proximity to School,Apartment,Contemporary,8,6,1986,1988,Sawtooth,Asphalt Shingles,Brick,Natural Stone,653.0,4,3,Combined footing,4.0,No Sunlight,Dry Wall,1686,Furnace,3,Yes,NM Cable,1707,0,1707,2,1,2,1,3,6,1,TA,Attached,Wood Sheathing,2,511,3,Paved,574,0,0,0,No Fence,1,2006,Down payment assistance,Regular,189246.0,Y,Y,2021-10-12,47242401,"Häringring 019
16535 Viersen",Kelheim,Indonesien,zschaaf@schmidt.net,F,Bremen,14544,2.0,2021-03-05,2.3,2021-03-05,2.3
171,VacHomeClass-5,VacHomeZone-2,,12358,Cobblestone,Gravel,Reverse Pie,Flat,Trash|Gas|Water|Electricity,Interior lot,No Slope,RNH 18,Proximity to Hospital,Apartment,Craftsman,5,6,1945,1955,Gable,Rolled Roofing,Log Wood,Manmade Stone,0.0,3,3,Combined footing,3.0,No Sunlight,Foamax,720,Furnace,3,Yes,NM Cable,854,0,1382,1,1,2,1,3,7,0,,Detached,Metal Panels,2,660,3,Paved,237,0,0,0,No Fence,5,2007,Down payment assistance,Regular,106661.0,N,Y,2021-05-21,82763541,"Schwitalgasse 2
33511 Neustadtner Waldnaab",Hansestadttralsund,Suriname,fheydrich@scheibe.org,F,Sachsen-Anhalt,98211,35.0,2021-04-22,3.0,2021-04-22,3.0
172,VacHomeClass-1,VacHomeZone-1,141.0,31770,Cobblestone,Gravel,Reverse Pie,Flat,Trash|Gas|Water|Electricity,Corner lot,No Slope,NAmes,Proximity to School,Apartment,Contemporary,6,5,1963,1964,Sawtooth,Rolled Roofing,Vertical Wood,Manmade Panels,112.0,3,3,Combined footing,3.0,French Doors,CleanSpace Wall System,1080,Furnace,2,Yes,NM Cable,1656,0,1656,1,0,3,1,3,7,2,Gd,Attached,DryWall,2,528,3,Partially Gravel,210,0,0,0,No Fence,5,2010,Down payment assistance,Regular,178456.0,Y,N,2021-03-09,20771676,"Klaus-D.-Ziegert-Straße 5/7
18327 Rosenheim",Wolmirstedt,Anguilla,hans-joerg09@gmx.de,M,Niedersachsen,5749,99.0,2021-01-14,4.6,2021-01-14,4.6
173,VacHomeClass-13,VacHomeZone-1,44.0,5306,Cobblestone,Gravel,Reverse Pie,Flat,Trash|Gas|Water|Electricity,Interior lot,No Slope,RNH 23,Proximity to School,SingleFamilyHome,Bungalow,7,7,1990,1992,Gable,Rolled Roofing,Horizontal Wood,Manmade Stone,0.0,4,4,Individual footing,4.0,No Sunlight,ZenWall Panels,1064,Furnace,4,Yes,NM Cable,1064,703,1767,2,0,2,1,4,5,1,TA,Attached,Wood Sheathing,2,504,4,Paved,441,0,0,0,No Fence,6,2006,Down payment assistance,Regular,198376.0,Y,N,2021-01-14,68525231,"Karl-August-Eckbauer-Weg 7/1
68477 Heinsberg",Borken,Bolivien,ringhans-josef@gmail.com,F,Brandenburg,36719,62.0,2021-02-24,4.9,2021-02-24,4.9
174,VacHomeClass-1,VacHomeZone-1,80.0,10197,Cobblestone,Gravel,Reverse Pie,Flat,Trash|Gas|Water|Electricity,Interior lot,No Slope,NAmes,Proximity to School,Apartment,Contemporary,6,5,1964,1968,Gable,Rolled Roofing,Vinyl,Concrete Panels,491.0,3,3,Combined footing,3.0,No Sunlight,BrightWall Paneling,1362,Furnace,3,Yes,NM Cable,1362,0,1362,1,1,3,1,3,6,1,TA,Attached,Metal Panels,2,504,3,Paved,0,0,0,0,No Fence,6,2008,Reverse Mortgage,Regular,135296.0,N,Y,2021-03-07,34703014,"Ulrich-Dietz-Allee 50
44429 Kötzting",Vohenstrauß,Grönland,klemens17@web.de,F,Baden-Württemberg,91458,3.0,2021-10-06,1.2,2021-10-06,1.2
175,VacHomeClass-1,VacHomeZone-1,47.0,12416,Cobblestone,Gravel,Reverse Pie,Flat,Trash|Gas|Water|Electricity,Interior lot,No Slope,RNH 24,Proximity to School,Apartment,Contemporary,6,5,1990,1990,Gable,Rolled Roofing,Board Batten,Manmade Panels,132.0,3,3,Combined footing,4.0,No Sunlight,BrightWall Paneling,1606,Furnace,3,Yes,NM Cable,1651,0,1651,2,0,3,1,3,7,1,TA,Attached,DryWall,2,616,3,Paved,192,0,0,0,No Fence,11,2008,Down payment assistance,Regular,152726.0,N,Y,2021-06-14,3195802,"Eduard-Dippel-Ring 4/2
45466 Rockenhausen",Marienberg,Schweiz,jan-peterziegert@hofmann.com,Unknown,Mecklenburg-Vorpommern,74219,35.0,2021-11-11,3.6,2021-11-11,3.6
176,VacHomeClass-1,VacHomeZone-1,84.0,12615,Cobblestone,Gravel,Pie,Flat,Trash|Gas|Water|Electricity,Corner lot,No Slope,RNH 8,Proximity to School,Apartment,Contemporary,6,7,1953,2008,Gable,Rolled Roofing,Vinyl,Manmade Stone,0.0,3,3,Combined footing,3.0,Large Windows,BrightWall Paneling,1202,Furnace,3,Yes,NM Cable,2158,0,2158,2,0,4,1,4,7,1,Gd,Attached,Metal Panels,2,576,3,Paved,0,0,0,0,Vinyl Fences,6,2007,Down payment assistance,Regular,201696.0,N,N,2021-06-16,97269885,"Strohweg 39
20003 Weißwasser",Niesky,Honduras,mkrause@reichmann.de,M,Berlin,85623,88.0,2021-01-14,4.6,2021-01-14,4.6
177,VacHomeClass-6,VacHomeZone-1,97.0,10029,Cobblestone,Gravel,Reverse Pie,Flat,Trash|Gas|Water|Electricity,Corner lot,No Slope,RNH 5,Proximity to School,Apartment,Bungalow,6,5,1991,1993,Gable,Rolled Roofing,Brick,Natural Stone,268.0,4,3,Individual footing,4.0,No Sunlight,ZenWall Panels,1151,Furnace,3,Yes,NM Cable,1164,896,2060,2,1,4,1,3,8,1,TA,Attached,Metal Panels,2,521,3,Paved,0,0,0,0,No Fence,9,2007,Down payment assistance,Regular,175136.0,N,Y,2021-03-08,1424317,"Elfi-Lehmann-Ring 6/4
66968 Weißenfels",Borna,Sambia,klaudia98@aol.de,Unknown,Baden-Württemberg,80555,13.0,2021-06-28,1.1,2021-06-28,1.1
178,VacHomeClass-5,VacHomeZone-1,,13650,Cobblestone,Gravel,Pie,Flat,Trash|Gas|Water|Electricity,Interior lot,No Slope,RNH 20,Proximity to School,Apartment,Craftsman,5,5,1960,1963,Gable,Rolled Roofing,Log Wood,Manmade Stone,0.0,4,4,Combined footing,3.0,No Sunlight,BrightWall Paneling,1052,Furnace,5,Yes,NM Cable,1252,668,1920,2,0,4,1,4,8,1,Gd,Attached,Metal Panels,2,451,3,Paved,0,0,0,0,No Fence,7,2006,Down payment assistance,Regular,143181.0,Y,N,2021-01-14,78063679,"Casparstr. 023
62995 Forchheim",Nabburg,Tuvalu,fredodowerg@gmx.de,Unknown,Berlin,87279,76.0,2021-07-02,2.0,2021-07-02,2.0
179,VacHomeClass-1,VacHomeZone-1,63.0,17423,Cobblestone,Gravel,Reverse Pie,Flat,Trash|Gas|Water|Electricity,Cul-de-sac,No Slope,RNH 23,Proximity to School,Apartment,Contemporary,9,5,2013,2016,Sawtooth,Rolled Roofing,Board Batten,Manmade Panels,748.0,5,3,Individual footing,5.0,No Sunlight,ZenWall Panels,2216,Furnace,5,Yes,NM Cable,2234,0,2234,2,0,1,1,5,9,1,Gd,Attached,DryWall,3,1166,3,Paved,0,0,0,0,No Fence,7,2009,Government-backed programs,Distress Sale,416530.71,N,N,2021-11-01,65333624,"Almuth-Hentschel-Weg 0
18132 Kemnath",Bernburg,Zentralafrikanische Republik,gilbert44@web.de,Unknown,Sachsen-Anhalt,23796,52.0,2021-01-13,2.5,2021-01-13,2.5
180,VacHomeClass-2,VacHomeZone-2,60.0,8520,Cobblestone,Gravel,Pie,Flat,Trash|Gas|Water|Electricity,Interior lot,No Slope,RNH 18,Proximity to School,Apartment,Contemporary,5,6,1926,2011,Gable,Rolled Roofing,Wood Shingle,Manmade Stone,0.0,4,3,Combined footing,3.0,No Sunlight,Dry Wall,968,Furnace,3,Yes,NM Cable,968,0,968,1,0,2,1,3,5,0,,Detached,Metal Panels,2,480,2,Only Gravel,0,0,0,0,No Fence,7,2007,Down payment assistance,Regular,83006.0,Y,N,2021-10-19,37068813,"Marc-Stahr-Ring 437
02835 Lüdinghausen",Passau,St. Barthélemy,deigenwillig@stiffel.de,M,Bremen,78920,34.0,2021-02-10,3.3,2021-02-10,3.3
181,VacHomeClass-13,VacHomeZone-5,,2117,Cobblestone,Gravel,Pie,Flat,Trash|Gas|Water|Electricity,Interior lot,No Slope,RNH 22,Proximity to School,MultiFamilyHome,Bungalow,6,5,2005,2002,Gable,Rolled Roofing,Log Wood,Natural Stone,456.0,4,3,Individual footing,4.0,No Sunlight,ZenWall Panels,756,Furnace,5,Yes,NM Cable,769,756,1525,2,1,3,1,4,5,1,TA,Detached,Metal Panels,2,440,3,Paved,0,0,0,0,No Fence,6,2007,Down payment assistance,Regular,146916.0,Y,N,2021-01-20,3349823,"Zdravko-Etzler-Allee 95
50139 Borken",Gräfenhainichen,Botsuana,remoboucsein@neuschaefer.net,M,Hessen,35786,12.0,2021-05-29,4.1,2021-05-29,4.1
182,VacHomeClass-7,VacHomeZone-1,54.0,7588,Cobblestone,Gravel,Pie,Flat,Trash|Gas|Water|Electricity,Interior lot,No Slope,RNH 7,Proximity to School,Apartment,Bungalow,7,6,1921,1955,Gable,Rolled Roofing,Fiber cement,Manmade Stone,0.0,3,3,Strip foundation,2.0,No Sunlight,Basement to Beautiful Panels,793,Furnace,4,Yes,NM Cable,901,901,1802,1,1,4,1,3,9,1,Gd,Detached,Metal Panels,1,216,2,Paved,0,0,0,0,No Fence,7,2006,Down payment assistance,Regular,166089.0,Y,Y,2021-10-21,23289925,"Andy-Bolander-Gasse 791
36540 Parchim",Sondershausen,Republik Korea,adolf79@gmx.de,F,Brandenburg,40400,36.0,2021-12-09,1.9,2021-12-09,1.9
183,VacHomeClass-1,VacHomeZone-1,60.0,9060,Cobblestone,Gravel,Pie,Flat,Trash|Gas|Water|Electricity,Interior lot,No Slope,RNH 8,Proximity to Gym,Apartment,Contemporary,5,6,1961,2016,Sawtooth,Rolled Roofing,Wood Shingle,Natural Stone,98.0,3,3,Individual footing,,,,0,Furnace,5,Yes,NM Cable,1340,0,1340,1,0,3,1,3,7,1,Gd,Attached,Wood Sheathing,1,252,3,Paved,116,180,0,0,Vinyl Fences,6,2007,Down payment assistance,Regular,99606.0,Y,N,2021-11-19,38473005,"Jurij-Gotthard-Allee 321
77502 Iserlohn",Bad Liebenwerda,Gibraltar,uhiller@karge.de,M,Baden-Württemberg,90745,36.0,2021-09-30,4.9,2021-09-30,4.9
184,VacHomeClass-5,VacHomeZone-2,63.0,11426,Cobblestone,Gravel,Pie,Flat,Trash|Gas|Water|Electricity,Interior lot,No Slope,RNH 18,Proximity to School,Apartment,Craftsman,7,5,2007,2011,Gable,Rolled Roofing,Board Batten,Manmade Stone,0.0,3,3,Individual footing,4.0,No Sunlight,Dry Wall,1362,Furnace,5,Yes,NM Cable,1362,720,2082,2,1,3,1,4,6,0,,Detached,Metal Panels,2,484,3,Only Gravel,280,0,0,0,No Fence,6,2008,Down payment assistance,Regular,166006.0,N,Y,2021-12-06,94536584,"Krauseplatz 284
64940 Bützow",Sömmerda,Tadschikistan,magnustrueb@weitzel.net,M,Rheinland-Pfalz,93834,49.0,2021-09-03,3.1,2021-09-03,3.1
185,VacHomeClass-5,VacHomeZone-1,92.0,7438,Cobblestone,Gravel,Reverse Pie,Flat,Trash|Gas|Water|Electricity,Interior lot,No Slope,RNH 4,Proximity to Restaurants,Apartment,Craftsman,5,8,1909,1998,Gable,Rolled Roofing,Concrete,Manmade Stone,0.0,3,3,Individual footing,2.0,No Sunlight,Dry Wall,504,Furnace,4,Yes,NM Cable,936,316,1252,1,0,3,1,3,5,0,,Attached,Metal Panels,2,576,3,Paved,104,0,0,0,Vinyl Fences,6,2006,Down payment assistance,Regular,105416.0,Y,N,2021-05-09,34009581,"Heintzeweg 415
28781 Freital",Cloppenburg,Irland,schinkeingmar@googlemail.com,Unknown,Niedersachsen,58025,73.0,2021-09-23,3.2,2021-09-23,3.2
186,VacHomeClass-8,VacHomeZone-2,90.0,22950,Cobblestone,Gravel,Rectangular,Flat,Trash|Gas|Water|Electricity,Interior lot,No Slope,RNH 18,Proximity to Gym,Apartment,Ranch,10,9,1897,2000,Gable,Built-Up Roofing,Wood Shingle,Manmade Stone,0.0,4,4,Strip foundation,3.0,Small Windows,Dry Wall,1107,Furnace,5,Yes,NM Cable,1518,1518,3608,2,1,4,1,5,12,2,TA,Detached,Metal Panels,3,840,5,Paved,0,0,0,0,Composite Fences,6,2006,Down payment assistance,Regular,394256.0,Y,Y,2021-12-03,83438349,"Ute-Sager-Straße 77
26033 Worbis",Bremervörde,Bahrain,lieselgroettner@renner.com,F,Nordrhein-Westfalen,26113,11.0,2021-12-21,4.4,2021-12-21,4.4
187,VacHomeClass-9,VacHomeZone-1,,9947,Cobblestone,Gravel,Reverse Pie,Flat,Trash|Gas|Water|Electricity,Cul-de-sac,No Slope,RNH 12,Proximity to School,Apartment,Spanish,7,5,1992,1999,Gable,Rolled Roofing,Horizontal Wood,Manmade Stone,0.0,3,3,Individual footing,4.0,Large Windows,ZenWall Panels,1188,Furnace,5,Yes,NM Cable,1217,0,1217,2,0,3,1,4,6,0,,Attached,Metal Panels,2,497,3,Paved,168,0,0,0,Composite Fences,6,2009,Down payment assistance,Regular,143596.0,N,N,2021-12-17,42074014,"Daniela-Kensy-Gasse 2
08798 Schmölln",Lippstadt,Norwegen,eklotz@schenk.de,Unknown,Bremen,88271,77.0,2021-12-23,1.8,2021-12-23,1.8
188,VacHomeClass-5,VacHomeZone-1,60.0,10410,Cobblestone,Gravel,Pie,Flat,Trash|Gas|Water|Electricity,Interior lot,No Slope,RNH 18,Proximity to School,Apartment,Craftsman,5,7,1920,1993,Gable,Rolled Roofing,Horizontal Wood,Manmade Stone,0.0,3,3,Combined footing,2.0,No Sunlight,Dry Wall,660,Furnace,5,Yes,NM Cable,808,704,1656,2,1,3,1,3,8,0,,Detached,Metal Panels,1,180,2,Only Gravel,0,140,0,0,Vinyl Fences,8,2009,Down payment assistance,Regular,112056.0,N,N,2021-11-05,44529017,"Ruppersbergerweg 1/3
56458 Dieburg",Dresden,Simbabwe,melaniekrein@hotmail.de,M,Brandenburg,14561,25.0,2021-12-01,2.0,2021-12-01,2.0
189,VacHomeClass-11,VacHomeZone-1,64.0,7018,Cobblestone,Gravel,Pie,Slope,Trash|Gas|Water|Electricity,Interior lot,No Slope,RNH 21,Proximity to Hospital,Townhome,Georgian,5,5,1981,1984,Gable,Rolled Roofing,Brick,Manmade Panels,275.0,3,3,Combined footing,4.0,Large Windows,ZenWall Panels,1086,Furnace,3,Yes,NM Cable,1224,0,1224,0,2,2,2,3,6,2,TA,Detached,Metal Panels,2,528,3,Paved,120,0,0,0,No Fence,6,2009,Down payment assistance,Foreclosure,127275.71,Y,Y,2021-02-05,22429278,"Zobelstraße 63
27277 Sömmerda",Freising,Australien,scheelsylvia@gmx.de,M,Hamburg,67698,13.0,2021-10-31,4.7,2021-10-31,4.7
190,VacHomeClass-12,VacHomeZone-1,41.0,4923,Cobblestone,Gravel,Pie,Flat,Trash|Gas|Water|Electricity,Interior lot,No Slope,RNH 23,Proximity to School,SingleFamilyHome,Contemporary,8,5,2003,2008,Gable,Rolled Roofing,Metal,Manmade Stone,0.0,4,3,Individual footing,5.0,Large Windows,ZenWall Panels,1593,Furnace,5,Yes,NM Cable,1593,0,1593,1,1,0,1,5,5,1,Gd,Attached,DryWall,2,682,3,Paved,0,0,0,0,No Fence,8,2008,Down payment assistance,Regular,237386.0,Y,Y,2021-11-16,29873388,"Etzlerstr. 8/1
64579 Kulmbach",Büsingen am Hochrhein,Martinique,lilianarust@hotmail.de,F,Bremen,72321,53.0,2021-05-25,2.7,2021-05-25,2.7
191,VacHomeClass-7,VacHomeZone-1,70.0,10570,Cobblestone,Gravel,Pie,Slope,Trash|Gas|Water|Electricity,Interior lot,Little Slope,RNH 7,Proximity to School,Apartment,Bungalow,8,8,1935,2000,Sawtooth,Rolled Roofing,Vertical Wood,Manmade Stone,0.0,4,3,Combined footing,4.0,No Sunlight,Foamax,853,Furnace,3,Yes,NM Cable,1549,1178,2727,2,1,3,1,4,10,2,TA,Detached,Metal Panels,2,440,3,Paved,0,0,0,0,No Fence,12,2007,Down payment assistance,Regular,261456.0,Y,N,2021-09-04,82863388,"Hornichstr. 074
04708 Wolgast",Roding,Puerto Rico,heidrichhans-heinrich@hoefig.de,F,Rheinland-Pfalz,68490,12.0,2021-05-19,1.0,2021-05-19,1.0
192,VacHomeClass-6,VacHomeZone-1,,7472,Cobblestone,Gravel,Reverse Pie,Flat,Trash|Gas|Water|Electricity,Cul-de-sac,No Slope,NAmes,Proximity to School,Apartment,Bungalow,7,9,1975,2014,Gable,Rolled Roofing,Horizontal Wood,Natural Stone,138.0,3,3,Combined footing,3.0,No Sunlight,BrightWall Paneling,725,Furnace,4,Yes,NM Cable,725,754,1479,1,1,4,1,4,7,0,,Attached,DryWall,2,484,3,Paved,0,0,0,0,No Fence,6,2007,Down payment assistance,Regular,152726.0,Y,N,2021-10-24,71463087,"Leszek-Kusch-Straße 259
42667 Hettstedt",Gotha,Usbekistan,michelle86@gmail.com,M,Saarland,92966,99.0,2021-12-17,1.7,2021-12-17,1.7
193,VacHomeClass-1,VacHomeZone-1,68.0,9017,Cobblestone,Gravel,Reverse Pie,Flat,Trash|Gas|Water|Electricity,Interior lot,No Slope,RNH 6,Proximity to School,Apartment,Contemporary,7,5,2004,2004,Gable,Rolled Roofing,Board Batten,Manmade Stone,0.0,4,3,Individual footing,4.0,Large Windows,ZenWall Panels,1431,Furnace,5,Yes,NM Cable,1431,0,1431,2,0,3,1,4,6,0,,Attached,DryWall,2,666,3,Paved,0,0,0,0,No Fence,9,2009,Down payment assistance,Regular,159366.0,N,N,2021-03-27,71807416,"Mareen-Hornich-Weg 093
55189 Aschaffenburg",Beeskow,Äthiopien,mangoldbelinda@losekann.de,M,Berlin,19425,46.0,2021-04-10,1.8,2021-04-10,1.8
194,VacHomeClass-13,VacHomeZone-2,24.0,2522,Cobblestone,Gravel,Pie,Flat,Trash|Gas|Water|Electricity,Interior lot,No Slope,RNH 8,Proximity to School,MultiFamilyHome,Bungalow,7,5,2009,2008,Gable,Rolled Roofing,Board Batten,Manmade Panels,50.0,4,3,Individual footing,4.0,No Sunlight,Dry Wall,970,Furnace,5,Yes,NM Cable,970,739,1709,2,0,3,1,4,7,0,,Detached,Metal Panels,2,380,3,Paved,0,0,0,0,No Fence,5,2006,Down payment assistance,Regular,107906.0,N,Y,2021-07-10,39813640,"Ditschlerinstr. 266
00925 Miesbach",Schwabmünchen,Puerto Rico,bzobel@koch.de,M,Thüringen,41527,22.0,2021-09-16,2.3,2021-09-16,2.3
195,VacHomeClass-1,VacHomeZone-1,60.0,7180,Cobblestone,Gravel,Reverse Pie,Flat,Trash|Gas|Water|Electricity,Interior lot,No Slope,RNH 6,Proximity to School,Apartment,Contemporary,5,7,1973,1976,Sawtooth,Rolled Roofing,Horizontal Wood,Manmade Stone,0.0,3,3,Combined footing,3.0,Large Windows,BrightWall Paneling,864,Furnace,3,Yes,NM Cable,864,0,864,1,0,3,1,3,5,0,,Detached,Metal Panels,1,352,3,Paved,0,0,0,0,No Fence,5,2008,Down payment assistance,Regular,105416.0,Y,N,2021-06-12,12245208,"Clara-Lange-Ring 84
95699 Warendorf",Klötze,Anguilla,twernecke@naser.net,M,Hessen,75838,73.0,2021-02-06,4.8,2021-02-06,4.8
196,VacHomeClass-13,VacHomeZone-1,24.0,2280,Cobblestone,Gravel,Pie,Flat,Trash|Gas|Water|Electricity,T-intersection,No Slope,RNH 15,Proximity to School,MultiFamilyHome,Bungalow,6,6,1977,1986,Gable,Rolled Roofing,Brick,Manmade Stone,0.0,3,3,Combined footing,4.0,No Sunlight,BrightWall Paneling,855,Furnace,3,Yes,NM Cable,855,601,1456,2,1,3,1,3,7,1,TA,Attached,Metal Panels,2,440,3,Paved,87,0,0,0,No Fence,7,2009,Down payment assistance,Regular,123261.0,N,N,2021-03-06,34172414,"Jiri-Möchlichen-Ring 6
81674 Arnstadt",Halberstadt,Venezuela,christl72@hotmail.de,M,Schleswig-Holstein,65592,22.0,2021-04-29,1.2,2021-04-29,1.2
197,VacHomeClass-1,VacHomeZone-1,79.0,9416,Cobblestone,Gravel,Pie,Flat,Trash|Gas|Water|Electricity,Interior lot,No Slope,RNH 22,Proximity to School,Apartment,Contemporary,7,5,2010,2010,Sawtooth,Rolled Roofing,Metal,Manmade Panels,205.0,5,3,Individual footing,5.0,No Sunlight,ZenWall Panels,1726,Furnace,5,Yes,NM Cable,1726,0,1726,2,0,3,1,5,8,1,Gd,Attached,DryWall,3,786,3,Paved,171,0,0,0,No Fence,9,2007,Government-backed programs,Distress Sale,258859.76,N,N,2021-07-19,26044101,"Waldtraut-Stiffel-Allee 3/4
95055 Soltau",Bremen,Antarktis,luzie83@graf.de,F,Sachsen,94328,58.0,2021-06-15,4.1,2021-06-15,4.1
198,VacHomeClass-8,VacHomeZone-1,174.0,25419,Cobblestone,Gravel,Pie,Flat,Trash|Gas|Water|Electricity,Corner lot,No Slope,NAmes,Proximity to Gym,Apartment,Bungalow,8,4,1923,2000,Gable,Rolled Roofing,Fiber cement,Manmade Stone,0.0,4,4,Individual footing,3.0,No Sunlight,ZenWall Panels,1360,Furnace,4,Yes,NM Cable,1360,1360,3112,2,0,4,1,4,8,1,Ex,Detached,Metal Panels,2,795,3,Paved,0,0,512,5,Composite Fences,3,2006,Down payment assistance,Shortsale,195056.0,Y,Y,2021-04-18,48671903,"Wilmsgasse 390
13866 Bützow",Soltau,Indonesien,grosenow@pergande.de,M,Mecklenburg-Vorpommern,22837,84.0,2021-12-30,1.6,2021-12-30,1.6
199,VacHomeClass-8,VacHomeZone-2,92.0,5520,Cobblestone,Gravel,Pie,Flat,Trash|Gas|Water|Electricity,Corner lot,No Slope,RNH 18,Proximity to School,Apartment,Ranch,6,6,1915,1954,Gable,Rolled Roofing,Wood Shingle,Manmade Stone,0.0,3,3,Combined footing,3.0,No Sunlight,Dry Wall,755,Furnace,5,Yes,NM Cable,929,929,2229,1,0,5,1,3,8,0,,No Garage,Unfinished,0,0,0,Paved,0,0,0,0,Vinyl Fences,7,2009,Down payment assistance,Shortsale,86326.0,N,Y,2021-12-06,2718521,"Roggeweg 052
35805 Riesa",Herford,Turks- und Caicosinseln,wkarz@web.de,Unknown,Berlin,1576,53.0,2021-01-25,1.6,2021-01-25,1.6
200,VacHomeClass-1,VacHomeZone-1,76.0,9591,Cobblestone,Gravel,Pie,Flat,Trash|Gas|Water|Electricity,Interior lot,No Slope,RNH 16,Proximity to School,Apartment,Contemporary,8,5,2005,2011,Sawtooth,Rolled Roofing,Board Batten,Natural Stone,262.0,4,3,Individual footing,5.0,Large Windows,ZenWall Panels,1713,Furnace,5,Yes,NM Cable,1713,0,1713,2,0,3,1,5,7,1,Gd,Attached,DryWall,3,856,3,Paved,0,0,0,0,No Fence,1,2009,Down payment assistance,Regular,228173.0,N,N,2021-01-13,72362037,"Olaf-Mosemann-Straße 59
93813 Schleiz",Lübeck,Gabun,foersterhenni@weinhold.com,Unknown,Schleswig-Holstein,99107,22.0,2021-10-28,2.0,2021-10-28,2.0
201,VacHomeClass-1,VacHomeZone-2,80.0,8546,Cobblestone,Gravel,Pie,Flat,Trash|Gas|Water|Electricity,Corner lot,No Slope,RNH 8,Proximity to School,Apartment,Contemporary,4,5,2006,2011,Gable,Rolled Roofing,Board Batten,Manmade Stone,0.0,3,3,Individual footing,4.0,No Sunlight,Dry Wall,1121,Furnace,5,Yes,NM Cable,1121,0,1121,2,0,2,1,3,5,0,,Attached,Wood Sheathing,2,440,3,Paved,132,0,0,0,No Fence,3,2010,Down payment assistance,Regular,116206.0,Y,Y,2021-03-23,84816153,"Hans-Uwe-Kusch-Allee 9/0
86407 Neuruppin",Bersenbrück,Luxemburg,ljockel@googlemail.com,M,Hessen,56162,82.0,2021-11-04,4.6,2021-11-04,4.6
202,VacHomeClass-1,VacHomeZone-1,75.0,10125,Cobblestone,Gravel,Pie,Flat,Trash|Gas|Water|Electricity,Interior lot,No Slope,RNH 12,Proximity to School,Apartment,Contemporary,6,6,1980,1984,Gable,Rolled Roofing,Brick,Manmade Stone,0.0,3,3,Combined footing,3.0,No Sunlight,BrightWall Paneling,1196,Furnace,3,Yes,NM Cable,1279,0,1279,2,0,3,1,3,6,2,Fa,Detached,Metal Panels,2,473,3,Paved,238,0,0,0,Vinyl Fences,2,2008,Down payment assistance,Regular,142351.0,Y,N,2021-10-29,87009132,"Rudolphstraße 5/7
05334 Mainburg",Göppingen,Britische Jungferninseln,nbluemel@web.de,F,Nordrhein-Westfalen,32973,74.0,2021-09-24,4.0,2021-09-24,4.0
203,VacHomeClass-5,VacHomeZone-1,50.0,7000,Cobblestone,Gravel,Pie,Flat,Trash|Gas|Water|Electricity,Corner lot,No Slope,RNH 18,Proximity to Gym,Apartment,Craftsman,6,6,1925,1953,Gable,Rolled Roofing,Log Wood,Manmade Stone,0.0,3,4,Strip foundation,2.0,No Sunlight,Basement to Beautiful Panels,617,Furnace,4,Yes,NM Cable,865,445,1310,2,0,2,1,3,6,0,,Attached,Metal Panels,1,398,3,Paved,0,0,0,0,No Fence,5,2006,Reverse Mortgage,Regular,92966.0,Y,Y,2021-07-29,8917485,"Rudolphweg 2
49974 Donaueschingen",Gardelegen,Eritrea,josehartmann@yahoo.de,Unknown,Sachsen-Anhalt,8249,28.0,2021-07-12,3.4,2021-07-12,3.4
204,VacHomeClass-12,VacHomeZone-2,,4438,Cobblestone,Gravel,Pie,Flat,Trash|Gas|Water|Electricity,Interior lot,No Slope,RNH 6,Proximity to School,SingleFamilyHome,Contemporary,6,5,2008,2009,Gable,Rolled Roofing,Board Batten,Natural Stone,205.0,4,3,Individual footing,4.0,Large Windows,ZenWall Panels,848,Furnace,5,Yes,NM Cable,848,0,848,1,0,1,1,4,3,1,Gd,Attached,Wood Sheathing,2,420,3,Paved,149,0,0,0,No Fence,1,2008,Down payment assistance,Regular,123676.0,N,Y,2021-05-19,44794347,"Rohtring 4/4
59400 Waren",Kleve,Ukraine,pscheel@wieloch.net,M,Saarland,75822,8.0,2021-01-31,3.1,2021-01-31,3.1
205,VacHomeClass-5,VacHomeZone-2,50.0,3500,Cobblestone,Concrete,Pie,Flat,Trash|Gas|Water|Electricity,Interior lot,No Slope,RNH 18,Proximity to School,Apartment,Craftsman,5,7,1949,1956,Gable,Rolled Roofing,Concrete,Manmade Stone,0.0,3,3,Combined footing,3.0,No Sunlight,Basement to Beautiful Panels,720,Furnace,3,Yes,NM Cable,720,564,1284,1,1,2,1,3,5,0,,Detached,Metal Panels,1,240,3,Paved,0,0,0,0,Metal Fences,4,2009,Down payment assistance,Regular,91306.0,N,Y,2021-11-08,23710184,"Zorbachweg 71
43660 Beilngries",Bernburg,Tansania,cpechel@gmail.com,F,Schleswig-Holstein,50278,4.0,2021-02-17,3.0,2021-02-17,3.0
206,VacHomeClass-1,VacHomeZone-1,99.0,11851,Cobblestone,Gravel,Pie,Flat,Trash|Gas|Water|Electricity,Corner lot,No Slope,RNH 9,Proximity to School,Apartment,Contemporary,7,5,1993,1998,Gable,Rolled Roofing,Horizontal Wood,Manmade Stone,0.0,3,3,Individual footing,4.0,No Sunlight,Dry Wall,1424,Furnace,5,Yes,NM Cable,1442,0,1442,2,0,3,1,3,5,0,,Attached,Wood Sheathing,2,500,3,Paved,0,508,0,0,No Fence,5,2009,Down payment assistance,Regular,149821.0,Y,N,2021-12-13,3702024,"Bienplatz 8/1
44037 Wunsiedel",Illertissen,Aserbaidschan,biancaboucsein@niemeier.net,M,Bayern,58600,58.0,2021-05-15,3.2,2021-05-15,3.2
207,VacHomeClass-1,VacHomeZone-1,40.0,13673,Cobblestone,Gravel,Reverse Pie,Flat,Trash|Gas|Water|Electricity,Cul-de-sac,No Slope,RNH 20,Proximity to Dance Club,Apartment,Contemporary,5,5,1963,1971,Gable,Rolled Roofing,Horizontal Wood,Manmade Stone,0.0,3,4,Combined footing,3.0,No Sunlight,Dry Wall,1140,Furnace,3,Yes,NM Cable,1696,0,1696,1,1,3,1,3,8,1,TA,Attached,Wood Sheathing,1,349,3,Paved,0,0,0,0,No Fence,3,2007,Down payment assistance,Regular,119443.0,Y,Y,2021-12-13,77049438,"Stollstr. 9/7
31467 Starnberg",Gütersloh,Turkmenistan,kuhlmariusz@ortmann.de,Unknown,Nordrhein-Westfalen,3337,23.0,2021-01-04,2.5,2021-01-04,2.5
208,VacHomeClass-1,VacHomeZone-1,,12493,Cobblestone,Gravel,Reverse Pie,Flat,Trash|Gas|Water|Electricity,Interior lot,No Slope,NAmes,Proximity to School,Apartment,Contemporary,4,5,1961,1968,Gable,Rolled Roofing,Wood Shingle,Manmade Stone,0.0,3,3,Individual footing,3.0,No Sunlight,BrightWall Paneling,1100,Furnace,3,Yes,NM Cable,1100,0,1100,1,0,3,1,3,6,1,Po,Attached,Wood Sheathing,1,312,3,Paved,355,0,0,0,Wood Fences,4,2008,Down payment assistance,Regular,117036.0,Y,N,2021-04-08,13039929,"Kostolzinstr. 594
67766 Gransee",Dresden,São Tomé und Príncipe,hannah00@hentschel.net,F,Sachsen-Anhalt,52684,45.0,2021-01-28,2.3,2021-01-28,2.3
209,VacHomeClass-6,VacHomeZone-1,,14364,Cobblestone,Gravel,Reverse Pie,Low Level,Trash|Gas|Water|Electricity,Interior lot,Little Slope,RNH 21,Proximity to School,Apartment,Bungalow,7,5,1992,1996,Gable,Rolled Roofing,Brick,Natural Stone,128.0,4,3,Combined footing,4.0,French Doors,ZenWall Panels,1157,Furnace,5,Yes,NM Cable,1180,882,2062,2,1,3,1,3,7,1,Gd,Attached,DryWall,2,454,3,Paved,60,0,0,0,No Fence,4,2007,Down payment assistance,Regular,229916.0,Y,N,2021-06-12,44791001,"Raphaela-Loos-Weg 529
50043 Waldmünchen",Schleiz,Nicaragua,spreiss@googlemail.com,M,Thüringen,33579,97.0,2021-01-02,2.1,2021-01-02,2.1
210,VacHomeClass-1,VacHomeZone-1,75.0,8250,Cobblestone,Gravel,Pie,Flat,Trash|Gas|Water|Electricity,Interior lot,No Slope,NAmes,Proximity to School,Apartment,Contemporary,6,7,1965,1971,Sawtooth,Rolled Roofing,Horizontal Wood,Manmade Panels,260.0,3,3,Combined footing,4.0,No Sunlight,Foamax,1092,Furnace,5,Yes,NM Cable,1092,0,1092,1,0,3,1,3,6,0,,Attached,Wood Sheathing,2,504,3,Paved,0,0,0,0,Vinyl Fences,7,2008,Down payment assistance,Regular,120356.0,N,Y,2021-06-01,32761504,"Phillip-Ruppersberger-Weg 573
85990 Füssen",Ludwigsburg,Simbabwe,hellwigannie@sager.de,F,Thüringen,49104,12.0,2021-10-18,1.4,2021-10-18,1.4
211,VacHomeClass-2,VacHomeZone-1,67.0,5604,Cobblestone,Gravel,Pie,Flat,Trash|Gas|Water|Electricity,Interior lot,No Slope,RNH 8,Proximity to School,Apartment,Contemporary,5,6,1929,1957,Gable,Rolled Roofing,Fiber cement,Manmade Stone,0.0,3,3,Combined footing,3.0,No Sunlight,Foamax,864,Furnace,3,No,Underground Feeder Cable,864,0,864,1,0,2,1,3,5,0,,No Garage,Unfinished,0,0,0,Paved,0,0,0,0,No Fence,4,2008,Down payment assistance,Regular,81346.0,Y,N,2021-12-05,51070311,"Neuschäferstraße 57
83459 Eichstätt",Nördlingen,Grönland,deborahstriebitz@googlemail.com,Unknown,Nordrhein-Westfalen,68514,84.0,2021-05-24,1.9,2021-05-24,1.9
212,VacHomeClass-1,VacHomeZone-1,83.0,10420,Cobblestone,Gravel,Pie,Flat,Trash|Gas|Water|Electricity,Corner lot,No Slope,RNH 8,Proximity to School,Apartment,Contemporary,6,5,2010,2012,Gable,Rolled Roofing,Board Batten,Manmade Stone,0.0,3,3,Individual footing,4.0,Small Windows,ZenWall Panels,1212,Furnace,5,Yes,NM Cable,1212,0,1212,2,0,3,1,4,6,0,,Attached,Wood Sheathing,2,460,3,Paved,100,0,0,0,No Fence,3,2010,Down payment assistance,Regular,154386.0,N,Y,2021-09-19,23770614,"Birnbaumring 963
32718 Wolfach",Nördlingen,Mikronesien,soeren60@rose.de,M,Hamburg,73252,34.0,2021-04-01,2.2,2021-04-01,2.2
213,VacHomeClass-6,VacHomeZone-5,72.0,8640,Cobblestone,Gravel,Pie,Flat,Trash|Gas|Water|Electricity,Interior lot,No Slope,RNH 22,Proximity to School,Apartment,Bungalow,7,5,2014,2019,Gable,Rolled Roofing,Board Batten,Manmade Stone,0.0,3,3,Individual footing,4.0,No Sunlight,ZenWall Panels,900,Furnace,5,Yes,NM Cable,932,920,1852,2,1,3,1,4,7,1,TA,Attached,Wood Sheathing,2,644,3,Paved,168,0,0,0,No Fence,7,2009,Government-backed programs,Distress Sale,209728.74,Y,Y,2021-12-09,54598133,"Eckhart-Dussen van-Straße 40
58390 Bad Kissingen",Böblingen,San Marino,sontagheidemarie@googlemail.com,M,Bremen,75392,25.0,2021-06-26,1.7,2021-06-26,1.7
214,VacHomeClass-1,VacHomeZone-1,43.0,13568,Cobblestone,Gravel,Rectangular,Flat,Trash|Gas|Water|Electricity,Cul-de-sac,No Slope,RNH 6,Proximity to School,Apartment,Contemporary,5,5,1999,2005,Gable,Rolled Roofing,Board Batten,Manmade Stone,0.0,3,3,Individual footing,4.0,No Sunlight,BrightWall Paneling,990,Furnace,5,Yes,NM Cable,990,0,990,1,0,3,1,3,5,0,,Attached,Metal Panels,2,576,3,Paved,224,0,0,0,No Fence,7,2006,Down payment assistance,Regular,129486.0,N,N,2021-06-09,33301136,"Hellmut-Hornich-Allee 4/6
06640 Burglengenfeld",Calw,Guinea,ydehmel@ruppert.de,F,Baden-Württemberg,6898,84.0,2021-05-14,3.2,2021-05-14,3.2
215,VacHomeClass-6,VacHomeZone-1,,10900,Cobblestone,Gravel,Reverse Pie,Flat,Trash|Gas|Water|Electricity,T-intersection,No Slope,RNH 6,Proximity to School,Apartment,Bungalow,6,7,1979,1986,Gable,Rolled Roofing,Horizontal Wood,Natural Stone,153.0,3,3,Combined footing,4.0,No Sunlight,ZenWall Panels,689,Furnace,5,Yes,NM Cable,689,703,1392,1,1,3,1,3,6,0,,Attached,DryWall,1,299,3,Paved,0,0,0,0,Vinyl Fences,3,2010,Down payment assistance,Regular,134258.5,Y,Y,2021-12-18,56552393,"Trommlerring 666
65203 Lippstadt",Darmstadt,St. Helena,lindaumariusz@drub.net,Unknown,Thüringen,88065,32.0,2021-01-11,2.5,2021-01-11,2.5
216,VacHomeClass-1,VacHomeZone-1,72.0,10011,Cobblestone,Gravel,Reverse Pie,Flat,Trash|Gas|Water|Electricity,Interior lot,No Slope,NAmes,Proximity to School,Apartment,Contemporary,5,6,1958,2000,Gable,Rolled Roofing,Horizontal Wood,Natural Stone,64.0,3,3,Combined footing,3.0,No Sunlight,CleanSpace Wall System,1070,Furnace,3,Yes,NM Cable,1236,0,1236,1,0,2,1,4,6,1,Fa,Attached,Metal Panels,1,447,3,Paved,0,0,0,0,Vinyl Fences,5,2006,Down payment assistance,Regular,111599.5,Y,N,2021-02-12,27441817,"Andersallee 94
58596 Eisleben",Borna,Kaimaninseln,carolina01@gmx.de,Unknown,Mecklenburg-Vorpommern,30581,77.0,2021-05-11,4.4,2021-05-11,4.4
217,VacHomeClass-1,VacHomeZone-1,65.0,8450,Cobblestone,Gravel,Pie,Flat,Trash|Gas|Water|Electricity,Interior lot,No Slope,RNH 6,Proximity to School,Apartment,Contemporary,7,5,2005,2006,Gable,Rolled Roofing,Board Batten,Natural Stone,266.0,4,3,Individual footing,4.0,Small Windows,ZenWall Panels,1436,Furnace,5,Yes,NM Cable,1436,0,1436,2,0,3,1,4,8,0,,Attached,Metal Panels,2,484,3,Paved,139,0,0,0,No Fence,4,2008,Down payment assistance,Regular,174306.0,N,N,2021-08-17,24344234,"Dietlind-Blümel-Platz 1
29252 Passau",Stade,Gambia,jens-peter09@yahoo.de,M,Niedersachsen,43536,42.0,2021-04-26,3.2,2021-04-26,3.2
218,VacHomeClass-7,VacHomeZone-2,57.0,9906,Cobblestone,Concrete,Pie,Flat,Trash|Gas|Water|Electricity,Interior lot,No Slope,RNH 18,Proximity to School,Apartment,Bungalow,4,4,1926,1955,Gable,Rolled Roofing,Log Wood,Manmade Stone,0.0,3,3,Combined footing,3.0,No Sunlight,Dry Wall,686,Furnace,2,No,NM Cable,810,518,1328,1,0,3,1,3,8,0,,Detached,Metal Panels,1,210,3,Paved,0,0,0,0,No Fence,9,2006,Down payment assistance,Foreclosure,88816.0,N,Y,2021-08-06,61614741,"Kallertallee 342
40014 Staßfurt",Magdeburg,Brunei Darussalam,matthaeihenri@yahoo.de,F,Sachsen-Anhalt,96754,22.0,2021-08-19,1.1,2021-08-19,1.1
219,VacHomeClass-5,VacHomeZone-1,,15660,Cobblestone,Gravel,Reverse Pie,Flat,Trash|Gas|Water|Electricity,Corner lot,No Slope,RNH 7,Proximity to School,Apartment,Craftsman,7,9,1943,2010,Gable,Rolled Roofing,Board Batten,Natural Stone,312.0,4,4,Combined footing,3.0,No Sunlight,CleanSpace Wall System,798,Furnace,5,Yes,NM Cable,1137,817,1954,1,1,3,1,4,8,2,TA,Attached,Metal Panels,2,431,3,Paved,0,0,0,0,No Fence,5,2008,Down payment assistance,Regular,258551.0,Y,N,2021-08-23,6198312,"Frederic-Fritsch-Weg 335
47789 Hünfeld",Halberstadt,Schweiz,hendrikskaspar@pechel.net,M,Sachsen-Anhalt,90460,34.0,2021-07-27,3.2,2021-07-27,3.2
220,VacHomeClass-12,VacHomeZone-1,43.0,3010,Cobblestone,Gravel,Pie,Flat,Trash|Gas|Water|Electricity,Interior lot,No Slope,RNH 1,Proximity to School,SingleFamilyHome,Contemporary,7,5,2007,2013,Gable,Rolled Roofing,Board Batten,Natural Stone,16.0,4,3,Individual footing,4.0,Large Windows,ZenWall Panels,1248,Furnace,5,Yes,NM Cable,1248,0,1248,2,0,2,1,4,5,0,,Attached,DryWall,2,438,3,Paved,108,0,0,0,No Fence,3,2006,Government-backed programs,Distress Sale,138815.19999999998,Y,Y,2021-08-14,63780512,"Timm-Christoph-Gasse 2
73345 Duderstadt",Stade,Falklandinseln,maria17@reising.net,M,Thüringen,22540,55.0,2021-05-27,2.2,2021-05-27,2.2
221,VacHomeClass-1,VacHomeZone-1,73.0,8990,Cobblestone,Gravel,Reverse Pie,Flat,Trash|Gas|Water|Electricity,Interior lot,No Slope,RNH 6,Proximity to School,Apartment,Contemporary,7,5,2008,2010,Gable,Rolled Roofing,Board Batten,Manmade Stone,0.0,4,3,Individual footing,4.0,Small Windows,Dry Wall,1498,Furnace,5,Yes,NM Cable,1498,0,1498,2,0,2,1,4,5,0,,Attached,Wood Sheathing,2,675,3,Paved,351,0,0,0,No Fence,4,2006,Government-backed programs,Distress Sale,170073.0,N,Y,2021-08-09,70848199,"Grafgasse 10
15951 Hohenmölsen",Pegnitz,Togo,laila33@gmx.de,M,Brandenburg,56220,82.0,2021-11-09,2.5,2021-11-09,2.5
222,VacHomeClass-6,VacHomeZone-1,,8068,Cobblestone,Gravel,Reverse Pie,Flat,Trash|Gas|Water|Electricity,Interior lot,No Slope,RNH 9,Proximity to School,Apartment,Bungalow,6,5,2004,2008,Gable,Rolled Roofing,Board Batten,Manmade Stone,0.0,4,3,Individual footing,4.0,No Sunlight,Dry Wall,1010,Furnace,5,Yes,NM Cable,1010,1257,2267,2,1,4,1,4,8,1,TA,Breezeway,Wood Sheathing,2,390,3,Paved,120,0,0,0,No Fence,12,2009,Family Sponsored,Regular,166006.0,N,Y,2021-03-22,24490207,"Francesco-Metz-Straße 8/7
87714 Main-Höchst",Warendorf,Belarus,uberger@hotmail.de,M,Berlin,16663,22.0,2021-07-17,2.3,2021-07-17,2.3
223,VacHomeClass-6,VacHomeZone-1,85.0,11475,Cobblestone,Gravel,Pie,Flat,Trash|Gas|Water|Electricity,Interior lot,No Slope,RNH 17,Proximity to Restaurants,Apartment,Bungalow,6,6,1979,1981,Gable,Rolled Roofing,Board Batten,Manmade Stone,0.0,3,3,Combined footing,4.0,No Sunlight,BrightWall Paneling,713,Furnace,3,Yes,NM Cable,811,741,1552,2,1,3,1,3,6,1,TA,Attached,Wood Sheathing,2,434,3,Paved,209,0,0,0,Vinyl Fences,2,2006,Down payment assistance,Regular,149323.0,N,N,2021-05-06,26236988,"Ullmannplatz 57
20424 Werdau",Sternberg,Kroatien,adolf39@schuster.com,M,Brandenburg,76610,6.0,2021-10-21,2.4,2021-10-21,2.4
224,VacHomeClass-1,VacHomeZone-1,70.0,10500,Cobblestone,Gravel,Pie,Flat,Trash|Gas|Water|Electricity,T-intersection,No Slope,NAmes,Proximity to School,Apartment,Contemporary,4,6,1975,1976,Gable,Rolled Roofing,Horizontal Wood,Manmade Stone,0.0,3,3,Combined footing,3.0,No Sunlight,BrightWall Paneling,864,Furnace,4,Yes,NM Cable,864,0,864,1,0,2,1,3,4,0,,Detached,Metal Panels,2,576,3,Paved,216,0,0,0,No Fence,3,2009,Down payment assistance,Shortsale,80516.0,N,Y,2021-01-07,97997399,"Holstenring 3/1
04388 Stendal",Uelzen,Vereinigtes Königreich,kroehricht@web.de,F,Berlin,39817,14.0,2021-05-25,4.0,2021-05-25,4.0
225,VacHomeClass-1,VacHomeZone-1,103.0,13472,Cobblestone,Gravel,Pie,Flat,Trash|Gas|Water|Electricity,Interior lot,No Slope,RNH 16,Proximity to School,Apartment,Contemporary,10,5,2005,2008,Sawtooth,Rolled Roofing,Board Batten,Natural Stone,922.0,5,3,Individual footing,5.0,French Doors,ZenWall Panels,2392,Furnace,5,Yes,NM Cable,2392,0,2392,2,0,3,1,5,8,1,Ex,Attached,DryWall,3,968,3,Paved,248,0,0,0,No Fence,6,2009,Down payment assistance,Regular,320593.5,Y,N,2021-08-19,40432694,"auch Schlauchinstraße 3/0
06937 Ribnitz-Damgarten",Göppingen,Britische Jungferninseln,gunhild02@mielcarek.de,M,Sachsen-Anhalt,30268,85.0,2021-12-01,2.9,2021-12-01,2.9
226,VacHomeClass-13,VacHomeZone-2,21.0,1680,Cobblestone,Gravel,Pie,Flat,Trash|Gas|Water|Electricity,Interior lot,No Slope,RNH 3,Proximity to School,MultiFamilyHome,Bungalow,5,5,1975,1977,Gable,Rolled Roofing,Horizontal Wood,Natural Stone,142.0,3,3,Combined footing,3.0,No Sunlight,Dry Wall,630,Furnace,3,Yes,NM Cable,630,672,1302,2,1,3,1,3,6,0,,Detached,Metal Panels,1,280,3,Paved,0,0,0,0,No Fence,5,2009,Reverse Mortgage,Shortsale,92966.0,Y,Y,2021-05-06,71269139,"Kuschstraße 315
78181 Parchim",Mühlhausen,Costa Rica,mosemanngregor@gmail.com,Unknown,Baden-Württemberg,73726,53.0,2021-01-08,4.1,2021-01-08,4.1
227,VacHomeClass-6,VacHomeZone-1,82.0,9950,Cobblestone,Gravel,Reverse Pie,Flat,Trash|Gas|Water|Electricity,Interior lot,No Slope,RNH 14,Proximity to School,Apartment,Bungalow,7,5,1998,2000,Gable,Rolled Roofing,Board Batten,Natural Stone,290.0,4,3,Individual footing,4.0,No Sunlight,ZenWall Panels,1203,Furnace,5,Yes,NM Cable,1214,1306,2520,2,1,4,1,4,9,1,TA,Attached,Wood Sheathing,3,721,3,Paved,224,0,0,0,No Fence,6,2007,Down payment assistance,Shortsale,240706.0,N,N,2021-04-27,13169992,"Irmingard-Mans-Straße 3/2
10435 Dinslaken",Nürtingen,Armenien,jraedel@beyer.com,M,Sachsen-Anhalt,1969,98.0,2021-09-30,1.2,2021-09-30,1.2
228,VacHomeClass-13,VacHomeZone-2,21.0,1869,Cobblestone,Gravel,Pie,Flat,Trash|Gas|Water|Electricity,Interior lot,No Slope,RNH 3,Proximity to School,MultiFamilyHome,Bungalow,6,6,1971,1977,Gable,Rolled Roofing,Horizontal Wood,Natural Stone,127.0,3,3,Combined footing,3.0,No Sunlight,Foamax,483,Furnace,3,Yes,NM Cable,483,504,987,1,1,2,1,3,5,0,,Detached,Metal Panels,1,280,3,Paved,0,0,0,0,No Fence,9,2008,Down payment assistance,Regular,87986.0,Y,Y,2021-12-10,21268830,"Sorgatzgasse 8/4
70404 Gotha",Stadtsteinach,Äquatorialguinea,albersanette@gmail.com,M,Nordrhein-Westfalen,81337,57.0,2021-06-13,3.8,2021-06-13,3.8
229,VacHomeClass-1,VacHomeZone-1,70.0,8521,Cobblestone,Gravel,Pie,Flat,Trash|Gas|Water|Electricity,T-intersection,No Slope,RNH 20,Proximity to Hospital,Apartment,Contemporary,5,5,1972,1970,Gable,Rolled Roofing,Horizontal Wood,Manmade Stone,0.0,3,3,Combined footing,3.0,No Sunlight,BrightWall Paneling,912,Furnace,3,Yes,NM Cable,912,0,912,1,0,3,1,3,5,1,Fa,Detached,Metal Panels,1,336,3,Paved,0,0,0,0,Vinyl Fences,5,2010,Down payment assistance,Regular,103756.0,Y,N,2021-03-18,84908483,"Eimerallee 644
89764 Klötze",Wittstock,Tokelau,isabell62@gmx.de,F,Brandenburg,12551,20.0,2021-06-11,2.9,2021-06-11,2.9
230,VacHomeClass-12,VacHomeZone-1,43.0,3182,Cobblestone,Gravel,Pie,Flat,Trash|Gas|Water|Electricity,Interior lot,No Slope,RNH 1,Proximity to School,SingleFamilyHome,Contemporary,7,5,2008,2016,Gable,Rolled Roofing,Board Batten,Natural Stone,16.0,4,3,Individual footing,4.0,Large Windows,ZenWall Panels,1373,Furnace,5,Yes,NM Cable,1555,0,1555,2,0,2,1,4,7,1,TA,Attached,DryWall,2,430,3,Paved,143,0,0,0,No Fence,5,2009,Down payment assistance,Regular,159781.0,N,Y,2021-03-16,98727674,"Klaas-Sauer-Ring 972
15022 Hünfeld",Angermünde,Burundi,gabor71@yahoo.de,F,Berlin,56051,72.0,2021-06-13,3.5,2021-06-13,3.5
231,VacHomeClass-1,VacHomeZone-1,73.0,8760,Cobblestone,Gravel,Pie,Flat,Trash|Gas|Water|Electricity,Interior lot,No Slope,NAmes,Proximity to School,Apartment,Contemporary,6,6,1964,1965,Sawtooth,Rolled Roofing,Log Wood,Natural Stone,220.0,3,3,Combined footing,3.0,No Sunlight,Dry Wall,1194,Furnace,3,Yes,NM Cable,1194,0,1194,1,0,3,1,3,6,0,,Attached,Wood Sheathing,1,312,3,Paved,0,0,0,0,No Fence,4,2010,Down payment assistance,Regular,122846.0,Y,N,2021-11-30,39191496,"Jopichgasse 6/2
53132 Bad Kreuznach",Stuttgart,Slowakei,siegmund93@googlemail.com,M,Rheinland-Pfalz,57100,3.0,2021-02-02,2.7,2021-02-02,2.7
232,VacHomeClass-6,VacHomeZone-1,174.0,15138,Cobblestone,Gravel,Reverse Pie,Flat,Trash|Gas|Water|Electricity,Interior lot,No Slope,RNH 14,Proximity to School,Apartment,Bungalow,8,5,1999,2004,Gable,Rolled Roofing,Board Batten,Natural Stone,506.0,4,3,Individual footing,4.0,No Sunlight,ZenWall Panels,1462,Furnace,5,Yes,NM Cable,1490,1304,2794,2,1,4,1,5,9,1,TA,Attached,DryWall,3,810,3,Paved,0,0,0,0,No Fence,7,2009,Down payment assistance,Regular,334496.0,N,Y,2021-11-14,21857911,"Gorlitzring 9/9
86545 Schwandorf",Meißen,Dschibuti,weimerleon@gmail.com,M,Mecklenburg-Vorpommern,72092,74.0,2021-09-03,3.8,2021-09-03,3.8
233,VacHomeClass-13,VacHomeZone-2,21.0,1680,Cobblestone,Gravel,Pie,Flat,Trash|Gas|Water|Electricity,Interior lot,No Slope,RNH 3,Proximity to School,MultiFamilyHome,Bungalow,6,5,1973,1978,Gable,Rolled Roofing,Horizontal Wood,Natural Stone,297.0,3,3,Combined footing,3.0,No Sunlight,Dry Wall,483,Furnace,3,Yes,NM Cable,483,504,987,1,1,2,1,3,5,1,Po,Attached,Metal Panels,1,288,3,Paved,0,0,0,0,No Fence,6,2006,Down payment assistance,Regular,78441.0,N,Y,2021-01-12,16287259,"Edgar-Lindau-Straße 9/5
99903 Eutin",Wittmund,Republik Moldau,zoestrovsky@hotmail.de,M,Thüringen,80012,60.0,2021-01-23,4.6,2021-01-23,4.6
234,VacHomeClass-1,VacHomeZone-1,75.0,10650,Cobblestone,Gravel,Pie,Flat,Trash|Gas|Water|Electricity,Corner lot,No Slope,RNH 6,Proximity to School,Apartment,Contemporary,5,6,1978,1982,Gable,Rolled Roofing,Horizontal Wood,Manmade Stone,0.0,3,3,Combined footing,3.0,Large Windows,Basement to Beautiful Panels,894,Furnace,3,Yes,NM Cable,894,0,894,1,0,3,1,3,5,0,,Attached,Metal Panels,1,308,3,Paved,365,0,0,0,Vinyl Fences,2,2010,Down payment assistance,Regular,106412.0,N,Y,2021-01-26,90261183,"Krauseallee 079
19272 Crailsheim",Malchin,Italien,farukgierschner@atzler.com,F,Saarland,56791,69.0,2021-01-04,4.5,2021-01-04,4.5
235,VacHomeClass-6,VacHomeZone-1,,7851,Cobblestone,Gravel,Pie,Flat,Trash|Gas|Water|Electricity,Interior lot,No Slope,RNH 9,Proximity to School,Apartment,Bungalow,6,5,2007,2010,Gable,Rolled Roofing,Board Batten,,,4,3,Individual footing,4.0,No Sunlight,ZenWall Panels,860,Furnace,5,Yes,NM Cable,860,1100,1960,2,1,4,1,4,8,2,TA,Breezeway,DryWall,2,440,3,Paved,288,0,0,0,No Fence,5,2010,Down payment assistance,Regular,179701.0,N,N,2021-10-04,24553490,"Gisa-Wirth-Gasse 953
15253 Tecklenburg",Burgdorf,Weihnachtsinsel,renibeyer@web.de,F,Bremen,72827,53.0,2021-06-21,2.5,2021-06-21,2.5
236,VacHomeClass-13,VacHomeZone-2,21.0,1680,Cobblestone,Gravel,Pie,Flat,Trash|Gas|Water|Electricity,Interior lot,No Slope,RNH 3,Proximity to School,SingleFamilyHome,Bungalow,6,3,1976,1978,Gable,Rolled Roofing,Horizontal Wood,Natural Stone,604.0,3,3,Combined footing,3.0,No Sunlight,BrightWall Paneling,483,Furnace,3,Yes,NM Cable,483,504,987,1,1,2,1,3,5,0,,Detached,Metal Panels,1,264,3,Paved,0,0,0,0,No Fence,8,2008,Down payment assistance,Regular,74291.0,Y,N,2021-09-09,76663819,"Hornigallee 43
74701 Werdau",Schlüchtern,Katar,brunhildeeimer@hotmail.de,Unknown,Mecklenburg-Vorpommern,61241,94.0,2021-04-24,4.1,2021-04-24,4.1
237,VacHomeClass-1,VacHomeZone-1,65.0,8773,Cobblestone,Gravel,Pie,Flat,Trash|Gas|Water|Electricity,T-intersection,No Slope,RNH 6,Proximity to School,Apartment,Contemporary,7,5,2007,2010,Gable,Rolled Roofing,Board Batten,Natural Stone,98.0,4,3,Individual footing,4.0,Large Windows,ZenWall Panels,1414,Furnace,5,Yes,NM Cable,1414,0,1414,2,0,3,1,4,6,0,,Attached,Wood Sheathing,2,494,3,Paved,132,0,0,0,No Fence,5,2010,Down payment assistance,Regular,153971.0,Y,N,2021-12-17,64103488,"Ottostraße 5/6
63014 Parsberg",Heinsberg,Irland,ahering@heinrich.de,Unknown,Nordrhein-Westfalen,19920,3.0,2021-03-14,1.4,2021-03-14,1.4
238,VacHomeClass-6,VacHomeZone-1,,9453,Cobblestone,Gravel,Reverse Pie,Flat,Trash|Gas|Water|Electricity,Cul-de-sac,No Slope,RNH 21,Proximity to Bus stop,Apartment,Bungalow,7,7,1995,2010,Gable,Rolled Roofing,Horizontal Wood,Manmade Stone,0.0,4,3,Individual footing,4.0,No Sunlight,CleanSpace Wall System,996,Furnace,5,Yes,NM Cable,1014,730,1744,2,1,3,1,4,7,0,,Attached,Wood Sheathing,2,457,3,Paved,370,238,0,0,No Fence,2,2010,Down payment assistance,Regular,161441.0,Y,N,2021-11-15,31601559,"Hanspeter-Hellwig-Ring 137
07256 Spremberg",Moers,Palau,saskia76@gude.de,M,Bremen,36314,40.0,2021-02-13,2.7,2021-02-13,2.7
239,VacHomeClass-1,VacHomeZone-1,93.0,12030,Cobblestone,Gravel,Pie,Flat,Trash|Gas|Water|Electricity,Interior lot,No Slope,RNH 16,Proximity to School,Apartment,Contemporary,8,5,2008,2016,Sawtooth,Rolled Roofing,Board Batten,Natural Stone,254.0,5,3,Individual footing,5.0,No Sunlight,Dry Wall,1694,Furnace,5,Yes,NM Cable,1694,0,1694,2,0,3,1,4,7,0,,Attached,DryWall,3,818,3,Paved,168,0,0,0,No Fence,12,2007,Government-backed programs,Distress Sale,263946.0,Y,N,2021-11-20,11704225,"Ester-Thies-Allee 403
69651 Sangerhausen",Starnberg,Pitcairn,heinz-juergen64@gmail.com,Unknown,Sachsen,90127,50.0,2021-12-27,4.2,2021-12-27,4.2
240,VacHomeClass-5,VacHomeZone-1,52.0,8741,Cobblestone,Gravel,Pie,Flat,Trash|Gas|Water|Electricity,Interior lot,No Slope,RNH 8,Proximity to School,Apartment,Craftsman,6,4,1950,1955,Gable,Rolled Roofing,Board Batten,Manmade Stone,0.0,3,3,Combined footing,3.0,No Sunlight,Basement to Beautiful Panels,735,Furnace,3,Yes,Underground Feeder Cable,798,689,1487,1,1,3,1,3,7,1,Gd,Detached,Metal Panels,1,220,3,Paved,0,0,0,0,Vinyl Fences,4,2010,Down payment assistance,Regular,93796.0,N,Y,2021-04-01,60986610,"Hans-Jürgen-Fröhlich-Straße 9
06064 Hildesheim",Forst,Slowakei,peukertcornelius@jaekel.com,Unknown,Saarland,50386,45.0,2021-10-26,4.6,2021-10-26,4.6
241,VacHomeClass-1,VacHomeZone-5,75.0,9000,Cobblestone,Gravel,Pie,Flat,Trash|Gas|Water|Electricity,Interior lot,No Slope,RNH 22,Proximity to School,Apartment,Contemporary,8,5,2013,2012,Gable,Rolled Roofing,Board Batten,Manmade Panels,36.0,4,3,Individual footing,4.0,Large Windows,ZenWall Panels,1566,Furnace,5,Yes,NM Cable,1566,0,1566,2,0,3,1,4,7,0,,Attached,Wood Sheathing,2,750,3,Paved,144,0,0,0,No Fence,4,2010,Down payment assistance,Regular,217881.0,N,N,2021-09-13,46488343,"Charles-Graf-Weg 84
32671 Groß-Gerau",Berlin,Kamerun,alicegraf@gutknecht.net,Unknown,Sachsen,12437,74.0,2021-03-09,2.7,2021-03-09,2.7
242,VacHomeClass-2,VacHomeZone-2,40.0,3880,Cobblestone,Gravel,Pie,Flat,Trash|Gas|Water|Electricity,Interior lot,No Slope,RNH 18,Proximity to School,Apartment,Contemporary,5,9,1947,2002,Gable,Rolled Roofing,Board Batten,Manmade Stone,0.0,3,4,Combined footing,3.0,No Sunlight,BrightWall Paneling,686,Furnace,4,Yes,NM Cable,866,0,866,1,0,2,1,4,4,0,,No Garage,Unfinished,0,0,0,Paved,58,0,0,0,No Fence,8,2007,Down payment assistance,Regular,91721.0,Y,N,2021-08-30,31387248,"André-Seidel-Ring 762
00733 Uelzen",Altentreptow,Malawi,beierlisbeth@googlemail.com,M,Mecklenburg-Vorpommern,88865,86.0,2021-05-13,2.5,2021-05-13,2.5
243,VacHomeClass-5,VacHomeZone-2,63.0,5000,Cobblestone,Gravel,Pie,Flat,Trash|Gas|Water|Electricity,Corner lot,No Slope,RNH 18,Proximity to School,Apartment,Craftsman,5,4,1901,1956,Gable,Rolled Roofing,Wood Shingle,Manmade Stone,0.0,3,3,Strip foundation,3.0,No Sunlight,Dry Wall,540,Furnace,4,No,Underground Feeder Cable,889,551,1440,1,0,3,1,3,6,0,,Attached,Metal Panels,1,352,2,Paved,0,0,0,0,No Fence,4,2006,Down payment assistance,Regular,65576.0,N,Y,2021-08-16,16843325,"Karl-Ludwig-Etzler-Allee 856
99941 Nabburg",Wolfach,Suriname,rosina67@hethur.de,M,Hessen,18689,20.0,2021-06-29,1.7,2021-06-29,1.7
244,VacHomeClass-13,VacHomeZone-1,75.0,10762,Cobblestone,Gravel,Pie,Flat,Trash|Gas|Water|Electricity,Corner lot,No Slope,RNH 21,Proximity to School,SingleFamilyHome,Bungalow,6,6,1981,1984,Gable,Rolled Roofing,Brick,Manmade Stone,0.0,3,3,Combined footing,4.0,No Sunlight,Dry Wall,626,Furnace,3,Yes,NM Cable,626,591,1217,1,1,3,1,3,6,1,TA,Attached,Wood Sheathing,1,288,3,Paved,0,0,0,0,No Fence,4,2009,Down payment assistance,Regular,99606.0,Y,N,2021-09-04,10703830,"Herrmannring 755
50231 Magdeburg",Wertingen,Barbados,vstiebitz@roskoth.com,M,Hessen,95495,91.0,2021-10-21,2.4,2021-10-21,2.4
245,VacHomeClass-6,VacHomeZone-1,,8880,Cobblestone,Gravel,Reverse Pie,Flat,Trash|Gas|Water|Electricity,Interior lot,No Slope,RNH 21,Proximity to School,Apartment,Bungalow,7,5,1998,2009,Gable,Rolled Roofing,Board Batten,Manmade Stone,0.0,4,3,Individual footing,4.0,No Sunlight,ZenWall Panels,948,Furnace,5,Yes,NM Cable,1222,888,2110,2,1,3,1,4,8,2,Fa,Attached,Wood Sheathing,2,463,3,Paved,0,0,0,0,No Fence,5,2010,Down payment assistance,Regular,170156.0,N,Y,2021-12-08,61238565,"Röhrdanzallee 5
14420 Worbis",Günzburg,Bulgarien,zlange@mies.org,M,Schleswig-Holstein,18981,79.0,2021-01-01,4.9,2021-01-01,4.9
246,VacHomeClass-1,VacHomeZone-1,80.0,10400,Cobblestone,Gravel,Pie,Flat,Trash|Gas|Water|Electricity,Interior lot,No Slope,RNH 17,Proximity to School,Apartment,Contemporary,7,5,1990,1997,Gable,Rolled Roofing,Wood Shingle,Natural Stone,102.0,3,3,Combined footing,4.0,Large Windows,ZenWall Panels,1845,Furnace,4,Yes,NM Cable,1872,0,1872,2,0,3,1,3,6,1,TA,Attached,DryWall,2,604,3,Paved,197,0,0,0,No Fence,6,2006,Down payment assistance,Regular,200451.0,N,Y,2021-10-05,38530944,"Putzallee 4/5
60497 Waren",Deggendorf,Sonderverwaltungszone Hongkong,jozefjessel@gmail.com,M,Brandenburg,62498,40.0,2021-06-29,1.3,2021-06-29,1.3
247,VacHomeClass-15,VacHomeZone-2,69.0,9142,Cobblestone,Concrete,Pie,Flat,Trash|Gas|Water|Electricity,Interior lot,No Slope,RNH 18,Proximity to School,Condo,Bungalow,6,8,1912,1959,Gable,Rolled Roofing,Concrete,Manmade Stone,0.0,3,2,Drilled Shafts,2.0,No Sunlight,Dry Wall,1020,Furnace,4,No,Low Voltage Wire,908,1020,1928,2,0,4,2,2,9,0,,Detached,Metal Panels,1,440,1,Paved,0,0,0,0,No Fence,4,2006,Down payment assistance,Regular,113716.0,Y,N,2021-07-28,17594936,"Klappgasse 251
34697 Soest",Ansbach,Belize,hermighausenpaolo@yahoo.de,F,Saarland,43576,74.0,2021-04-26,1.4,2021-04-26,1.4
248,VacHomeClass-1,VacHomeZone-1,75.0,11310,Cobblestone,Gravel,Pie,Flat,Trash|Gas|Water|Electricity,Interior lot,No Slope,NAmes,Proximity to School,Apartment,Contemporary,6,5,1959,1958,Sawtooth,Rolled Roofing,Wood Shingle,Manmade Stone,0.0,3,3,Combined footing,3.0,No Sunlight,Dry Wall,1367,Furnace,5,Yes,NM Cable,1375,0,1375,1,0,2,1,3,5,1,TA,Attached,Metal Panels,2,451,3,Paved,0,0,0,0,No Fence,6,2006,Down payment assistance,Regular,116206.0,N,Y,2021-08-24,13440817,"Heserallee 376
58272 Sigmaringen",Teterow,Slowakei,qheintze@ernst.com,Unknown,Hessen,54168,53.0,2021-07-31,2.6,2021-07-31,2.6
249,VacHomeClass-6,VacHomeZone-1,72.0,11317,Cobblestone,Gravel,Pie,Flat,Trash|Gas|Water|Electricity,Interior lot,No Slope,RNH 6,Proximity to School,Apartment,Bungalow,7,5,2008,2010,Gable,Rolled Roofing,Board Batten,Natural Stone,101.0,4,3,Individual footing,4.0,No Sunlight,Dry Wall,840,Furnace,5,Yes,NM Cable,840,828,1668,2,1,3,1,4,8,0,,Attached,Wood Sheathing,2,500,3,Paved,144,0,0,0,No Fence,9,2007,Down payment assistance,Regular,149406.0,Y,N,2021-08-27,70612301,"Rocco-Vollbrecht-Gasse 07
26649 Marienberg",Borken,Guernsey,lorettaherrmann@gmail.com,F,Bremen,17747,64.0,2021-10-02,4.1,2021-10-02,4.1
250,VacHomeClass-5,VacHomeZone-1,,159000,Cobblestone,Gravel,Rectangular,Low Level,Trash|Gas|Water|Electricity,Cul-de-sac,Severe Slope,RNH 5,Proximity to School,Apartment,Craftsman,6,7,1963,2010,Gable,Rolled Roofing,Wood Shingle,Concrete Panels,472.0,4,3,Combined footing,4.0,French Doors,Foamax,1444,Furnace,4,Yes,NM Cable,1444,700,2144,2,0,4,1,4,7,2,TA,Attached,DryWall,2,389,3,Paved,0,0,0,0,No Fence,6,2007,Down payment assistance,Regular,229916.0,N,Y,2021-07-28,86084949,"Zänkerring 3
89512 Helmstedt",Schwerin,Liechtenstein,ibinner@gmx.de,Unknown,Sachsen-Anhalt,27216,73.0,2021-09-21,4.3,2021-09-21,4.3
251,VacHomeClass-2,VacHomeZone-1,55.0,5350,Cobblestone,Gravel,Reverse Pie,Flat,Trash|Gas|Water|Electricity,Interior lot,No Slope,RNH 4,Proximity to School,Apartment,Contemporary,3,2,1941,1975,Gable,Rolled Roofing,Wood Shingle,Manmade Stone,0.0,3,1,Combined footing,3.0,No Sunlight,Dry Wall,728,Furnace,5,Yes,NM Cable,1306,0,1306,1,0,3,1,2,6,0,,No Garage,Unfinished,0,0,0,Paved,263,0,0,0,Wood Fences,5,2010,Down payment assistance,Regular,63501.0,N,N,2021-08-08,96934906,"Ivonne-Hörle-Straße 9/7
07122 Badibling",Ludwigslust,Ecuador,jstolze@carsten.com,F,Bayern,31834,13.0,2021-07-31,4.4,2021-07-31,4.4
252,VacHomeClass-12,VacHomeZone-2,44.0,4750,Cobblestone,Gravel,Reverse Pie,High Level,Trash|Gas|Water|Electricity,Interior lot,Little Slope,RNH 7,Proximity to School,SingleFamilyHome,Contemporary,8,5,2010,2012,Sawtooth,Rolled Roofing,Board Batten,Manmade Panels,481.0,4,3,Individual footing,4.0,French Doors,ZenWall Panels,1573,Furnace,5,Yes,NM Cable,1625,0,1625,2,0,2,1,4,5,1,Gd,Attached,DryWall,2,538,3,Paved,123,0,0,0,No Fence,12,2007,Down payment assistance,Foreclosure,195056.0,Y,N,2021-09-21,25198331,"Bohlandergasse 81
25530 Großenhain",Burglengenfeld,Jemen,eruppersberger@gmx.de,M,Bremen,914,71.0,2021-09-03,1.1,2021-09-03,1.1
253,VacHomeClass-6,VacHomeZone-1,65.0,8366,Cobblestone,Gravel,Reverse Pie,Flat,Trash|Gas|Water|Electricity,Interior lot,No Slope,RNH 21,Proximity to School,Apartment,Bungalow,6,5,2007,2008,Gable,Rolled Roofing,Board Batten,Manmade Stone,0.0,4,3,Individual footing,4.0,No Sunlight,Dry Wall,798,Furnace,5,Yes,NM Cable,798,842,1640,2,1,3,1,4,6,0,,Attached,Wood Sheathing,2,520,3,Paved,138,0,0,0,No Fence,12,2008,Down payment assistance,Regular,143596.0,Y,N,2021-02-18,87228670,"Kevin-Weihmann-Weg 332
44830 Delitzsch",Säckingen,Amerikanische Jungferninseln,hhendriks@aol.de,M,Sachsen,16180,94.0,2021-04-15,1.0,2021-04-15,1.0
254,VacHomeClass-9,VacHomeZone-1,85.0,9350,Cobblestone,Gravel,Pie,Flat,Trash|Gas|Water|Electricity,Interior lot,No Slope,NAmes,Proximity to School,Apartment,Spanish,6,7,1967,1999,Sawtooth,Rolled Roofing,Horizontal Wood,Natural Stone,108.0,3,3,Combined footing,4.0,French Doors,Basement to Beautiful Panels,1302,Furnace,5,Yes,NM Cable,1302,0,1302,2,0,3,1,4,7,0,,Attached,Wood Sheathing,1,309,3,Paved,333,0,0,0,Vinyl Fences,10,2007,Adjustable Rates,Regular,131146.0,Y,Y,2021-08-06,4933311,"Schenkring 55
73759 Lemgo",Dinslaken,Finnland,waehnermiroslav@yahoo.de,M,Sachsen,34006,84.0,2021-04-10,4.8,2021-04-10,4.8
255,VacHomeClass-1,VacHomeZone-1,70.0,8400,Cobblestone,Gravel,Pie,Flat,Trash|Gas|Water|Electricity,Interior lot,No Slope,NAmes,Proximity to School,Apartment,Contemporary,5,6,1960,1964,Gable,Rolled Roofing,Log Wood,Manmade Stone,0.0,3,4,Combined footing,3.0,No Sunlight,Foamax,1314,Furnace,3,Yes,NM Cable,1314,0,1314,1,0,3,1,3,5,0,,Attached,Wood Sheathing,1,294,3,Paved,250,0,0,0,No Fence,6,2010,Down payment assistance,Regular,120356.0,Y,N,2021-09-04,46390721,"Frederik-Jockel-Straße 637
28499 Greifswald",Aurich,Libyen,ykrein@gmx.de,M,Saarland,10951,85.0,2021-12-12,4.7,2021-12-12,4.7
256,VacHomeClass-6,VacHomeZone-1,66.0,8738,Cobblestone,Gravel,Reverse Pie,Flat,Trash|Gas|Water|Electricity,Interior lot,No Slope,RNH 9,Proximity to School,Apartment,Bungalow,7,5,2002,2006,Gable,Rolled Roofing,Board Batten,Natural Stone,302.0,4,3,Individual footing,4.0,No Sunlight,Dry Wall,975,Furnace,5,Yes,NM Cable,1005,1286,2291,2,1,4,1,4,8,1,TA,Breezeway,DryWall,2,429,3,Paved,192,0,0,0,No Fence,2,2006,Down payment assistance,Regular,190906.0,N,Y,2021-04-14,70623987,"Raymund-Plath-Allee 905
43178 Tecklenburg",Eberswalde,Simbabwe,silvanalinke@tintzmann.com,F,Saarland,7731,10.0,2021-02-09,3.5,2021-02-09,3.5
257,VacHomeClass-6,VacHomeZone-5,64.0,8791,Cobblestone,Gravel,Reverse Pie,Flat,Trash|Gas|Water|Electricity,Interior lot,No Slope,RNH 22,Proximity to School,Apartment,Bungalow,6,5,2008,2013,Gable,Rolled Roofing,Board Batten,Manmade Stone,0.0,4,3,Individual footing,4.0,No Sunlight,Foamax,864,Furnace,5,Yes,NM Cable,864,864,1728,2,1,3,1,4,7,0,,Attached,Wood Sheathing,2,673,3,Paved,216,0,0,0,No Fence,5,2008,Down payment assistance,Regular,172231.0,Y,N,2021-01-23,60556134,"Jäkelring 1/9
03950 Wunsiedel",Sangerhausen,Serbien und Montenegro,nroemer@web.de,Unknown,Berlin,58554,17.0,2021-04-21,2.9,2021-04-21,2.9
258,VacHomeClass-1,VacHomeZone-1,68.0,8814,Cobblestone,Gravel,Pie,Flat,Trash|Gas|Water|Electricity,Interior lot,No Slope,RNH 6,Proximity to School,Apartment,Contemporary,7,5,2009,2009,Gable,Rolled Roofing,Board Batten,Manmade Panels,180.0,4,3,Individual footing,4.0,No Sunlight,ZenWall Panels,1604,Furnace,5,Yes,NM Cable,1604,0,1604,2,1,3,1,4,8,1,Gd,Attached,Wood Sheathing,2,660,3,Paved,123,0,0,0,No Fence,3,2009,Down payment assistance,Shortsale,182606.0,Y,Y,2021-08-01,23990920,"Ritterplatz 345
72681 Bergzabern",Bernburg,Kenia,germanaustermuehle@fliegner.org,F,Niedersachsen,88151,42.0,2021-02-03,1.1,2021-02-03,1.1
259,VacHomeClass-6,VacHomeZone-1,80.0,12435,Cobblestone,Gravel,Pie,Flat,Trash|Gas|Water|Electricity,Interior lot,No Slope,RNH 6,Proximity to School,Apartment,Bungalow,7,5,2006,2007,Gable,Rolled Roofing,Board Batten,Natural Stone,172.0,4,3,Individual footing,4.0,No Sunlight,ZenWall Panels,963,Furnace,5,Yes,NM Cable,963,829,1792,2,1,3,1,4,7,1,TA,Attached,Wood Sheathing,2,564,3,Paved,0,245,0,0,No Fence,5,2008,Down payment assistance,Regular,192151.0,N,Y,2021-06-10,11819363,"Fiebigstraße 1/2
25743 Mellrichstadt",Wesel,Honduras,jonathanconradi@geissler.com,F,Baden-Württemberg,81935,32.0,2021-11-04,3.4,2021-11-04,3.4
260,VacHomeClass-1,VacHomeZone-2,70.0,12702,Cobblestone,Gravel,Pie,Flat,Trash|Gas|Water|Electricity,Interior lot,No Slope,RNH 18,Proximity to School,Apartment,Contemporary,5,5,1959,1965,Gable,Rolled Roofing,Vertical Wood,Manmade Stone,0.0,3,3,Individual footing,,,,0,Furnace,4,Yes,Underground Feeder Cable,882,0,882,1,0,2,1,3,4,0,,Detached,Metal Panels,1,308,3,Paved,0,0,0,0,No Fence,12,2008,Down payment assistance,Regular,80516.0,Y,N,2021-09-17,92333239,"Ringring 9/6
70110 Sankt Goar",Säckingen,Ruanda,hwilmsen@gute.net,Unknown,Brandenburg,11233,11.0,2021-07-27,3.1,2021-07-27,3.1
261,VacHomeClass-9,VacHomeZone-1,120.0,19296,Cobblestone,Gravel,Pie,Flat,Trash|Gas|Water|Electricity,Corner lot,No Slope,NAmes,Proximity to Gym,Apartment,Spanish,6,5,1966,1971,Gable,Rolled Roofing,Wood Shingle,Natural Stone,399.0,3,3,Combined footing,3.0,French Doors,Foamax,1362,Furnace,3,Yes,NM Cable,1382,0,1382,1,0,3,1,3,6,1,TA,Attached,Metal Panels,2,884,3,Paved,0,0,0,0,Wood Fences,5,2009,Down payment assistance,Regular,146086.0,Y,Y,2021-03-03,28717973,"Misicherring 22
49484 Donaueschingen",Arnstadt,Libyen,denisheuser@gmail.com,Unknown,Bayern,72155,88.0,2021-07-25,2.2,2021-07-25,2.2
262,VacHomeClass-6,VacHomeZone-1,69.0,9588,Cobblestone,Gravel,Reverse Pie,Flat,Trash|Gas|Water|Electricity,Interior lot,No Slope,RNH 6,Proximity to School,Apartment,Bungalow,8,5,2010,2013,Gable,Rolled Roofing,Metal,Manmade Panels,270.0,4,3,Individual footing,5.0,No Sunlight,Dry Wall,1482,Furnace,5,Yes,NM Cable,1482,1092,2574,2,1,3,1,5,10,1,Gd,Breezeway,DryWall,3,868,3,Paved,0,0,0,0,No Fence,11,2007,Government-backed programs,Distress Sale,229086.0,Y,Y,2021-01-13,72620830,"Karl-Heinrich-Hartung-Platz 326
11964 Siegen",Mallersdorf,Singapur,evangelosloewer@aol.de,F,Thüringen,37019,65.0,2021-01-27,4.4,2021-01-27,4.4
263,VacHomeClass-9,VacHomeZone-1,88.0,8471,Cobblestone,Gravel,Reverse Pie,Flat,Trash|Gas|Water|Electricity,Corner lot,No Slope,RNH 20,Proximity to School,Apartment,Spanish,6,7,1978,2000,Gable,Rolled Roofing,Horizontal Wood,Natural Stone,46.0,3,3,Combined footing,4.0,Large Windows,BrightWall Paneling,506,Furnace,3,Yes,NM Cable,1212,0,1212,1,0,3,1,3,6,1,TA,Attached,Metal Panels,2,492,3,Paved,292,0,0,0,Wood Fences,7,2006,Down payment assistance,Regular,125336.0,Y,Y,2021-01-31,1898606,"Max-Höfig-Ring 3/4
89961 Eisenach",Pasewalk,Guinea-Bissau,ellenhering@hotmail.de,F,Rheinland-Pfalz,96345,36.0,2021-04-20,2.9,2021-04-20,2.9
264,VacHomeClass-5,VacHomeZone-2,50.0,5500,Cobblestone,Gravel,Pie,Flat,Trash|Gas|Water|Electricity,Corner lot,No Slope,RNH 18,Proximity to School,Apartment,Craftsman,5,7,1932,2006,Gable,Rolled Roofing,Wood Shingle,Manmade Stone,0.0,3,3,Strip foundation,3.0,No Sunlight,Basement to Beautiful Panels,926,Furnace,3,Yes,NM Cable,926,0,1316,1,0,3,1,3,6,0,,Detached,Metal Panels,2,484,3,Paved,0,0,0,0,No Fence,4,2010,Down payment assistance,Regular,107906.0,N,N,2021-01-14,33620688,"Seifertweg 3/6
26455 Kitzingen",Wesel,Polen,madlenfiebig@froehlich.de,Unknown,Berlin,98360,8.0,2021-07-23,2.8,2021-07-23,2.8
265,VacHomeClass-2,VacHomeZone-2,30.0,5232,Cobblestone,Concrete,Irregular Lots,Slope,Trash|Gas|Water|Electricity,Interior lot,No Slope,RNH 18,Proximity to Gym,Apartment,Contemporary,5,5,1927,2007,Gable,Rolled Roofing,Wood Shingle,Manmade Stone,0.0,3,3,Strip foundation,2.0,No Sunlight,Dry Wall,680,Furnace,4,No,Low Voltage Wire,764,0,764,1,0,2,1,3,4,0,,Detached,Metal Panels,2,504,3,Only Gravel,0,0,0,0,No Fence,6,2008,Down payment assistance,Regular,60596.0,Y,N,2021-11-19,22022400,"Carmen-Sager-Allee 0/2
78483 Schongau",Oranienburg,Belgien,martinreimer@pieper.org,F,Berlin,65883,42.0,2021-02-10,4.8,2021-02-10,4.8
266,VacHomeClass-1,VacHomeZone-1,78.0,12090,Cobblestone,Gravel,Reverse Pie,Flat,Trash|Gas|Water|Electricity,Interior lot,No Slope,RNH 17,Proximity to School,Apartment,Contemporary,6,6,1986,1987,Gable,Rolled Roofing,Log Wood,Natural Stone,210.0,3,4,Combined footing,4.0,No Sunlight,ZenWall Panels,1422,Furnace,3,Yes,NM Cable,1422,0,1422,2,0,3,1,4,7,1,TA,Attached,DryWall,2,576,3,Paved,276,0,0,0,Composite Fences,6,2008,Down payment assistance,Regular,145671.0,N,N,2021-10-31,32804171,"Gotthilf-Lübs-Gasse 8
95822 Neuss",Genthin,San Marino,carlhaenel@gmx.de,Unknown,Baden-Württemberg,37898,56.0,2021-06-06,3.4,2021-06-06,3.4
267,VacHomeClass-6,VacHomeZone-1,70.0,11207,Cobblestone,Gravel,Reverse Pie,High Level,Trash|Gas|Water|Electricity,T-intersection,No Slope,RNH 9,Proximity to School,Apartment,Bungalow,6,5,1998,2006,Gable,Rolled Roofing,Board Batten,Manmade Stone,0.0,3,3,Individual footing,4.0,Large Windows,ZenWall Panels,802,Furnace,4,Yes,NM Cable,802,709,1511,2,1,3,1,3,8,1,TA,Attached,DryWall,2,413,3,Paved,95,0,0,0,No Fence,6,2006,Down payment assistance,Regular,153556.0,N,N,2021-07-19,73359128,"Hofmanngasse 6
86123 Düren",Paderborn,Französisch-Polynesien,gottlob01@googlemail.com,Unknown,Sachsen,65534,47.0,2021-06-21,3.9,2021-06-21,3.9
268,VacHomeClass-8,VacHomeZone-1,60.0,8400,Cobblestone,Gravel,Pie,Slope,Trash|Gas|Water|Electricity,Interior lot,Little Slope,RNH 19,Proximity to School,Apartment,Ranch,5,8,1941,2003,Gable,Rolled Roofing,Wood Shingle,Manmade Stone,0.0,3,3,Individual footing,3.0,No Sunlight,Basement to Beautiful Panels,720,Furnace,5,Yes,NM Cable,1052,720,2192,2,1,4,1,4,8,1,Gd,Detached,Metal Panels,1,240,3,Paved,262,0,0,0,No Fence,7,2008,Down payment assistance,Regular,148991.0,N,N,2021-05-21,30941922,"Ilias-Otto-Gasse 0/5
51409 Hainichen",Wolgast,Estland,fstahr@fiebig.de,M,Schleswig-Holstein,56861,37.0,2021-09-02,2.2,2021-09-02,2.2
269,VacHomeClass-2,VacHomeZone-2,71.0,6900,Cobblestone,Gravel,Pie,Flat,Trash|Gas|Water|Electricity,Interior lot,No Slope,RNH 10,Proximity to School,Apartment,Contemporary,5,6,1942,1964,Gable,Rolled Roofing,Board Batten,Manmade Stone,0.0,3,3,Combined footing,3.0,No Sunlight,BrightWall Paneling,740,Furnace,5,Yes,NM Cable,778,0,778,1,0,2,1,3,4,1,Gd,Detached,DryWall,1,924,5,Paved,0,0,0,0,No Fence,2,2008,Down payment assistance,Regular,100021.0,Y,N,2021-10-10,89900031,"Rainer-Henschel-Gasse 67
06431 Ribnitz-Damgarten",Burgdorf,Laos,loosjoana@hotmail.de,Unknown,Schleswig-Holstein,38650,37.0,2021-02-17,1.6,2021-02-17,1.6
270,VacHomeClass-1,VacHomeZone-1,,7917,Cobblestone,Gravel,Reverse Pie,Flat,Trash|Gas|Water|Electricity,Corner lot,No Slope,RNH 8,Proximity to School,Apartment,Contemporary,6,7,1979,1981,Sawtooth,Rolled Roofing,Horizontal Wood,Natural Stone,174.0,3,4,Combined footing,3.0,No Sunlight,CleanSpace Wall System,1143,Furnace,3,Yes,NM Cable,1113,0,1113,1,1,3,1,3,6,1,Fa,Attached,Wood Sheathing,1,504,3,Paved,370,0,0,0,Composite Fences,5,2007,Down payment assistance,Regular,122846.0,N,N,2021-01-07,52557576,"Simon-Scholl-Platz 8
76950 Bernburg",Rosenheim,Lesotho,hettnerluka@web.de,Unknown,Nordrhein-Westfalen,76649,71.0,2021-06-05,4.2,2021-06-05,4.2
271,VacHomeClass-6,VacHomeZone-5,84.0,10728,Cobblestone,Gravel,Pie,Flat,Trash|Gas|Water|Electricity,Interior lot,No Slope,RNH 22,Proximity to School,Apartment,Bungalow,8,5,2009,2012,Gable,Rolled Roofing,Board Batten,Manmade Stone,0.0,4,3,Individual footing,4.0,Small Windows,Dry Wall,1095,Furnace,4,Yes,NM Cable,1095,844,1939,2,1,3,1,4,8,1,Gd,Attached,Wood Sheathing,3,1053,3,Paved,192,0,0,0,No Fence,8,2006,Government-backed programs,Distress Sale,220786.0,Y,Y,2021-03-12,17015059,"Gotthardplatz 2/6
07238 Melsungen",Wittenberg,Britisches Territorium im Indischen Ozean,gottfried65@gmail.com,Unknown,Sachsen,18085,52.0,2021-08-06,3.5,2021-08-06,3.5
272,VacHomeClass-1,VacHomeZone-1,73.0,39104,Cobblestone,Gravel,Reverse Pie,Low Level,Trash|Gas|Water|Electricity,Cul-de-sac,Severe Slope,RNH 5,Proximity to School,Apartment,Contemporary,7,7,1957,2012,Dormer,Metal Shingles,Brick,Manmade Stone,0.0,3,3,Combined footing,4.0,French Doors,Basement to Beautiful Panels,1385,Furnace,5,Yes,NM Cable,1363,0,1363,1,0,2,1,3,5,2,TA,Attached,Metal Panels,2,439,3,Paved,81,0,0,0,No Fence,4,2008,Down payment assistance,Regular,200451.0,Y,N,2021-08-16,27542989,"Röhrdanzstraße 662
16596 Herford",Kronach,El Salvador,fpeukert@googlemail.com,F,Sachsen,35076,95.0,2021-09-03,4.6,2021-09-03,4.6
273,VacHomeClass-6,VacHomeZone-1,92.0,11764,Cobblestone,Gravel,Reverse Pie,Flat,Trash|Gas|Water|Electricity,Cul-de-sac,No Slope,RNH 14,Proximity to School,Apartment,Bungalow,8,7,2002,2011,Gable,Rolled Roofing,Board Batten,Natural Stone,348.0,4,3,Individual footing,4.0,No Sunlight,ZenWall Panels,1152,Furnace,5,Yes,NM Cable,1164,1106,2270,2,1,4,1,4,9,1,Gd,Attached,DryWall,3,671,3,Paved,132,0,0,0,No Fence,4,2010,Down payment assistance,Regular,240706.0,N,Y,2021-11-14,61237667,"Girschnerstraße 34
22023 Berlin",Illertissen,Demokratische Volksrepublik Korea,desireepohl@hotmail.de,M,Schleswig-Holstein,79366,4.0,2021-03-26,4.7,2021-03-26,4.7
274,VacHomeClass-1,VacHomeZone-1,80.0,9600,Cobblestone,Gravel,Pie,Flat,Trash|Gas|Water|Electricity,Interior lot,No Slope,NAmes,Proximity to Hospital,Apartment,Contemporary,6,6,1963,1997,Sawtooth,Rolled Roofing,Wood Shingle,Concrete Panels,183.0,3,3,Combined footing,3.0,No Sunlight,Foamax,1240,Furnace,4,Yes,NM Cable,1632,0,1632,2,0,3,1,3,6,1,Gd,Attached,Wood Sheathing,1,338,3,Paved,289,0,0,0,Vinyl Fences,4,2009,Down payment assistance,Regular,115376.0,N,Y,2021-03-02,92336544,"Erdogan-Reising-Weg 7
94248 Kulmbach",Günzburg,Norfolkinsel,zahnannegret@web.de,F,Bayern,30781,5.0,2021-09-27,3.7,2021-09-27,3.7
275,VacHomeClass-1,VacHomeZone-1,76.0,8314,Cobblestone,Gravel,Pie,Flat,Trash|Gas|Water|Electricity,Corner lot,No Slope,RNH 12,Proximity to School,Apartment,Contemporary,5,7,1987,1985,Gable,Rolled Roofing,Horizontal Wood,Manmade Stone,0.0,3,3,Combined footing,3.0,French Doors,BrightWall Paneling,816,Furnace,3,Yes,NM Cable,816,0,816,1,0,2,1,3,5,0,,Attached,Metal Panels,1,264,3,Paved,168,0,0,0,No Fence,6,2007,Down payment assistance,Regular,103341.0,Y,N,2021-08-26,36680597,"Diana-Juncken-Platz 5/1
45185 Rudolstadt",Stade,Madagaskar,margaretedowerg@aol.de,F,Schleswig-Holstein,77002,68.0,2021-09-11,1.7,2021-09-11,1.7
276,VacHomeClass-5,VacHomeZone-1,55.0,7264,Cobblestone,Gravel,Pie,Flat,Trash|Gas|Water|Electricity,Interior lot,No Slope,RNH 4,Proximity to School,Apartment,Craftsman,7,7,1929,2011,Gable,Rolled Roofing,Wood Shingle,Manmade Stone,0.0,4,4,Strip foundation,3.0,No Sunlight,Dry Wall,952,Boiler,4,No,NM Cable,952,596,1548,2,1,3,1,5,5,0,,Detached,Metal Panels,2,672,3,Paved,74,0,0,0,No Fence,10,2009,Down payment assistance,Regular,170156.0,N,Y,2021-02-24,50987870,"Ernestine-Kramer-Weg 2
70771 Paderborn",Wolfach,Suriname,bertoldzahn@googlemail.com,F,Hamburg,57526,19.0,2021-04-27,2.7,2021-04-27,2.7
277,VacHomeClass-1,VacHomeZone-1,129.0,9196,Cobblestone,Gravel,Reverse Pie,Flat,Trash|Gas|Water|Electricity,Interior lot,No Slope,RNH 12,Proximity to School,Apartment,Contemporary,7,5,2004,2009,Gable,Rolled Roofing,Board Batten,Manmade Stone,0.0,4,3,Individual footing,5.0,No Sunlight,Dry Wall,1560,Furnace,5,Yes,NM Cable,1560,0,1560,2,0,3,1,4,7,0,,Attached,DryWall,2,573,3,Paved,100,0,0,0,No Fence,4,2010,Down payment assistance,Regular,166836.0,N,N,2021-03-01,14286261,"Scheibeplatz 501
85086 Karlsruhe",Burg,Westsahara,rohtgalina@web.de,Unknown,Brandenburg,59561,30.0,2021-01-21,2.0,2021-01-21,2.0
278,VacHomeClass-1,VacHomeZone-1,140.0,19138,Cobblestone,Gravel,Pie,Flat,Trash|Gas|Water|Electricity,Corner lot,No Slope,RNH 9,Proximity to School,Apartment,Contemporary,4,5,1954,1959,Gable,Rolled Roofing,Board Batten,Manmade Stone,0.0,3,3,Combined footing,3.0,No Sunlight,Basement to Beautiful Panels,864,Furnace,5,Yes,NM Cable,864,0,864,1,0,2,1,3,4,0,,Detached,Metal Panels,2,400,3,Paved,0,0,0,0,No Fence,6,2010,Down payment assistance,Regular,117036.0,N,N,2021-03-10,36465958,"Lidwina-Ladeck-Straße 325
23758 Günzburg",Gütersloh,Amerikanisch-Samoa,stiebitzottokar@gmail.com,M,Schleswig-Holstein,17494,8.0,2021-05-19,4.6,2021-05-19,4.6
279,VacHomeClass-1,VacHomeZone-1,107.0,14450,Cobblestone,Gravel,Pie,Flat,Trash|Gas|Water|Electricity,Interior lot,No Slope,RNH 16,Proximity to School,Apartment,Contemporary,9,5,2007,2013,Gable,Rolled Roofing,Metal,Natural Stone,315.0,5,3,Individual footing,5.0,French Doors,Dry Wall,2121,Furnace,5,Yes,NM Cable,2121,0,2121,2,1,3,1,5,8,1,Ex,Attached,DryWall,3,732,3,Paved,124,0,0,0,No Fence,5,2007,Government-backed programs,Distress Sale,344703.34,Y,N,2021-06-22,77450609,"Judith-Hesse-Ring 5/4
78795 Büsingen am Hochrhein",Arnstadt,Thailand,vpohl@schlosser.de,M,Nordrhein-Westfalen,39822,6.0,2021-12-12,1.8,2021-12-12,1.8
280,VacHomeClass-6,VacHomeZone-1,83.0,10005,Cobblestone,Gravel,Pie,Flat,Trash|Gas|Water|Electricity,Interior lot,No Slope,RNH 5,Proximity to School,Apartment,Bungalow,7,5,1981,1983,Sawtooth,Rolled Roofing,Brick,Natural Stone,299.0,3,3,Combined footing,4.0,No Sunlight,CleanSpace Wall System,1160,Furnace,5,Yes,NM Cable,1156,866,2022,2,1,4,1,3,8,1,TA,Attached,DryWall,2,505,3,Paved,288,0,0,0,No Fence,3,2008,Down payment assistance,Regular,159366.0,Y,Y,2021-03-26,51003234,"Fliegnerstraße 2
32936 Worbis",Guben,Kolumbien,jessika41@aol.de,Unknown,Thüringen,32205,52.0,2021-01-26,1.6,2021-01-26,1.6
281,VacHomeClass-6,VacHomeZone-1,82.0,11287,Cobblestone,Gravel,Pie,Flat,Trash|Gas|Water|Electricity,Interior lot,No Slope,RNH 21,Proximity to School,Apartment,Bungalow,7,6,1993,1996,Gable,Rolled Roofing,Brick,Natural Stone,340.0,4,3,Combined footing,4.0,Large Windows,ZenWall Panels,807,Furnace,4,Yes,NM Cable,1175,807,1982,2,1,3,1,4,7,1,TA,Attached,DryWall,2,575,3,Paved,0,196,0,0,No Fence,1,2007,Down payment assistance,Regular,189661.0,N,N,2021-04-15,66706366,"Lisette-Patberg-Platz 70
55657 Stade",Teterow,Wallis und Futuna,wohlgemutcarolin@herrmann.com,Unknown,Baden-Württemberg,36226,54.0,2021-01-03,3.0,2021-01-03,3.0
282,VacHomeClass-1,VacHomeZone-5,60.0,7200,Cobblestone,Cobblestone,Pie,Flat,Trash|Gas|Water|Electricity,Interior lot,No Slope,RNH 22,Proximity to School,Apartment,Contemporary,6,5,2010,2013,Gable,Rolled Roofing,Board Batten,Manmade Panels,68.0,4,3,Individual footing,4.0,No Sunlight,ZenWall Panels,1262,Furnace,4,Yes,NM Cable,1262,0,1262,2,0,2,1,4,5,0,,Attached,DryWall,2,572,3,Paved,0,0,0,0,No Fence,5,2006,Government-backed programs,Distress Sale,153556.0,N,N,2021-07-10,63797602,"Patricia-Ziegert-Gasse 510
82427 Forchheim",Hettstedt,Serbien,kreuselivan@pohl.de,F,Saarland,49871,19.0,2021-02-15,1.4,2021-02-15,1.4
283,VacHomeClass-12,VacHomeZone-1,34.0,5063,Cobblestone,Gravel,Pie,Flat,Trash|Gas|Water|Electricity,Interior lot,No Slope,RNH 16,Proximity to School,MultiFamilyHome,Contemporary,7,5,2008,2017,Gable,Rolled Roofing,Board Batten,Manmade Panels,166.0,4,3,Individual footing,4.0,No Sunlight,ZenWall Panels,1314,Furnace,5,Yes,NM Cable,1314,0,1314,2,0,2,1,4,6,1,Gd,Attached,Wood Sheathing,2,626,3,Paved,172,0,0,0,No Fence,4,2009,Regular Mortgage,Regular,172231.0,Y,N,2021-08-05,30047709,"Alfredo-Hermann-Platz 2
54017 Ansbach",Wunsiedel,Finnland,erkan82@raedel.de,M,Baden-Württemberg,90520,98.0,2021-12-06,3.3,2021-12-06,3.3
284,VacHomeClass-1,VacHomeZone-1,74.0,9612,Cobblestone,Gravel,Pie,Flat,Trash|Gas|Water|Electricity,Interior lot,No Slope,RNH 22,Proximity to Hospital,Apartment,Contemporary,8,5,2012,2014,Gable,Rolled Roofing,Board Batten,Manmade Panels,72.0,4,3,Individual footing,4.0,No Sunlight,Dry Wall,1468,Furnace,5,Yes,NM Cable,1468,0,1468,2,0,3,1,4,6,1,Gd,Attached,DryWall,3,898,3,Paved,210,0,0,0,No Fence,12,2009,Government-backed programs,Distress Sale,203024.0,N,Y,2021-12-09,8730060,"Wiekweg 13
72811 Dinkelsbühl",Rostock,Ecuador,margittaboucsein@googlemail.com,Unknown,Bremen,43795,12.0,2021-02-24,3.3,2021-02-24,3.3
285,VacHomeClass-12,VacHomeZone-1,50.0,8012,Cobblestone,Gravel,Pie,Flat,Trash|Gas|Water|Electricity,Interior lot,No Slope,RNH 21,Proximity to School,SingleFamilyHome,Contemporary,6,5,1993,2000,Gable,Rolled Roofing,Brick,Manmade Stone,0.0,4,3,Individual footing,4.0,No Sunlight,ZenWall Panels,1575,Furnace,4,Yes,NM Cable,1575,0,1575,2,0,2,1,4,5,0,,Attached,Wood Sheathing,2,529,3,Paved,0,0,0,0,No Fence,7,2007,Down payment assistance,Regular,148742.0,Y,Y,2021-07-16,88233437,"Junckplatz 035
38755 Duderstadt",Schmölln,Fidschi,benthinpietro@peukert.de,Unknown,Rheinland-Pfalz,56555,91.0,2021-02-10,4.7,2021-02-10,4.7
286,VacHomeClass-13,VacHomeZone-5,35.0,4251,Cobblestone,Cobblestone,Reverse Pie,Flat,Trash|Gas|Water|Electricity,Interior lot,No Slope,RNH 22,Proximity to School,SingleFamilyHome,Bungalow,7,5,2007,2015,Gable,Rolled Roofing,Log Wood,Manmade Stone,0.0,4,3,Individual footing,4.0,No Sunlight,Dry Wall,625,Furnace,5,Yes,NM Cable,625,625,1250,2,1,2,1,4,5,0,,Detached,Wood Sheathing,2,528,3,Paved,0,0,0,0,No Fence,6,2007,Government-backed programs,Distress Sale,136707.0,N,Y,2021-08-27,14722547,"Hettnerstraße 6
65180 Grimma",Schmölln,Palästinensische Gebiete,cemilmuehle@web.de,F,Sachsen-Anhalt,58884,87.0,2021-10-06,3.6,2021-10-06,3.6
287,VacHomeClass-5,VacHomeZone-1,77.0,9786,Cobblestone,Gravel,Reverse Pie,Slope,Trash|Gas|Water|Electricity,Interior lot,No Slope,NAmes,Proximity to School,Apartment,Craftsman,6,7,1964,1990,Gable,Rolled Roofing,Wood Shingle,Manmade Stone,0.0,3,3,Combined footing,3.0,No Sunlight,Foamax,912,Furnace,3,Yes,NM Cable,1085,649,1734,1,1,3,1,4,7,1,Gd,Attached,Wood Sheathing,2,440,3,Paved,0,0,0,0,Composite Fences,6,2006,Down payment assistance,Regular,131976.0,N,Y,2021-11-21,61428362,"Deborah-Kusch-Platz 10
91127 Ueckermünde",Saulgau,Kongo,dennyrosemann@aol.de,M,Bremen,19449,32.0,2021-03-07,3.6,2021-03-07,3.6
288,VacHomeClass-1,VacHomeZone-1,,8125,Cobblestone,Gravel,Reverse Pie,Flat,Trash|Gas|Water|Electricity,Corner lot,No Slope,NAmes,Proximity to School,Apartment,Contemporary,4,4,1975,1976,Gable,Rolled Roofing,Horizontal Wood,Manmade Stone,0.0,3,3,Combined footing,3.0,No Sunlight,CleanSpace Wall System,858,Furnace,3,Yes,NM Cable,858,0,858,1,0,3,1,3,5,0,,No Garage,Unfinished,0,0,0,Paved,0,0,0,0,No Fence,6,2006,Down payment assistance,Regular,73046.0,N,N,2021-10-26,95619941,"Ekaterina-Schmiedecke-Platz 969
15816 Eberswalde",Schwäbisch Gmünd,Sonderverwaltungszone Hongkong,domenicoschmidtke@krein.de,F,Berlin,67685,47.0,2021-09-09,4.2,2021-09-09,4.2
289,VacHomeClass-1,VacHomeZone-1,,9819,Cobblestone,Gravel,Reverse Pie,Flat,Trash|Gas|Water|Electricity,Interior lot,No Slope,RNH 20,Proximity to School,Apartment,Contemporary,5,5,1972,1972,Gable,Rolled Roofing,Log Wood,Natural Stone,31.0,3,4,Combined footing,3.0,No Sunlight,CleanSpace Wall System,882,Furnace,3,Yes,NM Cable,900,0,900,1,0,3,1,3,5,0,,Detached,Metal Panels,1,280,3,Paved,0,0,0,0,Vinyl Fences,2,2010,Down payment assistance,Regular,101266.0,Y,N,2021-03-02,20281878,"Rudolphstr. 1
17773 Prenzlau",Güstrow,Swasiland,langernulf@aol.de,F,Rheinland-Pfalz,56132,73.0,2021-06-23,2.8,2021-06-23,2.8
290,VacHomeClass-7,VacHomeZone-1,60.0,8730,Cobblestone,Gravel,Pie,Flat,Trash|Gas|Water|Electricity,Interior lot,No Slope,RNH 4,Proximity to Restaurants,Apartment,Bungalow,6,7,1919,2006,Gable,Rolled Roofing,Wood Shingle,Manmade Stone,0.0,3,3,Strip foundation,3.0,No Sunlight,Dry Wall,698,Furnace,5,Yes,Underground Feeder Cable,698,698,1396,1,0,3,1,3,7,0,,Detached,Metal Panels,1,384,3,Paved,0,0,0,0,No Fence,7,2007,Down payment assistance,Regular,127473.25,Y,N,2021-06-22,6672997,"Christina-Liebelt-Ring 9
87836 Stollberg",Wernigerode,Portugal,iliaswohlgemut@roerricht.com,M,Sachsen,31372,56.0,2021-05-03,2.3,2021-05-03,2.3
291,VacHomeClass-6,VacHomeZone-1,120.0,15611,Cobblestone,Gravel,Pie,Flat,Trash|Gas|Water|Electricity,Interior lot,No Slope,RNH 6,Proximity to School,Apartment,Bungalow,8,5,2011,2012,Gable,Rolled Roofing,Board Batten,Manmade Stone,0.0,4,3,Individual footing,4.0,Large Windows,Dry Wall,1079,Furnace,5,Yes,NM Cable,1079,840,1919,2,1,3,1,4,8,1,Gd,Attached,Wood Sheathing,2,685,4,Paved,0,0,0,0,No Fence,7,2006,Government-backed programs,Distress Sale,193586.9,N,Y,2021-08-26,6871451,"Ekrem-Binner-Weg 8
04094 Hainichen",Zeulenroda,Singapur,florencemitschke@web.de,M,Nordrhein-Westfalen,94043,5.0,2021-12-20,2.7,2021-12-20,2.7
292,VacHomeClass-15,VacHomeZone-1,55.0,5687,Cobblestone,Concrete,Pie,Slope,Trash|Gas|Water|Electricity,Interior lot,No Slope,RNH 19,Proximity to School,Condo,Bungalow,5,6,1914,2006,Gable,Rolled Roofing,Board Batten,Manmade Stone,0.0,3,2,Individual footing,3.0,No Sunlight,Foamax,780,Furnace,5,No,NM Cable,936,780,1716,2,0,6,1,2,9,0,,No Garage,Unfinished,0,0,0,Only Gravel,0,0,0,0,No Fence,3,2008,Down payment assistance,Regular,112803.0,Y,N,2021-04-27,55988551,"Harm-Misicher-Platz 48
02470 Lüdinghausen",Auerbach,Georgien,eddamargraf@web.de,Unknown,Niedersachsen,98882,75.0,2021-05-16,4.6,2021-05-16,4.6
293,VacHomeClass-5,VacHomeZone-1,60.0,11409,Cobblestone,Gravel,Pie,Flat,Trash|Gas|Water|Electricity,Interior lot,No Slope,RNH 8,Proximity to School,Apartment,Craftsman,5,4,1951,2014,Gable,Rolled Roofing,Wood Shingle,Manmade Stone,0.0,3,3,Combined footing,3.0,No Sunlight,Basement to Beautiful Panels,768,Furnace,4,Yes,NM Cable,1148,568,1716,1,1,3,1,3,8,1,Gd,Attached,Metal Panels,1,281,3,Paved,0,0,0,0,No Fence,1,2009,Down payment assistance,Regular,108736.0,Y,Y,2021-09-02,18650976,"Dragica-Ackermann-Allee 0/7
86646 Rosenheim",Starnberg,Amerikanisch-Samoa,ingeborg40@googlemail.com,F,Schleswig-Holstein,41078,43.0,2021-11-10,4.6,2021-11-10,4.6
294,VacHomeClass-6,VacHomeZone-1,,16659,Cobblestone,Gravel,Reverse Pie,Flat,Trash|Gas|Water|Electricity,Corner lot,No Slope,RNH 17,Proximity to Mall,Apartment,Bungalow,7,7,1981,1999,Gable,Rolled Roofing,Brick,Natural Stone,34.0,3,3,Combined footing,3.0,No Sunlight,BrightWall Paneling,795,Furnace,2,Yes,NM Cable,1468,795,2263,2,1,3,1,4,9,1,TA,Attached,DryWall,2,539,3,Paved,0,0,0,0,No Fence,3,2006,Down payment assistance,Regular,195056.0,N,N,2021-07-17,51309077,"Irene-Rose-Straße 883
57800 Griesbach Rottal",Lörrach,Monaco,nstaude@googlemail.com,M,Sachsen,40327,30.0,2021-10-11,2.3,2021-10-11,2.3
295,VacHomeClass-1,VacHomeZone-1,80.0,9600,Cobblestone,Gravel,Pie,Flat,Trash|Gas|Water|Electricity,Interior lot,No Slope,NAmes,Proximity to School,Apartment,Contemporary,6,5,1958,1961,Sawtooth,Rolled Roofing,Horizontal Wood,Manmade Panels,238.0,3,3,Combined footing,3.0,No Sunlight,ZenWall Panels,1416,Furnace,3,Yes,NM Cable,1644,0,1644,1,0,3,1,3,7,2,Gd,Attached,DryWall,2,418,3,Paved,110,0,0,0,No Fence,10,2009,Down payment assistance,Regular,138616.0,Y,Y,2021-05-11,31646307,"Herrmannallee 0
37679 Bad Mergentheim",Cottbus,Nördliche Marianen,pullrich@web.de,F,Schleswig-Holstein,56222,31.0,2021-06-20,2.9,2021-06-20,2.9
296,VacHomeClass-9,VacHomeZone-1,37.0,7937,Cobblestone,Gravel,Reverse Pie,Flat,Trash|Gas|Water|Electricity,Cul-de-sac,No Slope,RNH 12,Proximity to School,Apartment,Spanish,6,6,1989,1989,Gable,Rolled Roofing,Horizontal Wood,Manmade Stone,0.0,3,3,Combined footing,3.0,Large Windows,ZenWall Panels,1003,Furnace,3,Yes,NM Cable,1003,0,1003,1,0,3,1,3,6,0,,Detached,Metal Panels,2,588,3,Paved,120,0,0,0,Composite Fences,3,2006,Down payment assistance,Regular,118281.0,N,Y,2021-01-11,28683629,"Viktoria-Junken-Gasse 2
94034 Göttingen",Bischofswerda,Kanada,christeljaentsch@schuster.com,F,Berlin,87594,54.0,2021-10-03,1.6,2021-10-03,1.6
297,VacHomeClass-5,VacHomeZone-2,75.0,13710,Cobblestone,Gravel,Pie,Flat,Trash|Gas|Water|Electricity,Interior lot,No Slope,RNH 10,Proximity to School,Apartment,Craftsman,5,5,1954,1955,Gable,Rolled Roofing,Wood Shingle,Manmade Stone,0.0,3,3,Combined footing,3.0,No Sunlight,CleanSpace Wall System,910,Furnace,3,Yes,Underground Feeder Cable,910,648,1558,1,1,4,1,3,6,0,,Attached,Metal Panels,1,282,3,Paved,289,0,0,0,Vinyl Fences,6,2007,Down payment assistance,Regular,126166.0,Y,N,2021-08-28,28616733,"Riehlweg 2
09966 Wittenberg",Zerbst,Jersey,moritz83@hentschel.de,F,Schleswig-Holstein,56335,51.0,2021-01-13,2.1,2021-01-13,2.1
298,VacHomeClass-6,VacHomeZone-5,66.0,7399,Cobblestone,Cobblestone,Reverse Pie,Flat,Trash|Gas|Water|Electricity,Interior lot,No Slope,RNH 22,Proximity to School,Apartment,Bungalow,7,5,1999,2004,Sawtooth,Rolled Roofing,Board Batten,Natural Stone,1600.0,4,3,Individual footing,4.0,No Sunlight,CleanSpace Wall System,975,Furnace,5,Yes,NM Cable,975,975,1950,2,1,3,1,4,7,1,TA,Detached,Wood Sheathing,2,576,3,Paved,0,0,0,0,No Fence,6,2007,Down payment assistance,Regular,198376.0,N,N,2021-12-04,58151884,"Rosita-Tschentscher-Platz 1/9
93265 Wanzleben",Eckernförde,Myanmar,loewerjonathan@hotmail.de,Unknown,Thüringen,15309,5.0,2021-12-05,2.5,2021-12-05,2.5
299,VacHomeClass-6,VacHomeZone-1,90.0,11700,Cobblestone,Gravel,Pie,Flat,Trash|Gas|Water|Electricity,Interior lot,No Slope,RNH 17,Proximity to School,Apartment,Bungalow,6,6,1970,1973,Colonial,Rolled Roofing,Horizontal Wood,Natural Stone,365.0,4,3,Combined footing,3.0,No Sunlight,BrightWall Paneling,702,Furnace,4,Yes,NM Cable,1041,702,1743,1,2,3,1,3,7,1,Gd,Attached,Metal Panels,2,539,3,Paved,224,0,0,0,No Fence,6,2007,Down payment assistance,Regular,145256.0,N,Y,2021-02-05,30946835,"Trudel-Speer-Ring 868
88996 Bad Freienwalde",Bautzen,Guinea,ehornich@yahoo.de,F,Nordrhein-Westfalen,75661,83.0,2021-01-23,2.3,2021-01-23,2.3
300,VacHomeClass-1,VacHomeZone-1,80.0,14000,Cobblestone,Gravel,Pie,Flat,Trash|Gas|Water|Electricity,Interior lot,No Slope,RNH 7,Proximity to School,Apartment,Contemporary,6,8,1952,2007,Gable,Rolled Roofing,Horizontal Wood,Manmade Stone,0.0,3,4,Combined footing,3.0,No Sunlight,Dry Wall,1092,Furnace,5,Yes,NM Cable,1152,0,1152,1,0,3,1,4,6,1,Gd,Attached,Metal Panels,1,300,3,Paved,0,0,0,0,Composite Fences,8,2009,Down payment assistance,Foreclosure,131561.0,Y,N,2021-01-26,21484469,"Römergasse 7/3
28898 Parsberg",Neustadt am Rübenberge,Mayotte,heinz-georg87@knappe.org,Unknown,Nordrhein-Westfalen,31388,15.0,2021-08-26,3.9,2021-08-26,3.9
301,VacHomeClass-15,VacHomeZone-1,90.0,15750,Cobblestone,Gravel,Pie,Flat,Trash|Gas|Water|Electricity,Corner lot,No Slope,RNH 7,Proximity to School,Condo,Contemporary,5,5,1954,1960,Sawtooth,Rolled Roofing,Log Wood,Natural Stone,56.0,3,3,Combined footing,3.0,Small Windows,CleanSpace Wall System,1165,Furnace,3,Yes,NM Cable,1336,0,1336,1,0,2,1,3,5,2,Gd,Attached,Metal Panels,1,375,3,Paved,0,0,0,0,No Fence,6,2006,Down payment assistance,Regular,130316.0,Y,N,2021-11-18,82086688,"Rosenowstr. 694
40481 Gardelegen",Deggendorf,El Salvador,laila20@holsten.de,M,Sachsen,74527,3.0,2021-02-03,3.5,2021-02-03,3.5
302,VacHomeClass-6,VacHomeZone-1,66.0,16226,Cobblestone,Gravel,Irregular Lots,Flat,Trash|Gas|Water|Electricity,Interior lot,No Slope,RNH 6,Proximity to School,Apartment,Bungalow,8,5,2002,2006,Gable,Rolled Roofing,Board Batten,Manmade Stone,0.0,4,3,Individual footing,4.0,No Sunlight,ZenWall Panels,1028,Furnace,5,Yes,NM Cable,1210,1242,2452,2,1,4,1,4,9,1,TA,Breezeway,DryWall,2,683,3,Paved,208,0,0,0,No Fence,5,2007,Down payment assistance,Regular,221616.0,N,N,2021-05-11,82390365,"Zirmering 3
54952 Altentreptow",Eichstätt,Bouvetinsel,hans-j42@klemt.net,M,Bayern,92297,8.0,2021-06-09,4.0,2021-06-09,4.0
303,VacHomeClass-1,VacHomeZone-1,118.0,13704,Cobblestone,Gravel,Reverse Pie,Flat,Trash|Gas|Water|Electricity,Corner lot,No Slope,RNH 6,Proximity to School,Apartment,Contemporary,7,5,2002,2008,Gable,Rolled Roofing,Board Batten,Natural Stone,150.0,4,3,Individual footing,4.0,No Sunlight,Dry Wall,1541,Furnace,5,Yes,NM Cable,1541,0,1541,2,0,3,1,4,6,1,TA,Attached,Wood Sheathing,3,843,3,Paved,468,0,0,0,No Fence,1,2006,Down payment assistance,Regular,170156.0,Y,Y,2021-11-09,27993484,"Köhlerallee 7/8
49140 Perleberg",Badalzungen,Luxemburg,alexei66@aol.de,F,Berlin,78574,75.0,2021-09-03,4.9,2021-09-03,4.9
304,VacHomeClass-1,VacHomeZone-1,70.0,9800,Cobblestone,Gravel,Pie,Flat,Trash|Gas|Water|Electricity,Corner lot,No Slope,RNH 6,Proximity to School,Apartment,Contemporary,5,7,1974,1978,Gable,Rolled Roofing,Board Batten,Manmade Stone,0.0,3,3,Individual footing,3.0,No Sunlight,BrightWall Paneling,894,Furnace,3,Yes,NM Cable,894,0,894,1,0,3,1,3,5,0,,Attached,Metal Panels,2,552,3,Paved,256,0,0,0,Wood Fences,7,2006,Down payment assistance,Shortsale,124423.0,Y,Y,2021-03-15,46654038,"Textorstr. 6/2
86719 Greiz",Freising,Lesotho,suessebierliliane@web.de,F,Brandenburg,79839,34.0,2021-06-26,4.4,2021-06-26,4.4
305,VacHomeClass-8,VacHomeZone-2,87.0,18386,Cobblestone,Gravel,Pie,Flat,Trash|Gas|Water|Electricity,Interior lot,No Slope,RNH 18,Proximity to School,Apartment,Ranch,7,9,1885,2010,Gable,Rolled Roofing,Metal,Manmade Stone,0.0,3,3,Strip foundation,3.0,No Sunlight,Dry Wall,1470,Furnace,5,Yes,NM Cable,1675,1818,3493,3,0,3,1,4,10,1,Ex,Attached,Metal Panels,3,870,3,Paved,302,0,0,0,No Fence,5,2008,Down payment assistance,Regular,244856.0,N,N,2021-03-25,7435379,"Franz-Xaver-Mans-Ring 881
46768 Soest",Chemnitz,Palau,upieper@gmail.com,Unknown,Baden-Württemberg,53845,42.0,2021-10-01,4.3,2021-10-01,4.3
306,VacHomeClass-1,VacHomeZone-1,80.0,10386,Cobblestone,Gravel,Pie,Flat,Trash|Gas|Water|Electricity,Interior lot,No Slope,RNH 6,Proximity to School,Apartment,Contemporary,8,5,2007,2012,Gable,Rolled Roofing,Metal,Manmade Panels,246.0,4,3,Individual footing,4.0,No Sunlight,ZenWall Panels,2000,Furnace,5,Yes,NM Cable,2000,0,2000,2,0,3,1,4,8,0,,Attached,DryWall,3,888,3,Paved,168,0,0,0,No Fence,7,2007,Down payment assistance,Regular,253903.0,N,N,2021-01-17,70852288,"Hermannstr. 7
88118 Schwerin",Rochlitz,Guadeloupe,marita63@davids.org,F,Thüringen,12352,84.0,2021-05-11,3.0,2021-05-11,3.0
307,VacHomeClass-6,VacHomeZone-1,116.0,13474,Cobblestone,Gravel,Pie,Flat,Trash|Gas|Water|Electricity,Interior lot,No Slope,RNH 21,Proximity to Hospital,Apartment,Bungalow,7,5,1994,2001,Gable,Rolled Roofing,Horizontal Wood,Natural Stone,246.0,4,3,Combined footing,4.0,No Sunlight,BrightWall Paneling,700,Furnace,4,Yes,NM Cable,1122,1121,2243,2,1,4,1,4,8,1,TA,Attached,Wood Sheathing,3,746,3,Paved,127,0,0,0,No Fence,6,2007,Down payment assistance,Regular,186756.0,Y,N,2021-09-05,17505260,"Barkholzplatz 41
84600 Erbisdorf",Eutin,Philippinen,cristina32@heinz.com,M,Bayern,87608,95.0,2021-01-18,1.2,2021-01-18,1.2
308,VacHomeClass-5,VacHomeZone-2,,7920,Cobblestone,Concrete,Reverse Pie,Flat,Trash|Gas|Water|Electricity,Interior lot,No Slope,RNH 10,Proximity to Gym,Apartment,Craftsman,6,7,1923,1953,Gable,Rolled Roofing,Log Wood,Manmade Stone,0.0,3,2,Combined footing,3.0,No Sunlight,Dry Wall,319,Furnace,3,Yes,Underground Feeder Cable,1035,371,1406,1,0,3,1,2,6,0,,No Garage,Unfinished,0,0,0,Only Gravel,0,0,0,0,Vinyl Fences,3,2008,Down payment assistance,Regular,74291.0,N,N,2021-11-26,82705473,"Radischring 0/7
84639 Zossen",Kusel,Amerikanisch-Ozeanien,benscholtz@gmail.com,F,Nordrhein-Westfalen,10120,32.0,2021-05-16,1.4,2021-05-16,1.4
309,VacHomeClass-2,VacHomeZone-1,,12342,Cobblestone,Gravel,Reverse Pie,Flat,Trash|Gas|Water|Electricity,Interior lot,No Slope,RNH 8,Proximity to School,Apartment,Contemporary,4,5,1943,1957,Gable,Rolled Roofing,Board Batten,Manmade Stone,0.0,3,3,Combined footing,3.0,No Sunlight,CleanSpace Wall System,861,Furnace,5,Yes,NM Cable,861,0,861,1,0,1,1,3,4,0,,Detached,Metal Panels,2,539,3,Paved,158,0,0,0,No Fence,3,2009,Down payment assistance,Regular,68481.0,Y,Y,2021-12-30,5283545,"Briemerweg 91
03416 Osterode am Harz",Hainichen,Bhutan,walburgaschulz@klemt.com,F,Saarland,13706,5.0,2021-09-12,1.2,2021-09-12,1.2
310,VacHomeClass-1,VacHomeZone-1,90.0,12378,Cobblestone,Gravel,Reverse Pie,Flat,Trash|Gas|Water|Electricity,Interior lot,No Slope,RNH 16,Proximity to School,Apartment,Contemporary,9,5,2005,2011,Gable,Rolled Roofing,Board Batten,Manmade Stone,0.0,4,3,Individual footing,5.0,French Doors,ZenWall Panels,1896,Furnace,5,Yes,NM Cable,1944,0,1944,2,0,3,1,5,8,3,Ex,Attached,DryWall,3,708,3,Paved,208,0,0,0,No Fence,11,2006,Down payment assistance,Regular,298806.0,N,Y,2021-07-22,12514809,"Bruni-Mosemann-Ring 4
07567 Neuruppin",Germersheim,Paraguay,freddy53@schuster.org,Unknown,Rheinland-Pfalz,59658,2.0,2021-01-25,4.3,2021-01-25,4.3
311,VacHomeClass-6,VacHomeZone-1,,7685,Cobblestone,Gravel,Reverse Pie,Flat,Trash|Gas|Water|Electricity,Interior lot,No Slope,RNH 9,Proximity to School,Apartment,Bungalow,6,5,1995,1999,Gable,Rolled Roofing,Horizontal Wood,Natural Stone,112.0,3,3,Individual footing,4.0,No Sunlight,BrightWall Paneling,697,Furnace,4,Yes,NM Cable,697,804,1501,2,1,3,1,4,6,1,TA,Attached,DryWall,2,420,3,Paved,190,0,0,0,No Fence,5,2006,Down payment assistance,Regular,137454.0,Y,N,2021-01-30,28339625,"Lotte-Zorbach-Straße 0
31803 Kitzingen",Vilsbiburg,Somalia,geisslerirmingard@gmx.de,M,Bremen,7197,26.0,2021-08-25,4.8,2021-08-25,4.8
312,VacHomeClass-1,VacHomeZone-1,50.0,8000,Cobblestone,Gravel,Pie,Flat,Trash|Gas|Water|Electricity,Interior lot,No Slope,NAmes,Proximity to School,Apartment,Contemporary,6,6,1949,2007,Gable,Rolled Roofing,Board Batten,Manmade Stone,0.0,3,4,Combined footing,3.0,No Sunlight,BrightWall Paneling,972,Furnace,5,Yes,NM Cable,972,0,972,1,0,2,1,3,5,1,Gd,Detached,Metal Panels,1,240,3,Paved,0,0,0,0,No Fence,5,2009,Down payment assistance,Regular,109566.0,N,N,2021-12-23,23964402,"Valentine-Köhler-Straße 196
78951 Soltau",Mettmann,Guyana,ekremstumpf@thanel.net,F,Saarland,41618,59.0,2021-12-24,2.7,2021-12-24,2.7
313,VacHomeClass-15,VacHomeZone-2,65.0,7800,Cobblestone,Gravel,Pie,Flat,Trash|Gas|Water|Electricity,Interior lot,No Slope,RNH 18,Proximity to Gym,Condo,Craftsman,5,7,1944,1960,Gable,Rolled Roofing,Log Wood,Manmade Stone,0.0,3,3,Combined footing,4.0,Small Windows,Foamax,793,Furnace,3,Yes,NM Cable,793,325,1118,1,0,3,1,3,5,1,Gd,Detached,Metal Panels,2,410,3,Paved,0,0,0,0,Vinyl Fences,5,2006,Down payment assistance,Regular,99523.0,N,Y,2021-03-18,12611362,"Dietmar-Etzler-Weg 9
42980 Herzberg",Düren,St. Martin,ugeisel@wulf.de,Unknown,Nordrhein-Westfalen,85237,34.0,2021-03-16,3.9,2021-03-16,3.9
314,VacHomeClass-1,VacHomeZone-1,150.0,215245,Cobblestone,Gravel,Irregular Lots,Low Level,Trash|Gas|Water|Electricity,Interior lot,Severe Slope,RNH 24,Proximity to School,Apartment,Contemporary,7,5,1966,1971,Sawtooth,Rolled Roofing,Vertical Wood,Manmade Stone,0.0,3,3,Combined footing,4.0,French Doors,BrightWall Paneling,2136,Boiler,3,Yes,NM Cable,2036,0,2036,2,0,3,1,3,8,2,Gd,Attached,Wood Sheathing,2,513,3,Paved,0,0,0,0,No Fence,6,2009,Down payment assistance,Regular,311256.0,Y,Y,2021-09-23,81664955,"Roderich-Gutknecht-Ring 8/3
17536 Backnang",Kitzingen,Mauritius,eva-marie56@hendriks.com,Unknown,Hessen,57371,57.0,2021-02-09,1.5,2021-02-09,1.5
315,VacHomeClass-7,VacHomeZone-2,60.0,9600,Cobblestone,Concrete,Pie,Flat,Trash|Gas|Water|Electricity,Interior lot,No Slope,RNH 18,Proximity to School,Apartment,Bungalow,7,7,1926,1997,Gable,Rolled Roofing,Wood Shingle,Manmade Stone,0.0,3,3,Strip foundation,3.0,No Sunlight,Basement to Beautiful Panels,728,Furnace,5,Yes,NM Cable,832,809,1641,1,1,3,1,5,6,1,Gd,Detached,Metal Panels,2,546,2,Paved,0,0,0,0,No Fence,8,2006,Down payment assistance,Regular,147746.0,N,Y,2021-12-23,25225266,"Haeringallee 592
43106 Warendorf",Eilenburg,Guadeloupe,heinz-walterwalter@weimer.net,F,Hamburg,38706,92.0,2021-05-06,4.5,2021-05-06,4.5
316,VacHomeClass-6,VacHomeZone-1,71.0,7795,Cobblestone,Gravel,Reverse Pie,Flat,Trash|Gas|Water|Electricity,Interior lot,No Slope,RNH 9,Proximity to School,Apartment,Bungalow,7,5,2007,2011,Gable,Rolled Roofing,Board Batten,Manmade Stone,0.0,4,3,Individual footing,4.0,No Sunlight,ZenWall Panels,716,Furnace,5,Yes,NM Cable,716,716,1432,2,1,3,1,4,6,1,Gd,Attached,DryWall,2,432,3,Paved,100,0,0,0,No Fence,7,2009,Down payment assistance,Regular,156461.0,Y,N,2021-05-16,87631593,"Theodoros-Krein-Platz 5/2
07431 Sankt Goar",Niesky,Gabun,van-der-dussenreingard@hotmail.de,M,Mecklenburg-Vorpommern,93480,41.0,2021-04-10,1.8,2021-04-10,1.8
317,VacHomeClass-6,VacHomeZone-1,94.0,13005,Cobblestone,Gravel,Reverse Pie,Flat,Trash|Gas|Water|Electricity,Corner lot,No Slope,RNH 17,Proximity to School,Apartment,Bungalow,7,7,1982,1990,Gable,Rolled Roofing,Metal,Natural Stone,278.0,4,3,Combined footing,4.0,No Sunlight,ZenWall Panels,845,Furnace,3,Yes,NM Cable,1153,1200,2353,2,1,4,1,5,10,1,TA,Attached,Wood Sheathing,2,484,3,Paved,288,0,0,0,Composite Fences,8,2009,Down payment assistance,Regular,215806.0,Y,N,2021-08-23,78972766,"Susana-Döhn-Gasse 88
87672 Hammelburg",Waren,Chile,wjunck@yahoo.de,M,Schleswig-Holstein,99548,76.0,2021-01-18,2.5,2021-01-18,2.5
318,VacHomeClass-6,VacHomeZone-5,75.0,9000,Cobblestone,Gravel,Pie,Flat,Trash|Gas|Water|Electricity,Interior lot,No Slope,RNH 22,Proximity to School,Apartment,Bungalow,8,5,2009,2015,Gable,Rolled Roofing,Board Batten,Manmade Stone,0.0,4,3,Individual footing,4.0,Large Windows,Dry Wall,1088,Furnace,5,Yes,NM Cable,1088,871,1959,2,1,3,1,4,8,1,Gd,Attached,Wood Sheathing,3,1025,3,Paved,208,0,0,0,No Fence,12,2007,Down payment assistance,Regular,224106.0,Y,N,2021-06-08,46822697,"Frauke-Haase-Platz 87
23966 Erding",Sankt Goar,Dänemark,muellermiguel@kensy.de,M,Brandenburg,49860,87.0,2021-02-01,2.8,2021-02-01,2.8
319,VacHomeClass-6,VacHomeZone-1,90.0,9900,Cobblestone,Gravel,Pie,Low Level,Trash|Gas|Water|Electricity,Interior lot,Little Slope,RNH 14,Proximity to School,Apartment,Bungalow,7,5,1998,1995,Gable,Rolled Roofing,Horizontal Wood,Natural Stone,256.0,4,3,Individual footing,4.0,French Doors,ZenWall Panels,1347,Furnace,5,Yes,NM Cable,1372,1274,2646,2,1,4,1,4,9,1,TA,Attached,Wood Sheathing,3,656,3,Paved,340,0,0,0,No Fence,4,2009,Down payment assistance,Regular,215806.0,N,N,2021-06-30,4555131,"Ehlertplatz 631
43489 Emmendingen",Mühlhausen,Belgien,reutergudrun@web.de,M,Sachsen-Anhalt,28826,34.0,2021-05-15,2.3,2021-05-15,2.3
320,VacHomeClass-9,VacHomeZone-1,,14115,Cobblestone,Gravel,Pie,Flat,Trash|Gas|Water|Electricity,Interior lot,No Slope,RNH 17,Proximity to School,Apartment,Spanish,7,5,1982,1983,Gable,Rolled Roofing,Brick,Natural Stone,225.0,3,3,Combined footing,4.0,Large Windows,ZenWall Panels,1372,Furnace,3,Yes,NM Cable,1472,0,1472,2,0,3,1,3,6,2,TA,Attached,Metal Panels,2,588,3,Paved,233,0,0,0,No Fence,6,2009,Down payment assistance,Regular,155631.0,N,Y,2021-04-10,43581955,"Friedrich-Wilhelm-Wulff-Ring 6/7
05051 Schwandorf",Düren,St. Lucia,lissyatzler@schleich.org,Unknown,Nordrhein-Westfalen,38901,6.0,2021-04-08,3.4,2021-04-08,3.4
321,VacHomeClass-6,VacHomeZone-1,111.0,16259,Cobblestone,Gravel,Pie,Flat,Trash|Gas|Water|Electricity,Corner lot,No Slope,RNH 16,Proximity to School,Apartment,Bungalow,9,5,2011,2010,Gable,Rolled Roofing,Board Batten,Manmade Panels,370.0,3,3,Individual footing,5.0,Large Windows,Dry Wall,1249,Furnace,5,Yes,NM Cable,1249,1347,2596,3,1,4,1,4,9,0,,Attached,Wood Sheathing,3,840,3,Paved,240,0,0,0,No Fence,9,2006,Government-backed programs,Distress Sale,284399.69,N,Y,2021-08-23,65364321,"Hübelring 2/2
71175 Dessau",Husum,Heard- und McDonald-Inseln,hoelzenbechermarianna@aol.de,M,Berlin,56022,60.0,2021-07-20,4.4,2021-07-20,4.4
322,VacHomeClass-6,VacHomeZone-1,99.0,12099,Cobblestone,Gravel,Reverse Pie,Flat,Trash|Gas|Water|Electricity,Interior lot,No Slope,RNH 16,Proximity to School,Apartment,Bungalow,8,5,2005,2014,Gable,Rolled Roofing,Board Batten,Natural Stone,388.0,4,3,Individual footing,5.0,Large Windows,ZenWall Panels,1136,Furnace,5,Yes,NM Cable,1136,1332,2468,2,1,4,1,4,10,1,Gd,Breezeway,DryWall,3,872,3,Paved,184,0,0,0,No Fence,6,2007,Down payment assistance,Regular,293826.0,Y,N,2021-05-03,6712709,"Henry-Lehmann-Straße 53
49464 Chemnitz",Apolda,Honduras,claire99@web.de,F,Sachsen,18932,30.0,2021-07-07,3.3,2021-07-07,3.3
323,VacHomeClass-6,VacHomeZone-1,86.0,10380,Cobblestone,Gravel,Reverse Pie,Flat,Trash|Gas|Water|Electricity,Interior lot,No Slope,RNH 21,Proximity to School,Apartment,Bungalow,7,5,1991,1992,Gable,Rolled Roofing,Brick,Natural Stone,172.0,4,3,Combined footing,3.0,French Doors,Basement to Beautiful Panels,1502,Furnace,5,Yes,NM Cable,1553,1177,2730,2,1,4,1,4,8,1,TA,Attached,DryWall,2,576,3,Paved,201,0,0,0,Vinyl Fences,8,2007,Down payment assistance,Regular,249836.0,Y,Y,2021-07-16,80902621,"Butteweg 9
71991 Witzenhausen",Pasewalk,St. Barthélemy,ahenk@googlemail.com,M,Saarland,98612,66.0,2021-01-18,3.8,2021-01-18,3.8
324,VacHomeClass-1,VacHomeZone-2,49.0,5820,Cobblestone,Gravel,Pie,Flat,Trash|Gas|Water|Electricity,Interior lot,No Slope,RNH 18,Proximity to School,Apartment,Contemporary,3,8,1959,2014,Gable,Rolled Roofing,Board Batten,Manmade Stone,0.0,3,4,Combined footing,3.0,No Sunlight,BrightWall Paneling,1162,Furnace,5,Yes,NM Cable,1163,0,1163,1,0,3,1,3,6,0,,Attached,Metal Panels,1,220,2,Paved,142,0,0,0,No Fence,7,2006,Down payment assistance,Regular,104731.25,Y,N,2021-03-05,42090892,"Heidrichplatz 72
30304 Querfurt",Karlsruhe,Salomonen,guntherdietz@klapp.org,F,Hessen,83154,9.0,2021-01-29,1.7,2021-01-29,1.7
325,VacHomeClass-9,VacHomeZone-1,96.0,11275,Cobblestone,Gravel,Pie,Flat,Trash|Gas|Water|Electricity,Corner lot,No Slope,NAmes,Proximity to Park,Apartment,Spanish,7,7,1968,2011,Colonial,Asphalt Shingles,Wood Shingle,Natural Stone,300.0,4,4,Combined footing,4.0,No Sunlight,Dry Wall,710,Furnace,5,Yes,NM Cable,1898,1080,2978,2,1,5,1,4,11,1,Gd,Breezeway,DryWall,2,564,3,Paved,240,0,0,0,No Fence,6,2010,Down payment assistance,Regular,200866.0,Y,N,2021-05-25,34302057,"Hornichstraße 37
12847 Melle",Bernburg,Niederländische Antillen,rkroker@gmx.de,M,Mecklenburg-Vorpommern,65462,49.0,2021-07-12,4.0,2021-07-12,4.0
326,VacHomeClass-4,VacHomeZone-2,50.0,5000,Cobblestone,Gravel,Pie,Flat,Trash|Gas|Water|Electricity,Interior lot,No Slope,RNH 10,Proximity to Dance Club,Apartment,Colonial,5,6,1944,1959,Gable,Rolled Roofing,Log Wood,Manmade Stone,0.0,3,3,Combined footing,3.0,Large Windows,CleanSpace Wall System,720,Furnace,1,No,Armored Cable,803,0,803,1,0,2,1,3,5,0,,Detached,Metal Panels,2,360,3,Paved,0,0,0,0,No Fence,12,2007,Down payment assistance,Regular,72216.0,Y,N,2021-09-10,18091144,"Alexandre-Döring-Gasse 10
49922 Saarlouis",Jülich,Nördliche Marianen,aloisia07@gerlach.de,F,Thüringen,57524,44.0,2021-12-23,4.7,2021-12-23,4.7
327,VacHomeClass-12,VacHomeZone-1,32.0,10846,Cobblestone,Gravel,Reverse Pie,Flat,Trash|Gas|Water|Electricity,Cul-de-sac,No Slope,RNH 25,Proximity to School,SingleFamilyHome,Contemporary,8,5,1997,2000,Gable,Rolled Roofing,Vertical Wood,Manmade Stone,0.0,4,3,Individual footing,4.0,French Doors,ZenWall Panels,1719,Furnace,5,Yes,NM Cable,1719,0,1719,1,1,1,1,4,6,2,Gd,Attached,DryWall,2,473,3,Paved,122,0,0,0,No Fence,5,2008,Gift,Regular,268926.0,Y,Y,2021-07-29,97937111,"Elzbieta-Geisel-Weg 4/3
91960 Melle",Schwäbisch Gmünd,Kroatien,juergen97@gmail.com,F,Hamburg,49402,36.0,2021-06-28,4.1,2021-06-28,4.1
328,VacHomeClass-1,VacHomeZone-1,80.0,11600,Cobblestone,Gravel,Pie,Flat,Trash|Gas|Water|Electricity,Interior lot,No Slope,NAmes,Proximity to School,Apartment,Contemporary,6,5,1964,1966,Sawtooth,Rolled Roofing,Wood Shingle,Natural Stone,175.0,3,3,Combined footing,3.0,No Sunlight,Foamax,1383,Furnace,3,Yes,NM Cable,1383,0,1383,1,1,3,1,3,7,0,,Attached,Wood Sheathing,1,292,3,Paved,0,0,0,0,No Fence,4,2006,Down payment assistance,Regular,120563.5,Y,Y,2021-10-20,74786343,"Domenico-Schmidtke-Ring 2/5
72531 Klötze",Dinslaken,Grenada,meikegrein-groth@web.de,F,Thüringen,3239,31.0,2021-02-03,1.3,2021-02-03,1.3
329,VacHomeClass-8,VacHomeZone-1,,11888,Cobblestone,Cobblestone,Reverse Pie,Slope,Trash|Gas|Water|Electricity,Interior lot,No Slope,RNH 4,Proximity to Park,Apartment,Modern,6,6,1920,1999,Gable,Rolled Roofing,Wood Shingle,Manmade Stone,0.0,3,3,Strip foundation,3.0,No Sunlight,Dry Wall,844,Furnace,4,No,Underground Feeder Cable,1445,689,2134,2,0,5,1,4,10,0,,Detached,Metal Panels,2,441,3,Paved,0,0,0,0,No Fence,7,2009,Down payment assistance,Regular,178041.0,N,Y,2021-02-01,41994221,"Karzgasse 026
63871 Soltau",Chemnitz,Gambia,ktextor@googlemail.com,F,Saarland,53062,22.0,2021-02-08,2.6,2021-02-08,2.6
330,VacHomeClass-7,VacHomeZone-2,60.0,6402,Cobblestone,Gravel,Pie,Flat,Trash|Gas|Water|Electricity,Corner lot,No Slope,RNH 10,Proximity to School,Apartment,Bungalow,5,5,1924,1956,Gable,Rolled Roofing,Wood Shingle,Manmade Stone,0.0,3,3,Individual footing,3.0,Small Windows,Dry Wall,596,Furnace,3,No,NM Cable,596,596,1192,1,0,3,1,3,6,0,,Detached,Metal Panels,1,189,2,Only Gravel,0,0,0,0,Wood Fences,7,2009,Down payment assistance,Regular,64746.0,N,Y,2021-01-18,12620661,"Ron-Jopich-Weg 420
85497 Aschaffenburg",Northeim,Svalbard und Jan Mayen,ybiggen@speer.com,F,Nordrhein-Westfalen,47723,32.0,2021-12-10,2.7,2021-12-10,2.7
331,VacHomeClass-11,VacHomeZone-1,,10624,Cobblestone,Gravel,Reverse Pie,Flat,Trash|Gas|Water|Electricity,Interior lot,No Slope,NAmes,Proximity to School,Townhome,Contemporary,5,4,1965,1970,Gable,Rolled Roofing,Horizontal Wood,Natural Stone,84.0,3,3,Combined footing,3.0,No Sunlight,ZenWall Panels,1728,Furnace,3,Yes,NM Cable,1728,0,1728,2,0,6,2,3,10,0,,Detached,Metal Panels,1,352,3,Paved,155,0,0,0,No Fence,11,2007,Down payment assistance,Regular,98776.0,N,Y,2021-05-22,45709845,"Folkert-Schinke-Platz 3
43006 Reutlingen",Flöha,Aserbaidschan,marvinsager@henschel.org,Unknown,Hessen,41595,48.0,2021-08-26,1.6,2021-08-26,1.6
332,VacHomeClass-1,VacHomeZone-1,70.0,8176,Cobblestone,Gravel,Pie,Flat,Trash|Gas|Water|Electricity,Interior lot,No Slope,NAmes,Proximity to School,Apartment,Contemporary,5,6,1959,1998,Gable,Rolled Roofing,Wood Shingle,Manmade Stone,0.0,3,3,Combined footing,3.0,No Sunlight,Foamax,1056,Furnace,2,Yes,NM Cable,1056,0,1056,1,0,3,1,3,6,0,,Attached,Wood Sheathing,1,308,3,Paved,0,0,0,0,No Fence,8,2007,Down payment assistance,Regular,115376.0,Y,Y,2021-11-08,10840719,"Süßebierweg 249
04811 Neustrelitz",Badalzungen,Äquatorialguinea,brunhilderoht@hotmail.de,Unknown,Sachsen,56761,46.0,2021-08-06,4.0,2021-08-06,4.0
333,VacHomeClass-1,VacHomeZone-1,85.0,10655,Cobblestone,Gravel,Reverse Pie,Flat,Trash|Gas|Water|Electricity,Interior lot,No Slope,RNH 16,Proximity to School,Apartment,Contemporary,8,5,2005,2008,Gable,Rolled Roofing,Board Batten,Natural Stone,296.0,4,3,Individual footing,4.0,No Sunlight,ZenWall Panels,3206,Furnace,5,Yes,NM Cable,1629,0,1629,2,0,3,1,4,7,1,Gd,Attached,Wood Sheathing,3,880,3,Paved,0,0,0,0,No Fence,10,2009,Down payment assistance,Regular,235726.0,N,N,2021-12-18,30757998,"Arnd-Gierschner-Gasse 9/6
25893 Mayen",Zossen,Ägypten,antoniotrub@hoffmann.de,M,Hessen,8036,31.0,2021-03-12,2.7,2021-03-12,2.7
334,VacHomeClass-12,VacHomeZone-2,59.0,8198,Cobblestone,Gravel,Pie,Flat,Trash|Gas|Water|Electricity,Key lot,No Slope,RNH 16,Proximity to School,SingleFamilyHome,Contemporary,7,5,2006,2012,Gable,Rolled Roofing,Board Batten,Manmade Panels,146.0,4,3,Individual footing,4.0,Large Windows,ZenWall Panels,1358,Furnace,5,Yes,NM Cable,1358,0,1358,2,0,2,1,4,6,1,Gd,Attached,Wood Sheathing,2,484,3,Paved,192,0,0,0,No Fence,7,2008,Down payment assistance,Regular,171816.0,N,N,2021-05-03,82633189,"Cäcilia-Dippel-Gasse 0/5
32299 Pößneck",Jülich,Bulgarien,hannesweimer@hotmail.de,Unknown,Nordrhein-Westfalen,40567,75.0,2021-03-27,2.4,2021-03-27,2.4
335,VacHomeClass-6,VacHomeZone-1,59.0,9042,Cobblestone,Gravel,Reverse Pie,Flat,Trash|Gas|Water|Electricity,Interior lot,No Slope,RNH 9,Proximity to School,Apartment,Bungalow,6,5,2002,2005,Gable,Rolled Roofing,Board Batten,Manmade Stone,0.0,3,3,Individual footing,4.0,French Doors,ZenWall Panels,943,Furnace,4,Yes,NM Cable,943,695,1638,2,1,3,1,3,7,2,TA,Attached,DryWall,2,472,3,Paved,100,0,0,0,No Fence,7,2008,Down payment assistance,Regular,159366.0,Y,Y,2021-07-03,42543701,"Rosalia-Schleich-Gasse 47
29958 Genthin",Potsdam,Andorra,taeschewieland@roerricht.net,F,Thüringen,13005,2.0,2021-12-29,3.5,2021-12-29,3.5
336,VacHomeClass-15,VacHomeZone-1,,164660,Concrete,Gravel,Reverse Pie,High Level,Trash|Gas|Water|Electricity,Corner lot,Severe Slope,RNH 24,Proximity to School,Condo,Craftsman,5,6,1967,1971,Gable,Rolled Roofing,Brick,Manmade Stone,0.0,3,3,Combined footing,3.0,French Doors,BrightWall Paneling,1499,Furnace,5,Yes,NM Cable,1619,167,1786,2,0,3,1,3,7,2,Gd,Attached,DryWall,2,529,3,Paved,670,0,0,0,No Fence,8,2008,Down payment assistance,Regular,190034.5,Y,N,2021-06-23,90219191,"Junkenring 105
72311 Greifswald",Uelzen,Bosnien und Herzegowina,steckelrahel@staude.com,F,Baden-Württemberg,48994,72.0,2021-06-18,1.8,2021-06-18,1.8
337,VacHomeClass-1,VacHomeZone-1,86.0,14157,Cobblestone,Gravel,Reverse Pie,High Level,Trash|Gas|Water|Electricity,Corner lot,No Slope,RNH 23,Proximity to School,Apartment,Contemporary,9,5,2008,2015,Sawtooth,Rolled Roofing,Board Batten,Manmade Panels,200.0,4,3,Individual footing,5.0,French Doors,ZenWall Panels,1922,Furnace,5,Yes,NM Cable,1922,0,1922,2,0,3,1,4,8,1,Gd,Attached,DryWall,3,676,3,Paved,178,0,0,0,No Fence,7,2007,Down payment assistance,Regular,313269.58,N,N,2021-07-22,16813151,"Nora-Eimer-Platz 76
43980 Klötze",Seelow,Botsuana,buttewolfhard@kabus.de,F,Rheinland-Pfalz,13562,72.0,2021-12-16,3.9,2021-12-16,3.9
338,VacHomeClass-1,VacHomeZone-1,70.0,9135,Cobblestone,Gravel,Pie,Flat,Trash|Gas|Water|Electricity,Interior lot,No Slope,RNH 6,Proximity to School,Apartment,Contemporary,7,5,2007,2008,Gable,Rolled Roofing,Board Batten,Natural Stone,113.0,4,3,Individual footing,4.0,Large Windows,ZenWall Panels,1536,Furnace,5,Yes,NM Cable,1536,0,1536,2,0,3,1,4,7,0,,Attached,Wood Sheathing,2,532,3,Paved,192,0,0,0,No Fence,12,2008,Down payment assistance,Regular,177626.0,N,N,2021-09-04,73540762,"Textorallee 06
15956 Bogen",Jena,Ägypten,oseidel@rohleder.com,Unknown,Hamburg,51688,5.0,2021-07-30,2.4,2021-07-30,2.4
339,VacHomeClass-1,VacHomeZone-1,91.0,14145,Cobblestone,Gravel,Pie,Flat,Trash|Gas|Water|Electricity,Corner lot,No Slope,RNH 17,Proximity to School,Apartment,Contemporary,7,7,1989,2004,Gable,Rolled Roofing,Wood Shingle,Manmade Stone,0.0,4,3,Combined footing,4.0,Small Windows,BrightWall Paneling,1208,Furnace,5,Yes,NM Cable,1621,0,1621,2,0,3,1,4,8,0,,Attached,Wood Sheathing,2,440,3,Paved,108,0,0,0,No Fence,5,2006,Down payment assistance,Regular,168081.0,Y,N,2021-05-28,16471849,"Radischallee 7
13617 Eggenfelden",Guben,Irak,naserandrzej@jaehn.net,Unknown,Berlin,83814,98.0,2021-10-29,4.8,2021-10-29,4.8
340,VacHomeClass-1,VacHomeZone-1,66.0,12400,Cobblestone,Gravel,Reverse Pie,Flat,Trash|Gas|Water|Electricity,Interior lot,No Slope,NAmes,Proximity to Hospital,Apartment,Contemporary,6,7,1962,2004,Sawtooth,Rolled Roofing,Wood Shingle,Natural Stone,176.0,3,3,Combined footing,3.0,No Sunlight,Foamax,1215,Furnace,3,Yes,Underground Feeder Cable,1215,0,1215,1,0,3,1,3,6,0,,Attached,Metal Panels,1,297,3,Paved,0,0,0,0,No Fence,6,2009,Down payment assistance,Regular,128656.0,Y,Y,2021-05-03,88401812,"Adriane-Hamann-Weg 6
03377 Paderborn",Sebnitz,Gabun,wohlgemutkatalin@bachmann.de,M,Rheinland-Pfalz,9599,78.0,2021-08-23,4.8,2021-08-23,4.8
341,VacHomeClass-6,VacHomeZone-1,85.0,14191,Cobblestone,Gravel,Pie,Flat,Trash|Gas|Water|Electricity,Interior lot,No Slope,RNH 24,Proximity to School,Apartment,Bungalow,8,5,2006,2008,Gable,Rolled Roofing,Board Batten,Manmade Stone,0.0,4,3,Individual footing,4.0,No Sunlight,Dry Wall,967,Furnace,5,Yes,NM Cable,993,915,1908,2,1,4,1,4,9,0,,Attached,DryWall,2,431,3,Paved,135,0,0,0,No Fence,4,2010,Down payment assistance,Regular,168413.0,N,Y,2021-12-16,95301907,"Alexander-Hartmann-Gasse 0
79649 Neuruppin",Mallersdorf,Marshallinseln,ole92@yahoo.de,M,Thüringen,68834,45.0,2021-09-04,3.4,2021-09-04,3.4
342,VacHomeClass-1,VacHomeZone-4,60.0,8400,Cobblestone,Gravel,Pie,Flat,Trash|Gas|Water|Electricity,Interior lot,No Slope,RNH 21,Proximity to Hospital,Apartment,Contemporary,4,4,1952,1956,Gable,Rolled Roofing,Wood Shingle,Manmade Stone,0.0,2,2,Combined footing,3.0,No Sunlight,Dry Wall,721,Furnace,4,Yes,NM Cable,841,0,841,1,0,2,1,3,4,0,,Carports,Metal Panels,1,294,3,Only Gravel,250,0,0,0,No Fence,9,2009,Down payment assistance,Regular,68066.0,N,N,2021-05-21,82876883,"Mendestraße 816
98545 Bautzen",Vilsbiburg,São Tomé und Príncipe,aumannsolveig@zorbach.de,F,Nordrhein-Westfalen,47539,68.0,2021-04-01,1.1,2021-04-01,1.1
343,VacHomeClass-11,VacHomeZone-1,,8544,Cobblestone,Gravel,Pie,Flat,Trash|Gas|Water|Electricity,Interior lot,No Slope,NAmes,Proximity to School,Townhome,Contemporary,3,4,1950,1954,Gable,Rolled Roofing,Fiber cement,Natural Stone,340.0,3,3,Pile foundation,,,,0,Hybrid Heating,2,No,Underground Feeder Cable,1040,0,1040,2,0,2,2,3,6,0,,Detached,Metal Panels,2,400,3,Paved,0,0,0,0,No Fence,5,2006,Down payment assistance,Regular,72631.0,Y,Y,2021-03-02,24946230,"Herbert-Linke-Gasse 35
18982 Schwäbisch Hall",Neustadtner Waldnaab,Guinea-Bissau,ottojasmin@gmail.com,F,Rheinland-Pfalz,52975,27.0,2021-08-27,1.2,2021-08-27,1.2
344,VacHomeClass-12,VacHomeZone-1,63.0,8849,Cobblestone,Gravel,Reverse Pie,Flat,Trash|Gas|Water|Electricity,Interior lot,No Slope,RNH 16,Proximity to School,SingleFamilyHome,Contemporary,9,5,2009,2012,Sawtooth,Rolled Roofing,Log Wood,Natural Stone,616.0,5,3,Individual footing,5.0,No Sunlight,ZenWall Panels,1684,Furnace,5,Yes,NM Cable,1684,0,1684,2,0,2,1,5,6,1,Ex,Attached,Wood Sheathing,2,564,3,Paved,495,0,0,0,No Fence,7,2008,Down payment assistance,Regular,220786.0,Y,N,2021-11-20,71131085,"Alessandro-Röhricht-Weg 068
37810 Eckernförde",Kelheim,Litauen,rudolfwilmsen@yahoo.de,F,Nordrhein-Westfalen,69015,15.0,2021-10-12,4.3,2021-10-12,4.3
345,VacHomeClass-13,VacHomeZone-2,36.0,2592,Cobblestone,Gravel,Pie,Flat,Trash|Gas|Water|Electricity,Interior lot,No Slope,RNH 11,Proximity to School,SingleFamilyHome,Bungalow,5,3,1979,1985,Gable,Rolled Roofing,Metal,Manmade Stone,0.0,3,3,Combined footing,4.0,No Sunlight,Foamax,536,Furnace,3,Yes,NM Cable,536,576,1112,1,1,3,1,3,4,0,,Attached,Metal Panels,1,336,3,Paved,182,0,0,0,No Fence,4,2010,Down payment assistance,Regular,70556.0,N,Y,2021-02-10,37217808,"Engelbert-Christoph-Platz 384
92994 Fallingbostel",Uelzen,Saudi-Arabien,raedelhans-karl@aol.de,Unknown,Rheinland-Pfalz,75177,88.0,2021-03-26,3.0,2021-03-26,3.0
346,VacHomeClass-5,VacHomeZone-1,65.0,6435,Cobblestone,Gravel,Pie,Flat,Trash|Gas|Water|Electricity,Interior lot,No Slope,RNH 4,Proximity to Restaurants,Apartment,Craftsman,6,5,1944,1955,Gable,Rolled Roofing,Log Wood,Manmade Stone,0.0,3,3,Strip foundation,3.0,No Sunlight,Dry Wall,972,Furnace,4,Yes,NM Cable,972,605,1577,1,0,3,1,2,6,1,Gd,Detached,Metal Panels,1,312,3,Paved,0,0,0,0,No Fence,10,2006,Down payment assistance,Regular,116372.0,N,N,2021-02-13,35569022,"Beckerplatz 4
01533 Rosenheim",Schweinfurt,St. Pierre und Miquelon,elzbieta97@koch.de,Unknown,Saarland,31999,92.0,2021-10-16,4.0,2021-10-16,4.0
347,VacHomeClass-1,VacHomeZone-1,,12772,Cobblestone,Gravel,Reverse Pie,Flat,Trash|Gas|Water|Electricity,Cul-de-sac,No Slope,NAmes,Proximity to School,Apartment,Contemporary,6,8,1965,2008,Sawtooth,Rolled Roofing,Log Wood,Manmade Stone,0.0,3,4,Combined footing,3.0,Small Windows,CleanSpace Wall System,958,Furnace,3,Yes,NM Cable,958,0,958,1,0,2,1,3,5,0,,Attached,Wood Sheathing,1,301,3,Paved,0,0,0,0,No Fence,4,2007,Down payment assistance,Regular,125751.0,Y,Y,2021-09-08,28610014,"Hölzenbechergasse 528
56523 Rottweil",Siegen,Zypern,dmueller@schwital.de,F,Bremen,38942,88.0,2021-02-17,4.4,2021-02-17,4.4
348,VacHomeClass-1,VacHomeZone-1,,17600,Cobblestone,Gravel,Reverse Pie,Flat,Trash|Gas|Water|Electricity,Interior lot,No Slope,NAmes,Proximity to School,Apartment,Contemporary,6,5,1964,1969,Gable,Rolled Roofing,Wood Shingle,Natural Stone,30.0,3,3,Combined footing,3.0,No Sunlight,CleanSpace Wall System,1478,Furnace,5,Yes,Underground Feeder Cable,1478,0,1478,2,0,3,1,3,6,2,Gd,Attached,Metal Panels,2,498,3,Paved,0,0,0,0,No Fence,12,2009,Down payment assistance,Regular,130731.0,N,N,2021-10-15,1528206,"Metzweg 45
34510 Oberviechtach",Miltenberg,Vietnam,xroht@ruppersberger.org,Unknown,Hessen,71479,10.0,2021-02-15,3.3,2021-02-15,3.3
349,VacHomeClass-13,VacHomeZone-1,36.0,2448,Cobblestone,Gravel,Pie,Flat,Trash|Gas|Water|Electricity,Interior lot,No Slope,RNH 16,Proximity to School,MultiFamilyHome,Bungalow,7,5,2007,2011,Gable,Rolled Roofing,Board Batten,Manmade Panels,106.0,4,3,Individual footing,4.0,No Sunlight,ZenWall Panels,764,Furnace,5,Yes,NM Cable,764,862,1626,2,1,2,1,4,6,0,,Breezeway,Wood Sheathing,2,474,3,Paved,0,0,0,0,No Fence,10,2008,Down payment assistance,Regular,127826.0,N,Y,2021-03-31,89356364,"Nikolaus-Dippel-Ring 71
17274 Meppen",Scheinfeld,Mayotte,iwona73@googlemail.com,F,Niedersachsen,93100,66.0,2021-09-20,3.3,2021-09-20,3.3
350,VacHomeClass-6,VacHomeZone-1,56.0,20431,Cobblestone,Gravel,Rectangular,Flat,Trash|Gas|Water|Electricity,Interior lot,No Slope,RNH 16,Proximity to School,Apartment,Bungalow,9,5,2009,2012,Sawtooth,Rolled Roofing,Metal,Natural Stone,870.0,5,3,Individual footing,5.0,No Sunlight,ZenWall Panels,1848,Furnace,5,Yes,NM Cable,1848,880,2728,2,1,4,1,5,10,2,Ex,Attached,DryWall,3,706,3,Paved,0,0,0,0,No Fence,4,2006,Government-backed programs,Distress Sale,362843.82,N,N,2021-01-29,92931039,"Haeringring 24
12586 Zossen",Kamenz,Dominikanische Republik,hesswerner@gmx.de,M,Sachsen,64920,4.0,2021-10-15,2.1,2021-10-15,2.1
351,VacHomeClass-12,VacHomeZone-1,68.0,7820,Cobblestone,Gravel,Reverse Pie,Flat,Trash|Gas|Water|Electricity,Interior lot,No Slope,RNH 16,Proximity to School,SingleFamilyHome,Contemporary,9,5,2009,2013,Sawtooth,Rolled Roofing,Log Wood,Natural Stone,362.0,5,3,Individual footing,5.0,No Sunlight,Dry Wall,1869,Furnace,5,Yes,NM Cable,1869,0,1869,2,0,2,1,5,6,1,Gd,Attached,Wood Sheathing,2,617,3,Paved,210,0,0,0,No Fence,12,2007,Government-backed programs,Distress Sale,263996.63,N,N,2021-08-20,55565561,"Bolzmannallee 131
63373 Geithain",Anklam,Costa Rica,langernrudolph@yahoo.de,Unknown,Sachsen,85615,89.0,2021-07-21,3.5,2021-07-21,3.5
352,VacHomeClass-12,VacHomeZone-1,,5271,Cobblestone,Gravel,Reverse Pie,Low Level,Trash|Gas|Water|Electricity,Interior lot,Little Slope,RNH 5,Proximity to School,Apartment,Contemporary,7,5,1991,1992,Gable,Rolled Roofing,Wood Shingle,Manmade Stone,0.0,3,3,Individual footing,4.0,French Doors,ZenWall Panels,1453,Furnace,4,Yes,NM Cable,1453,0,1453,1,1,2,1,4,6,1,TA,Attached,Wood Sheathing,2,445,3,Paved,0,0,0,0,No Fence,12,2006,Down payment assistance,Shortsale,157706.0,Y,N,2021-02-18,75261665,"Ian-Ebert-Ring 443
92409 Hansestadttralsund",Böblingen,Belize,reichmannmargot@rogge.de,M,Nordrhein-Westfalen,43594,86.0,2021-04-01,3.7,2021-04-01,3.7
353,VacHomeClass-5,VacHomeZone-1,60.0,9084,Cobblestone,Gravel,Pie,Flat,Trash|Gas|Water|Electricity,Interior lot,No Slope,RNH 8,Proximity to Gym,Apartment,Craftsman,5,6,1942,1953,Gable,Rolled Roofing,Board Batten,Manmade Stone,0.0,3,3,Combined footing,3.0,Small Windows,Basement to Beautiful Panels,616,Furnace,3,No,NM Cable,616,495,1111,1,0,3,1,3,5,0,,Detached,Metal Panels,1,200,3,Paved,48,0,0,0,No Fence,3,2008,Regular Mortgage,Regular,78856.0,N,Y,2021-01-24,63341461,"Ringring 7/0
90355 Suhl",Mühldorf am Inn,Somalia,loewerfriedericke@lindner.de,F,Thüringen,84004,97.0,2021-04-22,2.2,2021-04-22,2.2
354,VacHomeClass-2,VacHomeZone-2,60.0,8520,Cobblestone,Gravel,Pie,Flat,Trash|Gas|Water|Electricity,Interior lot,No Slope,RNH 18,Proximity to School,Apartment,Contemporary,6,8,1929,2009,Gable,Rolled Roofing,Board Batten,Manmade Stone,0.0,3,4,Strip foundation,3.0,No Sunlight,Dry Wall,624,Furnace,4,Yes,NM Cable,720,0,720,1,0,2,1,3,5,0,,Detached,Metal Panels,2,484,3,Paved,106,0,0,0,No Fence,5,2010,Down payment assistance,Regular,87903.0,N,N,2021-09-05,35141945,"James-Stiffel-Ring 6
21573 Mittweida",Perleberg,Pitcairn,gnatzhubertine@vollbrecht.de,F,Mecklenburg-Vorpommern,10559,14.0,2021-11-11,1.8,2021-11-11,1.8
355,VacHomeClass-5,VacHomeZone-1,60.0,8400,Cobblestone,Gravel,Pie,Slope,Trash|Gas|Water|Electricity,Interior lot,No Slope,RNH 19,Proximity to School,Apartment,Craftsman,6,5,1943,2005,Gable,Rolled Roofing,Wood Shingle,Manmade Stone,0.0,3,3,Combined footing,3.0,No Sunlight,Basement to Beautiful Panels,940,Furnace,5,Yes,NM Cable,1192,403,1595,1,0,2,1,3,6,2,Gd,Attached,Metal Panels,1,240,3,Paved,0,0,0,0,No Fence,6,2006,Down payment assistance,Regular,116206.0,N,Y,2021-11-19,12699803,"Zlatko-Mentzel-Platz 93
60923 Kronach",Schleiz,Australien,finkeaenne@gmail.com,M,Thüringen,13710,23.0,2021-07-16,3.5,2021-07-16,3.5
356,VacHomeClass-1,VacHomeZone-1,105.0,11249,Cobblestone,Gravel,Rectangular,Flat,Trash|Gas|Water|Electricity,Interior lot,No Slope,RNH 6,Proximity to School,Apartment,Contemporary,6,5,1997,2002,Gable,Rolled Roofing,Board Batten,Manmade Stone,0.0,4,4,Individual footing,4.0,No Sunlight,BrightWall Paneling,1200,Furnace,5,Yes,NM Cable,1200,0,1200,2,0,3,1,4,6,0,,Attached,Wood Sheathing,2,521,3,Paved,0,0,0,0,No Fence,8,2007,Down payment assistance,Regular,147331.0,N,Y,2021-05-19,58259207,"Renate-Wilms-Allee 42
24478 Auerbach",Ludwigsburg,Panama,sagerdomenico@gmail.com,F,Bayern,53588,35.0,2021-08-16,1.2,2021-08-16,1.2
357,VacHomeClass-1,VacHomeZone-1,,9248,Cobblestone,Gravel,Reverse Pie,Flat,Trash|Gas|Water|Electricity,Interior lot,No Slope,RNH 9,Proximity to School,Apartment,Contemporary,6,6,1993,1998,Gable,Rolled Roofing,Horizontal Wood,Natural Stone,106.0,3,3,Individual footing,4.0,No Sunlight,ZenWall Panels,1158,Furnace,4,Yes,NM Cable,1167,0,1167,2,0,3,1,4,6,0,,Attached,Wood Sheathing,2,400,3,Paved,120,0,0,0,No Fence,7,2009,Down payment assistance,Regular,143596.0,Y,Y,2021-12-26,23735903,"Louise-Johann-Gasse 0
87059 Zschopau",Lichtenfels,Norfolkinsel,adina85@hotmail.de,Unknown,Saarland,12440,10.0,2021-12-07,4.2,2021-12-07,4.2
358,VacHomeClass-12,VacHomeZone-2,44.0,4224,Cobblestone,Gravel,Pie,Flat,Trash|Gas|Water|Electricity,Interior lot,No Slope,RNH 11,Proximity to School,SingleFamilyHome,Contemporary,5,5,1978,1984,Gable,Rolled Roofing,Metal,Manmade Stone,0.0,3,3,Individual footing,4.0,No Sunlight,BrightWall Paneling,1142,Furnace,3,Yes,NM Cable,1142,0,1142,1,1,3,1,3,6,1,Po,Attached,DryWall,2,528,3,Paved,536,0,0,0,Vinyl Fences,8,2007,Down payment assistance,Regular,111226.0,Y,N,2021-01-25,28024262,"Conradistraße 3/0
28955 Vilsbiburg",Bad Kissingen,Irak,corinneheuser@googlemail.com,Unknown,Berlin,2416,2.0,2021-03-10,1.2,2021-03-10,1.2
359,VacHomeClass-9,VacHomeZone-1,92.0,6930,Cobblestone,Gravel,Reverse Pie,Flat,Trash|Gas|Water|Electricity,Interior lot,No Slope,RNH 5,Proximity to School,Apartment,Spanish,5,4,1959,1964,Sawtooth,Rolled Roofing,Wood Shingle,Natural Stone,120.0,3,3,Combined footing,3.0,Large Windows,CleanSpace Wall System,1062,Furnace,5,Yes,Armored Cable,1352,0,1352,1,0,3,1,4,6,0,,Breezeway,Metal Panels,1,288,3,Paved,168,0,0,0,No Fence,7,2006,Down payment assistance,Shortsale,107906.0,N,Y,2021-10-21,66064046,"Cecilia-Hänel-Weg 98
23078 Perleberg",Rothenburg ob der Tauber,Vereinigte Staaten,ischoll@yahoo.de,F,Saarland,16779,27.0,2021-10-25,2.7,2021-10-25,2.7
360,VacHomeClass-6,VacHomeZone-1,78.0,12011,Cobblestone,Gravel,Reverse Pie,Flat,Trash|Gas|Water|Electricity,Cul-de-sac,No Slope,RNH 14,Proximity to School,Apartment,Bungalow,8,5,2002,2001,Gable,Rolled Roofing,Board Batten,Natural Stone,530.0,4,3,Individual footing,4.0,Large Windows,ZenWall Panels,1086,Furnace,5,Yes,NM Cable,1086,838,1924,2,1,3,1,4,7,1,TA,Attached,Wood Sheathing,2,592,3,Paved,208,0,0,0,No Fence,6,2006,Down payment assistance,Regular,232406.0,N,N,2021-08-20,41445679,"Scholzring 32
99611 Emmendingen",Grimma,Nepal,hermannfranco@yahoo.de,M,Bayern,7005,19.0,2021-08-10,2.3,2021-08-10,2.3
361,VacHomeClass-10,VacHomeZone-1,,7540,Cobblestone,Gravel,Reverse Pie,Flat,Trash|Gas|Water|Electricity,Cul-de-sac,No Slope,RNH 12,Proximity to School,Apartment,Georgian,6,6,1983,1985,Gable,Rolled Roofing,Board Batten,Manmade Stone,0.0,3,3,Combined footing,4.0,Large Windows,ZenWall Panels,888,Furnace,5,Yes,NM Cable,912,0,912,1,0,2,1,3,5,1,TA,Attached,Wood Sheathing,2,470,3,Paved,0,0,0,0,Vinyl Fences,6,2007,Down payment assistance,Regular,129486.0,N,Y,2021-03-30,99708160,"Kunigunda-Gunpf-Ring 4/0
37171 Ribnitz-Damgarten",Dinslaken,Italien,lisettedoehn@vollbrecht.com,M,Berlin,49010,60.0,2021-10-12,2.3,2021-10-12,2.3
362,VacHomeClass-5,VacHomeZone-1,,9144,Cobblestone,Cobblestone,Pie,Flat,Trash|Gas|Water|Electricity,Interior lot,No Slope,RNH 4,Proximity to School,Apartment,Craftsman,5,5,1941,1992,Gable,Rolled Roofing,Log Wood,Manmade Stone,0.0,3,3,Combined footing,3.0,No Sunlight,Foamax,883,Furnace,4,Yes,NM Cable,988,517,1505,1,0,3,1,3,8,0,,Detached,Metal Panels,1,240,3,Only Gravel,0,0,0,0,No Fence,7,2008,Down payment assistance,Regular,120356.0,Y,Y,2021-02-02,38062452,"Stumpfgasse 5/4
80959 Neu-Ulm",Schrobenhausen,Sierra Leone,kpreiss@gmail.com,M,Hessen,44051,65.0,2021-10-23,4.5,2021-10-23,4.5
363,VacHomeClass-10,VacHomeZone-1,64.0,7301,Cobblestone,Gravel,Pie,Flat,Trash|Gas|Water|Electricity,Corner lot,No Slope,RNH 8,Proximity to School,Apartment,Georgian,7,5,2004,2005,Gable,Rolled Roofing,Horizontal Wood,Natural Stone,500.0,4,3,Pile foundation,,,,0,Furnace,5,Yes,NM Cable,495,1427,1922,3,0,4,1,4,7,1,Ex,Breezeway,Wood Sheathing,2,672,3,Paved,0,0,0,0,No Fence,7,2009,Rent-to-own,Regular,164761.0,Y,N,2021-03-27,31004657,"Marina-Weitzel-Weg 22
83686 Gifhorn",Neuruppin,Japan,annaliesewilmsen@yahoo.de,F,Bremen,61891,13.0,2021-08-25,2.7,2021-08-25,2.7
364,VacHomeClass-13,VacHomeZone-2,21.0,1680,Cobblestone,Gravel,Pie,Flat,Trash|Gas|Water|Electricity,Interior lot,No Slope,RNH 3,Proximity to School,MultiFamilyHome,Bungalow,6,8,1975,2010,Gable,Rolled Roofing,Horizontal Wood,Natural Stone,510.0,3,3,Combined footing,3.0,No Sunlight,BrightWall Paneling,483,Furnace,4,Yes,NM Cable,483,504,987,1,1,2,1,4,5,0,,Detached,Metal Panels,1,264,3,Paved,250,0,0,0,No Fence,5,2009,Down payment assistance,Regular,97946.0,Y,N,2021-01-10,50614868,"Kaulstr. 4
13449 Königs Wusterhausen",Burglengenfeld,Serbien,kambsernst-dieter@gmx.de,F,Nordrhein-Westfalen,13920,34.0,2021-12-16,1.9,2021-12-16,1.9
365,VacHomeClass-6,VacHomeZone-1,,18800,Cobblestone,Gravel,Reverse Pie,Flat,Trash|Gas|Water|Electricity,T-intersection,No Slope,RNH 17,Proximity to School,Apartment,Bungalow,6,5,1978,1980,Gable,Rolled Roofing,Horizontal Wood,Natural Stone,120.0,3,3,Individual footing,4.0,Small Windows,ZenWall Panels,796,Furnace,3,Yes,NM Cable,790,784,1574,2,1,3,1,3,6,1,TA,Attached,DryWall,2,566,3,Paved,306,0,0,0,No Fence,7,2006,Down payment assistance,Regular,157706.0,Y,N,2021-02-09,45214103,"Klotzstraße 26
77785 Emmendingen",Diepholz,Nauru,konstantinos27@hotmail.de,F,Bayern,59633,18.0,2021-11-20,1.8,2021-11-20,1.8
366,VacHomeClass-7,VacHomeZone-2,59.0,10690,Cobblestone,Gravel,Pie,Flat,Trash|Gas|Water|Electricity,Interior lot,No Slope,RNH 10,Proximity to School,Apartment,Bungalow,5,7,1922,1999,Sawtooth,Rolled Roofing,Board Batten,Manmade Stone,0.0,3,4,Combined footing,3.0,No Sunlight,Foamax,672,Furnace,4,Yes,Underground Feeder Cable,672,672,1344,1,0,3,1,3,6,0,,Detached,Metal Panels,1,468,3,Paved,0,0,0,0,No Fence,7,2009,Down payment assistance,Regular,122016.0,N,N,2021-08-10,16259638,"Kathleen-Warmer-Platz 107
00446 Eberswalde",Gunzenhausen,Nicaragua,osteinberg@googlemail.com,F,Berlin,17237,46.0,2021-08-20,3.7,2021-08-20,3.7
367,VacHomeClass-1,VacHomeZone-1,,9500,Cobblestone,Gravel,Reverse Pie,Flat,Trash|Gas|Water|Electricity,Interior lot,No Slope,NAmes,Proximity to School,Apartment,Contemporary,6,5,1968,1970,Gable,Rolled Roofing,Brick,Natural Stone,247.0,3,3,Combined footing,4.0,No Sunlight,CleanSpace Wall System,1394,Furnace,4,Yes,NM Cable,1394,0,1394,1,1,3,1,3,6,2,Gd,Attached,Wood Sheathing,2,514,3,Paved,0,0,0,0,No Fence,7,2009,Down payment assistance,Regular,131976.0,Y,Y,2021-01-16,48072519,"Bolandergasse 414
61880 Spremberg",Aurich,Somalia,rizakobelt@gmx.de,M,Sachsen,93019,96.0,2021-06-26,3.0,2021-06-26,3.0
368,VacHomeClass-9,VacHomeZone-1,101.0,9150,Cobblestone,Gravel,Reverse Pie,Flat,Trash|Gas|Water|Electricity,Corner lot,No Slope,NAmes,Proximity to School,Apartment,Spanish,6,5,1963,1967,Gable,Tar&Grv,Brick,Natural Stone,305.0,3,3,Combined footing,4.0,French Doors,ZenWall Panels,1099,Furnace,4,Yes,NM Cable,1431,0,1431,1,0,3,1,3,6,1,Gd,Barns,Wood Sheathing,1,296,3,Paved,64,0,0,0,No Fence,12,2008,Down payment assistance,Regular,136956.0,N,N,2021-08-22,27304228,"Alicia-Stiebitz-Straße 815
12243 Weißwasser",Peine,Senegal,akoehler@web.de,M,Brandenburg,22598,19.0,2021-03-27,2.7,2021-03-27,2.7
369,VacHomeClass-1,VacHomeZone-1,78.0,7800,Cobblestone,Gravel,Pie,Flat,Trash|Gas|Water|Electricity,Interior lot,No Slope,NAmes,Proximity to School,Apartment,Contemporary,5,6,1955,1958,Gable,Rolled Roofing,Horizontal Wood,Natural Stone,200.0,3,3,Individual footing,3.0,No Sunlight,Basement to Beautiful Panels,1268,Furnace,4,Yes,NM Cable,1268,0,1268,1,0,2,1,3,7,1,Gd,Attached,DryWall,1,244,3,Paved,0,0,0,0,No Fence,3,2010,Down payment assistance,Regular,109566.0,Y,Y,2021-03-28,21509964,"Hilma-Misicher-Straße 919
69223 Querfurt",Amberg,Liechtenstein,detlev15@klemt.org,Unknown,Schleswig-Holstein,59613,91.0,2021-11-11,4.8,2021-11-11,4.8
370,VacHomeClass-1,VacHomeZone-1,,9830,Cobblestone,Gravel,Reverse Pie,Flat,Trash|Gas|Water|Electricity,Corner lot,No Slope,NAmes,Proximity to School,Apartment,Contemporary,5,7,1961,2009,Gable,Rolled Roofing,Wood Shingle,Manmade Stone,0.0,3,4,Combined footing,3.0,No Sunlight,BrightWall Paneling,1063,Furnace,5,Yes,NM Cable,1287,0,1287,1,0,3,1,4,7,1,Gd,Detached,DryWall,2,576,3,Paved,364,0,0,0,No Fence,3,2010,Down payment assistance,Regular,134466.0,Y,Y,2021-06-16,70121933,"Wiekstr. 82
03383 Delitzsch",Leipziger Land,São Tomé und Príncipe,andreas27@gmx.de,F,Sachsen-Anhalt,91818,11.0,2021-05-02,1.4,2021-05-02,1.4
371,VacHomeClass-6,VacHomeZone-1,,8121,Cobblestone,Gravel,Reverse Pie,Flat,Trash|Gas|Water|Electricity,Interior lot,No Slope,RNH 9,Proximity to School,Apartment,Bungalow,6,5,2002,2007,Gable,Rolled Roofing,Board Batten,Manmade Stone,0.0,3,3,Individual footing,4.0,No Sunlight,Dry Wall,953,Furnace,5,Yes,NM Cable,953,711,1664,2,1,3,1,3,7,1,TA,Attached,Wood Sheathing,2,460,3,Paved,100,0,0,0,No Fence,1,2006,Down payment assistance,Regular,143098.0,N,Y,2021-01-23,97346890,"Axel-Meyer-Allee 741
22560 Kamenz",Rathenow,St. Martin,sigrid86@googlemail.com,F,Thüringen,43121,47.0,2021-02-23,4.3,2021-02-23,4.3
372,VacHomeClass-5,VacHomeZone-1,80.0,17120,Cobblestone,Gravel,Pie,Flat,Trash|Gas|Water|Electricity,Interior lot,No Slope,RNH 5,Proximity to Hospital,Apartment,Craftsman,4,4,1961,1964,Gable,Rolled Roofing,Vinyl,Manmade Stone,0.0,3,3,Combined footing,,,,0,Furnace,3,Yes,NM Cable,1120,468,1588,2,0,4,1,3,7,1,Gd,Detached,DryWall,2,680,3,Only Gravel,0,0,0,0,No Fence,7,2008,Down payment assistance,Regular,111584.56,N,Y,2021-04-01,92834866,"Patbergstr. 4
30435 Norden",Erfurt,Sambia,osmanloechel@briemer.com,M,Mecklenburg-Vorpommern,68401,99.0,2021-11-16,3.4,2021-11-16,3.4
373,VacHomeClass-12,VacHomeZone-1,50.0,7175,Cobblestone,Gravel,Pie,Flat,Trash|Gas|Water|Electricity,Interior lot,No Slope,RNH 21,Proximity to School,SingleFamilyHome,Contemporary,6,5,1986,1991,Gable,Rolled Roofing,Brick,Manmade Stone,0.0,3,3,Combined footing,4.0,No Sunlight,BrightWall Paneling,744,Furnace,3,Yes,NM Cable,752,0,752,1,0,2,1,3,4,0,,Attached,Metal Panels,1,264,3,Paved,353,0,0,0,Vinyl Fences,2,2010,Down payment assistance,Regular,103756.0,N,N,2021-06-19,1174380,"Magdalene-Rose-Ring 0
69493 Uelzen",Füssen,Uruguay,dschaefer@gmx.de,M,Saarland,15885,62.0,2021-05-30,1.3,2021-05-30,1.3
374,VacHomeClass-1,VacHomeZone-1,79.0,10634,Cobblestone,Gravel,Pie,Flat,Trash|Gas|Water|Electricity,Interior lot,No Slope,NAmes,Proximity to School,Apartment,Contemporary,5,6,1955,1961,Gable,Rolled Roofing,Log Wood,Manmade Stone,0.0,3,3,Individual footing,3.0,No Sunlight,CleanSpace Wall System,608,Furnace,3,Yes,NM Cable,1319,0,1319,1,0,3,1,3,5,0,,Attached,Metal Panels,1,270,3,Paved,66,0,0,0,Wood Fences,11,2009,Down payment assistance,Regular,102096.0,Y,N,2021-07-16,54802025,"Briemerstr. 70
15549 Hettstedt",Monschau,Belize,obutte@mielcarek.net,M,Bremen,83733,10.0,2021-01-15,3.3,2021-01-15,3.3
375,VacHomeClass-6,VacHomeZone-1,65.0,8200,Cobblestone,Gravel,Pie,Flat,Trash|Gas|Water|Electricity,Interior lot,No Slope,RNH 6,Proximity to School,Apartment,Bungalow,7,5,2007,2011,Gable,Rolled Roofing,Board Batten,Manmade Stone,0.0,4,3,Individual footing,4.0,No Sunlight,Dry Wall,847,Furnace,5,Yes,NM Cable,847,1081,1928,2,1,4,1,4,8,1,Gd,Breezeway,DryWall,2,434,3,Paved,100,0,0,0,No Fence,7,2007,Down payment assistance,Regular,182191.0,Y,N,2021-04-02,26004853,"Stumpfstraße 2
77793 Ravensburg",Schwerin,Deutschland,langekarl-ludwig@hotmail.de,F,Hessen,16597,23.0,2021-05-14,4.3,2021-05-14,4.3
376,VacHomeClass-2,VacHomeZone-1,,10020,Cobblestone,Gravel,Reverse Pie,Low Level,Trash|Gas|Water|Electricity,Interior lot,Severe Slope,RNH 8,Proximity to School,Apartment,Contemporary,1,1,1926,1953,Gable,Rolled Roofing,Wood Shingle,Manmade Stone,0.0,2,2,Strip foundation,2.0,French Doors,CleanSpace Wall System,683,Furnace,4,No,Underground Feeder Cable,904,0,904,0,1,1,1,2,4,0,,No Garage,Unfinished,0,0,0,Paved,0,0,0,0,No Fence,3,2009,Down payment assistance,Regular,50636.0,N,Y,2021-08-14,96480007,"Rohtstr. 9/6
22318 Gotha",Nabburg,Albanien,mhuhn@tlustek.de,M,Thüringen,20781,47.0,2021-04-12,3.2,2021-04-12,3.2
377,VacHomeClass-10,VacHomeZone-1,57.0,8846,Cobblestone,Gravel,Reverse Pie,Flat,Trash|Gas|Water|Electricity,Cul-de-sac,No Slope,RNH 6,Proximity to School,Apartment,Georgian,5,5,2000,2003,Gable,Rolled Roofing,Board Batten,Manmade Stone,0.0,4,3,Individual footing,4.0,Large Windows,ZenWall Panels,870,Furnace,5,Yes,NM Cable,914,0,914,1,0,2,1,3,5,0,,Detached,Metal Panels,2,576,3,Paved,0,0,0,0,No Fence,7,2006,Down payment assistance,Regular,122846.0,N,N,2021-03-14,68240547,"Beckmannstraße 0/1
84334 Bersenbrück",Lobenstein,Jamaika,dusantrupp@aol.de,M,Bayern,46079,77.0,2021-04-29,1.5,2021-04-29,1.5
378,VacHomeClass-6,VacHomeZone-5,102.0,11143,Cobblestone,Gravel,Reverse Pie,Flat,Trash|Gas|Water|Electricity,Corner lot,No Slope,RNH 22,Proximity to School,Apartment,Bungalow,8,5,2007,2010,Gable,Rolled Roofing,Metal,Manmade Stone,0.0,4,3,Individual footing,4.0,No Sunlight,Dry Wall,1580,Furnace,5,Yes,NM Cable,1580,886,2466,3,0,4,1,4,8,1,Gd,Attached,Wood Sheathing,2,610,3,Paved,159,0,0,0,No Fence,12,2007,Down payment assistance,Regular,282206.0,N,N,2021-03-14,42022923,"Asta-Nette-Ring 183
96906 Belzig",Rastatt,Nauru,ursel73@gmx.de,F,Hessen,26730,44.0,2021-08-11,1.2,2021-08-11,1.2
379,VacHomeClass-1,VacHomeZone-1,88.0,11394,Cobblestone,Gravel,Pie,Flat,Trash|Gas|Water|Electricity,Corner lot,No Slope,RNH 23,Proximity to School,Apartment,Contemporary,9,2,2012,2017,Sawtooth,Rolled Roofing,Board Batten,Manmade Panels,350.0,4,3,Individual footing,5.0,Large Windows,ZenWall Panels,1856,Furnace,5,Yes,NM Cable,1856,0,1856,1,1,1,1,5,8,1,Ex,Attached,DryWall,3,834,3,Paved,113,0,0,0,No Fence,6,2010,Government-backed programs,Distress Sale,327384.56,Y,N,2021-05-01,9619746,"Eugenie-Karz-Weg 882
83796 Kehl",Schmölln,Nordmazedonien,halilwinkler@ladeck.net,F,Nordrhein-Westfalen,89365,24.0,2021-05-18,1.7,2021-05-18,1.7
380,VacHomeClass-6,VacHomeZone-1,60.0,8123,Cobblestone,Gravel,Reverse Pie,Flat,Trash|Gas|Water|Electricity,Interior lot,No Slope,RNH 9,Proximity to Restaurants,Apartment,Bungalow,6,5,2005,2009,Gable,Rolled Roofing,Board Batten,Natural Stone,16.0,3,3,Individual footing,4.0,No Sunlight,Dry Wall,982,Furnace,5,Yes,NM Cable,1007,793,1800,2,1,3,1,3,7,1,TA,Attached,DryWall,2,463,3,Paved,100,0,0,0,No Fence,6,2009,Down payment assistance,Regular,148576.0,Y,N,2021-06-30,87571134,"Schusterring 088
70102 Klötze",Göttingen,Guatemala,anita26@aol.de,F,Bremen,77659,81.0,2021-09-01,1.0,2021-09-01,1.0
381,VacHomeClass-5,VacHomeZone-1,50.0,5000,Cobblestone,Cobblestone,Pie,Flat,Trash|Gas|Water|Electricity,Interior lot,No Slope,RNH 19,Proximity to School,Apartment,Craftsman,5,6,1925,1956,Gable,Rolled Roofing,Vertical Wood,Manmade Stone,0.0,3,3,Strip foundation,3.0,No Sunlight,Basement to Beautiful Panels,1026,Furnace,3,Yes,NM Cable,1026,665,1691,2,0,3,1,4,6,1,Gd,Detached,Metal Panels,1,308,3,Paved,0,0,0,0,No Fence,5,2010,Down payment assistance,Regular,105416.0,N,N,2021-12-27,20341527,"Carina-Gunpf-Allee 1/9
80352 Wesel",Tirschenreuth,Philippinen,edith87@raedel.com,Unknown,Sachsen,51992,45.0,2021-04-04,1.0,2021-04-04,1.0
382,VacHomeClass-1,VacHomeZone-5,60.0,7200,Cobblestone,Cobblestone,Pie,Flat,Trash|Gas|Water|Electricity,Interior lot,No Slope,RNH 22,Proximity to School,Apartment,Contemporary,7,5,2007,2012,Gable,Rolled Roofing,Board Batten,Manmade Stone,0.0,4,3,Individual footing,4.0,No Sunlight,Dry Wall,1293,Furnace,5,Yes,NM Cable,1301,0,1301,2,0,2,1,4,5,1,Gd,Attached,Wood Sheathing,2,572,3,Paved,216,0,0,0,No Fence,8,2006,Government-backed programs,Distress Sale,155838.5,N,N,2021-01-17,98160518,"Enver-Kohl-Weg 089
15369 Oranienburg",Arnstadt,Kap Verde,bachmanncurt@gmail.com,M,Bremen,72954,44.0,2021-03-29,3.1,2021-03-29,3.1
383,VacHomeClass-6,VacHomeZone-1,79.0,9245,Cobblestone,Gravel,Reverse Pie,Flat,Trash|Gas|Water|Electricity,Interior lot,No Slope,RNH 6,Proximity to School,Apartment,Bungalow,7,5,2009,2012,Gable,Rolled Roofing,Board Batten,Manmade Stone,0.0,4,3,Individual footing,4.0,Large Windows,Dry Wall,939,Furnace,5,Yes,NM Cable,939,858,1797,2,1,3,1,4,8,0,,Attached,Wood Sheathing,2,639,3,Paved,144,0,0,0,No Fence,4,2007,Down payment assistance,Regular,177211.0,Y,N,2021-05-10,98794126,"Wähnerstr. 8
51922 Heinsberg",Lüdenscheid,Bhutan,nkreusel@geisler.de,Unknown,Rheinland-Pfalz,62858,31.0,2021-11-15,1.5,2021-11-15,1.5
384,VacHomeClass-4,VacHomeZone-4,60.0,9000,Cobblestone,Gravel,Pie,Flat,Trash|Gas|Water|Electricity,Corner lot,No Slope,RNH 21,Proximity to School,Apartment,Colonial,6,3,1933,1955,Gable,Rolled Roofing,Wood Shingle,Manmade Stone,0.0,3,3,Strip foundation,2.0,No Sunlight,Dry Wall,784,Furnace,3,No,Underground Feeder Cable,784,0,784,1,0,2,1,3,5,0,,Detached,Metal Panels,2,360,2,Only Gravel,0,0,0,0,No Fence,10,2009,Down payment assistance,Regular,63086.0,N,N,2021-03-29,9494398,"Inken-van der Dussen-Weg 057
92271 Perleberg",Göppingen,Mexiko,ettaditschlerin@rose.com,M,Mecklenburg-Vorpommern,2137,26.0,2021-09-15,4.2,2021-09-15,4.2
385,VacHomeClass-6,VacHomeZone-1,,53107,Cobblestone,Gravel,Rectangular,Low Level,Trash|Gas|Water|Electricity,Corner lot,Little Slope,RNH 5,Proximity to Hospital,Apartment,Bungalow,6,5,1996,1996,Gable,Rolled Roofing,Horizontal Wood,Manmade Stone,0.0,4,3,Individual footing,4.0,Large Windows,ZenWall Panels,1580,Furnace,5,Yes,NM Cable,1079,874,1953,2,1,3,1,4,9,2,Fa,Attached,DryWall,2,501,3,Paved,216,0,0,0,No Fence,6,2007,Down payment assistance,Regular,199206.0,Y,Y,2021-02-18,13089115,"Norma-Langern-Gasse 28
32248 Seelow",Wertingen,Irak,carstenfredy@hotmail.de,Unknown,Baden-Württemberg,44777,54.0,2021-12-13,2.7,2021-12-13,2.7
386,VacHomeClass-12,VacHomeZone-1,43.0,3182,Cobblestone,Gravel,Pie,Flat,Trash|Gas|Water|Electricity,Interior lot,No Slope,RNH 1,Proximity to School,SingleFamilyHome,Contemporary,8,5,2009,2013,Gable,Rolled Roofing,Board Batten,Natural Stone,16.0,4,3,Individual footing,4.0,No Sunlight,ZenWall Panels,1256,Furnace,5,Yes,NM Cable,1269,0,1269,2,0,2,1,4,6,1,TA,Attached,DryWall,2,430,3,Paved,146,0,0,0,No Fence,4,2010,Down payment assistance,Regular,159366.0,Y,N,2021-02-10,36557738,"Sorgatzstraße 80
73478 Kehl",Kyritz,Amerikanisch-Ozeanien,theda14@gmx.de,F,Mecklenburg-Vorpommern,82966,64.0,2021-06-19,2.5,2021-06-19,2.5
387,VacHomeClass-5,VacHomeZone-1,58.0,8410,Cobblestone,Gravel,Pie,Flat,Trash|Gas|Water|Electricity,T-intersection,No Slope,RNH 8,Proximity to Hospital,Apartment,Craftsman,5,3,1915,2003,Curved,Rolled Roofing,Wood Shingle,Manmade Stone,0.0,3,2,Individual footing,3.0,No Sunlight,Dry Wall,658,Furnace,3,Yes,NM Cable,658,526,1184,1,0,5,1,3,8,0,,No Garage,Unfinished,0,0,0,Only Gravel,0,0,0,0,No Fence,5,2006,Down payment assistance,Trade,67236.0,Y,N,2021-06-14,5805365,"Kabusplatz 429
25377 Böblingen",Holzminden,Albanien,briemerdogan@hoerle.de,Unknown,Baden-Württemberg,75060,20.0,2021-05-02,2.5,2021-05-02,2.5
388,VacHomeClass-9,VacHomeZone-1,72.0,7200,Cobblestone,Gravel,Pie,Flat,Trash|Gas|Water|Electricity,Interior lot,No Slope,RNH 8,Proximity to School,Apartment,Spanish,6,6,1980,1985,Sawtooth,Rolled Roofing,Log Wood,Natural Stone,255.0,3,3,Combined footing,3.0,Large Windows,BrightWall Paneling,1041,Furnace,5,Yes,NM Cable,1125,0,1125,1,0,3,1,3,6,1,Fa,Detached,Metal Panels,1,352,3,Paved,296,0,0,0,Wood Fences,10,2009,Down payment assistance,Shortsale,103756.0,N,Y,2021-07-20,4532521,"Nikolaus-Martin-Weg 973
36641 Saarbrücken",Kemnath,Neuseeland,phermighausen@googlemail.com,M,Schleswig-Holstein,90647,84.0,2021-10-10,4.6,2021-10-10,4.6
389,VacHomeClass-1,VacHomeZone-1,93.0,9382,Cobblestone,Gravel,Reverse Pie,Flat,Trash|Gas|Water|Electricity,Cul-de-sac,No Slope,RNH 6,Proximity to School,Apartment,Contemporary,7,5,2002,2004,Gable,Rolled Roofing,Board Batten,Natural Stone,125.0,4,3,Individual footing,4.0,No Sunlight,Dry Wall,1468,Furnace,5,Yes,NM Cable,1479,0,1479,2,0,3,1,4,6,0,,Attached,Wood Sheathing,2,577,3,Paved,120,0,0,0,No Fence,7,2008,Down payment assistance,Regular,158536.0,Y,N,2021-05-02,9681569,"Ortmannallee 7/0
88300 Ebern",Warendorf,Serbien und Montenegro,wolfackermann@ackermann.net,M,Bremen,87853,9.0,2021-01-04,4.4,2021-01-04,4.4
390,VacHomeClass-6,VacHomeZone-1,96.0,12474,Cobblestone,Gravel,Pie,Flat,Trash|Gas|Water|Electricity,Interior lot,No Slope,RNH 16,Proximity to School,Apartment,Bungalow,10,5,2010,2013,Gable,Rolled Roofing,Board Batten,Manmade Panels,272.0,5,3,Individual footing,5.0,Large Windows,ZenWall Panels,1682,Furnace,5,Yes,NM Cable,1742,590,2332,2,1,3,1,5,9,1,Ex,Breezeway,DryWall,3,846,3,Paved,196,0,0,0,No Fence,8,2008,Government-backed programs,Distress Sale,353586.0,N,N,2021-03-01,84216762,"Säuberlichstraße 02
34095 Hannover",Hohenmölsen,Deutschland,jmargraf@ehlert.com,Unknown,Thüringen,80489,9.0,2021-07-27,4.0,2021-07-27,4.0
391,VacHomeClass-5,VacHomeZone-1,50.0,8405,Cobblestone,Concrete,Pie,Flat,Trash|Gas|Water|Electricity,Interior lot,No Slope,RNH 8,Proximity to School,Apartment,Craftsman,5,8,1901,1954,Gable,Rolled Roofing,Log Wood,Manmade Stone,0.0,3,3,Strip foundation,3.0,No Sunlight,Foamax,861,Furnace,5,Yes,NM Cable,961,406,1367,1,0,4,1,3,7,0,,Detached,Metal Panels,1,384,3,Paved,0,0,0,0,Vinyl Fences,4,2008,Down payment assistance,Regular,98776.0,Y,Y,2021-04-29,39735478,"Elif-Hornig-Platz 942
33916 Werdau",Ahaus,Irak,weimeredelgard@trapp.de,F,Niedersachsen,74667,95.0,2021-08-08,1.6,2021-08-08,1.6
392,VacHomeClass-6,VacHomeZone-1,71.0,12209,Cobblestone,Gravel,Reverse Pie,Flat,Trash|Gas|Water|Electricity,Cul-de-sac,No Slope,RNH 12,Proximity to School,Apartment,Bungalow,6,5,2004,2010,Gable,Rolled Roofing,Board Batten,Manmade Stone,0.0,3,3,Individual footing,5.0,No Sunlight,BrightWall Paneling,804,Furnace,5,Yes,NM Cable,804,1157,1961,2,1,3,1,4,7,1,TA,Breezeway,DryWall,2,560,3,Paved,125,0,0,0,No Fence,6,2009,Down payment assistance,Regular,178456.0,N,Y,2021-10-10,71698069,"Milos-Häring-Gasse 67
10422 Uffenheim",Zschopau,Island,arndholzapfel@aol.de,M,Brandenburg,11833,83.0,2021-06-01,2.0,2021-06-01,2.0
393,VacHomeClass-1,VacHomeZone-1,,8339,Cobblestone,Gravel,Reverse Pie,Flat,Trash|Gas|Water|Electricity,Interior lot,No Slope,NAmes,Proximity to School,Apartment,Contemporary,5,7,1963,1967,Gable,Rolled Roofing,Log Wood,Manmade Stone,0.0,3,3,Pile foundation,,,,0,Furnace,3,Yes,NM Cable,882,0,882,1,0,3,1,3,5,0,,Attached,Wood Sheathing,1,294,3,Paved,0,0,0,0,Vinyl Fences,7,2007,Down payment assistance,Regular,88401.0,Y,Y,2021-03-30,20577841,"Dobesstr. 357
02348 Nördlingen",Calau,Albanien,eaumann@googlemail.com,F,Saarland,84141,24.0,2021-07-14,2.9,2021-07-14,2.9
394,VacHomeClass-2,VacHomeZone-1,,7446,Cobblestone,Gravel,Pie,Flat,Trash|Gas|Water|Electricity,Corner lot,No Slope,RNH 4,Proximity to Hospital,Apartment,Contemporary,4,5,1946,1960,Gable,Rolled Roofing,Vinyl,Manmade Stone,0.0,3,3,Combined footing,3.0,No Sunlight,Foamax,788,Furnace,3,Yes,Underground Feeder Cable,788,0,788,1,0,2,1,3,4,2,TA,No Garage,Unfinished,0,0,0,Paved,0,0,0,0,Wood Fences,4,2006,Down payment assistance,Shortsale,83006.0,N,Y,2021-02-21,43572052,"Gudeallee 2
52927 Grimma",Günzburg,Thailand,renneremilie@stumpf.de,M,Schleswig-Holstein,26963,43.0,2021-12-04,2.1,2021-12-04,2.1
395,VacHomeClass-5,VacHomeZone-1,60.0,10134,Cobblestone,Gravel,Pie,Flat,Trash|Gas|Water|Electricity,Interior lot,No Slope,RNH 18,Proximity to School,Apartment,Craftsman,5,6,1944,1953,Gable,Rolled Roofing,Log Wood,Manmade Stone,0.0,3,3,Combined footing,3.0,No Sunlight,Dry Wall,735,Furnace,4,Yes,Underground Feeder Cable,735,299,1034,1,0,2,1,3,5,0,,Detached,Metal Panels,1,240,3,Paved,0,0,0,0,No Fence,7,2007,Down payment assistance,Regular,90476.0,Y,N,2021-01-08,39486622,"Carolina-Putz-Platz 08
74017 Eichstätt",Parsberg,St. Kitts und Nevis,pmosemann@googlemail.com,M,Schleswig-Holstein,6556,16.0,2021-05-09,2.2,2021-05-09,2.2
396,VacHomeClass-1,VacHomeZone-1,68.0,9571,Cobblestone,Gravel,Pie,Flat,Trash|Gas|Water|Electricity,Interior lot,No Slope,RNH 8,Proximity to School,Apartment,Contemporary,5,6,1960,1963,Gable,Rolled Roofing,Wood Shingle,Manmade Stone,0.0,3,3,Combined footing,3.0,Large Windows,CleanSpace Wall System,1144,Furnace,3,Yes,NM Cable,1144,0,1144,1,0,3,1,3,6,0,,Attached,Metal Panels,1,596,3,Paved,44,0,0,0,No Fence,6,2010,Down payment assistance,Regular,107076.0,N,Y,2021-09-04,12635825,"Emilie-Reinhardt-Ring 939
61431 Lörrach",Eisenhüttenstadt,Guatemala,hans-christian05@mueller.org,Unknown,Thüringen,56995,86.0,2021-04-06,1.2,2021-04-06,1.2
397,VacHomeClass-1,VacHomeZone-1,60.0,7200,Cobblestone,Gravel,Pie,Low Level,Trash|Gas|Water|Electricity,Interior lot,No Slope,RNH 6,Proximity to School,Apartment,Contemporary,5,5,1977,1974,Sawtooth,Rolled Roofing,Log Wood,Manmade Stone,0.0,3,3,Combined footing,3.0,Large Windows,Foamax,894,Furnace,3,Yes,NM Cable,894,0,894,1,0,2,1,3,6,0,,Detached,Wood Sheathing,2,600,3,Paved,215,0,0,0,No Fence,9,2009,Down payment assistance,Regular,102096.0,Y,N,2021-11-06,57163246,"Julius-Riehl-Allee 6/9
72757 Fürstenfeldbruck",Calau,Jordanien,jgeisel@sontag.de,M,Baden-Württemberg,48924,78.0,2021-10-16,2.1,2021-10-16,2.1
398,VacHomeClass-6,VacHomeZone-1,69.0,7590,Cobblestone,Gravel,Pie,Flat,Trash|Gas|Water|Electricity,Interior lot,No Slope,NAmes,Proximity to Park,Apartment,Bungalow,5,5,1966,1965,Gable,Rolled Roofing,Board Batten,Natural Stone,288.0,3,3,Combined footing,3.0,No Sunlight,BrightWall Paneling,864,Furnace,3,Yes,NM Cable,876,936,1812,2,0,4,1,3,8,1,TA,Attached,Wood Sheathing,1,264,3,Paved,0,0,0,0,No Fence,7,2007,Down payment assistance,Regular,140691.0,N,Y,2021-07-04,93828420,"Wulfstraße 5/0
58541 Dieburg",Burglengenfeld,Vereinigte Staaten,nathaliethanel@googlemail.com,Unknown,Niedersachsen,26207,59.0,2021-06-15,1.9,2021-06-15,1.9
399,VacHomeClass-2,VacHomeZone-2,60.0,8967,Cobblestone,Gravel,Pie,Flat,Trash|Gas|Water|Electricity,Corner lot,No Slope,RNH 10,Proximity to School,Apartment,Contemporary,5,2,1923,1954,Gable,Rolled Roofing,Log Wood,Manmade Stone,0.0,3,2,Strip foundation,2.0,No Sunlight,Dry Wall,961,Furnace,4,Yes,Phone and Data Wire,1077,0,1077,1,0,2,1,3,6,0,,Detached,Metal Panels,1,338,1,Only Gravel,0,0,0,0,No Fence,11,2007,Down payment assistance,Shortsale,55616.0,N,N,2021-09-06,46244444,"Antonie-Weiß-Platz 6/0
13027 Amberg",Erbisdorf,Chile,zorbachnermin@holsten.net,Unknown,Mecklenburg-Vorpommern,52192,28.0,2021-09-02,4.2,2021-09-02,4.2
400,VacHomeClass-6,VacHomeZone-5,65.0,8125,Cobblestone,Gravel,Pie,Flat,Trash|Gas|Water|Electricity,Interior lot,No Slope,RNH 22,Proximity to School,Apartment,Bungalow,7,5,2008,2011,Gable,Rolled Roofing,Metal,Manmade Panels,100.0,4,3,Individual footing,4.0,No Sunlight,ZenWall Panels,1092,Furnace,5,Yes,NM Cable,1112,438,1550,2,0,2,1,4,7,0,,Attached,DryWall,2,438,3,Paved,0,0,0,0,No Fence,10,2009,Down payment assistance,Regular,200036.0,Y,N,2021-08-18,58640968,"Ramona-Schacht-Allee 8
70989 Starnberg",Hansestadttralsund,Martinique,camilla01@ziegert.com,Unknown,Hamburg,3336,60.0,2021-08-27,1.4,2021-08-27,1.4
401,VacHomeClass-12,VacHomeZone-1,38.0,14963,Cobblestone,Gravel,Rectangular,Flat,Trash|Gas|Water|Electricity,Interior lot,No Slope,RNH 25,Proximity to School,SingleFamilyHome,Contemporary,8,5,1999,2002,Gable,Rolled Roofing,Vertical Wood,Manmade Stone,0.0,4,3,Individual footing,4.0,No Sunlight,ZenWall Panels,1260,Furnace,5,Yes,NM Cable,1288,0,1288,1,1,1,1,5,4,2,Gd,Attached,DryWall,2,500,3,Paved,120,0,0,0,No Fence,12,2008,Down payment assistance,Regular,203771.0,N,N,2021-12-26,64140834,"Rahel-Rust-Gasse 3/4
31216 Starnberg",Mühlhausen,Nigeria,thorben47@aol.de,M,Brandenburg,44033,48.0,2021-05-13,4.0,2021-05-13,4.0
402,VacHomeClass-1,VacHomeZone-1,65.0,8767,Cobblestone,Gravel,Reverse Pie,Flat,Trash|Gas|Water|Electricity,Interior lot,No Slope,RNH 6,Proximity to School,Apartment,Contemporary,7,5,2008,2007,Gable,Rolled Roofing,Board Batten,Manmade Stone,0.0,4,3,Individual footing,4.0,Large Windows,ZenWall Panels,1310,Furnace,5,Yes,NM Cable,1310,0,1310,2,0,3,1,4,6,1,Gd,Attached,DryWall,2,400,3,Paved,0,0,0,0,No Fence,7,2006,Government-backed programs,Distress Sale,136947.69999999998,N,Y,2021-05-26,1618297,"Heßweg 0
50760 Tuttlingen",Husum,Réunion,ahmet59@yahoo.de,M,Baden-Württemberg,65430,77.0,2021-09-01,1.7,2021-09-01,1.7
403,VacHomeClass-2,VacHomeZone-1,60.0,10200,Cobblestone,Gravel,Pie,Flat,Trash|Gas|Water|Electricity,Interior lot,No Slope,RNH 20,Proximity to School,Apartment,Contemporary,5,8,1942,2003,Gable,Rolled Roofing,Wood Shingle,Manmade Stone,0.0,3,3,Individual footing,3.0,No Sunlight,Dry Wall,672,Furnace,5,Yes,NM Cable,672,0,672,1,0,2,1,3,4,0,,Detached,Metal Panels,1,240,3,Only Gravel,168,0,0,0,Composite Fences,8,2008,Down payment assistance,Regular,89646.0,Y,N,2021-06-22,51371845,"Wojciech-Sauer-Ring 6
58757 Kaiserslautern",Marktheidenfeld,Montserrat,caterina79@web.de,M,Brandenburg,96813,27.0,2021-02-04,3.4,2021-02-04,3.4
404,VacHomeClass-6,VacHomeZone-1,93.0,12090,Cobblestone,Gravel,Pie,Flat,Trash|Gas|Water|Electricity,Corner lot,No Slope,RNH 14,Proximity to School,Apartment,Bungalow,8,5,2001,2004,Sawtooth,Rolled Roofing,Board Batten,Natural Stone,650.0,4,3,Individual footing,4.0,No Sunlight,Dry Wall,1141,Furnace,4,Yes,NM Cable,1165,1098,2263,2,1,4,1,4,10,1,TA,Breezeway,DryWall,2,420,3,Paved,144,0,0,0,No Fence,7,2006,Down payment assistance,Shortsale,214146.0,N,N,2021-03-06,36554393,"Mesut-Bruder-Weg 15
39600 Iserlohn",Konstanz,Laos,mirko94@krein.com,F,Bayern,30311,28.0,2021-09-18,2.7,2021-09-18,2.7
405,VacHomeClass-6,VacHomeZone-1,,10364,Cobblestone,Gravel,Reverse Pie,Flat,Trash|Gas|Water|Electricity,Interior lot,No Slope,RNH 9,Proximity to School,Apartment,Bungalow,6,5,1999,2002,Gable,Rolled Roofing,Log Wood,Manmade Stone,0.0,3,3,Individual footing,4.0,No Sunlight,Dry Wall,806,Furnace,4,Yes,NM Cable,806,766,1572,2,1,3,1,3,7,1,TA,Breezeway,DryWall,2,373,3,Paved,0,0,0,0,No Fence,5,2007,Down payment assistance,Regular,139446.0,N,Y,2021-02-17,56316506,"Wolf-Junitz-Platz 3
31025 Nördlingen",Nordhausen,Kamerun,anne-kathrinherrmann@gmail.com,Unknown,Hamburg,52915,24.0,2021-04-02,3.2,2021-04-02,3.2
406,VacHomeClass-1,VacHomeZone-1,,9991,Cobblestone,Gravel,Reverse Pie,Flat,Trash|Gas|Water|Electricity,Corner lot,No Slope,RNH 20,Proximity to Hospital,Apartment,Contemporary,4,4,1979,1999,Gable,Rolled Roofing,Brick,Manmade Stone,0.0,3,3,Combined footing,3.0,No Sunlight,CleanSpace Wall System,1281,Furnace,5,Yes,NM Cable,1620,0,1620,2,0,3,1,3,8,1,TA,Attached,Metal Panels,2,490,3,Paved,120,0,0,0,Wood Fences,6,2009,Down payment assistance,Regular,124506.0,Y,Y,2021-03-14,24422697,"Isidor-Matthäi-Platz 985
08928 Angermünde",Wolfenbüttel,Gabun,goranbaerer@hotmail.de,F,Rheinland-Pfalz,8705,60.0,2021-10-13,4.5,2021-10-13,4.5
407,VacHomeClass-5,VacHomeZone-1,51.0,10480,Cobblestone,Gravel,Pie,Flat,Trash|Gas|Water|Electricity,Interior lot,No Slope,RNH 19,Proximity to School,Apartment,Craftsman,6,5,1938,1957,Gable,Rolled Roofing,Log Wood,Manmade Stone,0.0,3,3,Strip foundation,3.0,No Sunlight,Dry Wall,1064,Furnace,5,Yes,Underground Feeder Cable,1166,0,1639,1,0,3,1,3,6,0,,Detached,Metal Panels,1,240,3,Paved,0,0,0,0,No Fence,3,2008,Down payment assistance,Regular,95456.0,Y,N,2021-06-05,58325872,"Römerallee 56
06457 Warendorf",Rastatt,Luxemburg,noackmargarete@googlemail.com,M,Nordrhein-Westfalen,84453,65.0,2021-04-15,4.6,2021-04-15,4.6
408,VacHomeClass-7,VacHomeZone-1,63.0,15576,Cobblestone,Gravel,Pie,Flat,Trash|Gas|Water|Electricity,Interior lot,No Slope,RNH 7,Proximity to School,Apartment,Bungalow,6,7,1916,1986,Gable,Rolled Roofing,Wood Shingle,Manmade Stone,0.0,3,3,Strip foundation,4.0,No Sunlight,Dry Wall,840,Furnace,5,Yes,NM Cable,840,840,1680,2,0,4,1,3,8,0,,Attached,Metal Panels,1,308,3,Paved,0,0,0,0,No Fence,3,2008,Down payment assistance,Regular,146916.0,N,Y,2021-05-09,63378504,"Hellmuth-Mosemann-Straße 1/1
54121 Klötze",Pößneck,Bouvetinsel,schollelias@zaenker.de,F,Hessen,58010,72.0,2021-01-06,3.8,2021-01-06,3.8
409,VacHomeClass-6,VacHomeZone-1,109.0,14154,Cobblestone,Gravel,Pie,Flat,Trash|Gas|Water|Electricity,Corner lot,No Slope,RNH 16,Proximity to School,Apartment,Bungalow,7,5,2010,2012,Gable,Rolled Roofing,Board Batten,Natural Stone,350.0,4,3,Individual footing,5.0,No Sunlight,Dry Wall,1063,Furnace,5,Yes,NM Cable,1071,1101,2172,2,1,3,1,4,9,1,Gd,Attached,Wood Sheathing,3,947,3,Paved,192,0,0,0,No Fence,8,2007,Government-backed programs,Distress Sale,232406.0,Y,Y,2021-11-29,15628565,"Juliana-Bähr-Straße 7
09947 Uffenheim",Merseburg,Anguilla,valeriejunitz@scheuermann.net,F,Thüringen,82011,57.0,2021-12-16,3.8,2021-12-16,3.8
410,VacHomeClass-6,VacHomeZone-5,85.0,10800,Cobblestone,Gravel,Pie,Flat,Trash|Gas|Water|Electricity,Interior lot,No Slope,RNH 22,Proximity to School,Apartment,Bungalow,8,5,2008,2012,Gable,Rolled Roofing,Board Batten,Manmade Panels,100.0,4,3,Individual footing,5.0,No Sunlight,ZenWall Panels,1034,Furnace,5,Yes,NM Cable,1050,1028,2078,2,1,3,1,5,8,1,Gd,Attached,DryWall,3,836,3,Paved,0,0,0,0,No Fence,4,2008,Government-backed programs,Distress Sale,281998.5,N,Y,2021-05-21,38887529,"Bayram-Briemer-Allee 12
28766 Forchheim",Borna,Mauritius,bjoern88@googlemail.com,M,Berlin,21868,29.0,2021-07-02,1.8,2021-07-02,1.8
411,VacHomeClass-1,VacHomeZone-1,68.0,9571,Cobblestone,Gravel,Pie,Flat,Trash|Gas|Water|Electricity,Interior lot,No Slope,RNH 8,Proximity to School,Apartment,Contemporary,5,3,1963,1966,Gable,Rolled Roofing,Stucco,Manmade Stone,0.0,3,2,Combined footing,3.0,No Sunlight,Dry Wall,1276,Furnace,3,Yes,Underground Feeder Cable,1276,0,1276,1,0,3,1,3,5,0,,Attached,Metal Panels,1,350,3,Paved,0,0,0,0,No Fence,6,2009,Reverse Mortgage,Shortsale,49806.0,Y,N,2021-10-13,26941172,"Spießplatz 5/3
11755 Germersheim",Ingolstadt,Ungarn,lloos@hahn.com,F,Sachsen-Anhalt,96091,62.0,2021-08-10,3.0,2021-08-10,3.0
412,VacHomeClass-15,VacHomeZone-1,100.0,34650,Cobblestone,Gravel,Pie,Slope,Trash|Gas|Water|Electricity,Interior lot,No Slope,RNH 9,Proximity to School,Condo,Contemporary,5,5,1956,1961,Sawtooth,Rolled Roofing,Wood Shingle,Manmade Stone,0.0,3,3,Combined footing,3.0,Small Windows,Foamax,1056,Furnace,3,No,NM Cable,1056,0,1056,1,0,3,1,3,5,0,,Attached,DryWall,2,572,3,Paved,264,0,0,0,No Fence,1,2006,Down payment assistance,Regular,120356.0,Y,N,2021-12-18,61846715,"Rotraud-Gnatz-Platz 7/9
29964 Senftenberg",Miltenberg,Montenegro,fwilms@hartung.org,F,Mecklenburg-Vorpommern,83182,11.0,2021-06-27,4.1,2021-06-27,4.1
413,VacHomeClass-1,VacHomeZone-5,,4403,Cobblestone,Gravel,Rectangular,Flat,Trash|Gas|Water|Electricity,Interior lot,No Slope,RNH 22,Proximity to School,Apartment,Contemporary,7,5,2011,2014,Gable,Rolled Roofing,Log Wood,Manmade Panels,432.0,5,3,Individual footing,5.0,Large Windows,ZenWall Panels,1470,Furnace,5,Yes,NM Cable,1478,0,1478,2,1,2,1,4,7,1,Gd,Attached,DryWall,2,484,3,Paved,0,0,0,0,No Fence,6,2010,Government-backed programs,Distress Sale,184266.0,N,Y,2021-01-31,88809496,"Swen-Spieß-Weg 83
09306 Rochlitz",Finsterwalde,Vatikanstadt,baumenver@barkholz.de,Unknown,Baden-Württemberg,15364,37.0,2021-06-06,3.7,2021-06-06,3.7
414,VacHomeClass-2,VacHomeZone-2,56.0,8960,Cobblestone,Concrete,Pie,Flat,Trash|Gas|Water|Electricity,Interior lot,No Slope,RNH 18,Proximity to Gym,Apartment,Contemporary,5,6,1930,1960,Gable,Rolled Roofing,Vinyl,Manmade Stone,0.0,3,3,Combined footing,3.0,No Sunlight,Dry Wall,1008,Furnace,4,Yes,Underground Feeder Cable,1028,0,1028,1,0,2,1,3,5,1,Gd,Detached,Metal Panels,2,360,3,Paved,0,0,0,0,No Fence,3,2010,Down payment assistance,Regular,95456.0,N,Y,2021-02-27,98491704,"Senta-Etzold-Platz 54
99186 Soltau",Ilmenau,Kap Verde,sabrinajuettner@web.de,M,Hessen,34424,29.0,2021-01-20,1.4,2021-01-20,1.4
415,VacHomeClass-6,VacHomeZone-1,59.0,11228,Cobblestone,Gravel,Rectangular,Flat,Trash|Gas|Water|Electricity,Cul-de-sac,No Slope,RNH 21,Proximity to School,Apartment,Bungalow,7,5,1994,1999,Gable,Rolled Roofing,Board Batten,Manmade Stone,0.0,4,3,Individual footing,4.0,No Sunlight,CleanSpace Wall System,1080,Furnace,5,Yes,NM Cable,1080,1017,2097,2,1,3,1,4,9,1,TA,Attached,Metal Panels,3,678,3,Paved,196,0,0,0,No Fence,12,2008,Down payment assistance,Regular,189246.0,Y,Y,2021-10-25,546638,"Roseweg 2/0
79948 Wetzlar",Eisenhüttenstadt,Syrien,sveamende@hotmail.de,Unknown,Rheinland-Pfalz,71349,16.0,2021-10-15,1.4,2021-10-15,1.4
416,VacHomeClass-1,VacHomeZone-1,73.0,8899,Cobblestone,Gravel,Reverse Pie,Flat,Trash|Gas|Water|Electricity,Interior lot,No Slope,RNH 9,Proximity to School,Apartment,Contemporary,7,5,2009,2010,Gable,Rolled Roofing,Board Batten,Manmade Stone,0.0,4,3,Individual footing,4.0,Large Windows,ZenWall Panels,1340,Furnace,5,Yes,NM Cable,1340,0,1340,2,0,3,1,4,6,0,,Attached,DryWall,2,396,3,Paved,100,0,0,0,No Fence,8,2007,Government-backed programs,Distress Sale,150347.22,Y,Y,2021-10-15,83037474,"Adelinde-Renner-Straße 142
81041 Genthin",Goslar,Slowakei,ggeissler@atzler.com,F,Bremen,5737,25.0,2021-09-22,3.3,2021-09-22,3.3
417,VacHomeClass-6,VacHomeZone-1,74.0,7844,Cobblestone,Gravel,Pie,Flat,Trash|Gas|Water|Electricity,Interior lot,No Slope,RNH 20,Proximity to School,Apartment,Bungalow,6,7,1980,1985,Sawtooth,Rolled Roofing,Horizontal Wood,Natural Stone,203.0,3,3,Combined footing,3.0,No Sunlight,BrightWall Paneling,672,Furnace,3,Yes,NM Cable,672,728,1400,1,1,3,1,3,6,1,TA,Attached,DryWall,2,440,3,Paved,0,0,0,0,No Fence,3,2006,Down payment assistance,Regular,124091.0,N,N,2021-05-24,6078164,"Aumannallee 836
99928 Eggenfelden",Demmin,Kroatien,belascheuermann@weinhold.de,Unknown,Berlin,86217,86.0,2021-10-24,3.6,2021-10-24,3.6
418,VacHomeClass-7,VacHomeZone-1,86.0,22420,Cobblestone,Gravel,Reverse Pie,Flat,Trash|Gas|Water|Electricity,Interior lot,No Slope,RNH 7,Proximity to Hospital,Apartment,Bungalow,6,6,1920,1959,Sawtooth,Rolled Roofing,Wood Shingle,Manmade Stone,0.0,3,3,Strip foundation,4.0,No Sunlight,CleanSpace Wall System,1370,Boiler,3,No,Underground Feeder Cable,1370,1254,2624,2,1,4,1,3,10,1,Gd,Detached,Metal Panels,3,864,3,Only Gravel,0,0,0,0,No Fence,11,2007,Down payment assistance,Regular,198376.0,Y,Y,2021-01-09,76695421,"Lübsstraße 0/1
61197 Leipziger Land",Schwabmünchen,Kenia,atzlerbernt@barkholz.de,M,Bayern,32348,38.0,2021-11-21,3.3,2021-11-21,3.3
419,VacHomeClass-5,VacHomeZone-1,60.0,8160,Cobblestone,Gravel,Pie,Flat,Trash|Gas|Water|Electricity,Interior lot,No Slope,RNH 8,Proximity to School,Apartment,Craftsman,5,6,1941,1955,Gable,Rolled Roofing,Log Wood,Manmade Stone,0.0,3,3,Strip foundation,3.0,No Sunlight,BrightWall Paneling,756,Furnace,2,No,Armored Cable,756,378,1134,1,1,3,1,3,7,0,,Detached,Metal Panels,1,240,3,Partially Gravel,0,0,0,0,No Fence,4,2007,Down payment assistance,Trade,104586.0,Y,Y,2021-07-20,8046031,"Alicia-Hethur-Gasse 330
50644 Göttingen",Augsburg,Demokratische Republik Kongo,ystiebitz@yahoo.de,Unknown,Hessen,96278,20.0,2021-02-15,3.3,2021-02-15,3.3
420,VacHomeClass-1,VacHomeZone-1,65.0,8450,Cobblestone,Gravel,Pie,Flat,Trash|Gas|Water|Electricity,Interior lot,No Slope,NAmes,Proximity to School,Apartment,Contemporary,5,6,1973,1977,Gable,Rolled Roofing,Board Batten,Manmade Stone,0.0,3,3,Combined footing,3.0,No Sunlight,CleanSpace Wall System,1056,Furnace,5,Yes,NM Cable,1056,0,1056,1,0,3,1,3,6,1,Fa,Attached,Metal Panels,1,304,3,Paved,0,0,0,0,No Fence,7,2010,Down payment assistance,Regular,117866.0,N,N,2021-05-19,21026683,"Hansjoachim-Gerlach-Straße 5
88209 Eichstätt",Cuxhaven,Vatikanstadt,ewilmsen@gmail.com,Unknown,Sachsen,99622,41.0,2021-08-16,3.2,2021-08-16,3.2
421,VacHomeClass-11,VacHomeZone-2,78.0,7060,Cobblestone,Gravel,Pie,Flat,Trash|Gas|Water|Electricity,Interior lot,No Slope,RNH 12,Proximity to School,Townhome,Georgian,7,5,2000,2004,Gable,Rolled Roofing,Board Batten,Natural Stone,200.0,3,4,Individual footing,4.0,French Doors,ZenWall Panels,1344,Furnace,5,Yes,NM Cable,1344,0,1344,2,0,2,2,3,8,0,,Attached,DryWall,4,784,3,Paved,0,0,0,0,No Fence,11,2008,Down payment assistance,Foreclosure,171235.0,Y,N,2021-10-28,11608387,"Edwin-Wirth-Gasse 7
66375 Saarlouis",Rochlitz,Kasachstan,adlerreza@gmail.com,F,Bayern,96581,17.0,2021-12-22,2.5,2021-12-22,2.5
422,VacHomeClass-1,VacHomeZone-1,,16635,Cobblestone,Gravel,Reverse Pie,Flat,Trash|Gas|Water|Electricity,T-intersection,No Slope,RNH 17,Proximity to School,Apartment,Contemporary,6,7,1982,2007,Gable,Rolled Roofing,Metal,Manmade Panels,126.0,4,3,Combined footing,4.0,No Sunlight,BrightWall Paneling,1602,Furnace,4,Yes,NM Cable,1602,0,1602,2,0,3,1,4,8,1,TA,Attached,DryWall,2,529,3,Paved,240,0,0,0,No Fence,6,2009,Down payment assistance,Regular,178456.0,Y,Y,2021-05-18,42179139,"Neuschäferring 9
03126 Mühlhausen",Bad Brückenau,Costa Rica,hettnernikolaos@gmx.de,F,Brandenburg,85023,24.0,2021-11-25,1.9,2021-11-25,1.9
423,VacHomeClass-1,VacHomeZone-1,100.0,21750,Cobblestone,Gravel,Pie,High Level,Trash|Gas|Water|Electricity,Interior lot,Little Slope,RNH 12,Proximity to Gym,Apartment,Contemporary,5,5,1957,1960,Sawtooth,Rolled Roofing,Horizontal Wood,Manmade Stone,0.0,3,3,Combined footing,3.0,No Sunlight,Dry Wall,988,Furnace,5,Yes,Underground Feeder Cable,988,0,988,1,0,2,1,3,4,0,,Attached,Wood Sheathing,2,520,3,Only Gravel,0,0,0,0,No Fence,2,2008,Down payment assistance,Regular,93796.0,N,N,2021-02-06,52418303,"Pohlstr. 421
54764 Gardelegen",Schwerin,St. Martin,stephaniestumpf@soeding.net,Unknown,Hessen,31159,53.0,2021-11-14,1.9,2021-11-14,1.9
424,VacHomeClass-6,VacHomeZone-1,80.0,9200,Cobblestone,Gravel,Pie,Flat,Trash|Gas|Water|Electricity,Interior lot,No Slope,RNH 14,Proximity to School,Apartment,Bungalow,8,5,2001,2004,Gable,Rolled Roofing,Board Batten,Natural Stone,473.0,4,3,Individual footing,4.0,No Sunlight,ZenWall Panels,1470,Furnace,4,Yes,NM Cable,1470,1160,2630,2,1,4,1,4,8,1,TA,Attached,DryWall,3,696,3,Paved,0,0,0,0,No Fence,6,2008,Down payment assistance,Regular,261456.0,Y,Y,2021-01-15,24236881,"Loretta-Dörr-Allee 3/5
74898 Zossen",Main-Höchst,Serbien,klothilde00@schleich.de,Unknown,Nordrhein-Westfalen,4030,97.0,2021-03-02,3.5,2021-03-02,3.5
425,VacHomeClass-1,VacHomeZone-1,72.0,9000,Cobblestone,Gravel,Pie,Flat,Trash|Gas|Water|Electricity,Interior lot,No Slope,NAmes,Proximity to School,Apartment,Contemporary,6,5,1959,1962,Gable,Rolled Roofing,Wood Shingle,Natural Stone,74.0,3,3,Combined footing,4.0,No Sunlight,Basement to Beautiful Panels,1196,Furnace,4,Yes,Underground Feeder Cable,1196,0,1196,1,0,2,1,3,6,1,Gd,Attached,Wood Sheathing,1,297,3,Paved,0,0,0,0,No Fence,5,2008,Down payment assistance,Regular,115376.0,N,Y,2021-04-22,51787745,"Ahmet-Sauer-Weg 668
29000 Eisleben",Schweinfurt,Guatemala,veronique84@web.de,F,Schleswig-Holstein,62082,34.0,2021-04-24,3.5,2021-04-24,3.5
426,VacHomeClass-6,VacHomeZone-2,60.0,3378,Cobblestone,Concrete,Pie,High Level,Trash|Gas|Water|Electricity,Interior lot,No Slope,RNH 18,Proximity to School,Apartment,Bungalow,7,8,1948,1998,Gable,Rolled Roofing,Horizontal Wood,Manmade Stone,0.0,3,4,Combined footing,3.0,No Sunlight,Dry Wall,651,Furnace,4,Yes,NM Cable,707,682,1389,1,1,3,1,3,6,2,Gd,Detached,Metal Panels,1,240,3,Partially Gravel,0,0,0,0,No Fence,9,2009,Down payment assistance,Regular,112056.0,N,N,2021-12-09,88235035,"Klemmallee 4/8
37214 Eisleben",Backnang,Laos,sylvana77@meyer.net,F,Hessen,49561,81.0,2021-07-12,4.9,2021-07-12,4.9
427,VacHomeClass-9,VacHomeZone-1,,12800,Cobblestone,Gravel,Pie,Low Level,Trash|Gas|Water|Electricity,Interior lot,Little Slope,RNH 21,Proximity to School,Apartment,Spanish,7,5,1991,1993,Gable,Rolled Roofing,Wood Shingle,Natural Stone,145.0,4,3,Individual footing,4.0,French Doors,ZenWall Panels,1518,Furnace,4,Yes,NM Cable,1644,0,1644,2,0,2,1,4,5,1,TA,Attached,DryWall,2,569,3,Paved,80,0,0,0,No Fence,8,2009,Down payment assistance,Regular,228256.0,N,Y,2021-12-15,90955785,"Hettnerweg 7/9
23344 Merseburg",Hainichen,Somalia,andreaoderwald@aol.de,F,Nordrhein-Westfalen,12671,47.0,2021-06-17,2.0,2021-06-17,2.0
428,VacHomeClass-1,VacHomeZone-1,77.0,8593,Cobblestone,Gravel,Reverse Pie,Flat,Trash|Gas|Water|Electricity,Interior lot,No Slope,NAmes,Proximity to School,Apartment,Contemporary,4,6,1958,1964,Sawtooth,Rolled Roofing,Log Wood,Manmade Stone,0.0,3,3,Combined footing,3.0,No Sunlight,Foamax,907,Furnace,5,Yes,NM Cable,907,0,907,1,0,3,1,3,5,0,,Detached,Metal Panels,1,352,3,Paved,0,0,0,0,No Fence,7,2008,Down payment assistance,Regular,90482.64,Y,N,2021-12-23,92792654,"Schottinplatz 2
47778 Hildburghausen",Uffenheim,Schweiz,salzleonore@aol.de,Unknown,Baden-Württemberg,81084,75.0,2021-11-03,2.9,2021-11-03,2.9
429,VacHomeClass-1,VacHomeZone-1,64.0,6762,Cobblestone,Gravel,Pie,Flat,Trash|Gas|Water|Electricity,Interior lot,No Slope,RNH 6,Proximity to School,Apartment,Contemporary,7,5,2009,2013,Gable,Rolled Roofing,Board Batten,Natural Stone,108.0,4,3,Individual footing,4.0,No Sunlight,ZenWall Panels,1208,Furnace,5,Yes,NM Cable,1208,0,1208,2,0,2,1,4,6,0,,Attached,Wood Sheathing,2,628,3,Paved,105,0,0,0,No Fence,9,2007,Government-backed programs,Distress Sale,162188.0,Y,Y,2021-05-13,29025503,"Kunibert-Neureuther-Straße 6
49504 Euskirchen",Gadebusch,Französisch-Guayana,msontag@yahoo.de,Unknown,Mecklenburg-Vorpommern,46060,13.0,2021-01-17,4.2,2021-01-17,4.2
430,VacHomeClass-1,VacHomeZone-1,130.0,11457,Cobblestone,Gravel,Reverse Pie,Flat,Trash|Gas|Water|Electricity,Corner lot,No Slope,RNH 24,Proximity to School,Apartment,Contemporary,6,5,1992,1994,Gable,Rolled Roofing,Horizontal Wood,Manmade Stone,0.0,3,3,Combined footing,4.0,Small Windows,ZenWall Panels,1392,Furnace,3,Yes,NM Cable,1412,0,1412,2,0,3,1,4,6,1,TA,Attached,Metal Panels,2,576,3,Paved,0,0,0,0,No Fence,3,2009,Down payment assistance,Regular,145256.0,N,Y,2021-07-14,46018083,"Fabian-Schäfer-Platz 86
32954 Roding",Pritzwalk,Bouvetinsel,tony19@johann.com,M,Brandenburg,52262,63.0,2021-05-13,1.7,2021-05-13,1.7
431,VacHomeClass-13,VacHomeZone-2,21.0,1680,Cobblestone,Gravel,Pie,Flat,Trash|Gas|Water|Electricity,Interior lot,No Slope,RNH 3,Proximity to School,MultiFamilyHome,Bungalow,6,5,1973,1977,Gable,Rolled Roofing,Horizontal Wood,Natural Stone,232.0,3,3,Combined footing,3.0,No Sunlight,BrightWall Paneling,483,Furnace,3,Yes,NM Cable,483,504,987,1,1,2,1,3,4,0,,Detached,Metal Panels,1,264,3,Paved,0,0,0,0,No Fence,7,2008,Reverse Mortgage,Shortsale,70888.0,Y,Y,2021-06-23,11843955,"Bohnbachplatz 6
84612 Soltau",Eisenberg,Malediven,bienilka@lachmann.com,F,Rheinland-Pfalz,48112,47.0,2021-12-20,3.9,2021-12-20,3.9
432,VacHomeClass-5,VacHomeZone-2,60.0,5586,Cobblestone,Gravel,Reverse Pie,Slope,Trash|Gas|Water|Electricity,Interior lot,No Slope,RNH 18,Proximity to Hospital,Apartment,Craftsman,6,7,1923,2003,Gable,Rolled Roofing,Log Wood,Manmade Stone,0.0,3,3,Strip foundation,3.0,No Sunlight,Dry Wall,901,Furnace,4,Yes,NM Cable,1088,110,1198,1,0,4,1,3,7,0,,No Garage,Unfinished,0,0,0,Only Gravel,0,0,0,0,Vinyl Fences,9,2008,Rent-to-own,Shortsale,66323.0,Y,N,2021-05-06,48948852,"Seidelring 9
87825 Pößneck",Herford,Tadschikistan,hdehmel@gmx.de,M,Sachsen,5882,3.0,2021-03-14,1.8,2021-03-14,1.8
433,VacHomeClass-13,VacHomeZone-2,24.0,1920,Cobblestone,Gravel,Pie,Flat,Trash|Gas|Water|Electricity,Interior lot,No Slope,RNH 3,Proximity to School,SingleFamilyHome,Bungalow,5,5,1976,1977,Gable,Rolled Roofing,Horizontal Wood,Natural Stone,376.0,3,3,Combined footing,3.0,No Sunlight,BrightWall Paneling,765,Furnace,5,Yes,NM Cable,765,600,1365,1,1,2,1,3,6,0,,Detached,Metal Panels,2,440,3,Paved,240,0,0,0,No Fence,8,2007,Down payment assistance,Regular,101681.0,N,Y,2021-03-16,38783876,"Margita-Kabus-Gasse 7
83252 Rochlitz",Flöha,Gabun,janettroest@kohl.com,Unknown,Berlin,62078,93.0,2021-12-30,4.4,2021-12-30,4.4
434,VacHomeClass-6,VacHomeZone-1,100.0,10839,Cobblestone,Gravel,Reverse Pie,Flat,Trash|Gas|Water|Electricity,Corner lot,No Slope,RNH 9,Proximity to School,Apartment,Bungalow,6,5,2000,2007,Gable,Rolled Roofing,Board Batten,Manmade Stone,0.0,3,3,Individual footing,4.0,No Sunlight,Dry Wall,926,Furnace,5,Yes,NM Cable,926,678,1604,2,1,3,1,3,7,1,TA,Attached,DryWall,2,470,3,Paved,0,0,0,0,No Fence,7,2008,Down payment assistance,Regular,150236.0,N,Y,2021-12-20,83909382,"Canan-Henk-Gasse 5
54101 Bremen",Guben,Kambodscha,nzobel@anders.com,M,Thüringen,31652,39.0,2021-11-19,2.8,2021-11-19,2.8
435,VacHomeClass-14,VacHomeZone-2,21.0,1890,Cobblestone,Gravel,Pie,Flat,Trash|Gas|Water|Electricity,Interior lot,No Slope,RNH 11,Proximity to School,MultiFamilyHome,Georgian,4,7,1976,1974,Gable,Rolled Roofing,Metal,Manmade Stone,0.0,3,4,Combined footing,4.0,Large Windows,BrightWall Paneling,630,Furnace,4,Yes,NM Cable,630,0,630,1,0,1,1,3,3,0,,No Garage,Unfinished,0,0,0,Paved,88,0,0,0,No Fence,6,2008,Down payment assistance,Regular,67236.0,Y,N,2021-04-26,25306613,"Berta-Steckel-Allee 50
88426 Holzminden",Bogen,Guinea,sbloch@roehrdanz.org,M,Berlin,95007,27.0,2021-03-07,1.2,2021-03-07,1.2
436,VacHomeClass-6,VacHomeZone-1,43.0,10667,Cobblestone,Gravel,Rectangular,Flat,Trash|Gas|Water|Electricity,Cul-de-sac,No Slope,RNH 6,Proximity to Park,Apartment,Bungalow,7,6,1999,2004,Gable,Rolled Roofing,Board Batten,Manmade Stone,0.0,4,3,Individual footing,4.0,Large Windows,ZenWall Panels,799,Furnace,5,Yes,NM Cable,827,834,1661,2,1,3,1,4,6,1,TA,Attached,Wood Sheathing,2,550,3,Paved,158,0,0,0,No Fence,4,2009,Regular Mortgage,Regular,175966.0,Y,N,2021-08-02,96611845,"Christel-Trupp-Weg 82
39061 Badibling",Ingolstadt,Island,nettebekir@gmail.com,Unknown,Hamburg,63234,6.0,2021-08-14,1.8,2021-08-14,1.8
437,VacHomeClass-5,VacHomeZone-2,40.0,4400,Cobblestone,Gravel,Pie,Flat,Trash|Gas|Water|Electricity,Interior lot,No Slope,RNH 18,Proximity to School,Apartment,Craftsman,6,8,1922,1956,Gable,Rolled Roofing,Fiber cement,Manmade Stone,0.0,3,3,Strip foundation,2.0,No Sunlight,Dry Wall,648,Furnace,3,Yes,Underground Feeder Cable,734,384,1118,1,0,2,1,3,6,0,,Detached,Metal Panels,2,440,3,Paved,0,0,0,0,No Fence,10,2006,Down payment assistance,Regular,96286.0,Y,N,2021-11-13,93205122,"Alwine-Schleich-Straße 7
27601 Strausberg",Duderstadt,Mali,pgunpf@googlemail.com,Unknown,Hessen,50769,36.0,2021-09-03,4.6,2021-09-03,4.6
438,VacHomeClass-4,VacHomeZone-2,50.0,6000,Cobblestone,Gravel,Pie,Flat,Trash|Gas|Water|Electricity,Interior lot,No Slope,RNH 4,Proximity to School,Apartment,Colonial,6,7,1931,2014,Gable,Rolled Roofing,Wood Shingle,Manmade Stone,0.0,4,3,Individual footing,3.0,No Sunlight,Dry Wall,884,Furnace,4,Yes,NM Cable,904,0,904,1,0,2,1,3,4,0,,Detached,Metal Panels,1,180,3,Paved,0,0,0,0,No Fence,1,2009,Down payment assistance,Regular,98776.0,Y,N,2021-12-29,10228630,"Wolf-Rüdiger-Gumprich-Weg 6
48361 Bad Kreuznach",Wertingen,Mongolei,sklotz@vogt.de,Unknown,Thüringen,88512,67.0,2021-04-14,3.4,2021-04-14,3.4
439,VacHomeClass-2,VacHomeZone-1,40.0,4280,Cobblestone,Gravel,Pie,Flat,Trash|Gas|Water|Electricity,Interior lot,No Slope,RNH 7,Proximity to School,Apartment,Contemporary,5,6,1917,2007,Gable,Rolled Roofing,Vinyl,Manmade Stone,0.0,3,3,Individual footing,3.0,No Sunlight,Basement to Beautiful Panels,440,Furnace,3,No,NM Cable,694,0,694,1,0,2,1,4,4,1,Gd,Detached,Metal Panels,1,352,4,Partially Gravel,0,0,0,0,Vinyl Fences,3,2007,Down payment assistance,Regular,74996.5,Y,Y,2021-11-17,11517863,"Noackring 07
12221 Mühldorf am Inn",Heiligenstadt,Papua-Neuguinea,heinz-wernerscheibe@aol.de,Unknown,Baden-Württemberg,30182,92.0,2021-01-06,4.4,2021-01-06,4.4
440,VacHomeClass-5,VacHomeZone-1,67.0,12354,Cobblestone,Concrete,Pie,Flat,Trash|Gas|Water|Electricity,Corner lot,No Slope,RNH 8,Proximity to School,Apartment,Craftsman,6,8,1924,2007,Gable,Rolled Roofing,Wood Shingle,Manmade Stone,0.0,3,3,Strip foundation,3.0,Small Windows,Dry Wall,684,Furnace,4,Yes,NM Cable,684,512,1196,1,0,3,1,4,7,0,,Detached,Metal Panels,2,528,3,Paved,0,0,0,0,Composite Fences,8,2009,Family Sponsored,Regular,91306.0,Y,N,2021-03-04,18462135,"Hillerweg 033
05731 Wolgast",München,Turks- und Caicosinseln,kgutknecht@doerschner.com,F,Hessen,11102,86.0,2021-04-11,3.5,2021-04-11,3.5
441,VacHomeClass-1,VacHomeZone-1,105.0,15431,Cobblestone,Gravel,Pie,Flat,Trash|Gas|Water|Electricity,Interior lot,No Slope,RNH 16,Proximity to School,Apartment,Contemporary,10,5,2013,2012,Sawtooth,Rolled Roofing,Board Batten,Manmade Panels,200.0,5,3,Individual footing,5.0,French Doors,ZenWall Panels,3094,Furnace,5,Yes,NM Cable,2402,0,2402,2,0,2,1,5,10,2,Gd,Attached,DryWall,3,672,3,Paved,0,0,0,0,No Fence,4,2009,Down payment assistance,Regular,460656.0,N,Y,2021-07-31,63952575,"Bachmanngasse 60
77152 Karlsruhe",Sulzbach-Rosenberg,Serbien und Montenegro,pkiller@albers.com,M,Nordrhein-Westfalen,13149,75.0,2021-03-15,4.2,2021-03-15,4.2
442,VacHomeClass-11,VacHomeZone-1,92.0,12108,Cobblestone,Gravel,Pie,Flat,Trash|Gas|Water|Electricity,Interior lot,No Slope,RNH 8,Proximity to School,Townhome,Contemporary,4,4,1957,1960,Gable,Rolled Roofing,Board Batten,Natural Stone,270.0,3,3,Combined footing,3.0,No Sunlight,BrightWall Paneling,1440,Furnace,3,No,Armored Cable,1440,0,1440,2,0,4,2,2,8,0,,No Garage,Unfinished,0,0,0,Paved,0,0,0,0,No Fence,9,2008,Down payment assistance,Regular,97946.0,N,Y,2021-01-23,50657315,"Hans-Dietrich-Caspar-Straße 535
07847 Heinsberg",Stade,Nepal,greteadolph@gute.com,F,Bayern,44559,24.0,2021-11-25,1.8,2021-11-25,1.8
443,VacHomeClass-5,VacHomeZone-2,52.0,6240,Cobblestone,Gravel,Pie,Flat,Trash|Gas|Water|Electricity,Interior lot,No Slope,RNH 4,Proximity to School,Apartment,Craftsman,5,7,1932,1999,Gable,Rolled Roofing,Log Wood,Manmade Stone,0.0,3,3,Individual footing,3.0,No Sunlight,Dry Wall,1078,Furnace,3,Yes,NM Cable,1128,445,1573,2,0,3,1,3,8,1,Gd,Detached,Metal Panels,2,360,3,Partially Gravel,0,0,0,0,No Fence,6,2008,Down payment assistance,Regular,135213.0,N,Y,2021-09-12,52062346,"Sergio-Freudenberger-Gasse 4/7
66017 Gerolzhofen",Ochsenfurt,Lettland,leonidpatberg@yahoo.de,F,Thüringen,68938,69.0,2021-03-02,4.5,2021-03-02,4.5
444,VacHomeClass-12,VacHomeZone-1,53.0,3922,Cobblestone,Gravel,Pie,Flat,Trash|Gas|Water|Electricity,Interior lot,No Slope,RNH 1,Proximity to School,SingleFamilyHome,Contemporary,7,5,2007,2010,Gable,Rolled Roofing,Vinyl,Natural Stone,72.0,4,3,Individual footing,5.0,Large Windows,Dry Wall,1258,Furnace,5,Yes,NM Cable,1258,0,1258,2,0,2,1,4,6,1,Gd,Attached,DryWall,3,648,3,Paved,144,0,0,0,No Fence,6,2007,Government-backed programs,Distress Sale,143181.0,N,Y,2021-04-23,42850915,"Woldemar-Meyer-Allee 9
62039 Forst",Badalzungen,Saudi-Arabien,jochem75@lange.de,M,Bayern,52942,15.0,2021-06-30,1.8,2021-06-30,1.8
445,VacHomeClass-6,VacHomeZone-1,70.0,8750,Cobblestone,Gravel,Pie,Flat,Trash|Gas|Water|Electricity,Interior lot,No Slope,RNH 6,Proximity to School,Apartment,Bungalow,7,5,1999,2002,Gable,Rolled Roofing,Board Batten,Manmade Stone,0.0,4,4,Individual footing,4.0,No Sunlight,ZenWall Panels,915,Furnace,5,Yes,NM Cable,933,975,1908,2,1,4,1,4,8,1,TA,Attached,Metal Panels,2,493,3,Paved,144,0,0,0,No Fence,7,2008,Down payment assistance,Regular,174306.0,Y,N,2021-12-23,19613116,"Börnergasse 51
41750 Wismar",Neustadtner Waldnaab,Mauretanien,sschmidt@kambs.de,F,Bremen,17721,79.0,2021-12-21,4.9,2021-12-21,4.9
446,VacHomeClass-1,VacHomeZone-1,73.0,9855,Cobblestone,Gravel,Pie,Flat,Trash|Gas|Water|Electricity,Corner lot,No Slope,RNH 8,Proximity to School,Apartment,Contemporary,6,5,1960,1966,Sawtooth,Rolled Roofing,Wood Shingle,Manmade Stone,0.0,3,3,Combined footing,3.0,No Sunlight,Dry Wall,1436,Furnace,2,Yes,NM Cable,1689,0,1689,1,0,3,1,3,7,1,Gd,Attached,Metal Panels,2,480,3,Paved,0,0,0,0,Vinyl Fences,11,2009,Reverse Mortgage,Regular,105831.0,N,Y,2021-05-16,88194394,"Tim-Bauer-Allee 9/5
51644 Rochlitz",Riesa,Mayotte,frithjofmentzel@yahoo.de,M,Thüringen,36541,12.0,2021-11-07,2.0,2021-11-07,2.0
447,VacHomeClass-1,VacHomeZone-1,137.0,16492,Cobblestone,Gravel,Reverse Pie,Flat,Trash|Gas|Water|Electricity,Corner lot,No Slope,NAmes,Proximity to Mall,Apartment,Contemporary,6,6,1971,2007,Gable,Rolled Roofing,Vertical Wood,Manmade Stone,0.0,4,3,Combined footing,3.0,No Sunlight,BrightWall Paneling,1517,Furnace,5,Yes,NM Cable,1888,0,1888,2,1,2,1,4,6,1,Gd,Attached,DryWall,2,578,3,Paved,0,0,0,0,No Fence,6,2010,Down payment assistance,Regular,157706.0,Y,N,2021-12-30,53130198,"Södingplatz 88
47371 Peine",Vilsbiburg,Deutschland,lehmannvanessa@hotmail.de,Unknown,Nordrhein-Westfalen,44218,6.0,2021-05-21,2.3,2021-05-21,2.3
448,VacHomeClass-6,VacHomeZone-1,,11214,Cobblestone,Gravel,Reverse Pie,Flat,Trash|Gas|Water|Electricity,Corner lot,No Slope,RNH 9,Proximity to School,Apartment,Bungalow,7,5,1999,2007,Gable,Rolled Roofing,Board Batten,Manmade Stone,0.0,4,3,Individual footing,4.0,No Sunlight,Dry Wall,930,Furnace,4,Yes,NM Cable,956,930,1886,2,1,4,1,4,10,1,TA,Attached,DryWall,2,431,3,Paved,89,0,0,0,No Fence,7,2006,Down payment assistance,Regular,165923.0,N,Y,2021-06-26,31217019,"Pero-Trapp-Straße 727
65622 Lüdinghausen",Stendal,Svalbard und Jan Mayen,biancaneureuther@henck.com,Unknown,Mecklenburg-Vorpommern,30223,48.0,2021-09-03,3.7,2021-09-03,3.7
449,VacHomeClass-5,VacHomeZone-2,50.0,8600,Cobblestone,Gravel,Pie,Slope,Trash|Gas|Water|Electricity,Interior lot,No Slope,RNH 10,Proximity to School,Apartment,Craftsman,6,6,1942,1955,Gable,Rolled Roofing,Log Wood,Manmade Stone,0.0,3,3,Strip foundation,3.0,No Sunlight,Dry Wall,780,Furnace,3,Yes,NM Cable,780,596,1376,2,0,3,1,3,7,1,Gd,Detached,Metal Panels,1,198,3,Only Gravel,0,0,0,0,No Fence,6,2006,Down payment assistance,Regular,99191.0,Y,N,2021-10-31,23769496,"Rognerweg 615
55764 Sondershausen",Schongau,Vereinigte Arabische Emirate,yusuf76@hotmail.de,Unknown,Bayern,80311,48.0,2021-01-08,2.9,2021-01-08,2.9
450,VacHomeClass-5,VacHomeZone-2,50.0,6000,Cobblestone,Gravel,Pie,Flat,Trash|Gas|Water|Electricity,Interior lot,No Slope,RNH 18,Proximity to School,Apartment,Craftsman,3,7,1953,2012,Gable,Rolled Roofing,Log Wood,Manmade Stone,0.0,3,4,Combined footing,3.0,No Sunlight,BrightWall Paneling,649,Furnace,5,Yes,NM Cable,679,504,1183,1,1,2,1,3,6,0,,Detached,Metal Panels,1,308,3,Paved,0,0,0,0,No Fence,6,2007,Down payment assistance,Regular,99606.0,N,N,2021-02-28,99758363,"Nelli-Gieß-Weg 3
62052 Rastatt",Ilmenau,Ghana,paul-gerhardjunk@buchholz.com,Unknown,Saarland,41092,21.0,2021-12-13,2.4,2021-12-13,2.4
451,VacHomeClass-2,VacHomeZone-2,70.0,5684,Cobblestone,Gravel,Pie,Flat,Trash|Gas|Water|Electricity,Interior lot,No Slope,RNH 18,Proximity to School,Apartment,Contemporary,6,8,1932,2009,Sawtooth,Rolled Roofing,Wood Shingle,Manmade Stone,0.0,3,3,Strip foundation,3.0,No Sunlight,Dry Wall,813,Furnace,5,Yes,Underground Feeder Cable,813,0,813,1,0,2,1,4,5,0,,Detached,Metal Panels,1,270,2,Only Gravel,0,0,0,0,No Fence,6,2006,Down payment assistance,Regular,91306.0,Y,N,2021-06-13,36781089,"Täscheplatz 453
31300 Wunsiedel",Cottbus,Uruguay,marleenebert@gmx.de,F,Thüringen,16057,56.0,2021-03-13,4.1,2021-03-13,4.1
452,VacHomeClass-1,VacHomeZone-1,62.0,70761,Cobblestone,Gravel,Reverse Pie,Low Level,Trash|Gas|Water|Electricity,Interior lot,Little Slope,RNH 5,Proximity to School,Apartment,Contemporary,7,5,1980,1982,Gable,Built-Up Roofing,Brick,Manmade Stone,0.0,3,3,Combined footing,4.0,French Doors,BrightWall Paneling,1533,Furnace,3,Yes,NM Cable,1533,0,1533,2,0,2,1,4,5,2,TA,Attached,Metal Panels,2,576,3,Paved,200,0,0,0,No Fence,12,2006,Down payment assistance,Regular,232406.0,N,N,2021-04-29,4274995,"Hanne-Kraushaar-Platz 0
71844 Hammelburg",Sternberg,Israel,njungfer@lindau.com,M,Niedersachsen,253,21.0,2021-08-11,4.3,2021-08-11,4.3
453,VacHomeClass-6,VacHomeZone-1,,9303,Cobblestone,Gravel,Reverse Pie,Flat,Trash|Gas|Water|Electricity,Corner lot,No Slope,RNH 24,Proximity to School,Apartment,Bungalow,6,5,2001,2001,Sawtooth,Rolled Roofing,Board Batten,Natural Stone,42.0,4,3,Individual footing,5.0,No Sunlight,BrightWall Paneling,872,Furnace,5,Yes,NM Cable,888,868,1756,2,1,3,1,3,7,0,,Attached,DryWall,2,422,3,Paved,144,0,0,0,No Fence,7,2007,Down payment assistance,Regular,169326.0,Y,N,2021-04-28,65882320,"Lambert-Drub-Allee 5
01756 Dessau",Dinslaken,Tonga,josestahr@web.de,F,Brandenburg,82890,33.0,2021-10-16,4.8,2021-10-16,4.8
454,VacHomeClass-6,VacHomeZone-5,75.0,9000,Cobblestone,Gravel,Pie,Flat,Trash|Gas|Water|Electricity,Interior lot,No Slope,RNH 22,Proximity to School,Apartment,Bungalow,8,5,2013,2015,Gable,Rolled Roofing,Board Batten,Manmade Stone,0.0,4,3,Individual footing,4.0,No Sunlight,Dry Wall,768,Furnace,5,Yes,NM Cable,786,804,1590,2,1,3,1,4,6,0,,Attached,Wood Sheathing,2,676,3,Paved,0,0,0,0,No Fence,6,2009,Down payment assistance,Regular,174306.0,Y,N,2021-02-07,8528537,"Preißallee 324
46925 Kelheim",Osterburg,Angola,gscholtz@heinrich.net,Unknown,Sachsen-Anhalt,96780,73.0,2021-12-14,1.3,2021-12-14,1.3
455,VacHomeClass-11,VacHomeZone-1,63.0,9297,Cobblestone,Gravel,Pie,Flat,Trash|Gas|Water|Electricity,Interior lot,No Slope,RNH 12,Proximity to School,Townhome,Contemporary,5,5,1978,1983,Gable,Rolled Roofing,Brick,Manmade Stone,0.0,3,3,Combined footing,3.0,No Sunlight,BrightWall Paneling,1728,Furnace,3,Yes,NM Cable,1728,0,1728,2,0,4,2,3,8,0,,Detached,Metal Panels,2,560,3,Paved,0,0,0,0,No Fence,7,2006,Down payment assistance,Foreclosure,156046.0,N,N,2021-03-21,64783840,"Siegfried-Sontag-Allee 715
96975 Königs Wusterhausen",Spremberg,Zentralafrikanische Republik,rstroh@zahn.com,M,Hessen,21918,63.0,2021-03-05,4.1,2021-03-05,4.1
456,VacHomeClass-1,VacHomeZone-1,80.0,9600,Cobblestone,Gravel,Pie,Flat,Trash|Gas|Water|Electricity,Interior lot,No Slope,RNH 17,Proximity to School,Apartment,Contemporary,7,6,1977,1981,Sawtooth,Rolled Roofing,Horizontal Wood,Natural Stone,320.0,3,3,Combined footing,3.0,No Sunlight,BrightWall Paneling,1242,Furnace,2,Yes,NM Cable,1242,0,1242,1,1,3,1,3,6,1,TA,Attached,Metal Panels,2,528,3,Paved,0,0,0,0,No Fence,9,2007,Down payment assistance,Regular,145671.0,Y,N,2021-02-25,51073022,"Bienstr. 3/4
26423 Pasewalk",Merseburg,Vanuatu,sagersusana@gmail.com,M,Schleswig-Holstein,10127,16.0,2021-12-27,4.6,2021-12-27,4.6
457,VacHomeClass-7,VacHomeZone-2,34.0,4571,Cobblestone,Concrete,Pie,Flat,Trash|Gas|Water|Electricity,Interior lot,No Slope,RNH 18,Proximity to School,Apartment,Bungalow,5,5,1917,1959,Gable,Rolled Roofing,Concrete,Manmade Stone,0.0,3,3,Strip foundation,3.0,No Sunlight,Dry Wall,624,Furnace,2,No,NM Cable,624,720,1344,1,0,4,1,3,7,0,,Detached,Metal Panels,3,513,2,Paved,0,0,0,0,No Fence,5,2008,Reverse Mortgage,Shortsale,81346.0,Y,N,2021-08-08,81039296,"Tabea-Staude-Ring 1
49344 Euskirchen",Dresden,Bosnien und Herzegowina,dstriebitz@gmail.com,M,Nordrhein-Westfalen,88549,88.0,2021-04-16,3.6,2021-04-16,3.6
458,VacHomeClass-1,VacHomeZone-1,,53227,Cobblestone,Gravel,Reverse Pie,Low Level,Trash|Gas|Water|Electricity,Cul-de-sac,Little Slope,RNH 5,Proximity to School,Apartment,Contemporary,4,6,1955,1998,Dormer,Tar&Grv,Brick,Manmade Stone,0.0,3,3,Combined footing,4.0,French Doors,CleanSpace Wall System,1364,Furnace,5,Yes,NM Cable,1663,0,1663,1,0,2,1,4,6,2,Gd,Attached,DryWall,2,529,3,Paved,224,0,0,0,No Fence,3,2008,Down payment assistance,Regular,212486.0,N,N,2021-09-15,95152592,"Mirco-Hande-Straße 7/3
51181 Düren",Celle,Georgien,francescafoerster@stadelmann.com,Unknown,Brandenburg,63960,38.0,2021-12-09,3.9,2021-12-09,3.9
459,VacHomeClass-7,VacHomeZone-2,,5100,Cobblestone,Concrete,Pie,Flat,Trash|Gas|Water|Electricity,Interior lot,No Slope,RNH 18,Proximity to School,Apartment,Bungalow,8,7,1926,1998,Sawtooth,Rolled Roofing,Fiber cement,Manmade Stone,0.0,3,4,Individual footing,3.0,No Sunlight,Dry Wall,588,Furnace,2,Yes,NM Cable,833,833,1666,1,0,3,1,4,7,1,Gd,Detached,Metal Panels,1,228,3,Paved,192,0,0,0,Vinyl Fences,6,2008,Down payment assistance,Regular,133636.0,N,N,2021-06-22,67285853,"Maria-Luise-Zimmer-Straße 578
66601 Bergzabern",Amberg,Barbados,anne-kathrin46@gmx.de,F,Sachsen,68223,98.0,2021-05-08,1.4,2021-05-08,1.4
460,VacHomeClass-5,VacHomeZone-1,,7015,Cobblestone,Gravel,Reverse Pie,Slope,Trash|Gas|Water|Electricity,Corner lot,No Slope,RNH 4,Proximity to School,Apartment,Craftsman,5,4,1953,1957,Gable,Rolled Roofing,Log Wood,Concrete Panels,161.0,3,3,Combined footing,3.0,No Sunlight,Basement to Beautiful Panels,709,Furnace,3,Yes,NM Cable,979,224,1203,1,0,3,1,4,5,1,TA,Detached,Metal Panels,1,352,3,Paved,0,0,0,0,No Fence,7,2009,Down payment assistance,Regular,91306.0,N,Y,2021-05-04,49168457,"Kreszenz-Segebahn-Platz 160
77712 Schmölln",Fürstenfeldbruck,China,mielcareklorenz@aol.de,F,Mecklenburg-Vorpommern,4167,16.0,2021-01-12,4.0,2021-01-12,4.0
461,VacHomeClass-6,VacHomeZone-5,75.0,8004,Cobblestone,Gravel,Reverse Pie,Flat,Trash|Gas|Water|Electricity,Interior lot,No Slope,RNH 22,Proximity to Restaurants,Apartment,Bungalow,8,5,2014,2018,Gable,Rolled Roofing,Board Batten,Manmade Panels,110.0,4,3,Individual footing,4.0,No Sunlight,ZenWall Panels,832,Furnace,5,Yes,NM Cable,832,1103,1935,2,1,3,1,3,8,0,,Breezeway,DryWall,2,552,3,Paved,0,0,0,0,No Fence,12,2009,Government-backed programs,Distress Sale,218657.05,N,N,2021-07-06,47925328,"Rohtring 76
88259 Heinsberg",Backnang,Komoren,mkitzmann@gute.de,F,Mecklenburg-Vorpommern,26338,61.0,2021-10-24,3.3,2021-10-24,3.3
462,VacHomeClass-7,VacHomeZone-1,60.0,7200,Cobblestone,Gravel,Pie,Flat,Trash|Gas|Water|Electricity,Interior lot,No Slope,RNH 19,Proximity to Hospital,Apartment,Bungalow,7,9,1941,2015,Gable,Rolled Roofing,Wood Shingle,Manmade Stone,0.0,4,4,Individual footing,4.0,No Sunlight,BrightWall Paneling,560,Furnace,5,Yes,NM Cable,575,560,1135,1,0,3,1,4,6,0,,Detached,Wood Sheathing,2,576,3,Paved,256,0,0,0,Vinyl Fences,4,2009,Down payment assistance,Regular,128656.0,N,Y,2021-07-23,68624040,"Scheelplatz 449
83294 Nabburg",Diepholz,Türkei,suekrue24@gerlach.de,Unknown,Saarland,69880,4.0,2021-10-24,4.6,2021-10-24,4.6
463,VacHomeClass-1,VacHomeZone-1,60.0,8281,Cobblestone,Gravel,Reverse Pie,Flat,Trash|Gas|Water|Electricity,Interior lot,No Slope,RNH 20,Proximity to School,Apartment,Contemporary,5,5,1968,1970,Gable,Rolled Roofing,Log Wood,Manmade Stone,0.0,3,3,Combined footing,3.0,No Sunlight,Foamax,864,Furnace,4,Yes,NM Cable,864,0,864,1,0,3,1,3,5,1,Po,Detached,Metal Panels,1,360,3,Paved,0,0,0,0,Wood Fences,12,2009,Down payment assistance,Regular,51783.89,Y,Y,2021-08-27,43254774,"Schomberring 056
03972 Eichstätt",Querfurt,Malta,qhornich@loeffler.org,Unknown,Hessen,21508,96.0,2021-06-19,4.0,2021-06-19,4.0
464,VacHomeClass-7,VacHomeZone-1,74.0,11988,Cobblestone,Gravel,Reverse Pie,High Level,Trash|Gas|Water|Electricity,Interior lot,Little Slope,RNH 7,Proximity to School,Apartment,Bungalow,6,7,1936,2001,Sawtooth,Rolled Roofing,Fiber cement,Manmade Stone,0.0,3,3,Combined footing,3.0,No Sunlight,Basement to Beautiful Panels,715,Furnace,2,Yes,Underground Feeder Cable,849,811,1660,1,1,3,1,3,6,1,Gd,Detached,Metal Panels,1,240,3,Paved,0,0,0,0,No Fence,8,2008,Down payment assistance,Regular,156627.0,N,Y,2021-10-22,86393485,"Madlen-Gute-Straße 3
51478 Brand",Eichstätt,Estland,anett83@hotmail.de,F,Thüringen,2692,2.0,2021-08-15,4.5,2021-08-15,4.5
465,VacHomeClass-1,VacHomeZone-1,60.0,8430,Cobblestone,Gravel,Pie,High Level,Trash|Gas|Water|Electricity,Interior lot,Little Slope,RNH 6,Proximity to School,Apartment,Contemporary,5,5,1983,1983,Gable,Rolled Roofing,Horizontal Wood,Natural Stone,136.0,3,3,Combined footing,4.0,No Sunlight,Foamax,1040,Furnace,3,Yes,NM Cable,1040,0,1040,2,0,3,1,3,5,0,,No Garage,Unfinished,0,0,0,Paved,0,0,0,0,No Fence,8,2009,Down payment assistance,Regular,102926.0,N,N,2021-11-04,52513077,"Jopichring 402
42163 Hammelburg",Artern,Martinique,jerzytroest@klotz.com,Unknown,Sachsen,35120,87.0,2021-11-19,2.9,2021-11-19,2.9
466,VacHomeClass-12,VacHomeZone-2,,3072,Cobblestone,Gravel,Pie,Flat,Trash|Gas|Water|Electricity,Interior lot,No Slope,RNH 1,Proximity to School,SingleFamilyHome,Contemporary,7,5,2006,2012,Sawtooth,Rolled Roofing,Board Batten,Natural Stone,18.0,4,3,Individual footing,4.0,No Sunlight,Dry Wall,1375,Furnace,5,Yes,NM Cable,1414,0,1414,2,0,2,1,4,6,1,TA,Attached,DryWall,2,398,3,Paved,144,0,0,0,No Fence,5,2006,Down payment assistance,Regular,148360.19999999998,N,Y,2021-02-18,25958447,"Wiltrud-Geißler-Platz 2
83483 Bautzen",Bremen,Nepal,centa08@hotmail.de,F,Nordrhein-Westfalen,29166,66.0,2021-10-03,3.5,2021-10-03,3.5
467,VacHomeClass-1,VacHomeZone-1,85.0,10628,Cobblestone,Gravel,Pie,Flat,Trash|Gas|Water|Electricity,Interior lot,No Slope,NAmes,Proximity to School,Apartment,Contemporary,7,5,1974,1974,Dormer,Tar&Grv,Brick,Manmade Stone,0.0,3,4,Combined footing,3.0,French Doors,ZenWall Panels,1277,Furnace,3,Yes,NM Cable,1277,0,1277,1,0,2,1,3,5,1,Po,Attached,Metal Panels,2,526,3,Paved,0,0,0,0,Wood Fences,4,2007,Down payment assistance,Regular,138616.0,Y,Y,2021-04-01,28770817,"Sven-Kruschwitz-Gasse 15
05146 Stade",Haldensleben,Zypern,schusterannerose@mude.net,Unknown,Bayern,97979,53.0,2021-11-16,1.6,2021-11-16,1.6
468,VacHomeClass-7,VacHomeZone-1,79.0,9480,Cobblestone,Gravel,Pie,Flat,Trash|Gas|Water|Electricity,Interior lot,No Slope,NAmes,Proximity to Gym,Apartment,Bungalow,5,7,1944,1999,Gable,Rolled Roofing,Log Wood,Manmade Panels,224.0,3,3,Combined footing,3.0,No Sunlight,Basement to Beautiful Panels,728,Furnace,5,Yes,NM Cable,888,756,1644,1,1,3,1,4,7,2,Gd,Attached,Metal Panels,1,312,3,Paved,168,0,0,0,No Fence,6,2007,Down payment assistance,Regular,121601.0,Y,N,2021-01-08,92260382,"Walterstraße 9
58946 Hannoversch Münden",Garmisch-Partenkirchen,Österreich,schleichgertraut@anders.de,Unknown,Hamburg,47339,93.0,2021-07-03,2.0,2021-07-03,2.0
469,VacHomeClass-1,VacHomeZone-1,98.0,11428,Cobblestone,Gravel,Reverse Pie,Flat,Trash|Gas|Water|Electricity,Interior lot,No Slope,RNH 16,Proximity to School,Apartment,Contemporary,8,5,2010,2011,Gable,Rolled Roofing,Board Batten,Manmade Panels,248.0,4,3,Individual footing,4.0,No Sunlight,Dry Wall,1626,Furnace,5,Yes,NM Cable,1634,0,1634,2,0,3,1,4,7,1,Gd,Attached,Wood Sheathing,3,866,3,Paved,0,0,0,0,No Fence,5,2007,Down payment assistance,Regular,207506.0,Y,N,2021-08-12,18646559,"Marcel-Lange-Weg 040
02940 Pirmasens",Haldensleben,Amerikanische Jungferninseln,schaeferbrigitte@stiebitz.com,M,Bayern,62385,2.0,2021-02-01,3.5,2021-02-01,3.5
470,VacHomeClass-6,VacHomeZone-1,76.0,9291,Cobblestone,Gravel,Reverse Pie,Flat,Trash|Gas|Water|Electricity,Corner lot,No Slope,RNH 21,Proximity to Bus stop,Apartment,Bungalow,6,5,1995,1999,Gable,Rolled Roofing,Horizontal Wood,Natural Stone,120.0,4,3,Individual footing,4.0,No Sunlight,ZenWall Panels,832,Furnace,5,Yes,NM Cable,832,878,1710,2,1,3,1,4,7,0,,Attached,Wood Sheathing,2,506,3,Paved,144,0,0,0,No Fence,6,2008,Down payment assistance,Regular,155216.0,Y,Y,2021-02-06,57107134,"Karl-Peter-Schüler-Straße 487
55224 Herzberg",Naila,Kanada,lindaukatherina@froehlich.de,F,Berlin,17882,73.0,2021-01-02,1.3,2021-01-02,1.3
471,VacHomeClass-12,VacHomeZone-1,,6820,Cobblestone,Gravel,Reverse Pie,Flat,Trash|Gas|Water|Electricity,Corner lot,No Slope,RNH 23,Proximity to School,SingleFamilyHome,Contemporary,8,5,1986,1995,Gable,Rolled Roofing,Horizontal Wood,Manmade Stone,0.0,4,3,Individual footing,4.0,Large Windows,ZenWall Panels,1488,Furnace,3,Yes,NM Cable,1502,0,1502,1,1,1,1,4,4,0,,Attached,Wood Sheathing,2,528,3,Paved,0,0,0,0,No Fence,6,2010,Down payment assistance,Regular,175966.0,N,Y,2021-04-07,55261494,"Stefani-Girschner-Ring 53
43183 Hettstedt",Torgau,Sambia,mitschkethorben@googlemail.com,F,Rheinland-Pfalz,80969,17.0,2021-10-06,1.8,2021-10-06,1.8
472,VacHomeClass-6,VacHomeZone-1,92.0,11952,Cobblestone,Gravel,Pie,Flat,Trash|Gas|Water|Electricity,Interior lot,No Slope,RNH 17,Proximity to Mall,Apartment,Bungalow,7,6,1981,1984,Colonial,Asphalt Shingles,Vinyl,Manmade Stone,0.0,3,3,Combined footing,4.0,No Sunlight,Dry Wall,808,Furnace,3,Yes,NM Cable,1161,808,1969,2,1,3,1,3,8,1,Gd,Attached,Wood Sheathing,2,534,3,Paved,0,0,0,0,No Fence,11,2007,Down payment assistance,Regular,157706.0,N,Y,2021-01-31,44035518,"Albin-Jessel-Gasse 174
43541 Hoyerswerda",Lörrach,Rumänien,klemteleonore@googlemail.com,M,Bayern,46246,51.0,2021-07-02,1.5,2021-07-02,1.5
473,VacHomeClass-14,VacHomeZone-2,35.0,3675,Cobblestone,Gravel,Pie,Flat,Trash|Gas|Water|Electricity,Interior lot,No Slope,RNH 8,Proximity to School,SingleFamilyHome,Spanish,6,5,2008,2012,Gable,Rolled Roofing,Board Batten,Natural Stone,80.0,3,3,Individual footing,4.0,French Doors,ZenWall Panels,547,Furnace,5,Yes,NM Cable,1072,0,1072,1,0,2,1,3,5,0,,Barns,Wood Sheathing,2,525,3,Paved,0,0,0,0,No Fence,6,2008,Down payment assistance,Regular,122846.0,Y,N,2021-09-23,82089559,"Hermighausenstr. 3
98819 Celle",Schleiz,Dominikanische Republik,hartungrenata@gmail.com,Unknown,Nordrhein-Westfalen,80327,2.0,2021-12-27,1.5,2021-12-27,1.5
474,VacHomeClass-1,VacHomeZone-1,110.0,14977,Cobblestone,Gravel,Reverse Pie,Flat,Trash|Gas|Water|Electricity,Interior lot,No Slope,RNH 16,Proximity to School,Apartment,Contemporary,8,5,2011,2012,Gable,Rolled Roofing,Board Batten,Natural Stone,304.0,4,3,Individual footing,5.0,French Doors,ZenWall Panels,1976,Furnace,5,Yes,NM Cable,1976,0,1976,2,0,2,1,4,7,1,Ex,Attached,Wood Sheathing,3,908,3,Paved,250,0,0,0,No Fence,7,2007,Government-backed programs,Distress Sale,365206.0,Y,N,2021-12-28,62783088,"Gotthilf-Stroh-Gasse 957
89498 Erbisdorf",Kaiserslautern,Seychellen,dlorch@web.de,F,Sachsen,79719,81.0,2021-06-02,2.4,2021-06-02,2.4
475,VacHomeClass-12,VacHomeZone-1,41.0,5330,Cobblestone,Gravel,Pie,Flat,Trash|Gas|Water|Electricity,Interior lot,No Slope,RNH 23,Proximity to School,SingleFamilyHome,Contemporary,8,5,2001,2009,Gable,Rolled Roofing,Metal,Manmade Stone,0.0,4,3,Individual footing,4.0,Large Windows,ZenWall Panels,1494,Furnace,5,Yes,NM Cable,1652,0,1652,2,0,2,1,5,6,0,,Attached,Wood Sheathing,2,499,3,Paved,96,0,0,0,No Fence,8,2007,Down payment assistance,Regular,208336.0,N,N,2021-02-08,48390866,"Oswald-Dobes-Platz 7/8
23012 Saulgau",Celle,Kuba,randolfnaser@web.de,Unknown,Sachsen,96148,65.0,2021-06-07,2.9,2021-06-07,2.9
476,VacHomeClass-1,VacHomeZone-1,80.0,8480,Cobblestone,Gravel,Pie,Flat,Trash|Gas|Water|Electricity,Corner lot,No Slope,RNH 20,Proximity to School,Apartment,Contemporary,5,6,1965,1969,Sawtooth,Rolled Roofing,Horizontal Wood,Manmade Stone,0.0,3,3,Combined footing,3.0,No Sunlight,ZenWall Panels,970,Furnace,3,Yes,NM Cable,970,0,970,1,0,2,1,3,5,0,,Detached,Metal Panels,2,624,3,Paved,0,0,0,0,No Fence,7,2007,Down payment assistance,Regular,109981.0,Y,N,2021-04-06,65742471,"Klaas-Schulz-Weg 959
60719 Goslar",Roth,Norwegen,wmitschke@rogner.net,Unknown,Nordrhein-Westfalen,84953,18.0,2021-02-27,4.4,2021-02-27,4.4
477,VacHomeClass-1,VacHomeZone-1,75.0,13125,Cobblestone,Gravel,Pie,Flat,Trash|Gas|Water|Electricity,Interior lot,Little Slope,RNH 6,Proximity to School,Apartment,Contemporary,6,5,1999,2004,Gable,Rolled Roofing,Board Batten,Natural Stone,215.0,3,3,Individual footing,4.0,French Doors,ZenWall Panels,1478,Furnace,5,Yes,NM Cable,1493,0,1493,2,0,3,1,4,7,1,TA,Attached,DryWall,2,508,3,Paved,140,0,0,0,No Fence,4,2008,Down payment assistance,Regular,173393.0,N,Y,2021-02-14,31488266,"Warmergasse 7
68461 Miesbach",Bad Freienwalde,Singapur,huhnsolveig@conradi.com,F,Mecklenburg-Vorpommern,49488,54.0,2021-07-18,1.2,2021-07-18,1.2
478,VacHomeClass-6,VacHomeZone-1,105.0,13693,Cobblestone,Gravel,Pie,Flat,Trash|Gas|Water|Electricity,Interior lot,No Slope,RNH 16,Proximity to School,Apartment,Bungalow,9,5,2007,2012,Sawtooth,Rolled Roofing,Board Batten,Natural Stone,772.0,5,3,Individual footing,4.0,Large Windows,Dry Wall,2153,Furnace,5,Yes,NM Cable,2069,574,2643,2,1,3,1,5,9,1,Gd,Breezeway,DryWall,3,694,3,Paved,414,0,0,0,No Fence,3,2007,Down payment assistance,Regular,315406.0,Y,Y,2021-06-24,59662792,"Agnieszka-Hiller-Straße 587
71417 Finsterwalde",Waren,Nigeria,stellaschleich@schulz.net,Unknown,Hamburg,9849,29.0,2021-02-18,2.7,2021-02-18,2.7
479,VacHomeClass-1,VacHomeZone-1,79.0,10637,Cobblestone,Gravel,Pie,Flat,Trash|Gas|Water|Electricity,Interior lot,No Slope,RNH 6,Proximity to School,Apartment,Contemporary,8,5,2011,2010,Sawtooth,Rolled Roofing,Board Batten,Manmade Panels,336.0,4,3,Individual footing,5.0,French Doors,ZenWall Panels,1705,Furnace,5,Yes,NM Cable,1718,0,1718,2,0,3,1,4,7,1,Gd,Attached,Wood Sheathing,3,826,3,Paved,208,0,0,0,No Fence,9,2009,Down payment assistance,Regular,246516.0,Y,N,2021-07-24,3720363,"Heinrichring 2
36546 Wittenberg",Aachen,Georgien,reisingina@hotmail.de,Unknown,Hessen,52387,59.0,2021-10-01,1.8,2021-10-01,1.8
480,VacHomeClass-2,VacHomeZone-2,50.0,5925,Cobblestone,Gravel,Pie,Slope,Trash|Gas|Water|Electricity,Interior lot,No Slope,RNH 18,Proximity to School,Apartment,Contemporary,4,7,1938,2008,Sawtooth,Rolled Roofing,Fiber cement,Concrete Panels,435.0,3,3,Strip foundation,2.0,No Sunlight,Foamax,907,Furnace,3,Yes,NM Cable,1131,0,1131,1,0,2,1,3,7,0,,Detached,Metal Panels,2,672,3,Paved,0,0,0,0,Vinyl Fences,3,2007,Down payment assistance,Foreclosure,74266.93,Y,Y,2021-06-28,30185524,"Filiz-Wilmsen-Gasse 02
61516 Eggenfelden",Arnstadt,Serbien,leif02@wagner.org,F,Bayern,49569,82.0,2021-01-17,4.2,2021-01-17,4.2
481,VacHomeClass-1,VacHomeZone-1,98.0,16033,Cobblestone,Gravel,Reverse Pie,Flat,Trash|Gas|Water|Electricity,T-intersection,No Slope,RNH 16,Proximity to School,Apartment,Contemporary,9,5,2005,2007,Sawtooth,Rolled Roofing,Board Batten,Natural Stone,378.0,4,3,Individual footing,5.0,French Doors,ZenWall Panels,1833,Furnace,5,Yes,NM Cable,1850,0,1850,2,0,3,1,4,8,1,Gd,Attached,DryWall,3,772,3,Paved,519,0,0,0,No Fence,3,2006,Down payment assistance,Regular,270586.0,N,N,2021-10-09,24557306,"Jesselplatz 9
98389 Görlitz",Chemnitz,Kanada,muellerrudolf@ruppert.org,F,Mecklenburg-Vorpommern,58961,34.0,2021-05-14,1.1,2021-05-14,1.1
482,VacHomeClass-1,VacHomeZone-1,72.0,11846,Cobblestone,Gravel,Reverse Pie,High Level,Trash|Gas|Water|Electricity,Interior lot,No Slope,RNH 16,Proximity to School,Apartment,Contemporary,9,5,2008,2011,Sawtooth,Rolled Roofing,Board Batten,Natural Stone,562.0,4,3,Individual footing,5.0,French Doors,ZenWall Panels,1792,Furnace,5,Yes,NM Cable,1792,0,1792,2,0,2,1,5,6,1,Gd,Attached,DryWall,3,874,3,Paved,206,0,0,0,No Fence,8,2006,Down payment assistance,Regular,310426.0,N,N,2021-03-11,28552192,"Harloffstraße 6
43934 Lüdenscheid",Celle,Kolumbien,hermineatzler@yahoo.de,F,Sachsen,51949,78.0,2021-08-06,2.4,2021-08-06,2.4
483,VacHomeClass-7,VacHomeZone-2,50.0,2500,Cobblestone,Cobblestone,Pie,Flat,Trash|Gas|Water|Electricity,Corner lot,No Slope,RNH 18,Proximity to School,Apartment,Bungalow,7,8,1917,2009,Gable,Rolled Roofing,Fiber cement,Manmade Stone,0.0,4,3,Individual footing,3.0,No Sunlight,BrightWall Paneling,910,Furnace,5,Yes,NM Cable,916,910,1826,1,1,4,1,5,7,1,Gd,Attached,Metal Panels,1,164,2,Paved,0,0,0,0,No Fence,6,2009,Down payment assistance,Regular,128656.0,Y,N,2021-03-02,82597030,"Ruppersbergerring 3/5
31429 Luckau",Auerbach,Estland,halina93@hotmail.de,M,Thüringen,16937,72.0,2021-03-20,3.5,2021-03-20,3.5
484,VacHomeClass-12,VacHomeZone-2,32.0,4500,Cobblestone,Gravel,Pie,Flat,Trash|Gas|Water|Electricity,T-intersection,No Slope,RNH 12,Proximity to School,MultiFamilyHome,Contemporary,6,5,2000,2003,Sawtooth,Rolled Roofing,Board Batten,Natural Stone,116.0,3,3,Individual footing,5.0,No Sunlight,ZenWall Panels,1216,Furnace,5,Yes,NM Cable,1216,0,1216,2,0,2,1,3,5,0,,Attached,Metal Panels,2,402,3,Paved,0,0,0,0,No Fence,5,2006,Down payment assistance,Regular,136126.0,Y,N,2021-06-09,48404389,"Kreuselstraße 9/7
75667 Brandenburg",Tirschenreuth,Eritrea,ziegertolaf@luebs.com,M,Saarland,71899,27.0,2021-09-30,3.4,2021-09-30,3.4
485,VacHomeClass-1,VacHomeZone-1,,7758,Cobblestone,Gravel,Reverse Pie,Flat,Trash|Gas|Water|Electricity,Corner lot,No Slope,RNH 20,Proximity to School,Apartment,Contemporary,5,7,1965,2006,Gable,Rolled Roofing,Horizontal Wood,Manmade Stone,0.0,3,4,Combined footing,3.0,No Sunlight,BrightWall Paneling,999,Furnace,4,Yes,NM Cable,999,0,999,1,0,3,1,4,6,0,,Detached,Metal Panels,1,264,3,Paved,0,0,0,0,No Fence,3,2007,Down payment assistance,Regular,109981.0,Y,Y,2021-08-17,75674434,"Matthäus-Säuberlich-Gasse 262
21990 Demmin",Hohenstein-Ernstthal,Griechenland,irmengardfaust@gmail.com,M,Hessen,59885,47.0,2021-07-20,4.2,2021-07-20,4.2
486,VacHomeClass-1,VacHomeZone-1,80.0,9600,Cobblestone,Gravel,Pie,Flat,Trash|Gas|Water|Electricity,Interior lot,No Slope,NAmes,Proximity to School,Apartment,Contemporary,5,7,1953,2011,Gable,Rolled Roofing,Log Wood,Manmade Stone,0.0,4,3,Combined footing,3.0,No Sunlight,BrightWall Paneling,1113,Furnace,4,Yes,NM Cable,1113,0,1113,1,0,3,1,4,5,1,Gd,Attached,Metal Panels,1,264,3,Paved,0,0,0,0,No Fence,7,2009,Down payment assistance,Regular,122016.0,N,N,2021-11-02,19657325,"Jürgen-Bloch-Allee 26
65488 Eutin",Erfurt,Gambia,oswin95@gude.net,Unknown,Hamburg,11557,64.0,2021-10-21,4.8,2021-10-21,4.8
487,VacHomeClass-1,VacHomeZone-1,79.0,10289,Cobblestone,Gravel,Pie,Flat,Trash|Gas|Water|Electricity,Interior lot,No Slope,NAmes,Proximity to School,Apartment,Contemporary,5,7,1970,1975,Sawtooth,Rolled Roofing,Log Wood,Natural Stone,168.0,3,3,Combined footing,3.0,No Sunlight,BrightWall Paneling,1073,Furnace,3,Yes,NM Cable,1073,0,1073,1,1,3,1,3,6,0,,Attached,Wood Sheathing,2,515,3,Paved,0,0,0,0,No Fence,6,2007,Down payment assistance,Regular,129486.0,N,N,2021-08-11,15958037,"Berend-Budig-Gasse 4/8
91528 Schongau",Staßfurt,St. Martin,vivianehornich@gmx.de,F,Hamburg,86324,38.0,2021-03-01,1.9,2021-03-01,1.9
488,VacHomeClass-1,VacHomeZone-1,70.0,12243,Cobblestone,Gravel,Reverse Pie,Flat,Trash|Gas|Water|Electricity,Interior lot,No Slope,RNH 17,Proximity to School,Apartment,Contemporary,5,6,1972,1978,Gable,Rolled Roofing,Brick,Manmade Stone,0.0,3,3,Combined footing,4.0,Large Windows,BrightWall Paneling,1484,Furnace,4,Yes,NM Cable,1484,0,1484,2,0,3,1,3,7,1,TA,Attached,Metal Panels,2,487,3,Paved,224,0,0,0,No Fence,2,2007,Down payment assistance,Regular,145256.0,Y,N,2021-12-17,12292356,"Urszula-Naser-Gasse 362
64375 Grevenbroich",Hannover,Ungarn,kobeltrose@googlemail.com,Unknown,Hamburg,34326,5.0,2021-03-10,1.5,2021-03-10,1.5
489,VacHomeClass-15,VacHomeZone-1,60.0,10800,Cobblestone,Gravel,Pie,Flat,Trash|Gas|Water|Electricity,Corner lot,No Slope,RNH 18,Proximity to School,Condo,Craftsman,5,4,1901,1973,Gable,Rolled Roofing,Wood Shingle,Manmade Stone,0.0,3,2,Combined footing,3.0,No Sunlight,CleanSpace Wall System,954,Furnace,3,No,Underground Feeder Cable,1766,648,2414,2,0,3,2,3,10,1,Gd,Attached,Metal Panels,2,520,3,Only Gravel,142,0,0,0,No Fence,5,2006,Rent-to-own,Regular,132806.0,N,Y,2021-03-14,83652530,"Ron-Rudolph-Allee 4
83638 Stendal",Geithain,Singapur,doerthegeisler@jopich.com,Unknown,Rheinland-Pfalz,43803,25.0,2021-11-14,1.3,2021-11-14,1.3
490,VacHomeClass-14,VacHomeZone-2,21.0,1526,Cobblestone,Gravel,Pie,Flat,Trash|Gas|Water|Electricity,Interior lot,No Slope,RNH 11,Proximity to School,MultiFamilyHome,Georgian,4,8,1972,2007,Gable,Rolled Roofing,Metal,Manmade Stone,0.0,3,4,Combined footing,4.0,Large Windows,ZenWall Panels,630,Furnace,3,Yes,NM Cable,630,0,630,1,0,1,1,4,3,0,,Attached,Metal Panels,1,286,3,Paved,0,0,0,0,No Fence,5,2009,Down payment assistance,Regular,71386.0,Y,Y,2021-09-23,54878587,"Steckelgasse 38
56029 Heinsberg",Badoberan,Aserbaidschan,uruppert@spiess.de,F,Bayern,46829,51.0,2021-09-09,4.9,2021-09-09,4.9
491,VacHomeClass-13,VacHomeZone-2,,2665,Cobblestone,Gravel,Pie,Flat,Trash|Gas|Water|Electricity,Interior lot,No Slope,RNH 11,Proximity to School,SingleFamilyHome,Bungalow,5,6,1980,1981,Gable,Rolled Roofing,Metal,Manmade Stone,0.0,3,3,Individual footing,4.0,Small Windows,Dry Wall,264,Furnace,3,Yes,NM Cable,616,688,1304,1,1,3,1,3,4,1,Gd,Breezeway,DryWall,1,336,3,Paved,141,0,0,0,No Fence,6,2008,Down payment assistance,Regular,95456.0,Y,N,2021-04-21,65113363,"Emmy-Schmiedt-Ring 551
74355 Beeskow",Dieburg,Österreich,francoise44@web.de,F,Thüringen,17495,23.0,2021-04-03,4.8,2021-04-03,4.8
492,VacHomeClass-5,VacHomeZone-1,79.0,9490,Cobblestone,Gravel,Pie,Flat,Trash|Gas|Water|Electricity,Interior lot,No Slope,NAmes,Proximity to Gym,Apartment,Craftsman,6,7,1945,1958,Gable,Rolled Roofing,Wood Shingle,Manmade Stone,0.0,3,3,Combined footing,3.0,No Sunlight,CleanSpace Wall System,806,Furnace,3,Yes,Underground Feeder Cable,958,620,1578,1,0,3,1,2,5,2,TA,Attached,Metal Panels,1,240,3,Paved,0,0,0,0,Vinyl Fences,8,2006,Down payment assistance,Regular,110396.0,N,Y,2021-12-04,10289327,"Speerallee 3/6
46936 Beeskow",Wunsiedel,Nigeria,celal69@lindner.com,M,Hessen,12419,54.0,2021-03-03,3.2,2021-03-03,3.2
493,VacHomeClass-6,VacHomeZone-1,105.0,15578,Cobblestone,Gravel,Reverse Pie,Flat,Trash|Gas|Water|Electricity,Corner lot,No Slope,RNH 9,Proximity to School,Apartment,Bungalow,6,5,2009,2010,Gable,Rolled Roofing,Board Batten,Manmade Stone,0.0,4,3,Individual footing,4.0,No Sunlight,Dry Wall,728,Furnace,4,Yes,NM Cable,728,728,1456,2,1,3,1,3,8,0,,Attached,Wood Sheathing,2,429,3,Paved,0,0,0,0,No Fence,5,2006,Government-backed programs,Distress Sale,143417.55,Y,N,2021-07-26,71917368,"Hillerstraße 1
20810 Stadtsteinach",Ludwigsburg,Kuwait,bettyhertrampf@yahoo.de,M,Baden-Württemberg,82970,64.0,2021-07-05,1.8,2021-07-05,1.8
494,VacHomeClass-1,VacHomeZone-1,70.0,7931,Cobblestone,Gravel,Pie,Flat,Trash|Gas|Water|Electricity,Interior lot,No Slope,NAmes,Proximity to School,Apartment,Contemporary,5,6,1961,1963,Gable,Rolled Roofing,Vertical Wood,Manmade Stone,0.0,3,3,Combined footing,3.0,No Sunlight,CleanSpace Wall System,1269,Furnace,3,Yes,Underground Feeder Cable,1269,0,1269,1,1,3,1,3,6,1,Fa,Detached,Metal Panels,1,308,3,Paved,0,0,0,0,No Fence,6,2008,Down payment assistance,Regular,128656.0,N,Y,2021-08-23,1497038,"Schollweg 4
57331 Marktheidenfeld",Erfurt,Turkmenistan,hornigalan@web.de,M,Niedersachsen,29035,11.0,2021-02-02,3.0,2021-02-02,3.0
495,VacHomeClass-2,VacHomeZone-2,50.0,5784,Cobblestone,Gravel,Pie,Flat,Trash|Gas|Water|Electricity,Interior lot,No Slope,RNH 18,Proximity to Gym,Apartment,Contemporary,5,8,1940,2004,Gable,Rolled Roofing,Log Wood,Manmade Stone,0.0,3,3,Strip foundation,2.0,No Sunlight,Dry Wall,190,Furnace,4,Yes,Underground Feeder Cable,886,0,886,1,0,2,1,3,4,0,,Attached,Metal Panels,1,273,3,Paved,144,0,0,0,No Fence,12,2009,Down payment assistance,Regular,75785.0,N,Y,2021-06-12,64138732,"Hänelweg 6
37211 Rothenburg ob der Tauber",Jessen,Frankreich,petra77@kabus.org,M,Saarland,13213,91.0,2021-11-12,1.1,2021-11-12,1.1
496,VacHomeClass-2,VacHomeZone-3,60.0,7879,Cobblestone,Gravel,Pie,Flat,Trash|Gas|Water|Electricity,Interior lot,No Slope,RNH 10,Proximity to School,Apartment,Contemporary,4,5,1922,1957,Gable,Rolled Roofing,Wood Shingle,Manmade Stone,0.0,3,3,Combined footing,3.0,No Sunlight,Foamax,720,Furnace,3,No,Underground Feeder Cable,720,0,720,1,0,2,1,3,4,0,,No Garage,Unfinished,0,0,0,Only Gravel,0,0,0,0,Wood Fences,11,2009,Down payment assistance,Shortsale,28973.0,Y,N,2021-12-17,14924842,"Thorben-Mans-Straße 57
49312 Strausberg",Göppingen,Kongo,beyerhans-heinrich@gmail.com,Unknown,Mecklenburg-Vorpommern,33769,18.0,2021-06-16,3.9,2021-06-16,3.9
497,VacHomeClass-1,VacHomeZone-1,,12692,Cobblestone,Gravel,Reverse Pie,Flat,Trash|Gas|Water|Electricity,Interior lot,No Slope,RNH 14,Proximity to School,Apartment,Contemporary,8,5,1993,2001,Sawtooth,Rolled Roofing,Vertical Wood,Manmade Stone,0.0,4,3,Individual footing,4.0,No Sunlight,ZenWall Panels,3200,Furnace,5,Yes,NM Cable,3228,0,3228,3,0,4,1,4,10,1,Gd,Attached,Wood Sheathing,2,546,3,Paved,264,0,0,0,No Fence,5,2007,Down payment assistance,Regular,356906.0,Y,Y,2021-08-22,13413323,"Paul-Gerhard-Noack-Allee 9
44881 Rottweil",Schweinfurt,Wallis und Futuna,scholtzfritz@aol.de,F,Hamburg,88094,37.0,2021-06-25,3.6,2021-06-25,3.6
498,VacHomeClass-5,VacHomeZone-1,60.0,9120,Cobblestone,Cobblestone,Pie,Flat,Trash|Gas|Water|Electricity,Interior lot,No Slope,RNH 4,Proximity to School,Apartment,Craftsman,7,6,1928,1956,Gable,Rolled Roofing,Wood Shingle,Manmade Stone,0.0,3,4,Individual footing,3.0,No Sunlight,Foamax,1026,Furnace,5,Yes,NM Cable,1133,687,1820,2,0,4,1,3,8,0,,Detached,Metal Panels,1,240,3,Only Gravel,0,0,0,0,Composite Fences,6,2008,Down payment assistance,Regular,152726.0,N,N,2021-08-28,84157904,"Rose-Kensy-Platz 9
47719 Erkelenz",Starnberg,Chile,hildegunderogner@ring.de,F,Hamburg,83799,20.0,2021-07-18,3.1,2021-07-18,3.1
499,VacHomeClass-1,VacHomeZone-1,65.0,7800,Cobblestone,Gravel,Pie,Flat,Trash|Gas|Water|Electricity,Interior lot,No Slope,RNH 20,Proximity to School,Apartment,Contemporary,5,7,1970,2010,Sawtooth,Rolled Roofing,Horizontal Wood,Natural Stone,89.0,3,3,Individual footing,3.0,No Sunlight,BrightWall Paneling,864,Furnace,5,Yes,NM Cable,899,0,899,1,0,3,1,4,5,0,,Attached,DryWall,1,288,3,Paved,64,0,0,0,Vinyl Fences,6,2009,Down payment assistance,Regular,107906.0,N,N,2021-10-18,48280792,"Zobelstr. 952
67248 Kamenz",Oranienburg,Israel,hansjoachimmoechlichen@hotmail.de,M,Bremen,13626,40.0,2021-02-22,3.0,2021-02-22,3.0
500,VacHomeClass-1,VacHomeZone-1,70.0,7535,Cobblestone,Gravel,Reverse Pie,Flat,Trash|Gas|Water|Electricity,Interior lot,No Slope,NAmes,Proximity to School,Apartment,Contemporary,5,7,1959,1993,Gable,Rolled Roofing,Log Wood,Manmade Stone,0.0,3,3,Combined footing,3.0,No Sunlight,CleanSpace Wall System,912,Furnace,2,Yes,NM Cable,912,0,912,1,0,2,1,3,5,0,,Attached,DryWall,1,297,3,Paved,12,0,0,0,Metal Fences,6,2007,Down payment assistance,Regular,99606.0,N,N,2021-02-24,43312207,"Gabriella-Dehmel-Platz 1
27621 Meiningen",Brilon,Monaco,kwalter@jaehn.com,Unknown,Hamburg,94191,89.0,2021-03-12,2.0,2021-03-12,2.0
501,VacHomeClass-13,VacHomeZone-2,21.0,1890,Cobblestone,Gravel,Pie,Flat,Trash|Gas|Water|Electricity,Interior lot,No Slope,RNH 3,Proximity to School,MultiFamilyHome,Bungalow,6,5,1976,1977,Gable,Rolled Roofing,Horizontal Wood,Natural Stone,285.0,3,3,Combined footing,3.0,No Sunlight,CleanSpace Wall System,672,Furnace,3,Yes,NM Cable,672,546,1218,1,1,3,1,3,7,0,,Detached,Metal Panels,1,264,3,Paved,144,0,0,0,No Fence,5,2007,Down payment assistance,Regular,93796.0,Y,Y,2021-08-04,80354932,"Friedrich-Wilhelm-Striebitz-Gasse 38
45879 Plauen",Angermünde,Marokko,belaroehrdanz@trapp.com,M,Hessen,28764,23.0,2021-05-12,2.0,2021-05-12,2.0
502,VacHomeClass-6,VacHomeZone-5,75.0,9803,Cobblestone,Gravel,Pie,Flat,Trash|Gas|Water|Electricity,Interior lot,No Slope,RNH 22,Proximity to School,Apartment,Bungalow,7,5,2010,2014,Gable,Rolled Roofing,Board Batten,Manmade Stone,0.0,4,3,Individual footing,4.0,No Sunlight,ZenWall Panels,866,Furnace,4,Yes,NM Cable,866,902,1768,2,1,3,1,4,7,0,,Attached,Wood Sheathing,2,603,3,Paved,0,0,0,0,No Fence,2,2008,Down payment assistance,Regular,188167.0,Y,Y,2021-07-08,66786641,"Schweitzerweg 958
52092 Diepholz",Dachau,Britische Jungferninseln,heydrichyasmin@web.de,F,Rheinland-Pfalz,40255,54.0,2021-06-10,1.4,2021-06-10,1.4
503,VacHomeClass-1,VacHomeZone-1,70.0,9170,Cobblestone,Gravel,Pie,Flat,Trash|Gas|Water|Electricity,Corner lot,No Slope,RNH 8,Proximity to Hospital,Apartment,Contemporary,5,7,1968,1971,Sawtooth,Rolled Roofing,Log Wood,Manmade Stone,0.0,3,3,Combined footing,3.0,No Sunlight,BrightWall Paneling,1214,Furnace,5,Yes,NM Cable,1214,0,1214,1,0,2,1,3,6,0,,Detached,Metal Panels,2,461,2,Paved,0,0,0,0,Composite Fences,4,2007,Down payment assistance,Regular,116206.0,N,Y,2021-03-20,41601877,"Aneta-Schönland-Allee 006
25434 Mallersdorf",Stollberg,Guadeloupe,elviragrein-groth@googlemail.com,M,Sachsen,67618,59.0,2021-11-06,4.0,2021-11-06,4.0
504,VacHomeClass-1,VacHomeZone-1,100.0,15602,Cobblestone,Gravel,Reverse Pie,Flat,Trash|Gas|Water|Electricity,Interior lot,No Slope,RNH 7,Proximity to School,Apartment,Contemporary,7,8,1961,2005,Gable,Rolled Roofing,Vertical Wood,Manmade Stone,0.0,3,3,Combined footing,3.0,No Sunlight,BrightWall Paneling,1501,Furnace,3,Yes,NM Cable,1801,0,1801,2,0,1,1,3,6,2,TA,Attached,DryWall,2,484,3,Paved,0,0,0,0,Wood Fences,3,2010,Down payment assistance,Regular,239876.0,N,Y,2021-05-26,65155660,"Krebsallee 0/6
88306 Neustadtner Waldnaab",Sigmaringen,Norfolkinsel,hildegundeberhardt@web.de,M,Saarland,73819,59.0,2021-08-22,2.5,2021-08-22,2.5
505,VacHomeClass-13,VacHomeZone-1,24.0,2308,Cobblestone,Gravel,Pie,Flat,Trash|Gas|Water|Electricity,Interior lot,No Slope,RNH 15,Proximity to School,SingleFamilyHome,Bungalow,6,5,1977,1981,Gable,Rolled Roofing,Brick,Manmade Stone,0.0,3,3,Combined footing,3.0,No Sunlight,BrightWall Paneling,855,Furnace,3,Yes,NM Cable,855,467,1322,2,1,3,1,3,6,1,Fa,Attached,Metal Panels,2,440,3,Paved,260,0,0,0,No Fence,6,2009,Down payment assistance,Regular,122016.0,Y,Y,2021-01-07,17920605,"Abbas-Kabus-Weg 4
99512 Hainichen",Illertissen,Palästinensische Gebiete,jkobelt@yahoo.de,M,Hessen,41073,64.0,2021-12-23,1.6,2021-12-23,1.6
506,VacHomeClass-11,VacHomeZone-2,60.0,7596,Cobblestone,Concrete,Pie,Flat,Trash|Gas|Water|Electricity,Interior lot,No Slope,RNH 18,Proximity to Gym,Townhome,Bungalow,5,5,1955,1958,Sawtooth,Rolled Roofing,Wood Shingle,Natural Stone,360.0,3,3,Combined footing,3.0,No Sunlight,Dry Wall,960,Furnace,4,Yes,NM Cable,960,1000,1960,2,0,4,2,3,10,0,,Detached,Metal Panels,2,400,3,Only Gravel,0,0,0,0,No Fence,7,2009,Reverse Mortgage,Regular,103341.0,N,N,2021-01-26,36161690,"Sebastiano-Förster-Gasse 3/4
08328 Bad Mergentheim",Uelzen,Jemen,georgia29@gmx.de,F,Berlin,29740,16.0,2021-01-21,4.5,2021-01-21,4.5
507,VacHomeClass-6,VacHomeZone-1,80.0,9554,Cobblestone,Gravel,Reverse Pie,Flat,Trash|Gas|Water|Electricity,Interior lot,No Slope,RNH 21,Proximity to School,Apartment,Bungalow,8,5,1996,2003,Gable,Rolled Roofing,Board Batten,Natural Stone,125.0,4,3,Individual footing,4.0,No Sunlight,ZenWall Panels,777,Furnace,5,Yes,NM Cable,1065,846,1911,2,1,3,1,4,8,1,TA,Attached,Wood Sheathing,2,471,3,Paved,182,0,0,0,No Fence,9,2006,Down payment assistance,Regular,178456.0,N,Y,2021-09-28,13144074,"Gerlachring 6/5
72302 Parchim",Gerolzhofen,Äquatorialguinea,hartmannsenta@ullrich.net,F,Rheinland-Pfalz,89442,82.0,2021-08-23,3.4,2021-08-23,3.4
508,VacHomeClass-1,VacHomeZone-5,75.0,7862,Cobblestone,Gravel,Reverse Pie,Flat,Trash|Gas|Water|Electricity,Interior lot,No Slope,RNH 22,Proximity to School,Apartment,Contemporary,6,5,2010,2017,Gable,Rolled Roofing,Board Batten,Manmade Stone,0.0,4,3,Individual footing,4.0,No Sunlight,ZenWall Panels,1218,Furnace,5,Yes,NM Cable,1218,0,1218,2,0,2,1,4,4,0,,Attached,DryWall,2,676,3,Paved,0,0,0,0,No Fence,9,2009,Government-backed programs,Distress Sale,172895.0,Y,Y,2021-07-29,84622082,"Rita-Lindner-Weg 129
05352 Rothenburg ob der Tauber",Hannoversch Münden,Sonderverwaltungszone Macao,nhande@hotmail.de,M,Hamburg,96188,19.0,2021-08-07,4.6,2021-08-07,4.6
509,VacHomeClass-7,VacHomeZone-2,60.0,9600,Cobblestone,Gravel,Pie,Flat,Trash|Gas|Water|Electricity,Interior lot,No Slope,RNH 18,Proximity to School,Apartment,Bungalow,7,9,1931,2010,Curved,Rolled Roofing,Log Wood,Manmade Stone,0.0,3,5,Strip foundation,3.0,No Sunlight,Foamax,689,Furnace,5,Yes,NM Cable,689,689,1378,2,0,3,1,4,7,1,Gd,Detached,Metal Panels,2,360,3,Only Gravel,0,0,0,0,No Fence,10,2008,Down payment assistance,Regular,133636.0,Y,Y,2021-12-05,74941780,"Hans-Helmut-Hein-Platz 5/1
32763 Miesbach",Steinfurt,Argentinien,ffiebig@rogner.de,Unknown,Thüringen,69220,70.0,2021-03-12,1.7,2021-03-12,1.7
510,VacHomeClass-1,VacHomeZone-1,80.0,9600,Cobblestone,Gravel,Pie,Flat,Trash|Gas|Water|Electricity,Corner lot,No Slope,NAmes,Proximity to School,Apartment,Contemporary,5,6,1964,1966,Gable,Rolled Roofing,Log Wood,Natural Stone,132.0,3,3,Combined footing,3.0,No Sunlight,BrightWall Paneling,1041,Furnace,5,Yes,NM Cable,1041,0,1041,1,0,3,1,3,6,0,,Attached,Wood Sheathing,1,270,3,Paved,224,0,0,0,Vinyl Fences,7,2009,Down payment assistance,Regular,103341.0,N,N,2021-10-29,11248026,"Karsten-Weinhage-Ring 5
29991 Darmstadt",Lübeck,Gibraltar,scholzisabell@oderwald.net,Unknown,Thüringen,43742,34.0,2021-11-08,3.3,2021-11-08,3.3
511,VacHomeClass-1,VacHomeZone-1,75.0,14559,Cobblestone,Gravel,Pie,Flat,Trash|Gas|Water|Electricity,Interior lot,No Slope,NAmes,Proximity to School,Apartment,Contemporary,5,7,1956,2008,Sawtooth,Rolled Roofing,Wood Shingle,Concrete Panels,70.0,4,3,Combined footing,3.0,No Sunlight,CleanSpace Wall System,1008,Furnace,5,Yes,NM Cable,1363,0,1363,1,0,2,1,3,6,2,TA,Carports,Metal Panels,1,288,3,Paved,324,0,0,0,No Fence,6,2009,Down payment assistance,Regular,136873.0,Y,Y,2021-01-21,91962546,"Johanne-Bachmann-Straße 8/8
94458 Büsingen am Hochrhein",Merseburg,Südafrika,hanne-lore67@gmail.com,F,Rheinland-Pfalz,46788,36.0,2021-05-31,1.5,2021-05-31,1.5
512,VacHomeClass-12,VacHomeZone-1,40.0,6792,Cobblestone,Gravel,Reverse Pie,Flat,Trash|Gas|Water|Electricity,Interior lot,No Slope,RNH 16,Proximity to School,SingleFamilyHome,Contemporary,7,5,2008,2014,Gable,Rolled Roofing,Board Batten,Manmade Panels,94.0,4,3,Individual footing,4.0,No Sunlight,Dry Wall,1368,Furnace,5,Yes,NM Cable,1368,0,1368,2,0,2,1,4,6,1,Gd,Attached,Wood Sheathing,2,474,3,Paved,132,0,0,0,No Fence,3,2006,Government-backed programs,Distress Sale,168217.94999999998,Y,N,2021-03-16,23308640,"Blochgasse 7/4
31427 Wittstock",Neustrelitz,St. Barthélemy,ismailluebs@trupp.org,Unknown,Brandenburg,50682,99.0,2021-02-07,1.0,2021-02-07,1.0
513,VacHomeClass-1,VacHomeZone-1,70.0,9100,Cobblestone,Gravel,Pie,Flat,Trash|Gas|Water|Electricity,Corner lot,No Slope,NAmes,Proximity to Hospital,Apartment,Contemporary,5,5,1960,1963,Gable,Rolled Roofing,Board Batten,Manmade Stone,0.0,3,3,Combined footing,3.0,No Sunlight,CleanSpace Wall System,864,Furnace,3,Yes,NM Cable,864,0,864,1,0,3,1,3,5,0,,Detached,Metal Panels,2,624,3,Paved,0,0,0,0,No Fence,7,2006,Down payment assistance,Regular,107823.0,Y,Y,2021-09-03,92596627,"Patbergstr. 643
66618 Mayen",Miltenberg,Panama,lia18@kuhl.com,Unknown,Baden-Württemberg,19214,99.0,2021-05-17,1.2,2021-05-17,1.2
514,VacHomeClass-1,VacHomeZone-1,71.0,9187,Cobblestone,Gravel,Pie,Slope,Trash|Gas|Water|Electricity,Corner lot,No Slope,RNH 12,Proximity to School,Apartment,Contemporary,6,5,1985,1985,Gable,Rolled Roofing,Board Batten,Manmade Stone,0.0,3,4,Individual footing,3.0,No Sunlight,BrightWall Paneling,1084,Furnace,3,Yes,NM Cable,1080,0,1080,1,1,3,1,3,5,0,,Attached,Metal Panels,2,484,3,Paved,120,0,0,0,No Fence,6,2007,Down payment assistance,Regular,111226.0,N,Y,2021-11-27,88719993,"Eberthstraße 09
33772 Soest",Schwäbisch Hall,Norwegen,kasimirkarge@web.de,F,Niedersachsen,39377,94.0,2021-06-06,1.5,2021-06-06,1.5
515,VacHomeClass-4,VacHomeZone-1,55.0,10594,Cobblestone,Gravel,Pie,Flat,Trash|Gas|Water|Electricity,Interior lot,No Slope,RNH 7,Proximity to School,Apartment,Colonial,5,5,1931,1956,Gable,Rolled Roofing,Wood Shingle,Manmade Stone,0.0,3,3,Strip foundation,3.0,No Sunlight,Dry Wall,768,Heat Pump,2,No,NM Cable,789,0,789,1,0,2,1,3,5,0,,Detached,Metal Panels,1,200,1,Paved,0,0,0,0,Vinyl Fences,6,2007,Down payment assistance,Regular,80101.0,Y,Y,2021-02-26,70071436,"Lilo-Heß-Straße 5
51985 Kaiserslautern",Sulzbach-Rosenberg,Somalia,pieperbirte@gmail.com,Unknown,Sachsen,70138,51.0,2021-06-27,4.7,2021-06-27,4.7
516,VacHomeClass-1,VacHomeZone-1,94.0,12220,Cobblestone,Gravel,Pie,Flat,Trash|Gas|Water|Electricity,Interior lot,No Slope,RNH 16,Proximity to School,Apartment,Contemporary,10,5,2012,2014,Sawtooth,Rolled Roofing,Metal,Natural Stone,305.0,5,3,Combined footing,5.0,No Sunlight,ZenWall Panels,2006,Furnace,5,Yes,NM Cable,2020,0,2020,2,1,3,1,5,9,1,Gd,Attached,DryWall,3,900,3,Paved,156,0,0,0,No Fence,9,2009,Government-backed programs,Distress Sale,334380.63,N,N,2021-05-24,66256441,"Jutta-Plath-Gasse 7
04454 Wunsiedel",Rastatt,Libanon,rneureuther@soelzer.com,F,Thüringen,49475,82.0,2021-02-01,1.8,2021-02-01,1.8
517,VacHomeClass-9,VacHomeZone-1,,10448,Cobblestone,Gravel,Reverse Pie,Flat,Trash|Gas|Water|Electricity,Corner lot,No Slope,RNH 17,Proximity to School,Apartment,Spanish,6,6,1976,1975,Gable,Rolled Roofing,Horizontal Wood,Natural Stone,333.0,3,3,Combined footing,3.0,No Sunlight,Dry Wall,689,Furnace,3,Yes,NM Cable,1378,741,2119,2,1,3,1,3,7,1,TA,Attached,Wood Sheathing,2,583,3,Paved,0,0,0,0,Composite Fences,8,2009,Reverse Mortgage,Shortsale,131146.0,N,N,2021-11-27,24029643,"Jann-Carsten-Allee 22
55886 Rehau",Sangerhausen,St. Lucia,gklemt@bolander.de,Unknown,Nordrhein-Westfalen,91304,31.0,2021-12-01,4.4,2021-12-01,4.4
518,VacHomeClass-6,VacHomeZone-1,79.0,10208,Cobblestone,Gravel,Reverse Pie,Flat,Trash|Gas|Water|Electricity,Interior lot,No Slope,RNH 14,Proximity to School,Apartment,Bungalow,7,5,1998,2000,Gable,Rolled Roofing,Board Batten,Natural Stone,921.0,4,3,Individual footing,4.0,No Sunlight,Dry Wall,1264,Furnace,5,Yes,NM Cable,1277,1067,2344,2,1,3,1,4,7,1,TA,Attached,Wood Sheathing,3,889,3,Paved,220,0,0,0,No Fence,7,2009,Down payment assistance,Regular,219956.0,N,N,2021-01-27,39476968,"Alois-Ditschlerin-Straße 8/7
70776 Passau",Wittstock,Sambia,hillerstephan@gmail.com,Unknown,Sachsen,40491,86.0,2021-01-11,1.1,2021-01-11,1.1
519,VacHomeClass-6,VacHomeZone-1,,9531,Cobblestone,Gravel,Reverse Pie,Flat,Trash|Gas|Water|Electricity,Cul-de-sac,No Slope,RNH 6,Proximity to School,Apartment,Bungalow,6,5,2000,2005,Gable,Rolled Roofing,Board Batten,Manmade Stone,0.0,3,3,Individual footing,4.0,Small Windows,ZenWall Panels,794,Furnace,5,Yes,NM Cable,882,914,1796,2,1,3,1,3,7,0,,Attached,Wood Sheathing,2,546,3,Paved,0,0,0,0,Vinyl Fences,5,2007,Down payment assistance,Regular,175136.0,N,N,2021-07-17,30400856,"Kristina-Karge-Gasse 712
87442 Havelberg",Reutlingen,Kanada,fjunk@faust.de,Unknown,Rheinland-Pfalz,82812,15.0,2021-05-10,3.1,2021-05-10,3.1
520,VacHomeClass-7,VacHomeZone-1,53.0,10918,Cobblestone,Gravel,Pie,Flat,Trash|Gas|Water|Electricity,Interior lot,No Slope,RNH 7,Proximity to School,Apartment,Bungalow,7,9,1928,2012,Curved,Rolled Roofing,Log Wood,Manmade Stone,0.0,4,3,Strip foundation,4.0,No Sunlight,Dry Wall,1276,Furnace,5,Yes,NM Cable,1276,804,2080,1,1,3,1,4,9,2,Gd,Detached,Metal Panels,1,282,3,Paved,0,0,0,0,Vinyl Fences,6,2009,Down payment assistance,Regular,194226.0,N,Y,2021-01-26,36493647,"Karzplatz 652
75763 Wolfratshausen",Monschau,Fidschi,rose-marie02@krebs.com,M,Berlin,83517,98.0,2021-07-03,1.2,2021-07-03,1.2
521,VacHomeClass-15,VacHomeZone-1,60.0,10800,Cobblestone,Concrete,Pie,Flat,Trash|Gas|Water|Electricity,Interior lot,No Slope,RNH 18,Proximity to School,Condo,Bungalow,4,7,1905,2008,Gable,Rolled Roofing,Log Wood,Manmade Stone,0.0,3,3,Strip foundation,,,,0,Furnace,3,No,Underground Feeder Cable,694,600,1294,2,0,3,2,3,7,0,,No Garage,Unfinished,0,0,0,Only Gravel,220,0,0,0,No Fence,8,2008,Down payment assistance,Regular,88193.5,Y,Y,2021-07-23,10078648,"Max-Trubin-Straße 1/2
10805 Sulzbach-Rosenberg",Finsterwalde,Belize,fritschhannelore@wohlgemut.com,M,Sachsen,96724,72.0,2021-12-20,3.0,2021-12-20,3.0
522,VacHomeClass-1,VacHomeZone-1,90.0,11988,Cobblestone,Gravel,Reverse Pie,Flat,Trash|Gas|Water|Electricity,Corner lot,No Slope,NAmes,Proximity to Hospital,Apartment,Contemporary,6,6,1961,1963,Gable,Rolled Roofing,Board Batten,Manmade Stone,0.0,3,3,Combined footing,3.0,No Sunlight,Foamax,1244,Furnace,5,Yes,Underground Feeder Cable,1244,0,1244,1,1,3,1,3,6,2,Gd,Attached,Metal Panels,1,336,3,Paved,0,0,0,0,No Fence,5,2007,Down payment assistance,Regular,124506.0,N,N,2021-06-28,47654792,"Vadim-Lange-Gasse 4
75941 Gräfenhainichen",Neustrelitz,Malawi,gudeosman@fiebig.de,F,Baden-Württemberg,26064,93.0,2021-01-01,4.5,2021-01-01,4.5
523,VacHomeClass-5,VacHomeZone-2,50.0,5000,Cobblestone,Gravel,Pie,Flat,Trash|Gas|Water|Electricity,Corner lot,No Slope,RNH 4,Proximity to Hospital,Apartment,Craftsman,6,7,1951,1956,Gable,Rolled Roofing,Metal,Manmade Stone,0.0,3,4,Combined footing,3.0,No Sunlight,BrightWall Paneling,1004,Furnace,5,Yes,NM Cable,1004,660,1664,2,0,3,1,3,7,2,Gd,Detached,Metal Panels,2,420,3,Paved,0,0,0,0,No Fence,10,2006,Down payment assistance,Regular,131976.0,N,Y,2021-08-23,93878616,"Schaafallee 685
32215 Gotha",München,Spanien,torsten52@hornig.com,F,Thüringen,26593,81.0,2021-03-02,2.2,2021-03-02,2.2
524,VacHomeClass-6,VacHomeZone-1,130.0,40094,Cobblestone,Gravel,Reverse Pie,Slope,Trash|Gas|Water|Electricity,Interior lot,No Slope,RNH 8,Proximity to Park,Apartment,Bungalow,10,5,2010,2014,Sawtooth,Rolled Roofing,Metal,Manmade Panels,762.0,5,3,Individual footing,5.0,French Doors,ZenWall Panels,3138,Furnace,5,Yes,NM Cable,3138,1538,4676,3,1,3,1,5,11,1,Gd,Breezeway,DryWall,3,884,3,Paved,208,0,0,0,No Fence,10,2007,Government-backed programs,Distress Sale,153348.5,Y,Y,2021-03-09,66364757,"Butteweg 21
16158 Kemnath",Vohenstrauß,Österreich,erose@rohleder.de,M,Sachsen-Anhalt,23572,24.0,2021-03-09,2.3,2021-03-09,2.3
525,VacHomeClass-6,VacHomeZone-1,95.0,11787,Cobblestone,Gravel,Reverse Pie,Flat,Trash|Gas|Water|Electricity,Interior lot,No Slope,RNH 14,Proximity to School,Apartment,Bungalow,7,5,1999,2002,Gable,Rolled Roofing,Board Batten,Natural Stone,594.0,4,3,Individual footing,4.0,No Sunlight,ZenWall Panels,1379,Furnace,5,Yes,NM Cable,1383,1015,2398,2,1,3,1,4,8,1,TA,Attached,DryWall,3,834,3,Paved,239,0,0,0,No Fence,8,2007,Down payment assistance,Regular,262078.5,Y,N,2021-08-06,8686893,"Heßring 1
07390 Brilon",Coburg,Isle of Man,julie32@gmail.com,F,Niedersachsen,58590,66.0,2021-12-08,3.0,2021-12-08,3.0
526,VacHomeClass-1,VacHomeZone-5,62.0,7500,Cobblestone,Cobblestone,Pie,Flat,Trash|Gas|Water|Electricity,Interior lot,No Slope,RNH 22,Proximity to School,Apartment,Contemporary,7,5,2007,2011,Gable,Rolled Roofing,Board Batten,Manmade Stone,0.0,4,3,Individual footing,4.0,No Sunlight,Dry Wall,1257,Furnace,5,Yes,NM Cable,1266,0,1266,2,0,3,1,4,6,1,TA,Attached,Metal Panels,2,453,3,Paved,38,0,0,0,No Fence,4,2006,Down payment assistance,Regular,146086.0,N,Y,2021-11-20,54774957,"Francis-Butte-Allee 210
98678 Suhl",Berlin,Falklandinseln,vgerlach@gmail.com,Unknown,Mecklenburg-Vorpommern,48326,97.0,2021-07-07,4.0,2021-07-07,4.0
527,VacHomeClass-1,VacHomeZone-1,70.0,13300,Cobblestone,Gravel,Pie,Flat,Trash|Gas|Water|Electricity,Interior lot,No Slope,NAmes,Proximity to School,Apartment,Contemporary,5,7,1961,2004,Sawtooth,Rolled Roofing,Wood Shingle,Manmade Stone,0.0,3,3,Combined footing,4.0,No Sunlight,Foamax,928,Furnace,3,Yes,NM Cable,928,0,928,1,0,2,1,3,4,0,,Attached,Metal Panels,1,252,3,Paved,261,0,0,0,No Fence,6,2007,Down payment assistance,Regular,109566.0,Y,N,2021-07-13,7271410,"Milan-Becker-Gasse 1/7
61567 Lüneburg",Ludwigsburg,Kamerun,dorota30@flantz.de,M,Brandenburg,28319,20.0,2021-03-29,2.4,2021-03-29,2.4
528,VacHomeClass-6,VacHomeZone-1,67.0,14948,Cobblestone,Gravel,Reverse Pie,Flat,Trash|Gas|Water|Electricity,Interior lot,No Slope,RNH 16,Proximity to School,Apartment,Bungalow,9,5,2009,2012,Sawtooth,Rolled Roofing,Board Batten,Manmade Panels,268.0,5,3,Individual footing,5.0,Large Windows,ZenWall Panels,1452,Furnace,5,Yes,NM Cable,1476,1237,2713,2,1,3,1,5,11,1,Gd,Attached,DryWall,3,858,3,Paved,126,0,0,0,No Fence,11,2008,Government-backed programs,Distress Sale,370402.63,N,N,2021-08-18,17588881,"Schenkstraße 7/8
32509 Marienberg",Eisenberg,Heard- und McDonald-Inseln,zstriebitz@gmx.de,M,Saarland,18895,77.0,2021-05-08,2.3,2021-05-08,2.3
529,VacHomeClass-2,VacHomeZone-1,58.0,9098,Cobblestone,Gravel,Reverse Pie,Flat,Trash|Gas|Water|Electricity,Interior lot,No Slope,RNH 8,Proximity to School,Apartment,Contemporary,4,7,1923,2006,Gable,Rolled Roofing,Wood Shingle,Manmade Stone,0.0,3,3,Strip foundation,3.0,Small Windows,BrightWall Paneling,528,Furnace,5,Yes,NM Cable,605,0,605,1,0,2,1,3,5,0,,No Garage,Unfinished,0,0,0,Only Gravel,0,0,0,0,No Fence,7,2007,Down payment assistance,Regular,71386.0,Y,N,2021-04-29,57049427,"Scholzstraße 95
02137 Staßfurt",Nördlingen,St. Martin,antobolzmann@henk.com,F,Baden-Württemberg,93730,26.0,2021-05-17,2.2,2021-05-17,2.2
530,VacHomeClass-1,VacHomeZone-1,,32668,Cobblestone,Gravel,Reverse Pie,Flat,Trash|Gas|Water|Electricity,Cul-de-sac,No Slope,RNH 7,Proximity to School,Apartment,Contemporary,6,3,1960,1978,Sawtooth,Rolled Roofing,Wood Shingle,,,4,3,Individual footing,3.0,No Sunlight,Foamax,2035,Furnace,3,Yes,NM Cable,2515,0,2515,3,0,4,2,3,9,2,TA,Attached,Wood Sheathing,2,484,3,Paved,0,0,0,0,No Fence,3,2007,Down payment assistance,Foreclosure,166523.91999999998,N,N,2021-03-13,82865344,"Kaulstraße 5
68327 Bersenbrück",Kaiserslautern,Uganda,omisicher@zorbach.de,M,Niedersachsen,87267,81.0,2021-12-08,4.7,2021-12-08,4.7
531,VacHomeClass-9,VacHomeZone-1,85.0,10200,Cobblestone,Gravel,Pie,Flat,Trash|Gas|Water|Electricity,Interior lot,No Slope,RNH 24,Proximity to School,Apartment,Spanish,6,5,1989,1993,Gable,Rolled Roofing,Horizontal Wood,Natural Stone,219.0,4,3,Combined footing,4.0,Large Windows,ZenWall Panels,1461,Furnace,5,Yes,NM Cable,1509,0,1509,2,0,3,1,4,5,1,Fa,Attached,Wood Sheathing,2,600,3,Paved,224,0,0,0,No Fence,8,2008,Down payment assistance,Shortsale,145256.0,Y,Y,2021-01-15,36453832,"Lilly-Eigenwillig-Gasse 0
06588 Ahaus",Bayreuth,Ghana,slange@reinhardt.com,Unknown,Baden-Württemberg,18237,38.0,2021-05-22,2.6,2021-05-22,2.6
532,VacHomeClass-7,VacHomeZone-2,60.0,6155,Cobblestone,Gravel,Reverse Pie,Flat,Trash|Gas|Water|Electricity,Key lot,No Slope,RNH 4,Proximity to Theatre,Apartment,Bungalow,6,8,1925,2004,Gable,Rolled Roofing,Wood Shingle,Manmade Stone,0.0,3,3,Strip foundation,2.0,Small Windows,Dry Wall,611,Furnace,5,Yes,NM Cable,751,611,1362,2,0,3,1,3,6,0,,Detached,DryWall,2,502,3,Paved,0,0,0,0,No Fence,6,2008,Down payment assistance,Regular,106246.0,Y,Y,2021-09-24,91743411,"Täschering 81
65469 Ludwigslust",Aue,Marokko,dennis52@seifert.de,M,Saarland,59657,69.0,2021-08-08,1.2,2021-08-08,1.2
533,VacHomeClass-1,VacHomeZone-1,60.0,7200,Cobblestone,Gravel,Pie,Flat,Trash|Gas|Water|Electricity,Interior lot,No Slope,NAmes,Proximity to School,Apartment,Contemporary,5,7,1956,2014,Gable,Rolled Roofing,Board Batten,Manmade Stone,0.0,3,3,Pile foundation,,,,0,Furnace,5,Yes,NM Cable,827,0,827,1,0,2,1,3,5,1,Po,Detached,Metal Panels,1,392,3,Paved,0,0,0,0,No Fence,4,2010,Down payment assistance,Regular,89231.0,N,Y,2021-04-25,9895188,"Scheelweg 2/0
63796 Gadebusch",Badibling,Madagaskar,lisette19@aol.de,M,Hessen,8735,52.0,2021-12-28,1.6,2021-12-28,1.6
534,VacHomeClass-1,VacHomeZone-1,50.0,5000,Cobblestone,Gravel,Pie,Low Level,Trash|Gas|Water|Electricity,Interior lot,Little Slope,RNH 4,Proximity to School,Apartment,Contemporary,1,3,1950,1959,Gable,Rolled Roofing,Board Batten,Manmade Stone,0.0,2,2,Pile foundation,,,,0,Furnace,2,No,Armored Cable,334,0,334,1,0,1,1,2,2,0,,No Garage,Unfinished,0,0,0,Only Gravel,0,0,0,0,No Fence,1,2007,Down payment assistance,Regular,32625.0,N,Y,2021-08-25,67326068,"Reinhild-Geisler-Gasse 1/3
95769 Kitzingen",Karlsruhe,Mongolei,waltraut93@krein.de,F,Mecklenburg-Vorpommern,66698,46.0,2021-10-07,2.2,2021-10-07,2.2
535,VacHomeClass-6,VacHomeZone-1,74.0,9056,Cobblestone,Gravel,Reverse Pie,Flat,Trash|Gas|Water|Electricity,Interior lot,No Slope,RNH 9,Proximity to School,Apartment,Bungalow,8,5,2005,2011,Gable,Rolled Roofing,Board Batten,Manmade Stone,0.0,4,3,Individual footing,5.0,Large Windows,Dry Wall,707,Furnace,5,Yes,NM Cable,707,707,1414,2,1,3,1,4,6,1,Gd,Attached,DryWall,2,403,3,Paved,100,0,0,0,No Fence,10,2006,Down payment assistance,Regular,147746.0,Y,Y,2021-03-26,37483708,"Lehmanngasse 0
60876 Riesa",Stuttgart,Nepal,stiffelljudmila@gmail.com,M,Hessen,27743,64.0,2021-01-08,1.5,2021-01-08,1.5
536,VacHomeClass-15,VacHomeZone-1,70.0,7000,Cobblestone,Gravel,Pie,Flat,Trash|Gas|Water|Electricity,Interior lot,No Slope,RNH 8,Proximity to School,Condo,Bungalow,5,7,1912,1997,Gable,Rolled Roofing,Log Wood,Manmade Stone,0.0,3,3,Combined footing,4.0,French Doors,ZenWall Panels,1117,Furnace,3,Yes,NM Cable,820,527,1347,1,0,3,1,3,5,0,,No Garage,Unfinished,0,0,0,Only Gravel,85,0,0,0,No Fence,1,2008,Down payment assistance,Regular,89231.0,Y,N,2021-10-10,68644420,"Drubinring 9/8
94472 Amberg",Sömmerda,Tadschikistan,tpreiss@hotmail.de,F,Niedersachsen,79992,76.0,2021-07-18,1.0,2021-07-18,1.0
537,VacHomeClass-6,VacHomeZone-1,57.0,8924,Cobblestone,Gravel,Reverse Pie,Flat,Trash|Gas|Water|Electricity,Cul-de-sac,No Slope,RNH 6,Proximity to School,Apartment,Bungalow,7,5,2001,2006,Gable,Rolled Roofing,Board Batten,Manmade Stone,0.0,3,3,Individual footing,4.0,Large Windows,Dry Wall,880,Furnace,5,Yes,NM Cable,880,844,1724,2,1,3,1,4,8,0,,Attached,DryWall,2,527,3,Paved,120,0,0,0,No Fence,7,2008,Down payment assistance,Regular,156046.0,Y,Y,2021-01-24,18652871,"Hornigstr. 3/2
40205 Beilngries",Hamburg,San Marino,rdoerr@web.de,F,Brandenburg,29481,5.0,2021-01-19,1.9,2021-01-19,1.9
538,VacHomeClass-1,VacHomeZone-1,,12735,Cobblestone,Gravel,Reverse Pie,Flat,Trash|Gas|Water|Electricity,T-intersection,No Slope,NAmes,Proximity to School,Apartment,Contemporary,4,5,1976,1975,Sawtooth,Rolled Roofing,Log Wood,Manmade Stone,0.0,3,3,Combined footing,3.0,No Sunlight,CleanSpace Wall System,864,Furnace,3,Yes,NM Cable,864,0,864,1,0,3,1,3,5,0,,Detached,Metal Panels,2,576,3,Paved,216,0,0,0,Metal Fences,4,2008,Reverse Mortgage,Regular,92343.5,N,N,2021-05-21,61229341,"Adelbert-Anders-Ring 8
82778 Schmölln",Oberviechtach,Serbien und Montenegro,itintzmann@boerner.org,Unknown,Schleswig-Holstein,96707,68.0,2021-08-26,2.2,2021-08-26,2.2
539,VacHomeClass-1,VacHomeZone-1,,11553,Cobblestone,Gravel,Reverse Pie,Flat,Trash|Gas|Water|Electricity,Interior lot,No Slope,RNH 20,Proximity to School,Apartment,Contemporary,5,5,1971,1975,Sawtooth,Rolled Roofing,Brick,Natural Stone,188.0,3,3,Combined footing,3.0,No Sunlight,CleanSpace Wall System,1051,Furnace,3,Yes,NM Cable,1159,0,1159,1,1,3,1,3,7,1,Fa,Attached,Metal Panels,1,336,3,Paved,466,0,0,0,No Fence,7,2006,Down payment assistance,Regular,131146.0,N,N,2021-04-15,93186650,"Pieperweg 8
69841 Wolgast",Parsberg,Demokratische Volksrepublik Korea,vwernecke@fechner.net,F,Nordrhein-Westfalen,82559,99.0,2021-09-19,4.0,2021-09-19,4.0
540,VacHomeClass-1,VacHomeZone-1,,11423,Cobblestone,Gravel,Pie,Flat,Trash|Gas|Water|Electricity,Interior lot,No Slope,RNH 6,Proximity to School,Apartment,Contemporary,8,5,2003,2009,Gable,Rolled Roofing,Board Batten,Natural Stone,479.0,4,3,Individual footing,4.0,Large Windows,ZenWall Panels,1581,Furnace,5,Yes,NM Cable,1601,0,1601,2,0,3,1,4,6,1,TA,Attached,Wood Sheathing,2,670,3,Paved,180,0,0,0,Vinyl Fences,5,2010,Down payment assistance,Regular,225766.0,N,Y,2021-10-17,30503694,"Bienstr. 90
45790 Cuxhaven",Pasewalk,Italien,thilo93@googlemail.com,M,Hessen,49560,42.0,2021-06-12,4.9,2021-06-12,4.9
541,VacHomeClass-1,VacHomeZone-1,85.0,14601,Cobblestone,Gravel,Pie,Flat,Trash|Gas|Water|Electricity,Interior lot,No Slope,RNH 24,Proximity to School,Apartment,Contemporary,9,5,2009,2014,Sawtooth,Rolled Roofing,Board Batten,Natural Stone,584.0,5,3,Individual footing,5.0,Large Windows,ZenWall Panels,1838,Furnace,5,Yes,NM Cable,1838,0,1838,2,0,2,1,5,8,1,Gd,Attached,DryWall,3,765,3,Paved,270,0,0,0,No Fence,3,2009,Down payment assistance,Regular,261456.0,N,N,2021-01-26,30188563,"Seifertallee 8
62499 Hettstedt",Zschopau,Bosnien und Herzegowina,zkohl@googlemail.com,F,Nordrhein-Westfalen,29335,61.0,2021-12-21,3.3,2021-12-21,3.3
542,VacHomeClass-6,VacHomeZone-1,,11000,Cobblestone,Gravel,Pie,Flat,Trash|Gas|Water|Electricity,T-intersection,No Slope,RNH 14,Proximity to School,Apartment,Bungalow,8,5,2002,2005,Gable,Rolled Roofing,Board Batten,Natural Stone,72.0,4,3,Individual footing,4.0,No Sunlight,Dry Wall,969,Furnace,5,Yes,NM Cable,997,1288,2285,2,1,4,1,4,8,1,TA,Breezeway,DryWall,3,648,3,Paved,0,0,0,0,No Fence,6,2007,Down payment assistance,Regular,205846.0,N,Y,2021-08-18,61853249,"Vesna-Sager-Weg 04
20697 Gießen",Ingolstadt,Neuseeland,heimorogge@harloff.com,Unknown,Niedersachsen,10985,1.0,2021-12-25,2.5,2021-12-25,2.5
543,VacHomeClass-1,VacHomeZone-1,78.0,10140,Cobblestone,Gravel,Pie,Flat,Trash|Gas|Water|Electricity,Interior lot,No Slope,RNH 17,Proximity to Restaurants,Apartment,Contemporary,7,5,1999,2004,Sawtooth,Rolled Roofing,Board Batten,Manmade Stone,0.0,4,3,Individual footing,5.0,No Sunlight,Basement to Beautiful Panels,1650,Furnace,5,Yes,NM Cable,1680,0,1680,2,0,3,1,4,7,1,TA,Attached,DryWall,2,583,3,Paved,78,0,0,0,No Fence,6,2009,Down payment assistance,Regular,177003.5,N,Y,2021-10-14,49017878,"Bert-Zirme-Weg 34
71969 Luckau",Gardelegen,Slowenien,hans-georg89@gierschner.de,M,Hessen,37974,86.0,2021-07-18,2.8,2021-07-18,2.8
544,VacHomeClass-12,VacHomeZone-4,34.0,4058,Cobblestone,Gravel,Pie,Flat,Trash|Gas|Water|Electricity,Interior lot,No Slope,NAmes,Proximity to School,SingleFamilyHome,Georgian,7,5,1999,2001,Gable,Rolled Roofing,Log Wood,Natural Stone,182.0,3,3,Individual footing,4.0,Large Windows,ZenWall Panels,723,Furnace,5,Yes,NM Cable,767,0,767,1,0,1,1,3,4,0,,Attached,DryWall,1,367,3,Paved,120,0,0,0,No Fence,6,2007,Down payment assistance,Regular,110396.0,Y,N,2021-11-12,92028180,"Andersweg 0/0
95229 Bautzen",Osterode am Harz,Sambia,roskothmercedes@yahoo.de,Unknown,Baden-Württemberg,21076,99.0,2021-06-05,1.2,2021-06-05,1.2
545,VacHomeClass-6,VacHomeZone-1,58.0,17104,Cobblestone,Gravel,Reverse Pie,Flat,Trash|Gas|Water|Electricity,Interior lot,No Slope,RNH 9,Proximity to School,Apartment,Bungalow,7,5,2007,2012,Gable,Rolled Roofing,Board Batten,Manmade Stone,0.0,4,3,Individual footing,4.0,Large Windows,ZenWall Panels,654,Furnace,5,Yes,NM Cable,664,832,1496,2,1,3,1,4,7,1,Gd,Attached,Wood Sheathing,2,426,3,Paved,100,0,0,0,No Fence,9,2006,Government-backed programs,Distress Sale,149127.94999999998,Y,N,2021-04-19,78851184,"Edmund-Conradi-Platz 8/2
94359 Wittstock",Kötzting,Aruba,anne-rose96@gmx.de,Unknown,Schleswig-Holstein,27853,28.0,2021-06-08,3.1,2021-06-08,3.1
546,VacHomeClass-5,VacHomeZone-1,,13837,Cobblestone,Gravel,Reverse Pie,Flat,Trash|Gas|Water|Electricity,Corner lot,No Slope,RNH 17,Proximity to School,Apartment,Craftsman,7,5,1992,1990,Gable,Rolled Roofing,Horizontal Wood,Natural Stone,178.0,4,4,Individual footing,4.0,No Sunlight,ZenWall Panels,1204,Furnace,4,Yes,NM Cable,1377,806,2183,2,1,4,1,4,9,0,,Attached,Metal Panels,3,786,3,Paved,0,0,0,0,No Fence,2,2006,Down payment assistance,Regular,190076.0,Y,Y,2021-05-03,39954794,"Hofmanngasse 7/1
97269 Wolfenbüttel",Burg,Demokratische Republik Kongo,berthold39@googlemail.com,F,Mecklenburg-Vorpommern,71005,50.0,2021-06-17,4.3,2021-06-17,4.3
547,VacHomeClass-5,VacHomeZone-1,70.0,8737,Cobblestone,Gravel,Reverse Pie,Slope,Trash|Gas|Water|Electricity,Interior lot,No Slope,RNH 4,Proximity to School,Apartment,Craftsman,6,7,1925,1958,Gable,Rolled Roofing,Vertical Wood,Manmade Stone,0.0,3,3,Strip foundation,4.0,No Sunlight,Foamax,1065,Furnace,5,Yes,Underground Feeder Cable,915,720,1635,1,1,3,1,3,6,1,Gd,Detached,Metal Panels,2,440,3,Paved,0,144,0,0,No Fence,5,2007,Down payment assistance,Regular,174306.0,Y,Y,2021-10-11,20745363,"Roswitha-Birnbaum-Ring 0/6
30936 Göppingen",Guben,Marshallinseln,albert33@naser.com,M,Sachsen-Anhalt,32783,73.0,2021-07-02,4.3,2021-07-02,4.3
548,VacHomeClass-10,VacHomeZone-1,54.0,7244,Cobblestone,Gravel,Pie,Flat,Trash|Gas|Water|Electricity,Interior lot,No Slope,RNH 12,Proximity to School,Apartment,Georgian,5,7,1975,1976,Gable,Rolled Roofing,Board Batten,Manmade Stone,0.0,3,4,Combined footing,4.0,Large Windows,BrightWall Paneling,768,Furnace,5,Yes,NM Cable,768,0,768,1,0,2,1,3,5,0,,Detached,Metal Panels,2,624,3,Paved,104,0,0,0,No Fence,4,2007,Down payment assistance,Regular,107491.0,Y,N,2021-03-19,44902070,"Kobeltstr. 730
82692 Soltau",Grevenbroich,Kambodscha,ilonajacob@googlemail.com,Unknown,Berlin,65939,79.0,2021-12-22,4.3,2021-12-22,4.3
549,VacHomeClass-1,VacHomeZone-2,49.0,8235,Cobblestone,Gravel,Reverse Pie,High Level,Trash|Gas|Water|Electricity,Interior lot,No Slope,RNH 18,Proximity to Hospital,Apartment,Contemporary,5,7,1957,2001,Gable,Rolled Roofing,Log Wood,Manmade Stone,0.0,3,4,Combined footing,3.0,No Sunlight,Basement to Beautiful Panels,825,Furnace,3,Yes,NM Cable,825,0,825,1,0,2,1,3,4,0,,Detached,Wood Sheathing,2,720,3,Paved,140,0,0,0,Vinyl Fences,6,2008,Down payment assistance,Regular,103756.0,N,Y,2021-12-09,37666934,"Henrik-Schaaf-Gasse 1/7
59090 Hagenow",Wanzleben,Togo,katherina15@kallert.com,F,Bremen,99888,14.0,2021-09-08,4.6,2021-09-08,4.6
550,VacHomeClass-6,VacHomeZone-5,75.0,9375,Cobblestone,Gravel,Pie,Flat,Trash|Gas|Water|Electricity,Interior lot,No Slope,RNH 22,Proximity to School,Apartment,Bungalow,7,5,2008,2011,Gable,Rolled Roofing,Board Batten,Manmade Stone,0.0,4,3,Individual footing,4.0,No Sunlight,Dry Wall,912,Furnace,5,Yes,NM Cable,912,1182,2094,2,1,4,1,4,8,1,Gd,Breezeway,DryWall,2,615,3,Paved,182,0,0,0,No Fence,11,2009,Down payment assistance,Regular,218296.0,N,Y,2021-06-03,15645487,"Ilka-Karge-Platz 8
17415 Crailsheim",Bad Freienwalde,Griechenland,lieselotteernst@gehringer.net,M,Sachsen,62799,60.0,2021-12-24,1.4,2021-12-24,1.4
551,VacHomeClass-12,VacHomeZone-1,53.0,4043,Cobblestone,Gravel,Pie,Flat,Trash|Gas|Water|Electricity,Interior lot,No Slope,RNH 15,Proximity to School,SingleFamilyHome,Contemporary,6,6,1980,1981,Gable,Rolled Roofing,Brick,Manmade Stone,0.0,3,3,Combined footing,4.0,No Sunlight,BrightWall Paneling,1069,Furnace,3,Yes,NM Cable,1069,0,1069,2,0,2,1,3,4,0,,Attached,Wood Sheathing,2,440,3,Paved,0,0,0,0,No Fence,10,2008,Reverse Mortgage,Shortsale,116206.0,N,N,2021-11-16,54053168,"Danielle-Dehmel-Allee 224
41453 Burglengenfeld",Genthin,Kambodscha,bernt70@sontag.com,Unknown,Brandenburg,46011,56.0,2021-04-18,3.8,2021-04-18,3.8
552,VacHomeClass-1,VacHomeZone-2,50.0,6000,Cobblestone,Gravel,Pie,Flat,Trash|Gas|Water|Electricity,Interior lot,No Slope,RNH 18,Proximity to School,Apartment,Contemporary,5,6,1960,1959,Sawtooth,Rolled Roofing,Vertical Wood,Manmade Stone,0.0,3,3,Combined footing,3.0,No Sunlight,Foamax,928,Furnace,4,Yes,Underground Feeder Cable,928,0,928,1,0,3,1,3,5,0,,Attached,DryWall,1,288,3,Paved,0,0,0,0,No Fence,6,2008,Down payment assistance,Regular,93381.0,Y,Y,2021-02-18,17585484,"Amir-Ruppert-Gasse 0
55242 Hildburghausen",Mettmann,Grenada,rohledersylvana@aol.de,M,Sachsen-Anhalt,75047,49.0,2021-01-09,4.3,2021-01-09,4.3
553,VacHomeClass-1,VacHomeZone-1,87.0,11146,Cobblestone,Gravel,Reverse Pie,Flat,Trash|Gas|Water|Electricity,Interior lot,No Slope,RNH 16,Proximity to School,Apartment,Contemporary,8,5,2008,2015,Gable,Rolled Roofing,Board Batten,Manmade Panels,250.0,4,3,Individual footing,5.0,Large Windows,Dry Wall,1709,Furnace,5,Yes,NM Cable,1717,0,1717,2,0,3,1,4,7,1,Gd,Attached,Wood Sheathing,3,908,3,Paved,169,0,0,0,No Fence,7,2009,Down payment assistance,Regular,212071.0,N,Y,2021-04-23,48127035,"Nergerweg 397
65452 Göppingen",Wolfach,Andorra,hoerlemohammed@googlemail.com,F,Hamburg,90686,13.0,2021-04-18,1.9,2021-04-18,1.9
554,VacHomeClass-1,VacHomeZone-1,67.0,8777,Cobblestone,Gravel,Pie,Flat,Trash|Gas|Water|Electricity,Interior lot,No Slope,RNH 8,Proximity to Hospital,Apartment,Contemporary,4,5,1953,2010,Gable,Rolled Roofing,Board Batten,Manmade Stone,0.0,3,3,Combined footing,,,,0,Furnace,5,Yes,NM Cable,1126,0,1126,2,0,2,1,4,5,0,,Detached,DryWall,2,520,3,Only Gravel,0,0,0,0,Vinyl Fences,5,2009,Down payment assistance,Regular,89646.0,N,Y,2021-08-02,99940843,"Kadestr. 2/4
92055 Oberviechtach",Viechtach,Frankreich,aenne11@speer.com,F,Bremen,20934,78.0,2021-05-05,4.1,2021-05-05,4.1
555,VacHomeClass-6,VacHomeZone-1,85.0,10625,Cobblestone,Gravel,Pie,Flat,Trash|Gas|Water|Electricity,Interior lot,No Slope,RNH 16,Proximity to School,Apartment,Bungalow,7,5,2006,2008,Gable,Rolled Roofing,Board Batten,Natural Stone,292.0,4,3,Individual footing,4.0,No Sunlight,ZenWall Panels,998,Furnace,5,Yes,NM Cable,1006,1040,2046,2,1,3,1,4,8,1,Gd,Breezeway,Wood Sheathing,3,871,3,Paved,320,0,0,0,No Fence,8,2008,Down payment assistance,Regular,235726.0,N,Y,2021-10-06,9285736,"Hans-Martin-Schleich-Weg 1/8
07443 Rostock",Lübben,Mosambik,anett67@gmail.com,M,Hamburg,11845,2.0,2021-07-27,1.2,2021-07-27,1.2
556,VacHomeClass-4,VacHomeZone-2,58.0,6380,Cobblestone,Gravel,Pie,Flat,Trash|Gas|Water|Electricity,Interior lot,No Slope,RNH 4,Proximity to School,Apartment,Colonial,5,6,1927,1956,Gable,Rolled Roofing,Log Wood,Manmade Stone,0.0,3,3,Strip foundation,3.0,No Sunlight,Dry Wall,993,Furnace,3,Yes,Underground Feeder Cable,1048,0,1048,1,0,2,1,3,5,1,Gd,Detached,Metal Panels,1,280,3,Paved,0,0,0,0,No Fence,8,2006,Down payment assistance,Regular,93796.0,N,N,2021-01-21,54087224,"Arnim-Mülichen-Gasse 3/8
62874 Bad Kreuznach",Marktheidenfeld,Guam,soelzeranselm@ehlert.de,M,Sachsen-Anhalt,22618,63.0,2021-10-05,4.0,2021-10-05,4.0
557,VacHomeClass-1,VacHomeZone-1,69.0,14850,Cobblestone,Gravel,Reverse Pie,Flat,Trash|Gas|Water|Electricity,Interior lot,No Slope,NAmes,Proximity to School,Apartment,Contemporary,5,5,1958,1960,Gable,Rolled Roofing,Wood Shingle,Manmade Stone,0.0,3,3,Combined footing,3.0,No Sunlight,Foamax,1092,Furnace,3,Yes,Underground Feeder Cable,1092,0,1092,1,0,2,1,3,6,1,TA,Attached,DryWall,1,299,3,Paved,268,0,0,0,Metal Fences,5,2006,Down payment assistance,Regular,117036.0,Y,Y,2021-02-08,53416063,"Jäntschplatz 993
70221 Sebnitz",Neustrelitz,Portugal,dusansoelzer@etzold.com,M,Hessen,94063,41.0,2021-10-26,4.6,2021-10-26,4.6
558,VacHomeClass-5,VacHomeZone-3,60.0,11040,Cobblestone,Gravel,Pie,Low Level,Trash|Gas|Water|Electricity,Interior lot,Little Slope,RNH 10,Proximity to School,Apartment,Craftsman,4,6,1923,1955,Gable,Rolled Roofing,Log Wood,Manmade Stone,0.0,3,3,Combined footing,3.0,No Sunlight,Foamax,637,Furnace,4,Yes,NM Cable,897,439,1336,1,1,3,1,3,7,0,,Carports,Metal Panels,1,570,3,Paved,0,0,0,0,No Fence,9,2006,Reverse Mortgage,Regular,89646.0,N,Y,2021-09-20,63452228,"Seipstr. 515
45740 Sankt Goarshausen",Stade,Tschechische Republik,babetteloos@geisler.de,Unknown,Sachsen-Anhalt,85794,8.0,2021-06-18,1.7,2021-06-18,1.7
559,VacHomeClass-6,VacHomeZone-1,57.0,21872,Cobblestone,Gravel,Rectangular,High Level,Trash|Gas|Water|Electricity,T-intersection,No Slope,RNH 9,Proximity to School,Apartment,Bungalow,7,5,2001,2002,Gable,Rolled Roofing,Horizontal Wood,Manmade Stone,0.0,3,3,Individual footing,4.0,French Doors,ZenWall Panels,729,Furnace,5,Yes,NM Cable,729,717,1446,2,1,3,1,3,6,1,TA,Attached,Metal Panels,2,406,3,Paved,264,0,0,0,No Fence,8,2008,Down payment assistance,Regular,145256.0,N,N,2021-07-14,72020630,"Carin-Mangold-Platz 6/4
53493 Oberviechtach",Oberviechtach,Republik Moldau,gwerner@roehricht.de,M,Niedersachsen,38512,61.0,2021-08-23,4.2,2021-08-23,4.2
560,VacHomeClass-12,VacHomeZone-1,,3196,Cobblestone,Gravel,Pie,Flat,Trash|Gas|Water|Electricity,Interior lot,No Slope,RNH 1,Proximity to School,SingleFamilyHome,Contemporary,7,5,2006,2010,Gable,Rolled Roofing,Board Batten,Natural Stone,18.0,4,3,Individual footing,4.0,French Doors,Dry Wall,1374,Furnace,5,Yes,NM Cable,1557,0,1557,2,0,2,1,4,7,1,TA,Attached,DryWall,2,420,3,Paved,143,0,0,0,No Fence,10,2006,Down payment assistance,Regular,194226.0,N,N,2021-04-16,60842336,"Kordula-Heinrich-Gasse 54
79012 Kötzting",Saulgau,Russische Föderation,schwitalhalil@gmail.com,M,Hamburg,72743,33.0,2021-03-07,3.7,2021-03-07,3.7
561,VacHomeClass-1,VacHomeZone-1,,11341,Cobblestone,Gravel,Reverse Pie,Flat,Trash|Gas|Water|Electricity,Interior lot,No Slope,RNH 20,Proximity to School,Apartment,Contemporary,5,6,1961,2001,Sawtooth,Rolled Roofing,Wood Shingle,Natural Stone,180.0,3,3,Combined footing,4.0,No Sunlight,BrightWall Paneling,1392,Furnace,3,Yes,NM Cable,1392,0,1392,1,1,3,1,3,5,1,Gd,Detached,Metal Panels,2,528,3,Paved,0,0,0,0,No Fence,5,2010,Down payment assistance,Regular,100851.0,N,N,2021-06-07,23913523,"Jonathan-Gotthard-Weg 8
48749 Herford",Borna,Oman,natali91@gmail.com,Unknown,Rheinland-Pfalz,32189,69.0,2021-06-09,2.9,2021-06-09,2.9
562,VacHomeClass-1,VacHomeZone-1,77.0,10010,Cobblestone,Gravel,Pie,Flat,Trash|Gas|Water|Electricity,Interior lot,Little Slope,RNH 12,Proximity to School,Apartment,Contemporary,5,5,1978,1981,Gable,Rolled Roofing,Horizontal Wood,Manmade Stone,0.0,3,3,Combined footing,4.0,Large Windows,BrightWall Paneling,1389,Furnace,4,Yes,NM Cable,1389,0,1389,1,0,2,1,3,6,1,TA,Attached,Wood Sheathing,2,418,3,Paved,240,0,0,0,No Fence,4,2006,Down payment assistance,Regular,141106.0,Y,Y,2021-08-21,21094392,"Karzgasse 17
04951 Bad Liebenwerda",Rochlitz,Demokratische Volksrepublik Korea,alexander32@hotmail.de,Unknown,Thüringen,7353,33.0,2021-12-23,3.8,2021-12-23,3.8
563,VacHomeClass-2,VacHomeZone-1,63.0,13907,Cobblestone,Gravel,Pie,Flat,Trash|Gas|Water|Electricity,Interior lot,No Slope,RNH 8,Proximity to School,Apartment,Contemporary,5,6,1944,1973,Gable,Rolled Roofing,Vinyl,Manmade Stone,0.0,3,3,Combined footing,3.0,No Sunlight,CleanSpace Wall System,996,Furnace,5,Yes,NM Cable,996,0,996,1,0,3,1,3,6,1,Gd,No Garage,Unfinished,0,0,0,Paved,144,0,0,0,No Fence,7,2008,Down payment assistance,Regular,89646.0,N,N,2021-05-09,54304802,"Schmiedeckering 8
56021 Bitterfeld",Emmendingen,St. Helena,patriciaruppersberger@staude.org,F,Mecklenburg-Vorpommern,10619,10.0,2021-02-13,3.5,2021-02-13,3.5
564,VacHomeClass-5,VacHomeZone-1,66.0,21780,Cobblestone,Gravel,Pie,Flat,Trash|Gas|Water|Electricity,Interior lot,No Slope,RNH 8,Proximity to School,Apartment,Craftsman,6,7,1923,1953,Gable,Rolled Roofing,Wood Shingle,Manmade Stone,0.0,3,3,Strip foundation,4.0,Small Windows,Dry Wall,1163,Furnace,5,Yes,NM Cable,1163,511,1674,2,0,4,1,3,8,1,Gd,Detached,DryWall,2,396,3,Only Gravel,72,0,0,0,No Fence,7,2008,Down payment assistance,Regular,153556.0,N,Y,2021-12-03,87267143,"Schleichgasse 57
44671 Nürtingen",Eisenberg,Niederländische Antillen,ingmar07@graf.de,Unknown,Brandenburg,4127,74.0,2021-02-25,3.7,2021-02-25,3.7
565,VacHomeClass-6,VacHomeZone-1,,13346,Cobblestone,Gravel,Reverse Pie,Flat,Trash|Gas|Water|Electricity,Cul-de-sac,No Slope,RNH 14,Proximity to School,Apartment,Bungalow,7,5,1995,2008,Gable,Rolled Roofing,Horizontal Wood,Manmade Stone,0.0,4,3,Individual footing,4.0,No Sunlight,ZenWall Panels,1095,Furnace,5,Yes,NM Cable,1166,1129,2295,2,1,4,1,4,9,1,TA,Attached,Wood Sheathing,2,590,3,Paved,0,0,0,0,No Fence,7,2006,Down payment assistance,Regular,222446.0,Y,N,2021-09-17,2574004,"Zorbachallee 5/3
47172 Schwandorf",Stadtsteinach,St. Pierre und Miquelon,roehrichtkreszenz@hethur.com,Unknown,Rheinland-Pfalz,52292,13.0,2021-09-02,1.3,2021-09-02,1.3
566,VacHomeClass-7,VacHomeZone-1,66.0,6858,Cobblestone,Gravel,Pie,Slope,Trash|Gas|Water|Electricity,Corner lot,No Slope,RNH 19,Proximity to School,Apartment,Bungalow,6,4,1918,1954,Gable,Rolled Roofing,Wood Shingle,Manmade Stone,0.0,3,3,Individual footing,4.0,No Sunlight,Dry Wall,806,Furnace,3,No,Armored Cable,841,806,1647,1,1,4,1,2,6,0,,Detached,Metal Panels,1,216,3,Paved,0,0,0,0,No Fence,5,2010,Down payment assistance,Regular,106246.0,Y,Y,2021-08-31,28488927,"Tröstplatz 4
72237 Hildburghausen",Melle,Togo,wulfhendrik@oestrovsky.net,F,Rheinland-Pfalz,65373,79.0,2021-12-07,3.2,2021-12-07,3.2
567,VacHomeClass-6,VacHomeZone-1,77.0,11198,Cobblestone,Gravel,Reverse Pie,Flat,Trash|Gas|Water|Electricity,Interior lot,No Slope,RNH 23,Proximity to School,Apartment,Bungalow,9,5,2006,2009,Sawtooth,Rolled Roofing,Board Batten,Natural Stone,245.0,4,3,Individual footing,4.0,No Sunlight,Dry Wall,1122,Furnace,5,Yes,NM Cable,1134,1370,2504,2,1,4,1,5,11,1,Gd,Breezeway,DryWall,3,656,3,Paved,144,0,0,0,No Fence,6,2008,Down payment assistance,Regular,269756.0,N,Y,2021-10-21,18267518,"Beerring 20
29048 Lüneburg",Starnberg,Vereinigte Staaten,agnieszka92@steinberg.de,F,Sachsen,37542,12.0,2021-10-08,3.4,2021-10-08,3.4
568,VacHomeClass-1,VacHomeZone-1,70.0,10171,Cobblestone,Gravel,Reverse Pie,Flat,Trash|Gas|Water|Electricity,Interior lot,No Slope,RNH 16,Proximity to School,Apartment,Contemporary,7,5,2007,2009,Gable,Rolled Roofing,Board Batten,Natural Stone,168.0,4,3,Individual footing,4.0,No Sunlight,ZenWall Panels,1517,Furnace,5,Yes,NM Cable,1535,0,1535,2,0,3,1,4,7,0,,Attached,Wood Sheathing,2,532,3,Paved,0,0,0,0,No Fence,3,2010,Down payment assistance,Regular,177626.0,N,N,2021-10-06,62436205,"Edelbert-Hörle-Weg 892
04151 Jülich",Lippstadt,Ägypten,isolde72@web.de,Unknown,Sachsen-Anhalt,11022,53.0,2021-05-28,1.4,2021-05-28,1.4
569,VacHomeClass-5,VacHomeZone-1,79.0,12327,Cobblestone,Gravel,Reverse Pie,Low Level,Trash|Gas|Water|Electricity,Interior lot,Little Slope,RNH 21,Proximity to School,Apartment,Craftsman,8,8,1987,2015,Gable,Rolled Roofing,Wood Shingle,Manmade Stone,0.0,4,3,Combined footing,4.0,French Doors,ZenWall Panels,1496,Furnace,5,Yes,NM Cable,1496,636,2132,1,1,1,1,4,5,1,Gd,Breezeway,DryWall,2,612,4,Paved,349,0,0,0,No Fence,9,2009,Down payment assistance,Regular,262784.0,N,Y,2021-03-07,53915689,"Eberhardtgasse 59
60922 Lippstadt",Bischofswerda,Tschechische Republik,hoffmannmohammed@yahoo.de,M,Nordrhein-Westfalen,94526,86.0,2021-08-03,4.0,2021-08-03,4.0
570,VacHomeClass-11,VacHomeZone-1,,7032,Cobblestone,Gravel,Reverse Pie,Flat,Trash|Gas|Water|Electricity,Corner lot,No Slope,NAmes,Proximity to School,Townhome,Georgian,5,5,1980,1982,Gable,Rolled Roofing,Log Wood,Manmade Stone,0.0,3,3,Combined footing,4.0,French Doors,ZenWall Panels,943,Furnace,3,Yes,NM Cable,943,0,943,1,0,2,1,3,4,2,TA,Detached,Metal Panels,2,600,3,Paved,42,0,0,0,No Fence,12,2006,Down payment assistance,Regular,112852.8,N,Y,2021-03-15,28990291,"Lissi-Dussen van-Straße 2/7
52988 Staßfurt",Beeskow,Mauritius,qfechner@yahoo.de,M,Sachsen,64132,6.0,2021-09-22,4.4,2021-09-22,4.4
571,VacHomeClass-11,VacHomeZone-1,74.0,13101,Cobblestone,Gravel,Reverse Pie,Flat,Trash|Gas|Water|Electricity,Interior lot,No Slope,NAmes,Proximity to School,Townhome,Contemporary,5,5,1967,1967,Gable,Rolled Roofing,Horizontal Wood,Natural Stone,108.0,3,3,Combined footing,3.0,No Sunlight,Basement to Beautiful Panels,1728,Furnace,3,Yes,NM Cable,1728,0,1728,2,0,6,2,3,10,0,,Detached,Metal Panels,2,576,3,Paved,0,0,0,0,No Fence,11,2008,Down payment assistance,Regular,118364.0,N,Y,2021-02-16,7636486,"Klara-Klingelhöfer-Allee 17
08522 Rehau",Wunsiedel,Grönland,kurtditschlerin@googlemail.com,Unknown,Sachsen-Anhalt,51267,17.0,2021-05-26,2.5,2021-05-26,2.5
572,VacHomeClass-1,VacHomeZone-1,60.0,7332,Cobblestone,Gravel,Pie,Flat,Trash|Gas|Water|Electricity,Interior lot,No Slope,NAmes,Proximity to School,Apartment,Contemporary,6,6,1961,1967,Gable,Rolled Roofing,Vinyl,Natural Stone,207.0,3,3,Combined footing,3.0,No Sunlight,CleanSpace Wall System,864,Furnace,5,Yes,NM Cable,864,0,864,1,0,2,1,4,4,0,,Attached,Metal Panels,1,288,3,Paved,168,0,0,0,No Fence,10,2006,Down payment assistance,Shortsale,99606.0,N,Y,2021-11-23,94833003,"Roselinde-Jacob-Ring 8/7
87952 Diepholz",Biedenkopf,Guam,dinalindau@dehmel.com,Unknown,Hessen,92426,26.0,2021-02-22,2.1,2021-02-22,2.1
573,VacHomeClass-6,VacHomeZone-1,83.0,13159,Cobblestone,Gravel,Reverse Pie,High Level,Trash|Gas|Water|Electricity,Corner lot,No Slope,RNH 24,Proximity to School,Apartment,Bungalow,7,5,2010,2011,Gable,Rolled Roofing,Board Batten,Manmade Stone,0.0,3,3,Individual footing,5.0,Large Windows,Dry Wall,846,Furnace,4,Yes,NM Cable,846,846,1692,2,1,3,1,4,6,0,,Attached,Wood Sheathing,2,650,3,Paved,208,0,0,0,No Fence,7,2009,Government-backed programs,Distress Sale,186341.0,N,Y,2021-04-18,59960454,"Simon-Stiffel-Allee 3
64856 Lemgo",Schwarzenberg,Luxemburg,miroslavmisicher@hotmail.de,Unknown,Bremen,88353,58.0,2021-08-27,3.2,2021-08-27,3.2
574,VacHomeClass-9,VacHomeZone-1,76.0,9967,Cobblestone,Gravel,Reverse Pie,Flat,Trash|Gas|Water|Electricity,Interior lot,No Slope,RNH 9,Proximity to School,Apartment,Spanish,7,5,2001,2003,Gable,Rolled Roofing,Board Batten,Manmade Stone,0.0,3,3,Individual footing,4.0,No Sunlight,Dry Wall,384,Furnace,5,Yes,NM Cable,774,656,1430,2,1,3,1,3,8,1,TA,Breezeway,Wood Sheathing,2,400,3,Paved,100,0,0,0,No Fence,12,2007,Down payment assistance,Regular,141106.0,N,N,2021-06-13,16340466,"Killerallee 99
49105 Vohenstrauß",Pasewalk,Malawi,songueltrommler@hotmail.de,M,Mecklenburg-Vorpommern,36847,53.0,2021-01-13,4.9,2021-01-13,4.9
575,VacHomeClass-9,VacHomeZone-1,70.0,10500,Cobblestone,Gravel,Pie,Flat,Trash|Gas|Water|Electricity,T-intersection,No Slope,NAmes,Proximity to School,Apartment,Spanish,5,7,1974,2011,Curved,Rolled Roofing,Log Wood,Natural Stone,82.0,3,3,Combined footing,3.0,Large Windows,BrightWall Paneling,372,Furnace,3,Yes,NM Cable,576,533,1109,1,0,3,1,3,5,0,,Breezeway,Metal Panels,1,288,3,Paved,35,0,0,0,Wood Fences,12,2007,Down payment assistance,Regular,115376.0,N,N,2021-02-09,58141274,"Ruppertstraße 7
29087 Göppingen",Bergzabern,Eritrea,reichmannpedro@gude.com,F,Brandenburg,45804,4.0,2021-06-04,4.1,2021-06-04,4.1
576,VacHomeClass-5,VacHomeZone-1,80.0,8480,Cobblestone,Gravel,Pie,Flat,Trash|Gas|Water|Electricity,Interior lot,No Slope,NAmes,Proximity to School,Apartment,Craftsman,5,5,1951,1956,Gable,Rolled Roofing,Log Wood,Manmade Stone,0.0,3,3,Combined footing,3.0,No Sunlight,Foamax,832,Furnace,3,Yes,NM Cable,832,384,1216,1,0,2,1,3,6,0,,Detached,Metal Panels,1,336,3,Paved,158,0,0,0,No Fence,10,2008,Reverse Mortgage,Shortsale,98361.0,N,N,2021-12-27,9790513,"Austermühleweg 1
39447 Uffenheim",Neustadt am Rübenberge,Guernsey,lindnersandor@stahr.com,F,Baden-Württemberg,74342,81.0,2021-09-07,1.6,2021-09-07,1.6
577,VacHomeClass-5,VacHomeZone-1,52.0,6292,Cobblestone,Gravel,Pie,Flat,Trash|Gas|Water|Electricity,Interior lot,No Slope,RNH 19,Proximity to School,Apartment,Craftsman,7,7,1930,1959,Gable,Rolled Roofing,Wood Shingle,Manmade Stone,0.0,3,3,Strip foundation,3.0,No Sunlight,Dry Wall,861,Furnace,4,Yes,NM Cable,877,600,1477,2,0,3,1,3,6,1,Gd,Detached,Metal Panels,1,216,3,Paved,0,0,0,0,No Fence,8,2009,Down payment assistance,Regular,120356.0,N,N,2021-08-02,78927193,"Hornigweg 833
50414 Bremen",Rottweil,Komoren,oxanaloos@yahoo.de,F,Brandenburg,83273,52.0,2021-07-31,2.2,2021-07-31,2.2
578,VacHomeClass-9,VacHomeZone-1,96.0,11777,Cobblestone,Gravel,Reverse Pie,Flat,Trash|Gas|Water|Electricity,Interior lot,No Slope,RNH 20,Proximity to School,Apartment,Spanish,5,6,1969,1974,Gable,Rolled Roofing,Board Batten,Natural Stone,97.0,3,3,Combined footing,3.0,Large Windows,Basement to Beautiful Panels,1164,Furnace,5,Yes,NM Cable,1320,0,1320,1,0,3,1,3,6,2,Fa,Attached,Wood Sheathing,2,564,3,Paved,160,0,0,0,No Fence,5,2006,Down payment assistance,Shortsale,136541.0,Y,N,2021-07-24,49605921,"Karl-Heinz-Dietz-Ring 33
48928 Pegnitz",Sankt Goarshausen,Nicaragua,dhertrampf@gmail.com,Unknown,Baden-Württemberg,73234,17.0,2021-03-01,2.2,2021-03-01,2.2
579,VacHomeClass-13,VacHomeZone-5,34.0,3604,Cobblestone,Cobblestone,Pie,Flat,Trash|Gas|Water|Electricity,Corner lot,No Slope,RNH 22,Proximity to School,SingleFamilyHome,Bungalow,7,5,2009,2010,Gable,Rolled Roofing,Board Batten,Manmade Stone,0.0,4,3,Individual footing,4.0,No Sunlight,Dry Wall,689,Furnace,5,Yes,NM Cable,703,689,1392,2,0,2,1,4,5,0,,Detached,Metal Panels,2,540,3,Paved,0,0,0,0,No Fence,2,2008,Down payment assistance,Shortsale,121186.0,Y,Y,2021-11-16,29345205,"Nadin-Köster-Weg 7/2
27074 Illertissen",Vohenstrauß,Republik Moldau,jensbarkholz@doehn.de,Unknown,Baden-Württemberg,33109,19.0,2021-03-30,1.8,2021-03-30,1.8
580,VacHomeClass-5,VacHomeZone-2,81.0,12150,Cobblestone,Concrete,Pie,Flat,Trash|Gas|Water|Electricity,Interior lot,No Slope,RNH 18,Proximity to School,Apartment,Craftsman,5,5,1958,1956,Gable,Rolled Roofing,Log Wood,Natural Stone,335.0,3,3,Strip foundation,3.0,No Sunlight,Dry Wall,1050,Furnace,5,No,Armored Cable,1050,745,1795,2,0,4,1,3,7,0,,Attached,Metal Panels,1,352,2,Paved,0,0,0,0,No Fence,11,2008,Down payment assistance,Regular,109151.0,N,Y,2021-06-07,34543061,"Mirja-Patberg-Weg 06
33236 Rathenow",Schongau,Kirgisistan,ysalz@geisel.net,M,Rheinland-Pfalz,94481,62.0,2021-02-22,4.5,2021-02-22,4.5
581,VacHomeClass-1,VacHomeZone-1,,14585,Cobblestone,Gravel,Reverse Pie,Flat,Trash|Gas|Water|Electricity,Cul-de-sac,No Slope,NAmes,Proximity to School,Apartment,Contemporary,6,6,1964,1992,Gable,Rolled Roofing,Wood Shingle,Natural Stone,85.0,3,3,Combined footing,3.0,No Sunlight,CleanSpace Wall System,1144,Furnace,5,Yes,NM Cable,1429,0,1429,1,0,3,1,4,7,2,Gd,Attached,Metal Panels,2,572,3,Paved,216,0,0,0,No Fence,6,2007,Down payment assistance,Regular,150983.0,N,N,2021-08-14,25607796,"Schachtplatz 516
94355 Rathenow",Neustadt am Rübenberge,Bahrain,philippe21@ritter.de,F,Rheinland-Pfalz,83755,21.0,2021-12-16,3.5,2021-12-16,3.5
582,VacHomeClass-1,VacHomeZone-1,98.0,12704,Cobblestone,Gravel,Pie,Flat,Trash|Gas|Water|Electricity,Interior lot,No Slope,RNH 16,Proximity to School,Apartment,Contemporary,8,5,2010,2017,Sawtooth,Rolled Roofing,Board Batten,Natural Stone,306.0,5,3,Individual footing,5.0,No Sunlight,Dry Wall,2042,Furnace,5,Yes,NM Cable,2042,0,2042,2,1,3,1,5,8,1,Gd,Attached,Wood Sheathing,3,1390,3,Paved,0,0,0,0,No Fence,8,2009,Government-backed programs,Distress Sale,210239.19,Y,Y,2021-08-09,37700621,"Tassilo-Renner-Allee 7
89393 Tecklenburg",Grevesmühlen,Kamerun,mechthildeschacht@mohaupt.com,M,Niedersachsen,7300,13.0,2021-09-23,1.6,2021-09-23,1.6
583,VacHomeClass-11,VacHomeZone-1,81.0,11841,Concrete,Gravel,Pie,Flat,Trash|Gas|Water|Electricity,Interior lot,No Slope,RNH 8,Proximity to School,Townhome,Georgian,6,5,1991,1995,Gable,Rolled Roofing,Horizontal Wood,Natural Stone,104.0,3,4,Combined footing,4.0,Large Windows,ZenWall Panels,816,Furnace,3,Yes,NM Cable,816,0,816,1,0,3,1,3,5,0,,No Garage,Unfinished,0,0,0,Paved,0,0,0,0,No Fence,5,2007,Down payment assistance,Regular,98361.0,Y,Y,2021-11-22,18976748,"Mirco-Salz-Straße 97
12449 Sebnitz",Ebersberg,Tokelau,fhauffer@mielcarek.de,M,Hessen,93406,2.0,2021-10-28,3.2,2021-10-28,3.2
584,VacHomeClass-8,VacHomeZone-2,75.0,13500,Cobblestone,Gravel,Pie,Flat,Trash|Gas|Water|Electricity,Interior lot,No Slope,RNH 18,Proximity to Gym,Apartment,Modern,10,9,1895,2005,Gable,Rolled Roofing,Wood Shingle,Manmade Stone,0.0,5,5,Strip foundation,3.0,No Sunlight,Dry Wall,1237,Furnace,4,Yes,NM Cable,1521,1254,2775,3,1,3,1,4,9,1,Gd,Detached,Metal Panels,2,880,4,Paved,105,0,0,0,No Fence,7,2008,Down payment assistance,Regular,269756.0,Y,N,2021-03-25,45311659,"Wiekweg 0
47210 Freising",Einbeck,Portugal,ginasaeuberlich@putz.org,Unknown,Baden-Württemberg,22698,60.0,2021-05-14,3.8,2021-05-14,3.8
585,VacHomeClass-5,VacHomeZone-2,51.0,6120,Cobblestone,Gravel,Pie,Flat,Trash|Gas|Water|Electricity,Interior lot,No Slope,RNH 4,Proximity to School,Apartment,Craftsman,4,7,1936,2000,Gable,Rolled Roofing,Concrete,Manmade Stone,0.0,3,3,Strip foundation,3.0,No Sunlight,Dry Wall,884,Furnace,5,Yes,NM Cable,989,584,1573,1,0,3,1,4,6,0,,Detached,Metal Panels,1,240,3,Paved,0,0,0,0,No Fence,7,2009,Down payment assistance,Regular,110396.0,N,N,2021-12-21,27781272,"Kreuselplatz 36
91220 Bad Brückenau",Heinsberg,St. Martin,nergerjulius@vogt.com,Unknown,Mecklenburg-Vorpommern,36282,25.0,2021-09-27,2.6,2021-09-27,2.6
586,VacHomeClass-1,VacHomeZone-1,88.0,11443,Cobblestone,Gravel,Pie,Flat,Trash|Gas|Water|Electricity,Interior lot,No Slope,RNH 24,Proximity to School,Apartment,Contemporary,8,5,2007,2012,Sawtooth,Rolled Roofing,Board Batten,Natural Stone,208.0,4,3,Individual footing,5.0,French Doors,ZenWall Panels,1868,Furnace,5,Yes,NM Cable,2028,0,2028,2,0,2,1,4,7,2,Gd,Attached,Wood Sheathing,3,880,3,Paved,326,0,0,0,No Fence,3,2006,Government-backed programs,Distress Sale,307023.0,Y,Y,2021-12-06,87516340,"Denis-Hermighausen-Straße 0
64760 Hettstedt",Husum,Irak,bholsten@aol.de,M,Nordrhein-Westfalen,92355,40.0,2021-10-15,3.3,2021-10-15,3.3
587,VacHomeClass-2,VacHomeZone-1,55.0,10267,Cobblestone,Gravel,Pie,Flat,Trash|Gas|Water|Electricity,Interior lot,No Slope,RNH 4,Proximity to Restaurants,Apartment,Contemporary,6,7,1923,2003,Gable,Rolled Roofing,Fiber cement,Manmade Stone,0.0,3,4,Strip foundation,3.0,Small Windows,Foamax,816,Furnace,5,Yes,NM Cable,838,0,838,1,0,2,1,2,5,0,,Detached,DryWall,1,275,3,Only Gravel,0,0,0,0,Metal Fences,5,2008,Down payment assistance,Regular,107906.0,Y,N,2021-08-05,49069006,"Hildegart-Nette-Ring 493
70566 Schwabmünchen",Wittstock,Liechtenstein,patrikholsten@martin.com,F,Saarland,84947,77.0,2021-12-08,4.5,2021-12-08,4.5
588,VacHomeClass-10,VacHomeZone-1,74.0,8740,Cobblestone,Gravel,Reverse Pie,Flat,Trash|Gas|Water|Electricity,Interior lot,No Slope,RNH 20,Proximity to School,Apartment,Georgian,5,6,1984,1989,Sawtooth,Rolled Roofing,Horizontal Wood,Manmade Stone,0.0,3,3,Combined footing,3.0,Large Windows,BrightWall Paneling,840,Furnace,3,Yes,NM Cable,860,0,860,1,0,2,1,3,4,0,,Detached,Metal Panels,2,528,3,Paved,0,0,0,0,No Fence,7,2009,Down payment assistance,Regular,113716.0,Y,Y,2021-10-16,80249207,"Birger-Eckbauer-Allee 5
77389 Stade",Zerbst,Algerien,hellwigsylvio@jopich.de,Unknown,Mecklenburg-Vorpommern,32727,13.0,2021-06-01,4.8,2021-06-01,4.8
589,VacHomeClass-1,VacHomeZone-1,65.0,25095,Cobblestone,Gravel,Reverse Pie,Low Level,Trash|Gas|Water|Electricity,Interior lot,Severe Slope,RNH 5,Proximity to School,Apartment,Contemporary,5,8,1970,2011,Dormer,Tar&Grv,Wood Shingle,Manmade Stone,0.0,3,3,Combined footing,3.0,French Doors,ZenWall Panels,1437,Furnace,5,Yes,NM Cable,1473,0,1473,1,0,1,1,5,5,2,Gd,Attached,Metal Panels,1,452,3,Paved,0,0,0,0,No Fence,6,2009,Down payment assistance,Distress Sale,118696.0,N,N,2021-05-15,16807921,"Judith-Stadelmann-Gasse 8
39895 Hünfeld",Coburg,St. Barthélemy,davidsserpil@yahoo.de,M,Hessen,9346,30.0,2021-04-29,4.6,2021-04-29,4.6
590,VacHomeClass-3,VacHomeZone-2,50.0,9100,Cobblestone,Gravel,Pie,Flat,Trash|Gas|Water|Electricity,Interior lot,No Slope,RNH 4,Proximity to Restaurants,Apartment,Contemporary,5,6,1931,1962,Gable,Rolled Roofing,Board Batten,Manmade Stone,0.0,3,3,Strip foundation,3.0,No Sunlight,Dry Wall,742,Furnace,3,Yes,Underground Feeder Cable,779,0,935,1,0,2,1,3,4,0,,Detached,Metal Panels,1,308,3,Partially Gravel,0,0,0,0,No Fence,8,2008,Down payment assistance,Regular,65991.0,Y,Y,2021-02-15,17932486,"Grete-Gumprich-Platz 0
41756 Lörrach",Sulzbach-Rosenberg,Gambia,johannsenol@junken.com,F,Saarland,37146,14.0,2021-11-12,1.2,2021-11-12,1.2
591,VacHomeClass-6,VacHomeZone-1,64.0,8320,Cobblestone,Gravel,Pie,Flat,Trash|Gas|Water|Electricity,Interior lot,No Slope,RNH 6,Proximity to School,Apartment,Bungalow,7,5,2008,2014,Gable,Rolled Roofing,Board Batten,Manmade Stone,0.0,4,3,Individual footing,4.0,No Sunlight,ZenWall Panels,770,Furnace,5,Yes,NM Cable,770,812,1582,2,1,3,1,4,6,0,,Attached,Wood Sheathing,2,520,3,Paved,0,0,0,0,No Fence,9,2008,Down payment assistance,Regular,154303.0,N,N,2021-05-19,74684694,"Meral-Stumpf-Ring 1/2
80324 Gunzenhausen",Osterode am Harz,Montenegro,marija90@mangold.com,M,Sachsen-Anhalt,97293,61.0,2021-02-27,1.9,2021-02-27,1.9
592,VacHomeClass-6,VacHomeZone-1,97.0,13478,Cobblestone,Gravel,Reverse Pie,Flat,Trash|Gas|Water|Electricity,Corner lot,No Slope,RNH 16,Proximity to School,Apartment,Bungalow,10,5,2011,2014,Gable,Rolled Roofing,Metal,Manmade Panels,420.0,5,3,Individual footing,5.0,French Doors,ZenWall Panels,1722,Furnace,5,Yes,NM Cable,1728,568,2296,2,1,3,1,5,10,1,Gd,Breezeway,Wood Sheathing,3,842,3,Paved,382,0,0,0,No Fence,6,2009,Family Sponsored,Regular,375124.5,N,Y,2021-01-17,40984773,"Klemmstr. 54
47636 Deggendorf",Wurzen,Mosambik,marius87@web.de,Unknown,Brandenburg,59260,1.0,2021-08-20,1.3,2021-08-20,1.3
593,VacHomeClass-1,VacHomeZone-1,60.0,6600,Cobblestone,Gravel,Pie,Flat,Trash|Gas|Water|Electricity,Interior lot,No Slope,RNH 12,Proximity to School,Apartment,Contemporary,5,8,1986,2013,Gable,Rolled Roofing,Horizontal Wood,Manmade Stone,0.0,3,4,Individual footing,3.0,No Sunlight,ZenWall Panels,816,Furnace,5,Yes,NM Cable,816,0,816,1,0,2,1,3,4,0,,Detached,DryWall,2,816,3,Paved,0,0,0,0,No Fence,6,2008,Down payment assistance,Regular,114546.0,N,N,2021-12-25,1026870,"Gießgasse 829
19926 Wismar",Schwarzenberg,Panama,sroerricht@holt.com,Unknown,Hamburg,13285,71.0,2021-08-20,1.4,2021-08-20,1.4
594,VacHomeClass-12,VacHomeZone-2,,4435,Cobblestone,Gravel,Pie,Flat,Trash|Gas|Water|Electricity,Interior lot,No Slope,RNH 6,Proximity to School,SingleFamilyHome,Contemporary,6,5,2006,2009,Gable,Rolled Roofing,Board Batten,Natural Stone,170.0,4,3,Individual footing,4.0,Large Windows,ZenWall Panels,848,Furnace,5,Yes,NM Cable,848,0,848,1,0,1,1,4,4,0,,Attached,DryWall,2,420,3,Paved,140,0,0,0,No Fence,5,2009,Down payment assistance,Regular,116206.0,N,Y,2021-06-03,2272870,"Hahnstr. 937
38979 Parsberg",Apolda,Südafrika,rotraut95@aol.de,F,Niedersachsen,80920,48.0,2021-09-25,2.6,2021-09-25,2.6
595,VacHomeClass-1,VacHomeZone-1,88.0,7990,Cobblestone,Gravel,Reverse Pie,Flat,Trash|Gas|Water|Electricity,Interior lot,No Slope,RNH 6,Proximity to School,Apartment,Contemporary,5,6,1977,1983,Sawtooth,Rolled Roofing,Horizontal Wood,Manmade Stone,0.0,3,3,Combined footing,4.0,No Sunlight,Dry Wall,924,Furnace,3,Yes,NM Cable,924,0,924,1,0,3,1,3,5,0,,Detached,Metal Panels,1,280,3,Paved,0,0,0,0,Vinyl Fences,4,2008,Down payment assistance,Regular,91306.0,Y,N,2021-05-30,5062782,"Susanna-Seip-Straße 3/8
08399 Crailsheim",Diepholz,Französisch-Polynesien,matthaeikasimir@rudolph.com,F,Bayern,14179,46.0,2021-02-03,1.0,2021-02-03,1.0
596,VacHomeClass-1,VacHomeZone-1,69.0,11302,Cobblestone,Gravel,Reverse Pie,Flat,Trash|Gas|Water|Electricity,Interior lot,No Slope,RNH 23,Proximity to School,Apartment,Contemporary,8,5,2008,2009,Gable,Rolled Roofing,Board Batten,Natural Stone,238.0,4,3,Individual footing,4.0,French Doors,ZenWall Panels,1814,Furnace,5,Yes,NM Cable,1826,0,1826,2,0,3,1,4,7,1,TA,Attached,DryWall,3,758,3,Paved,180,0,0,0,No Fence,8,2006,Government-backed programs,Distress Sale,264776.0,Y,N,2021-03-17,97946106,"Osman-Mohaupt-Straße 2
46378 Berchtesgaden",Husum,Färöer,ksager@gmx.de,M,Berlin,93586,89.0,2021-02-14,3.7,2021-02-14,3.7
597,VacHomeClass-7,VacHomeZone-2,60.0,3600,Cobblestone,Concrete,Pie,Flat,Trash|Gas|Water|Electricity,Interior lot,No Slope,RNH 18,Proximity to School,Apartment,Bungalow,6,7,1915,2001,Gable,Rolled Roofing,Board Batten,Manmade Stone,0.0,3,3,Combined footing,3.0,No Sunlight,Dry Wall,684,Furnace,5,No,Underground Feeder Cable,684,684,1368,1,0,3,1,3,7,0,,Detached,Metal Panels,1,216,3,Only Gravel,0,0,0,0,No Fence,10,2006,Down payment assistance,Regular,95044.32,Y,Y,2021-07-13,99163273,"Gerd-Roskoth-Weg 2/2
73525 Schleiz",Altötting,Kenia,malgorzataeigenwillig@beer.com,M,Brandenburg,40801,21.0,2021-05-04,1.7,2021-05-04,1.7
598,VacHomeClass-12,VacHomeZone-1,53.0,3922,Cobblestone,Gravel,Pie,Flat,Trash|Gas|Water|Electricity,Interior lot,No Slope,RNH 1,Proximity to School,SingleFamilyHome,Contemporary,7,5,2011,2010,Gable,Rolled Roofing,Board Batten,Natural Stone,72.0,4,3,Individual footing,5.0,Large Windows,Dry Wall,1258,Furnace,5,Yes,NM Cable,1402,0,1402,0,2,2,1,4,7,1,Gd,Attached,DryWall,3,648,3,Paved,120,0,0,0,No Fence,2,2007,Government-backed programs,Distress Sale,161192.83,Y,N,2021-11-20,31994231,"Mangoldstraße 08
07411 Mühlhausen",Ebersberg,Nördliche Marianen,jbecker@web.de,Unknown,Sachsen-Anhalt,78992,36.0,2021-05-24,3.7,2021-05-24,3.7
599,VacHomeClass-1,VacHomeZone-1,80.0,12984,Cobblestone,Gravel,Pie,Slope,Trash|Gas|Water|Electricity,Interior lot,No Slope,RNH 7,Proximity to School,Apartment,Contemporary,5,6,1979,1983,Gable,Rolled Roofing,Brick,Natural Stone,459.0,3,3,Combined footing,4.0,Small Windows,BrightWall Paneling,1430,Furnace,5,Yes,NM Cable,1647,0,1647,2,0,3,1,4,7,1,TA,Attached,DryWall,2,621,3,Paved,0,0,0,0,No Fence,3,2006,Down payment assistance,Regular,180531.0,Y,N,2021-11-07,90634116,"Kriemhild-Hesse-Straße 32
29758 Gelnhausen",Marienberg,Mexiko,karl-ernst92@waehner.com,Unknown,Baden-Württemberg,94852,67.0,2021-11-12,2.2,2021-11-12,2.2
600,VacHomeClass-13,VacHomeZone-2,24.0,1950,Cobblestone,Gravel,Pie,Flat,Trash|Gas|Water|Electricity,Interior lot,No Slope,RNH 2,Proximity to School,MultiFamilyHome,Bungalow,6,6,1981,1986,Gable,Rolled Roofing,Log Wood,Manmade Stone,0.0,3,4,Combined footing,4.0,No Sunlight,Basement to Beautiful Panels,716,Furnace,3,Yes,NM Cable,716,840,1556,2,1,3,1,3,6,1,TA,Attached,DryWall,2,452,3,Paved,161,0,0,0,Composite Fences,7,2008,Reverse Mortgage,Regular,125336.0,Y,N,2021-12-28,18122572,"Sontagring 821
21545 Spremberg",Anklam,Benin,egbertschuchhardt@gmx.de,F,Schleswig-Holstein,73186,62.0,2021-08-07,1.8,2021-08-07,1.8
601,VacHomeClass-6,VacHomeZone-1,74.0,10927,Cobblestone,Gravel,Pie,Flat,Trash|Gas|Water|Electricity,Interior lot,No Slope,RNH 16,Proximity to School,Apartment,Bungalow,8,5,2010,2015,Gable,Rolled Roofing,Board Batten,Natural Stone,280.0,4,3,Individual footing,4.0,Large Windows,ZenWall Panels,1058,Furnace,5,Yes,NM Cable,1058,846,1904,2,1,3,1,5,8,1,Gd,Breezeway,DryWall,2,736,3,Paved,179,0,0,0,No Fence,6,2006,Down payment assistance,Regular,228256.0,N,N,2021-06-10,58703212,"Silvio-Hörle-Platz 18
01280 Gera",Konstanz,Island,roger83@gotthard.com,M,Saarland,65995,99.0,2021-12-24,2.0,2021-12-24,2.0
602,VacHomeClass-5,VacHomeZone-2,50.0,9000,Cobblestone,Gravel,Pie,Slope,Trash|Gas|Water|Electricity,Interior lot,No Slope,RNH 10,Proximity to School,Apartment,Craftsman,6,6,1940,1954,Gable,Rolled Roofing,Wood Shingle,Manmade Stone,0.0,3,4,Individual footing,3.0,No Sunlight,Dry Wall,780,Furnace,3,Yes,NM Cable,780,595,1375,1,1,3,1,4,6,1,Gd,Detached,Metal Panels,1,544,3,Partially Gravel,0,0,0,0,No Fence,12,2007,Down payment assistance,Regular,117036.0,N,N,2021-04-28,7031878,"Adina-van der Dussen-Gasse 492
87600 Rathenow",Gotha,Saudi-Arabien,evamariadoerschner@scheibe.de,Unknown,Rheinland-Pfalz,63695,42.0,2021-11-18,2.8,2021-11-18,2.8
603,VacHomeClass-6,VacHomeZone-1,80.0,10041,Cobblestone,Gravel,Reverse Pie,Flat,Trash|Gas|Water|Electricity,Interior lot,No Slope,RNH 21,Proximity to School,Apartment,Bungalow,8,5,1996,1999,Gable,Rolled Roofing,Horizontal Wood,Manmade Stone,0.0,4,3,Individual footing,4.0,Small Windows,ZenWall Panels,908,Furnace,5,Yes,NM Cable,927,988,1915,2,1,3,1,4,8,1,TA,Attached,DryWall,2,506,3,Paved,120,0,0,0,No Fence,2,2006,Down payment assistance,Shortsale,182606.0,N,N,2021-02-27,99418434,"Rohlederplatz 68
41665 Dessau",Grevesmühlen,Mongolei,grein-grothhasso@seifert.com,Unknown,Bremen,91100,96.0,2021-06-08,2.7,2021-06-08,2.7
604,VacHomeClass-13,VacHomeZone-5,30.0,3182,Cobblestone,Cobblestone,Pie,Flat,Trash|Gas|Water|Electricity,Interior lot,No Slope,RNH 22,Proximity to School,SingleFamilyHome,Bungalow,7,5,2006,2007,Gable,Rolled Roofing,Log Wood,Manmade Stone,0.0,4,3,Individual footing,4.0,No Sunlight,Dry Wall,600,Furnace,5,Yes,NM Cable,600,600,1200,2,1,2,1,4,4,0,,Detached,Wood Sheathing,2,480,3,Paved,0,0,0,0,No Fence,6,2010,Down payment assistance,Regular,125336.0,N,Y,2021-06-08,36239344,"Therese-Bruder-Weg 3/0
72287 Viechtach",Badoberan,Irland,kseifert@googlemail.com,F,Rheinland-Pfalz,12085,73.0,2021-10-03,4.4,2021-10-03,4.4
605,VacHomeClass-1,VacHomeZone-1,88.0,12803,Cobblestone,Gravel,Reverse Pie,Flat,Trash|Gas|Water|Electricity,Interior lot,No Slope,RNH 6,Proximity to School,Apartment,Contemporary,7,5,2004,2005,Gable,Rolled Roofing,Board Batten,Natural Stone,99.0,4,3,Individual footing,4.0,Small Windows,ZenWall Panels,1494,Furnace,5,Yes,NM Cable,1494,0,1494,2,0,3,1,4,6,1,TA,Attached,Wood Sheathing,2,530,3,Paved,192,0,0,0,No Fence,9,2008,Down payment assistance,Regular,183436.0,Y,N,2021-04-03,49318289,"Klappallee 6
29373 Greiz",Ludwigslust,Lettland,hiltrud68@googlemail.com,F,Bremen,66255,96.0,2021-01-09,2.6,2021-01-09,2.6
606,VacHomeClass-6,VacHomeZone-1,85.0,13600,Cobblestone,Gravel,Pie,Flat,Trash|Gas|Water|Electricity,Interior lot,No Slope,NAmes,Proximity to School,Apartment,Bungalow,7,6,1967,1997,Gable,Rolled Roofing,Horizontal Wood,Natural Stone,176.0,3,3,Combined footing,3.0,No Sunlight,CleanSpace Wall System,768,Furnace,3,Yes,NM Cable,1186,800,1986,2,1,3,1,3,7,3,Fa,Attached,Metal Panels,2,486,3,Paved,0,0,0,0,No Fence,10,2009,Down payment assistance,Regular,170156.0,Y,N,2021-09-17,52949111,"Cichoriusstr. 9
46615 Lobenstein",Hohenstein-Ernstthal,Antarktis,lsoelzer@karge.com,F,Berlin,27860,30.0,2021-03-08,4.9,2021-03-08,4.9
607,VacHomeClass-1,VacHomeZone-1,82.0,12464,Cobblestone,Gravel,Rectangular,Low Level,Trash|Gas|Water|Electricity,Corner lot,Little Slope,RNH 6,Proximity to School,Apartment,Contemporary,5,5,1999,2005,Gable,Rolled Roofing,Board Batten,Manmade Stone,0.0,3,4,Individual footing,4.0,No Sunlight,ZenWall Panels,1040,Furnace,4,Yes,NM Cable,1040,0,1040,1,0,3,1,4,6,0,,Detached,Metal Panels,2,576,3,Paved,168,0,0,0,Composite Fences,11,2009,Down payment assistance,Regular,126166.0,Y,Y,2021-06-22,7206917,"Evelyn-Hande-Platz 60
87443 Soltau",Eckernförde,Kanada,matteosauer@losekann.de,F,Niedersachsen,45543,45.0,2021-01-21,4.1,2021-01-21,4.1
608,VacHomeClass-1,VacHomeZone-1,78.0,7800,Cobblestone,Gravel,Pie,Slope,Trash|Gas|Water|Electricity,Interior lot,Little Slope,RNH 8,Proximity to School,Apartment,Bungalow,5,8,1952,2010,Gable,Rolled Roofing,Log Wood,Manmade Stone,0.0,3,4,Combined footing,3.0,No Sunlight,ZenWall Panels,896,Furnace,5,Yes,NM Cable,1112,896,2008,3,0,3,1,5,8,0,,Attached,Metal Panels,1,230,3,Paved,103,0,0,0,No Fence,8,2006,Down payment assistance,Regular,186756.0,N,Y,2021-05-15,53241405,"Eberhardtweg 688
72285 Ebern",Osterburg,Serbien und Montenegro,sylvia14@web.de,F,Mecklenburg-Vorpommern,82664,38.0,2021-09-08,4.5,2021-09-08,4.5
609,VacHomeClass-7,VacHomeZone-1,78.0,12168,Cobblestone,Gravel,Pie,High Level,Trash|Gas|Water|Electricity,Interior lot,Little Slope,RNH 7,Proximity to School,Apartment,Bungalow,8,6,1938,2004,Gable,Rolled Roofing,Vertical Wood,Manmade Stone,0.0,3,3,Individual footing,4.0,Small Windows,CleanSpace Wall System,965,Furnace,3,Yes,NM Cable,1940,1254,3194,2,1,4,1,3,10,2,Gd,Barns,Metal Panels,2,380,3,Paved,0,0,0,0,No Fence,9,2007,Down payment assistance,Foreclosure,298059.0,N,N,2021-08-15,5386901,"Kobeltgasse 3
42653 Greifswald",Gotha,Polen,nurettin28@weimer.de,Unknown,Rheinland-Pfalz,12404,13.0,2021-04-01,4.0,2021-04-01,4.0
610,VacHomeClass-1,VacHomeZone-1,61.0,7943,Cobblestone,Gravel,Pie,Flat,Trash|Gas|Water|Electricity,Interior lot,No Slope,RNH 20,Proximity to Hospital,Apartment,Contemporary,4,5,1964,1970,Gable,Rolled Roofing,Board Batten,Concrete Panels,192.0,3,2,Combined footing,3.0,Small Windows,Foamax,1029,Furnace,4,Yes,NM Cable,1029,0,1029,1,0,3,1,3,5,0,,Attached,Metal Panels,1,261,3,Paved,64,0,0,0,No Fence,4,2007,Down payment assistance,Regular,98361.0,N,Y,2021-12-11,30358706,"Ottogasse 310
66582 Delitzsch",Bad Kreuznach,Brunei Darussalam,kunoschomber@pruschke.de,Unknown,Schleswig-Holstein,9477,14.0,2021-07-06,1.4,2021-07-06,1.4
611,VacHomeClass-6,VacHomeZone-1,,11050,Cobblestone,Gravel,Pie,Flat,Trash|Gas|Water|Electricity,Interior lot,No Slope,RNH 6,Proximity to Park,Apartment,Bungalow,9,5,2002,2006,Sawtooth,Rolled Roofing,Board Batten,Natural Stone,204.0,4,3,Individual footing,5.0,Small Windows,ZenWall Panels,1440,Furnace,5,Yes,NM Cable,1476,677,2153,2,1,3,1,5,8,2,Ex,Attached,DryWall,3,736,3,Paved,253,0,0,0,No Fence,5,2009,Down payment assistance,Regular,259796.0,N,Y,2021-03-11,43369645,"Rochus-Hofmann-Weg 3/9
73715 Sangerhausen",Eilenburg,Ecuador,grein-grothgudula@junken.com,F,Hamburg,56427,50.0,2021-11-20,4.8,2021-11-20,4.8
612,VacHomeClass-9,VacHomeZone-1,,10395,Cobblestone,Gravel,Reverse Pie,Flat,Trash|Gas|Water|Electricity,T-intersection,No Slope,RNH 17,Proximity to School,Apartment,Spanish,6,6,1983,1983,Gable,Rolled Roofing,Horizontal Wood,Natural Stone,233.0,3,3,Combined footing,4.0,Large Windows,BrightWall Paneling,1032,Furnace,3,Yes,NM Cable,1032,0,1032,2,0,3,1,3,6,1,TA,Attached,Metal Panels,2,564,3,Paved,0,0,0,0,Vinyl Fences,7,2007,Down payment assistance,Regular,122846.0,Y,Y,2021-06-30,49040012,"Heinzweg 0
19894 Brilon",Plauen,St. Helena,weissheinfried@gmx.de,Unknown,Sachsen,45191,15.0,2021-09-08,4.7,2021-09-08,4.7
613,VacHomeClass-6,VacHomeZone-1,,11885,Cobblestone,Gravel,Pie,Flat,Trash|Gas|Water|Electricity,Interior lot,No Slope,RNH 6,Proximity to School,Apartment,Bungalow,8,5,2002,2009,Gable,Rolled Roofing,Board Batten,Natural Stone,108.0,4,3,Individual footing,4.0,Large Windows,ZenWall Panels,1299,Furnace,5,Yes,NM Cable,1299,573,1872,2,1,3,1,5,7,1,TA,Breezeway,Wood Sheathing,2,531,3,Paved,160,0,0,0,No Fence,11,2009,Down payment assistance,Regular,217051.0,N,Y,2021-02-09,89212806,"Neureuthergasse 4
57220 Ilmenau",Mühlhausen,Algerien,bernttaesche@etzler.de,Unknown,Nordrhein-Westfalen,96157,39.0,2021-04-14,2.3,2021-04-14,2.3
614,VacHomeClass-1,VacHomeZone-1,70.0,8402,Cobblestone,Gravel,Pie,Flat,Trash|Gas|Water|Electricity,Interior lot,No Slope,RNH 12,Proximity to Hospital,Apartment,Contemporary,5,5,2012,2015,Gable,Rolled Roofing,Board Batten,Manmade Stone,0.0,3,3,Individual footing,4.0,No Sunlight,BrightWall Paneling,1120,Furnace,5,Yes,NM Cable,1120,0,1120,1,0,3,1,3,6,0,,No Garage,Unfinished,0,0,0,Paved,0,0,0,0,No Fence,12,2007,Government-backed programs,Distress Sale,122016.0,N,Y,2021-02-17,63126068,"Josefa-Ruppert-Platz 0/9
77176 Tuttlingen",Wanzleben,Andorra,angela78@gmail.com,F,Rheinland-Pfalz,76874,86.0,2021-07-30,3.2,2021-07-30,3.2
615,VacHomeClass-14,VacHomeZone-2,21.0,1491,Cobblestone,Gravel,Pie,Flat,Trash|Gas|Water|Electricity,Interior lot,No Slope,RNH 11,Proximity to School,SingleFamilyHome,Georgian,4,6,1975,1975,Gable,Rolled Roofing,Metal,Manmade Stone,0.0,3,3,Combined footing,4.0,Large Windows,Basement to Beautiful Panels,630,Furnace,5,Yes,NM Cable,630,0,630,1,0,1,1,3,3,0,,No Garage,Unfinished,0,0,0,Paved,96,0,0,0,No Fence,5,2010,Down payment assistance,Regular,62671.0,N,N,2021-03-07,39802668,"Hermann-Dippel-Platz 6
95581 Kusel",Feuchtwangen,Burkina Faso,julius80@yahoo.de,Unknown,Bremen,65227,11.0,2021-04-28,2.7,2021-04-28,2.7
616,VacHomeClass-10,VacHomeZone-1,80.0,8800,Cobblestone,Gravel,Pie,Flat,Trash|Gas|Water|Electricity,Interior lot,No Slope,NAmes,Proximity to Hospital,Apartment,Georgian,6,7,1964,1972,Gable,Rolled Roofing,Log Wood,Natural Stone,156.0,3,4,Individual footing,3.0,French Doors,ZenWall Panels,936,Furnace,5,Yes,NM Cable,1054,0,1054,1,0,3,1,4,6,0,,Attached,Wood Sheathing,2,480,3,Paved,120,0,0,0,Vinyl Fences,5,2010,Down payment assistance,Shortsale,114131.0,Y,Y,2021-12-20,82808006,"Janna-Schulz-Gasse 2
72994 Crailsheim",Wittmund,Ungarn,erol53@riehl.de,F,Brandenburg,29326,28.0,2021-01-27,1.7,2021-01-27,1.7
617,VacHomeClass-6,VacHomeZone-1,,7861,Cobblestone,Gravel,Reverse Pie,Flat,Trash|Gas|Water|Electricity,Interior lot,No Slope,RNH 9,Proximity to School,Apartment,Bungalow,6,5,2006,2010,Gable,Rolled Roofing,Board Batten,Manmade Stone,0.0,4,3,Individual footing,4.0,No Sunlight,ZenWall Panels,783,Furnace,5,Yes,NM Cable,807,702,1509,2,1,3,1,4,7,1,Gd,Attached,DryWall,2,393,3,Paved,100,0,0,0,No Fence,6,2006,Down payment assistance,Regular,152062.0,N,Y,2021-10-30,99041090,"Henri-Barkholz-Gasse 350
77265 Günzburg",Arnstadt,Suriname,fredofritsch@gmail.com,M,Hamburg,91561,24.0,2021-06-02,4.8,2021-06-02,4.8
618,VacHomeClass-4,VacHomeZone-1,59.0,7227,Cobblestone,Gravel,Pie,High Level,Trash|Gas|Water|Electricity,Corner lot,Little Slope,NAmes,Proximity to Gym,Apartment,Colonial,6,6,1955,1959,Gable,Rolled Roofing,Log Wood,Manmade Stone,0.0,3,3,Combined footing,3.0,No Sunlight,Dry Wall,832,Furnace,4,Yes,NM Cable,832,0,832,1,0,2,1,4,4,0,,Detached,Metal Panels,2,528,3,Paved,0,0,0,0,No Fence,6,2008,Down payment assistance,Regular,87571.0,Y,N,2021-11-08,81284597,"Köhlergasse 30
32039 Rosenheim",Erding,Benin,igrein-groth@web.de,M,Berlin,21811,76.0,2021-02-05,3.7,2021-02-05,3.7
619,VacHomeClass-1,VacHomeZone-1,90.0,11694,Cobblestone,Gravel,Pie,Flat,Trash|Gas|Water|Electricity,Interior lot,No Slope,RNH 16,Proximity to School,Apartment,Contemporary,9,5,2011,2009,Sawtooth,Rolled Roofing,Metal,Natural Stone,452.0,5,3,Individual footing,5.0,Large Windows,ZenWall Panels,1822,Furnace,5,Yes,NM Cable,1828,0,1828,2,0,3,1,4,9,1,Gd,Attached,Metal Panels,3,774,3,Paved,0,0,0,0,No Fence,7,2007,Government-backed programs,Distress Sale,261300.79,Y,Y,2021-12-02,18225846,"Wilfried-Hellwig-Gasse 4/8
56529 Eckernförde",Pritzwalk,Montserrat,eriklangern@baum.com,M,Brandenburg,57400,40.0,2021-03-31,1.4,2021-03-31,1.4
620,VacHomeClass-6,VacHomeZone-1,85.0,12244,Cobblestone,Gravel,Pie,Flat,Trash|Gas|Water|Electricity,Interior lot,No Slope,RNH 24,Proximity to School,Apartment,Bungalow,8,5,2006,2006,Sawtooth,Rolled Roofing,Board Batten,Manmade Panels,226.0,4,3,Individual footing,4.0,French Doors,ZenWall Panels,1482,Furnace,5,Yes,NM Cable,1482,780,2262,2,1,4,1,4,10,2,Gd,Attached,DryWall,3,749,3,Paved,168,0,0,0,No Fence,8,2008,Down payment assistance,Regular,253156.0,N,N,2021-04-29,57985893,"Marius-Kade-Gasse 4
79854 Sonneberg",Waren,Tunesien,gutknechtmato@aol.de,Unknown,Bremen,92058,64.0,2021-02-24,3.1,2021-02-24,3.1
621,VacHomeClass-2,VacHomeZone-1,45.0,8248,Cobblestone,Concrete,Pie,Flat,Trash|Gas|Water|Electricity,Interior lot,No Slope,RNH 8,Proximity to School,Apartment,Contemporary,3,3,1916,1957,Gable,Rolled Roofing,Fiber cement,Manmade Stone,0.0,3,3,Strip foundation,3.0,No Sunlight,CleanSpace Wall System,864,Furnace,3,No,Armored Cable,864,0,864,1,0,2,1,3,5,0,,No Garage,Unfinished,0,0,0,Only Gravel,0,0,0,0,No Fence,9,2008,Down payment assistance,Regular,55616.0,Y,Y,2021-05-02,97719830,"Centa-Wende-Straße 1
81067 Jülich",Werdau,Griechenland,ferenc75@heintze.de,Unknown,Bremen,13180,13.0,2021-02-23,1.2,2021-02-23,1.2
622,VacHomeClass-6,VacHomeZone-1,90.0,10800,Cobblestone,Gravel,Pie,Flat,Trash|Gas|Water|Electricity,Interior lot,No Slope,RNH 17,Proximity to School,Apartment,Bungalow,6,7,1975,2000,Gable,Rolled Roofing,Horizontal Wood,Manmade Stone,0.0,3,3,Combined footing,3.0,No Sunlight,BrightWall Paneling,1522,Furnace,3,Yes,NM Cable,1548,1066,2614,2,1,4,1,3,9,1,TA,Attached,Wood Sheathing,2,624,3,Paved,38,0,0,0,No Fence,6,2008,Down payment assistance,Regular,199206.0,N,Y,2021-05-16,30914827,"Löchelring 791
32019 Wernigerode",Greiz,Frankreich,birgittagunpf@schweitzer.com,F,Hessen,61184,86.0,2021-08-16,2.0,2021-08-16,2.0
623,VacHomeClass-1,VacHomeZone-1,71.0,7064,Cobblestone,Gravel,Pie,Flat,Trash|Gas|Water|Electricity,Interior lot,No Slope,RNH 20,Proximity to School,Apartment,Contemporary,5,6,1980,1981,Gable,Rolled Roofing,Brick,Natural Stone,153.0,3,3,Combined footing,3.0,No Sunlight,CleanSpace Wall System,980,Furnace,3,Yes,NM Cable,980,0,980,1,0,3,1,3,6,0,,Detached,Metal Panels,2,484,3,Paved,192,0,0,0,No Fence,7,2009,Down payment assistance,Regular,112056.0,N,N,2021-10-02,9847446,"Jacek-Hethur-Straße 4/2
54566 Gräfenhainichen",Biedenkopf,Nauru,therese68@gmx.de,M,Sachsen-Anhalt,41230,30.0,2021-01-13,4.8,2021-01-13,4.8
624,VacHomeClass-13,VacHomeZone-5,,2117,Cobblestone,Gravel,Pie,Flat,Trash|Gas|Water|Electricity,Interior lot,No Slope,RNH 22,Proximity to School,SingleFamilyHome,Bungalow,6,5,2004,2005,Gable,Rolled Roofing,Log Wood,Natural Stone,513.0,4,3,Individual footing,4.0,No Sunlight,ZenWall Panels,756,Furnace,5,Yes,NM Cable,756,756,1512,2,1,2,1,4,4,1,TA,Detached,Metal Panels,2,440,3,Paved,0,0,0,0,No Fence,6,2007,Down payment assistance,Regular,139861.0,Y,Y,2021-11-07,93054973,"Lieschen-Tschentscher-Allee 1/7
02004 Ludwigslust",Parsberg,Ungarn,antonietta18@yahoo.de,Unknown,Bayern,78119,79.0,2021-09-29,4.1,2021-09-29,4.1
625,VacHomeClass-6,VacHomeZone-1,80.0,10400,Cobblestone,Gravel,Pie,Flat,Trash|Gas|Water|Electricity,Interior lot,No Slope,RNH 17,Proximity to School,Apartment,Bungalow,6,5,1974,1975,Gable,Rolled Roofing,Board Batten,Manmade Stone,288.0,3,3,Combined footing,3.0,No Sunlight,Foamax,732,Furnace,4,Yes,NM Cable,1012,778,1790,1,2,4,1,3,8,1,TA,Attached,Wood Sheathing,2,484,3,Paved,148,0,0,0,No Fence,11,2006,Down payment assistance,Regular,137080.5,Y,Y,2021-12-30,41248812,"Fanny-Eigenwillig-Straße 945
53833 Uelzen",Sangerhausen,Ghana,schollamanda@krebs.de,M,Thüringen,98560,72.0,2021-12-28,4.8,2021-12-28,4.8
626,VacHomeClass-1,VacHomeZone-1,87.0,10000,Cobblestone,Gravel,Reverse Pie,Flat,Trash|Gas|Water|Electricity,Corner lot,No Slope,NAmes,Proximity to School,Apartment,Contemporary,6,6,1963,1971,Sawtooth,Rolled Roofing,Wood Shingle,Natural Stone,261.0,3,3,Combined footing,3.0,No Sunlight,Dry Wall,1116,Furnace,3,Yes,NM Cable,1116,0,1116,1,1,3,1,3,5,0,,Attached,Metal Panels,2,440,3,Paved,0,0,0,0,No Fence,2,2010,Down payment assistance,Regular,132806.0,Y,N,2021-07-20,73632108,"Reimer-Roht-Allee 58
02767 Wiedenbrück",Parsberg,Belize,mhellwig@mueller.com,F,Mecklenburg-Vorpommern,59254,57.0,2021-05-15,3.1,2021-05-15,3.1
627,VacHomeClass-1,VacHomeZone-1,,12342,Cobblestone,Gravel,Reverse Pie,Flat,Trash|Gas|Water|Electricity,Interior lot,No Slope,NAmes,Proximity to School,Apartment,Contemporary,5,5,1965,1982,Sawtooth,Rolled Roofing,Wood Shingle,Manmade Stone,0.0,3,3,Combined footing,3.0,No Sunlight,Dry Wall,978,Furnace,3,Yes,NM Cable,1422,0,1422,1,0,3,1,3,6,1,TA,Attached,Wood Sheathing,1,286,3,Paved,0,0,0,0,Wood Fences,8,2007,Down payment assistance,Regular,116123.0,N,N,2021-05-03,52859946,"Buttestr. 268
17380 Coburg",Forst,Marshallinseln,guteelisabeth@wilms.de,M,Bremen,6797,40.0,2021-09-24,1.3,2021-09-24,1.3
628,VacHomeClass-9,VacHomeZone-1,80.0,9600,Cobblestone,Gravel,Pie,Flat,Trash|Gas|Water|Electricity,Interior lot,No Slope,NAmes,Proximity to School,Apartment,Spanish,6,6,1960,1981,Gable,Rolled Roofing,Concrete,Natural Stone,164.0,3,3,Combined footing,3.0,Large Windows,CleanSpace Wall System,1156,Furnace,5,Yes,NM Cable,1520,0,1520,1,0,3,1,3,7,2,Gd,Barns,Wood Sheathing,1,364,3,Paved,0,0,0,0,No Fence,3,2010,Down payment assistance,Regular,126996.0,N,Y,2021-08-13,97502067,"Gunda-Rosemann-Ring 74
50664 Crailsheim",Aachen,Sierra Leone,urtekabus@googlemail.com,M,Bayern,62077,98.0,2021-03-30,4.4,2021-03-30,4.4
629,VacHomeClass-6,VacHomeZone-1,70.0,11606,Cobblestone,Gravel,Reverse Pie,High Level,Trash|Gas|Water|Electricity,Interior lot,Severe Slope,NAmes,Proximity to School,Apartment,Bungalow,5,5,1973,1977,Gable,Rolled Roofing,Brick,Natural Stone,192.0,3,3,Individual footing,4.0,Large Windows,Foamax,1040,Furnace,3,Yes,NM Cable,1040,1040,2080,1,2,5,1,2,9,2,TA,Attached,Metal Panels,2,504,3,Paved,335,0,0,0,No Fence,9,2007,Down payment assistance,Foreclosure,112056.0,Y,Y,2021-03-23,20279875,"Bährstr. 40
61087 Saarlouis",Werdau,Frankreich,adoering@dowerg.com,F,Thüringen,35366,46.0,2021-04-17,2.0,2021-04-17,2.0
630,VacHomeClass-9,VacHomeZone-1,82.0,9020,Cobblestone,Gravel,Pie,Flat,Trash|Gas|Water|Electricity,Corner lot,No Slope,NAmes,Proximity to Hospital,Apartment,Spanish,6,5,1966,1969,Gable,Built-Up Roofing,Brick,Natural Stone,259.0,3,3,Combined footing,3.0,French Doors,ZenWall Panels,1248,Furnace,3,Yes,NM Cable,1350,0,1350,1,1,3,1,3,6,0,,Attached,Wood Sheathing,2,520,3,Paved,176,0,0,0,Composite Fences,6,2008,Down payment assistance,Regular,139861.0,Y,N,2021-09-01,71323190,"Birnbaumring 450
27661 Strausberg",Pirmasens,Côte d’Ivoire,oda72@jopich.com,Unknown,Schleswig-Holstein,75226,74.0,2021-07-12,3.8,2021-07-12,3.8
631,VacHomeClass-7,VacHomeZone-2,50.0,9000,Cobblestone,Concrete,Pie,Flat,Trash|Gas|Water|Electricity,Corner lot,No Slope,RNH 18,Proximity to Gym,Apartment,Bungalow,5,6,1882,2000,Gable,Rolled Roofing,Board Batten,Manmade Stone,0.0,3,3,Strip foundation,2.0,No Sunlight,Dry Wall,636,Furnace,3,Yes,Underground Feeder Cable,1089,661,1750,1,0,3,1,5,8,0,,Detached,Metal Panels,1,240,2,Only Gravel,0,0,0,0,Vinyl Fences,6,2006,Down payment assistance,Shortsale,102926.0,N,Y,2021-08-16,85819788,"Römerallee 66
89775 Wernigerode",Stade,São Tomé und Príncipe,editha22@koch.de,F,Schleswig-Holstein,76027,79.0,2021-12-26,3.1,2021-12-26,3.1
632,VacHomeClass-12,VacHomeZone-1,34.0,4590,Cobblestone,Gravel,Pie,Flat,Trash|Gas|Water|Electricity,Interior lot,No Slope,RNH 16,Proximity to School,MultiFamilyHome,Contemporary,8,5,2010,2012,Gable,Rolled Roofing,Board Batten,Manmade Panels,108.0,4,3,Individual footing,4.0,Small Windows,ZenWall Panels,1554,Furnace,5,Yes,NM Cable,1554,0,1554,2,0,2,1,4,6,1,Gd,Attached,Wood Sheathing,2,627,3,Paved,156,0,0,0,No Fence,8,2007,Down payment assistance,Regular,173891.0,N,N,2021-11-06,15201997,"Tlustekallee 7/3
33785 Stuttgart",Paderborn,Nordmazedonien,egeissler@van.com,Unknown,Schleswig-Holstein,51216,43.0,2021-01-31,3.9,2021-01-31,3.9
633,VacHomeClass-1,VacHomeZone-1,85.0,11900,Cobblestone,Gravel,Pie,Flat,Trash|Gas|Water|Electricity,Interior lot,No Slope,RNH 17,Proximity to School,Apartment,Contemporary,7,5,1978,1979,Sawtooth,Rolled Roofing,Brick,Natural Stone,209.0,3,4,Combined footing,3.0,No Sunlight,BrightWall Paneling,1386,Furnace,3,Yes,NM Cable,1411,0,1411,2,0,3,1,3,6,1,TA,Attached,DryWall,2,544,3,Paved,192,0,0,0,No Fence,4,2009,Down payment assistance,Foreclosure,68481.0,Y,N,2021-02-21,60908568,"Warmergasse 6
99922 Delitzsch",Belzig,Dänemark,samira88@web.de,M,Schleswig-Holstein,66878,82.0,2021-06-14,2.5,2021-06-14,2.5
634,VacHomeClass-1,VacHomeZone-1,80.0,9250,Cobblestone,Gravel,Pie,Flat,Trash|Gas|Water|Electricity,Corner lot,No Slope,NAmes,Proximity to School,Apartment,Contemporary,5,7,1958,2012,Gable,Rolled Roofing,Wood Shingle,Manmade Stone,0.0,3,3,Combined footing,3.0,No Sunlight,CleanSpace Wall System,1056,Furnace,3,Yes,NM Cable,1056,0,1056,1,0,3,1,3,6,0,,Attached,Metal Panels,1,260,3,Paved,390,0,0,0,No Fence,7,2007,Down payment assistance,Regular,115708.0,N,N,2021-01-12,20709518,"Otmar-Hendriks-Platz 79
42599 Groß-Gerau",Neunburg vorm Wald,Mali,georgiamatthaei@web.de,F,Brandenburg,70555,22.0,2021-05-29,2.3,2021-05-29,2.3
635,VacHomeClass-11,VacHomeZone-1,64.0,6979,Cobblestone,Gravel,Pie,Flat,Trash|Gas|Water|Electricity,Interior lot,No Slope,RNH 18,Proximity to School,Townhome,Georgian,6,5,1982,1984,Gable,Rolled Roofing,Brick,Manmade Stone,0.0,3,3,Combined footing,3.0,No Sunlight,ZenWall Panels,1056,Furnace,4,Yes,NM Cable,1056,0,1056,0,0,0,2,3,4,0,,Detached,Metal Panels,2,576,3,Paved,264,0,0,0,Composite Fences,6,2010,Down payment assistance,Regular,119526.0,N,N,2021-04-20,4549710,"Binnerweg 9/8
47972 Säckingen",Herzberg,St. Vincent und die Grenadinen,abdullah98@googlemail.com,M,Baden-Württemberg,18535,29.0,2021-04-22,2.7,2021-04-22,2.7
636,VacHomeClass-15,VacHomeZone-4,60.0,10896,Cobblestone,Cobblestone,Pie,Slope,Trash|Gas|Water|Electricity,Interior lot,No Slope,RNH 19,Proximity to Hospital,Condo,Ranch,6,7,1919,2003,Sawtooth,Rolled Roofing,Board Batten,Manmade Stone,0.0,2,3,Combined footing,3.0,No Sunlight,Basement to Beautiful Panels,1440,Furnace,5,Yes,Underground Feeder Cable,1440,1440,3395,2,0,8,2,2,14,0,,No Garage,Unfinished,0,0,0,Only Gravel,0,0,0,0,No Fence,3,2007,Down payment assistance,Shortsale,166006.0,Y,Y,2021-07-26,30714618,"Strohgasse 935
29907 Saarlouis",Geldern,Guernsey,carolina03@seifert.com,F,Sachsen-Anhalt,2557,89.0,2021-09-14,3.4,2021-09-14,3.4
637,VacHomeClass-2,VacHomeZone-2,51.0,6120,Cobblestone,Gravel,Pie,Flat,Trash|Gas|Water|Electricity,Interior lot,No Slope,RNH 4,Proximity to School,Apartment,Contemporary,2,3,1940,1955,Gable,Rolled Roofing,Concrete,Manmade Stone,0.0,2,2,Strip foundation,3.0,No Sunlight,Dry Wall,264,Heat Pump,2,No,Underground Feeder Cable,800,0,800,1,0,1,1,2,4,1,Po,No Garage,Unfinished,0,0,0,Only Gravel,0,0,0,0,No Fence,1,2009,Regular Mortgage,Regular,49806.0,N,Y,2021-06-24,44668518,"Steinbergallee 78
50946 Ebersberg",Tuttlingen,Gabun,fischerurszula@bachmann.com,M,Berlin,86310,39.0,2021-05-30,2.1,2021-05-30,2.1
638,VacHomeClass-15,VacHomeZone-2,50.0,6000,Cobblestone,Gravel,Pie,Flat,Trash|Gas|Water|Electricity,Interior lot,No Slope,RNH 18,Proximity to School,Condo,Craftsman,5,4,1957,1961,Gable,Rolled Roofing,Wood Shingle,Manmade Stone,0.0,3,3,Combined footing,3.0,No Sunlight,Dry Wall,811,Furnace,3,Yes,Underground Feeder Cable,811,576,1387,2,0,3,2,4,7,0,,Breezeway,Metal Panels,1,256,3,Paved,0,0,0,0,No Fence,11,2009,Down payment assistance,Regular,77196.0,Y,N,2021-03-15,18045499,"Hörlestraße 4
43711 Stuttgart",Vilsbiburg,Turks- und Caicosinseln,vetzold@gmail.com,F,Sachsen-Anhalt,68350,3.0,2021-06-05,3.8,2021-06-05,3.8
639,VacHomeClass-2,VacHomeZone-1,67.0,8777,Cobblestone,Gravel,Pie,Flat,Trash|Gas|Water|Electricity,Interior lot,No Slope,RNH 8,Proximity to Hospital,Apartment,Contemporary,5,7,1911,1957,Gable,Rolled Roofing,Log Wood,Manmade Stone,0.0,3,3,Combined footing,2.0,No Sunlight,Dry Wall,796,Furnace,4,Yes,Underground Feeder Cable,796,0,796,1,0,2,1,3,4,0,,No Garage,Unfinished,0,0,0,Partially Gravel,328,0,0,0,Vinyl Fences,5,2008,Down payment assistance,Regular,70556.0,Y,Y,2021-03-23,62087889,"Gesche-Nette-Gasse 2
39605 Leipziger Land",Jülich,Kirgisistan,anne10@eberhardt.com,F,Niedersachsen,15001,93.0,2021-12-04,4.3,2021-12-04,4.3
640,VacHomeClass-12,VacHomeZone-1,53.0,3982,Cobblestone,Gravel,Pie,Flat,Trash|Gas|Water|Electricity,Interior lot,No Slope,RNH 1,Proximity to School,SingleFamilyHome,Contemporary,8,5,2010,2012,Sawtooth,Rolled Roofing,Board Batten,Manmade Stone,0.0,4,3,Individual footing,4.0,Large Windows,ZenWall Panels,1520,Furnace,5,Yes,NM Cable,1567,0,1567,2,0,1,1,5,7,1,Gd,Attached,DryWall,3,648,3,Paved,312,0,0,0,No Fence,10,2006,Government-backed programs,Distress Sale,219591.63,N,N,2021-09-06,23313941,"Suse-Peukert-Platz 93
53365 Jüterbog",Soltau,Dominica,cspiess@gmail.com,M,Rheinland-Pfalz,6770,3.0,2021-09-12,3.5,2021-09-12,3.5
641,VacHomeClass-12,VacHomeZone-1,62.0,12677,Cobblestone,Gravel,Reverse Pie,Flat,Trash|Gas|Water|Electricity,Interior lot,No Slope,RNH 16,Proximity to School,SingleFamilyHome,Contemporary,8,5,2006,2009,Sawtooth,Rolled Roofing,Log Wood,Natural Stone,472.0,5,3,Individual footing,5.0,French Doors,ZenWall Panels,1518,Furnace,5,Yes,NM Cable,1518,0,1518,1,1,1,1,5,6,1,Gd,Attached,Wood Sheathing,2,588,3,Paved,185,0,0,0,No Fence,4,2008,Down payment assistance,Regular,227426.0,Y,N,2021-02-17,42840626,"Eigenwilligstr. 5
84421 Reutlingen",Warendorf,Finnland,serpilgeisel@gmx.de,M,Niedersachsen,32204,31.0,2021-06-17,3.5,2021-06-17,3.5
642,VacHomeClass-6,VacHomeZone-5,,7050,Cobblestone,Gravel,Pie,Flat,Trash|Gas|Water|Electricity,Interior lot,No Slope,RNH 22,Proximity to School,Apartment,Bungalow,7,5,2005,2007,Gable,Rolled Roofing,Board Batten,Manmade Stone,0.0,4,3,Individual footing,4.0,No Sunlight,ZenWall Panels,1057,Furnace,5,Yes,NM Cable,1057,872,1929,2,1,3,1,4,7,1,TA,Attached,DryWall,2,650,3,Paved,0,0,0,0,No Fence,5,2007,Down payment assistance,Regular,187586.0,N,Y,2021-06-26,34880111,"Hölzenbechergasse 7
69564 Illertissen",Chemnitz,Zypern,klotzfatih@gmail.com,Unknown,Rheinland-Pfalz,42192,58.0,2021-06-05,3.1,2021-06-05,3.1
643,VacHomeClass-9,VacHomeZone-1,75.0,13860,Cobblestone,Gravel,Pie,Flat,Trash|Gas|Water|Electricity,Interior lot,No Slope,NAmes,Proximity to School,Apartment,Spanish,8,7,1974,2000,Gable,Rolled Roofing,Brick,Manmade Stone,0.0,4,3,Combined footing,4.0,French Doors,ZenWall Panels,1952,Furnace,4,Yes,NM Cable,2000,704,2704,2,1,4,1,5,9,3,TA,Attached,DryWall,2,538,3,Paved,269,0,0,0,Vinyl Fences,7,2009,Down payment assistance,Regular,286356.0,N,Y,2021-06-19,73928287,"Ludwig-Striebitz-Straße 2/4
10430 Altötting",Melle,Algerien,tomaszcaspar@aol.de,F,Bayern,25752,29.0,2021-07-06,3.1,2021-07-06,3.1
644,VacHomeClass-6,VacHomeZone-1,80.0,10793,Cobblestone,Gravel,Pie,Flat,Trash|Gas|Water|Electricity,Interior lot,No Slope,RNH 17,Proximity to Restaurants,Apartment,Bungalow,5,5,1974,1973,Colonial,Rolled Roofing,Vinyl,Natural Stone,263.0,3,3,Combined footing,3.0,No Sunlight,Foamax,780,Furnace,5,Yes,NM Cable,780,840,1620,2,1,4,1,3,7,0,,Attached,DryWall,2,462,3,Paved,208,0,0,0,Wood Fences,4,2007,Down payment assistance,Regular,126166.0,Y,Y,2021-05-13,82702441,"Wagenknechtweg 644
90206 Leipziger Land",Lüdenscheid,Schweden,pneureuther@hotmail.de,M,Sachsen,66926,21.0,2021-06-23,2.5,2021-06-23,2.5
645,VacHomeClass-1,VacHomeZone-5,85.0,9187,Cobblestone,Gravel,Pie,Flat,Trash|Gas|Water|Electricity,Interior lot,No Slope,RNH 22,Proximity to School,Apartment,Contemporary,9,5,2011,2016,Gable,Rolled Roofing,Metal,Manmade Panels,162.0,5,3,Individual footing,5.0,Small Windows,ZenWall Panels,1766,Furnace,5,Yes,NM Cable,1766,0,1766,2,1,2,1,5,7,1,Gd,Attached,DryWall,3,478,3,Paved,195,0,0,0,No Fence,10,2009,Government-backed programs,Distress Sale,307834.74,Y,N,2021-03-18,90193569,"Henckgasse 5
42219 Melsungen",Burglengenfeld,Republik Korea,paertzeltfranz-josef@troest.com,M,Hamburg,77652,83.0,2021-12-29,2.2,2021-12-29,2.2
646,VacHomeClass-1,VacHomeZone-1,,10530,Cobblestone,Gravel,Reverse Pie,Flat,Trash|Gas|Water|Electricity,Corner lot,No Slope,NAmes,Proximity to School,Apartment,Contemporary,6,5,1974,1977,Sawtooth,Rolled Roofing,Brick,Manmade Stone,0.0,3,3,Combined footing,3.0,No Sunlight,BrightWall Paneling,981,Furnace,3,Yes,NM Cable,981,0,981,1,1,3,1,3,5,0,,Detached,Metal Panels,2,576,3,Paved,0,0,0,0,No Fence,3,2007,Down payment assistance,Regular,118903.5,N,Y,2021-11-29,30747326,"Elmar-Margraf-Ring 227
40221 Vilsbiburg",Soltau,Marshallinseln,freddybeer@web.de,M,Niedersachsen,98673,95.0,2021-12-28,3.7,2021-12-28,3.7
647,VacHomeClass-1,VacHomeZone-1,60.0,7200,Cobblestone,Gravel,Pie,Flat,Trash|Gas|Water|Electricity,Interior lot,No Slope,NAmes,Proximity to School,Apartment,Contemporary,5,5,1954,1957,Sawtooth,Rolled Roofing,Log Wood,Manmade Stone,0.0,3,3,Combined footing,,,,0,Furnace,4,Yes,NM Cable,1048,0,1048,1,0,3,1,3,7,0,,Detached,Metal Panels,2,420,3,Paved,0,0,0,0,No Fence,7,2008,Down payment assistance,Regular,81595.0,N,Y,2021-12-21,28461449,"Desiree-Gunpf-Gasse 5/9
85413 Havelberg",Kamenz,Kolumbien,vhellwig@wesack.com,F,Rheinland-Pfalz,14900,43.0,2021-03-30,1.6,2021-03-30,1.6
648,VacHomeClass-1,VacHomeZone-1,85.0,10452,Cobblestone,Gravel,Reverse Pie,Flat,Trash|Gas|Water|Electricity,Interior lot,No Slope,RNH 8,Proximity to School,Apartment,Contemporary,6,5,1954,1959,Sawtooth,Rolled Roofing,Wood Shingle,Manmade Panels,216.0,3,3,Combined footing,3.0,Small Windows,Foamax,1094,Furnace,5,Yes,NM Cable,1094,0,1094,1,0,3,1,3,5,2,Gd,Attached,Wood Sheathing,2,495,3,Paved,0,0,0,0,No Fence,6,2008,Down payment assistance,Regular,128656.0,N,N,2021-01-22,10912959,"Piepergasse 2
00593 Jüterbog",Kitzingen,Pitcairn,wputz@adolph.de,M,Hamburg,89135,60.0,2021-05-31,4.8,2021-05-31,4.8
649,VacHomeClass-6,VacHomeZone-1,70.0,7700,Cobblestone,Gravel,Pie,Flat,Trash|Gas|Water|Electricity,Interior lot,No Slope,NAmes,Proximity to Park,Apartment,Bungalow,6,5,1971,1972,Gable,Rolled Roofing,Log Wood,Natural Stone,351.0,3,3,Combined footing,3.0,No Sunlight,Dry Wall,756,Furnace,3,Yes,NM Cable,1051,788,1839,1,1,4,1,3,7,1,TA,Attached,Metal Panels,2,442,3,Paved,0,0,0,0,No Fence,6,2010,Down payment assistance,Regular,128656.0,Y,Y,2021-01-04,72260876,"Koch IIgasse 6/6
88392 Lemgo",Bergzabern,Niger,bolanderkathleen@adolph.net,M,Rheinland-Pfalz,45184,34.0,2021-06-29,2.6,2021-06-29,2.6
650,VacHomeClass-14,VacHomeZone-2,21.0,1936,Cobblestone,Gravel,Pie,Flat,Trash|Gas|Water|Electricity,Interior lot,No Slope,RNH 11,Proximity to School,MultiFamilyHome,Georgian,4,6,1974,1979,Gable,Rolled Roofing,Metal,Manmade Stone,0.0,3,3,Combined footing,4.0,Large Windows,CleanSpace Wall System,630,Furnace,4,Yes,NM Cable,630,0,630,1,0,1,1,3,3,0,,No Garage,Unfinished,0,0,0,Paved,0,0,0,0,Vinyl Fences,12,2007,Down payment assistance,Regular,70141.0,N,Y,2021-07-20,76854453,"Sieglinde-Rörricht-Gasse 6
24150 Guben",Viersen,Wallis und Futuna,janos83@hotmail.de,Unknown,Hessen,56877,32.0,2021-07-15,3.7,2021-07-15,3.7
651,VacHomeClass-6,VacHomeZone-5,65.0,8125,Cobblestone,Gravel,Pie,Flat,Trash|Gas|Water|Electricity,Interior lot,No Slope,RNH 22,Proximity to School,Apartment,Bungalow,7,6,2009,2013,Gable,Rolled Roofing,Metal,,,4,3,Individual footing,4.0,No Sunlight,Dry Wall,813,Furnace,5,Yes,NM Cable,822,843,1665,2,1,3,1,4,7,0,,Attached,Wood Sheathing,2,562,3,Paved,0,0,0,0,No Fence,5,2008,Down payment assistance,Regular,170944.5,N,Y,2021-03-01,66458678,"Zobelallee 4/2
58748 Genthin",Lemgo,Sierra Leone,siegmundkarge@gmx.de,Unknown,Bayern,36454,40.0,2021-04-01,3.8,2021-04-01,3.8
652,VacHomeClass-7,VacHomeZone-1,60.0,9084,Cobblestone,Gravel,Pie,Flat,Trash|Gas|Water|Electricity,Interior lot,No Slope,RNH 8,Proximity to Gym,Apartment,Bungalow,4,5,1943,1957,Gable,Rolled Roofing,Log Wood,Manmade Stone,0.0,3,3,Combined footing,3.0,Small Windows,Dry Wall,755,Furnace,3,Yes,NM Cable,755,755,1510,1,0,4,1,3,7,1,Gd,Detached,Metal Panels,1,296,2,Partially Gravel,120,0,0,0,Vinyl Fences,10,2009,Down payment assistance,Regular,89646.0,Y,N,2021-08-22,3090497,"Rustgasse 2/2
98462 Mainburg",Hofgeismar,China,konstanze44@googlemail.com,Unknown,Rheinland-Pfalz,89904,25.0,2021-09-23,1.1,2021-09-23,1.1
653,VacHomeClass-6,VacHomeZone-1,70.0,8750,Cobblestone,Gravel,Pie,Flat,Trash|Gas|Water|Electricity,Interior lot,No Slope,RNH 6,Proximity to School,Apartment,Bungalow,7,5,1997,1998,Gable,Rolled Roofing,Board Batten,Manmade Stone,0.0,4,3,Individual footing,4.0,No Sunlight,Dry Wall,880,Furnace,5,Yes,NM Cable,909,807,1716,2,1,2,1,4,7,1,TA,Attached,Wood Sheathing,2,512,3,Paved,0,0,0,0,No Fence,7,2009,Down payment assistance,Regular,158536.0,N,N,2021-12-18,68350161,"Jan-Ladeck-Weg 2
53878 Kassel",Main-Höchst,El Salvador,uneureuther@schenk.de,M,Hessen,54853,49.0,2021-07-03,3.6,2021-07-03,3.6
654,VacHomeClass-5,VacHomeZone-2,60.0,10320,Cobblestone,Concrete,Pie,Flat,Trash|Gas|Water|Electricity,Interior lot,No Slope,RNH 10,Proximity to School,Apartment,Craftsman,6,7,1907,1999,Gable,Rolled Roofing,Log Wood,Manmade Stone,0.0,3,3,Combined footing,3.0,No Sunlight,Dry Wall,756,Furnace,5,Yes,NM Cable,756,713,1469,1,0,3,1,3,7,0,,Detached,Metal Panels,1,216,3,Paved,57,0,0,0,Vinyl Fences,6,2008,Down payment assistance,Regular,112056.0,Y,N,2021-06-24,76996498,"Grein Grothgasse 87
73601 Deggendorf",Gräfenhainichen,Niger,agnieszka53@gmx.de,Unknown,Bremen,71544,47.0,2021-12-13,2.6,2021-12-13,2.6
655,VacHomeClass-1,VacHomeZone-1,91.0,10437,Cobblestone,Gravel,Reverse Pie,Flat,Trash|Gas|Water|Electricity,Interior lot,No Slope,RNH 14,Proximity to School,Apartment,Contemporary,8,6,1996,2002,Sawtooth,Rolled Roofing,Log Wood,Natural Stone,660.0,4,4,Individual footing,4.0,French Doors,ZenWall Panels,2109,Furnace,5,Yes,NM Cable,2113,0,2113,2,1,2,1,4,7,1,TA,Attached,DryWall,3,839,3,Paved,236,0,0,0,No Fence,8,2008,Down payment assistance,Regular,290506.0,N,N,2021-02-10,96922163,"Briemerplatz 263
80604 Schongau",Pritzwalk,Französisch-Guayana,schleichbenita@paertzelt.de,F,Rheinland-Pfalz,86176,30.0,2021-01-19,1.6,2021-01-19,1.6
656,VacHomeClass-13,VacHomeZone-2,21.0,1680,Cobblestone,Gravel,Pie,Flat,Trash|Gas|Water|Electricity,Interior lot,No Slope,RNH 3,Proximity to School,MultiFamilyHome,Bungalow,6,5,1973,1977,Gable,Rolled Roofing,Horizontal Wood,Natural Stone,381.0,3,3,Combined footing,3.0,No Sunlight,Dry Wall,525,Furnace,3,Yes,NM Cable,525,567,1092,1,1,3,1,3,6,0,,Detached,Metal Panels,1,264,3,Paved,0,0,0,0,No Fence,3,2010,Down payment assistance,Foreclosure,73046.0,Y,Y,2021-05-01,4900528,"Siegmar-Ernst-Ring 17
61447 Wittenberg",Miltenberg,Libanon,scholtzerol@hotmail.de,M,Hamburg,22188,46.0,2021-02-06,3.3,2021-02-06,3.3
657,VacHomeClass-1,VacHomeZone-1,72.0,10007,Cobblestone,Gravel,Reverse Pie,Flat,Trash|Gas|Water|Electricity,Interior lot,No Slope,NAmes,Proximity to School,Apartment,Contemporary,5,7,1964,2012,Gable,Rolled Roofing,Horizontal Wood,Natural Stone,54.0,4,3,Combined footing,3.0,No Sunlight,BrightWall Paneling,1053,Furnace,5,Yes,NM Cable,1053,0,1053,1,1,3,1,4,5,0,,Attached,Wood Sheathing,1,312,3,Paved,0,0,0,0,Vinyl Fences,8,2008,Down payment assistance,Regular,120771.0,N,N,2021-01-08,15559623,"Ortmannallee 6/2
89773 Guben",Sulzbach-Rosenberg,Mikronesien,hplath@web.de,M,Mecklenburg-Vorpommern,91827,44.0,2021-10-09,3.2,2021-10-09,3.2
658,VacHomeClass-7,VacHomeZone-1,60.0,7200,Cobblestone,Gravel,Pie,High Level,Trash|Gas|Water|Electricity,Interior lot,Little Slope,RNH 7,Proximity to School,Apartment,Bungalow,7,6,1935,2005,Gable,Rolled Roofing,Fiber cement,Manmade Stone,0.0,3,2,Strip foundation,4.0,No Sunlight,Dry Wall,776,Furnace,3,Yes,NM Cable,851,651,1502,1,1,3,1,3,6,1,Gd,Attached,Wood Sheathing,1,270,3,Partially Gravel,0,0,0,0,Vinyl Fences,2,2008,Down payment assistance,Regular,123676.0,Y,N,2021-01-31,10994672,"Nohlmansweg 9/3
45282 Göttingen",Finsterwalde,Chile,tiborhamann@gmail.com,F,Baden-Württemberg,53675,57.0,2021-02-13,2.5,2021-02-13,2.5
659,VacHomeClass-5,VacHomeZone-1,78.0,17503,Cobblestone,Gravel,Pie,Flat,Trash|Gas|Water|Electricity,Interior lot,No Slope,NAmes,Proximity to Gym,Apartment,Craftsman,6,5,1950,1959,Gable,Rolled Roofing,Board Batten,Manmade Stone,0.0,3,3,Combined footing,3.0,No Sunlight,Dry Wall,912,Furnace,3,Yes,NM Cable,912,546,1458,1,0,3,1,3,6,1,Gd,Attached,Metal Panels,1,330,3,Paved,192,0,0,0,No Fence,1,2010,Down payment assistance,Shortsale,80931.0,Y,Y,2021-12-07,1906684,"Riehlweg 9
59717 Zschopau",Bad Brückenau,Costa Rica,chamann@albers.com,Unknown,Rheinland-Pfalz,813,2.0,2021-01-11,2.0,2021-01-11,2.0
660,VacHomeClass-1,VacHomeZone-1,75.0,9937,Cobblestone,Gravel,Pie,Flat,Trash|Gas|Water|Electricity,Corner lot,No Slope,RNH 8,Proximity to School,Apartment,Contemporary,5,7,1966,2005,Sawtooth,Rolled Roofing,Log Wood,Manmade Stone,0.0,3,4,Individual footing,3.0,No Sunlight,CleanSpace Wall System,1486,Furnace,5,Yes,NM Cable,1486,0,1486,1,0,3,1,3,7,0,,Detached,DryWall,2,480,3,Paved,0,0,0,0,Vinyl Fences,3,2009,Down payment assistance,Regular,138616.0,Y,N,2021-10-31,30112346,"Reinhardt-Jopich-Platz 8/7
83890 Bischofswerda",Kamenz,Ägypten,jo08@doehn.de,Unknown,Niedersachsen,66244,79.0,2021-01-04,4.8,2021-01-04,4.8
661,VacHomeClass-6,VacHomeZone-1,,12384,Cobblestone,Gravel,Pie,Flat,Trash|Gas|Water|Electricity,Cul-de-sac,No Slope,RNH 17,Proximity to School,Apartment,Bungalow,7,7,1981,1982,Gable,Rolled Roofing,Brick,Natural Stone,233.0,3,3,Combined footing,4.0,No Sunlight,Dry Wall,793,Furnace,3,Yes,NM Cable,1142,793,1935,2,1,3,1,3,7,1,TA,Attached,Wood Sheathing,2,550,3,Paved,0,0,0,0,No Fence,11,2007,Down payment assistance,Regular,164263.0,N,Y,2021-12-06,49221558,"Köhlerplatz 454
00895 Mittweida",Wolgast,Guinea-Bissau,klappnikolai@junken.com,Unknown,Nordrhein-Westfalen,57053,10.0,2021-01-02,2.1,2021-01-02,2.1
662,VacHomeClass-6,VacHomeZone-1,52.0,46589,Cobblestone,Gravel,Rectangular,Flat,Trash|Gas|Water|Electricity,Cul-de-sac,No Slope,RNH 14,Proximity to School,Apartment,Bungalow,8,7,1996,2012,Sawtooth,Rolled Roofing,Board Batten,Natural Stone,528.0,4,3,Individual footing,4.0,No Sunlight,ZenWall Panels,1629,Furnace,5,Yes,NM Cable,1686,762,2448,2,1,4,1,4,8,1,TA,Attached,Wood Sheathing,3,711,3,Paved,517,0,0,0,No Fence,7,2009,Down payment assistance,Regular,333666.0,Y,N,2021-10-19,68879020,"Seidelgasse 55
47016 Mayen",Marktheidenfeld,Armenien,jkarz@web.de,M,Mecklenburg-Vorpommern,45054,49.0,2021-11-16,2.1,2021-11-16,2.1
663,VacHomeClass-1,VacHomeZone-1,120.0,13560,Cobblestone,Gravel,Pie,Flat,Trash|Gas|Water|Electricity,Corner lot,No Slope,NAmes,Proximity to School,Apartment,Contemporary,6,3,1972,1976,Sawtooth,Rolled Roofing,Wood Shingle,Natural Stone,216.0,3,3,Combined footing,2.0,No Sunlight,Dry Wall,1392,Furnace,4,Yes,NM Cable,1392,0,1392,1,0,2,1,3,5,2,TA,Attached,Wood Sheathing,2,576,3,Paved,0,0,0,0,No Fence,7,2009,Down payment assistance,Regular,91306.0,N,N,2021-07-04,15260420,"Heinz-Günter-Trüb-Straße 7/3
53164 Donaueschingen",Flöha,Kaimaninseln,hkuehnert@hethur.net,M,Hamburg,89060,52.0,2021-10-15,4.3,2021-10-15,4.3
664,VacHomeClass-10,VacHomeZone-1,90.0,10012,Cobblestone,Gravel,Pie,Flat,Trash|Gas|Water|Electricity,Interior lot,No Slope,RNH 8,Proximity to School,Apartment,Georgian,4,5,1976,1980,Gable,Rolled Roofing,Brick,Manmade Stone,0.0,3,3,Combined footing,4.0,Large Windows,CleanSpace Wall System,1138,Furnace,3,Yes,NM Cable,1181,0,1181,2,0,3,1,3,6,0,,Detached,Wood Sheathing,2,588,3,Paved,0,0,0,0,Vinyl Fences,4,2008,Down payment assistance,Regular,114131.0,N,Y,2021-11-26,71922713,"Dina-Pechel-Allee 1/6
81278 Anklam",Wismar,Heard- und McDonald-Inseln,hloechel@werner.org,F,Niedersachsen,9404,95.0,2021-11-26,1.8,2021-11-26,1.8
665,VacHomeClass-1,VacHomeZone-1,49.0,20896,Cobblestone,Gravel,Rectangular,Flat,Trash|Gas|Water|Electricity,Cul-de-sac,No Slope,RNH 22,Proximity to Restaurants,Apartment,Contemporary,8,5,2008,2010,Gable,Rolled Roofing,Board Batten,Manmade Stone,0.0,4,3,Individual footing,5.0,Small Windows,ZenWall Panels,2077,Furnace,5,Yes,NM Cable,2097,0,2097,1,1,1,1,5,8,1,Ex,Attached,DryWall,3,1134,3,Paved,192,0,0,0,No Fence,1,2006,Government-backed programs,Distress Sale,351096.0,Y,N,2021-10-15,31736879,"Christiane-Reising-Platz 8
58463 Illertissen",Dinslaken,Libyen,friedosuessebier@googlemail.com,M,Saarland,52840,44.0,2021-12-15,4.1,2021-12-15,4.1
666,VacHomeClass-6,VacHomeZone-1,106.0,11194,Cobblestone,Gravel,Reverse Pie,Flat,Trash|Gas|Water|Electricity,Corner lot,No Slope,RNH 9,Proximity to School,Apartment,Bungalow,8,5,2005,2009,Gable,Rolled Roofing,Board Batten,Natural Stone,40.0,4,3,Individual footing,4.0,No Sunlight,Dry Wall,1406,Furnace,5,Yes,NM Cable,1454,482,1936,2,1,3,1,4,7,1,TA,Attached,Wood Sheathing,2,504,3,Paved,188,0,0,0,No Fence,11,2006,Down payment assistance,Regular,191321.0,N,N,2021-09-30,97506195,"Schmiedtplatz 6
48072 Schwandorf",Celle,Japan,juettnercarmela@reinhardt.de,Unknown,Hessen,19606,15.0,2021-07-28,2.3,2021-07-28,2.3
667,VacHomeClass-6,VacHomeZone-1,,18450,Cobblestone,Gravel,Reverse Pie,Flat,Trash|Gas|Water|Electricity,Interior lot,No Slope,NAmes,Proximity to School,Apartment,Bungalow,6,5,1967,1985,Dormer,Tar&Grv,Brick,Concrete Panels,113.0,3,4,Combined footing,4.0,No Sunlight,Basement to Beautiful Panels,1021,Furnace,3,Yes,NM Cable,1465,915,2380,2,1,3,1,3,7,1,Po,Carports,Metal Panels,2,596,3,Paved,0,0,0,0,No Fence,8,2007,Down payment assistance,Shortsale,107076.0,Y,N,2021-05-31,26467337,"Jacobplatz 7
76820 Sigmaringen",Wurzen,Martinique,schwitaljohann@butte.org,Unknown,Sachsen-Anhalt,88955,24.0,2021-03-30,4.6,2021-03-30,4.6
668,VacHomeClass-1,VacHomeZone-1,65.0,8125,Cobblestone,Gravel,Pie,Flat,Trash|Gas|Water|Electricity,Interior lot,No Slope,RNH 21,Proximity to School,Apartment,Contemporary,6,5,1995,2006,Gable,Rolled Roofing,Horizontal Wood,Natural Stone,258.0,3,3,Individual footing,4.0,No Sunlight,ZenWall Panels,1408,Furnace,5,Yes,NM Cable,1679,0,1679,2,0,3,1,4,7,1,Fa,Attached,Wood Sheathing,2,575,3,Paved,224,0,0,0,No Fence,10,2008,Down payment assistance,Regular,160611.0,N,N,2021-02-11,46566270,"Elma-Siering-Straße 413
09647 Lichtenfels",Potsdam,Marshallinseln,valerie06@steinberg.org,F,Hessen,91144,32.0,2021-07-04,1.6,2021-07-04,1.6
669,VacHomeClass-1,VacHomeZone-1,,14175,Cobblestone,Gravel,Pie,Slope,Trash|Gas|Water|Electricity,Corner lot,Little Slope,RNH 20,Proximity to School,Apartment,Contemporary,5,6,1958,1996,Gable,Rolled Roofing,Metal,Manmade Stone,0.0,3,3,Combined footing,3.0,No Sunlight,Foamax,1188,Furnace,4,Yes,NM Cable,1437,0,1437,1,1,3,1,3,6,1,TA,Detached,Metal Panels,2,576,3,Paved,304,0,0,0,No Fence,11,2006,Down payment assistance,Regular,139446.0,Y,Y,2021-09-07,27011102,"Evangelos-Nette-Straße 7
70675 Wanzleben",Cottbus,Marshallinseln,alfonso17@googlemail.com,F,Baden-Württemberg,23279,67.0,2021-03-23,4.0,2021-03-23,4.0
670,VacHomeClass-2,VacHomeZone-1,80.0,11600,Cobblestone,Gravel,Pie,Flat,Trash|Gas|Water|Electricity,Interior lot,No Slope,RNH 7,Proximity to School,Apartment,Contemporary,4,5,1927,1956,Gable,Rolled Roofing,Log Wood,Manmade Stone,0.0,3,3,Strip foundation,2.0,No Sunlight,Dry Wall,700,Furnace,5,Yes,NM Cable,1180,0,1180,1,0,2,1,2,5,1,Gd,Detached,Metal Panels,1,252,3,Paved,0,0,0,0,No Fence,7,2006,Down payment assistance,Regular,114131.0,Y,N,2021-11-24,81060054,"Heinz-Günter-van der Dussen-Gasse 649
27268 Gera",Lüdinghausen,Tschechische Republik,heinz-wernermende@gmail.com,Unknown,Berlin,29416,81.0,2021-08-28,3.0,2021-08-28,3.0
671,VacHomeClass-6,VacHomeZone-1,64.0,8633,Cobblestone,Gravel,Pie,Flat,Trash|Gas|Water|Electricity,T-intersection,No Slope,RNH 6,Proximity to School,Apartment,Bungalow,6,5,2007,2014,Gable,Rolled Roofing,Board Batten,Manmade Stone,0.0,4,3,Individual footing,4.0,No Sunlight,ZenWall Panels,738,Furnace,5,Yes,NM Cable,738,738,1476,2,1,3,1,4,7,0,,Attached,DryWall,2,540,3,Paved,100,0,0,0,No Fence,2,2009,Down payment assistance,Regular,144011.0,N,Y,2021-04-04,93856195,"Schlosserplatz 44
43622 Schweinfurt",Bitterfeld,Japan,karolinakambs@googlemail.com,F,Niedersachsen,78841,2.0,2021-08-15,3.5,2021-08-15,3.5
672,VacHomeClass-7,VacHomeZone-4,54.0,6629,Cobblestone,Gravel,Pie,Flat,Trash|Gas|Water|Electricity,Interior lot,No Slope,RNH 8,Proximity to Gym,Apartment,Bungalow,6,6,1929,1957,Curved,Rolled Roofing,Wood Shingle,Manmade Stone,0.0,3,4,Strip foundation,3.0,No Sunlight,CleanSpace Wall System,672,Furnace,3,No,NM Cable,697,672,1369,2,0,3,1,3,6,0,,Detached,Metal Panels,1,300,3,Paved,147,0,0,0,No Fence,7,2009,Down payment assistance,Regular,85994.0,Y,N,2021-09-21,47116931,"Hertrampfstraße 2/3
52517 Neustadt am Rübenberge",Schrobenhausen,Côte d’Ivoire,koehlerjosef@googlemail.com,M,Nordrhein-Westfalen,72643,33.0,2021-11-18,3.7,2021-11-18,3.7
673,VacHomeClass-1,VacHomeZone-1,,11250,Cobblestone,Gravel,Reverse Pie,Flat,Trash|Gas|Water|Electricity,Interior lot,No Slope,RNH 25,Proximity to School,Apartment,Contemporary,6,6,1981,1984,Gable,Rolled Roofing,Brick,Manmade Stone,0.0,4,3,Combined footing,4.0,No Sunlight,BrightWall Paneling,1208,Furnace,3,Yes,NM Cable,1208,0,1208,1,1,3,1,3,6,1,TA,Attached,Wood Sheathing,2,546,3,Paved,198,0,0,0,No Fence,6,2006,Down payment assistance,Regular,136956.0,Y,Y,2021-07-21,31921022,"Bohnbachplatz 6
62316 Wolfach",Wertingen,Usbekistan,marvin07@gmail.com,M,Berlin,49846,76.0,2021-09-06,2.9,2021-09-06,2.9
674,VacHomeClass-1,VacHomeZone-1,110.0,14442,Cobblestone,Gravel,Pie,Flat,Trash|Gas|Water|Electricity,Interior lot,No Slope,RNH 7,Proximity to School,Apartment,Contemporary,6,7,1961,2010,Sawtooth,Rolled Roofing,Metal,Natural Stone,106.0,3,3,Individual footing,3.0,No Sunlight,ZenWall Panels,1477,Furnace,5,Yes,NM Cable,1839,0,1839,2,0,3,1,4,7,2,TA,Attached,DryWall,2,416,3,Paved,0,0,0,0,No Fence,6,2007,Down payment assistance,Regular,213731.0,N,N,2021-08-22,92612754,"Heinzstraße 8/9
44559 Ludwigslust",Wolfach,Alandinseln,hans-rainer93@bolander.com,M,Rheinland-Pfalz,92144,33.0,2021-07-20,1.4,2021-07-20,1.4
675,VacHomeClass-1,VacHomeZone-1,80.0,9200,Cobblestone,Gravel,Pie,Flat,Trash|Gas|Water|Electricity,Interior lot,No Slope,NAmes,Proximity to School,Apartment,Contemporary,6,6,1968,1970,Gable,Rolled Roofing,Horizontal Wood,Manmade Stone,0.0,3,3,Combined footing,3.0,No Sunlight,Foamax,1136,Furnace,3,Yes,NM Cable,1136,0,1136,1,0,3,1,3,5,1,Gd,Attached,Wood Sheathing,1,384,3,Paved,426,0,0,0,No Fence,7,2008,Down payment assistance,Regular,116206.0,N,Y,2021-10-02,64075570,"Murat-Weinhold-Allee 3/3
18921 Goslar",Regen,Serbien,finkealexandra@schleich.de,Unknown,Bremen,8501,62.0,2021-02-10,1.4,2021-02-10,1.4
676,VacHomeClass-13,VacHomeZone-1,24.0,2289,Cobblestone,Gravel,Pie,Flat,Trash|Gas|Water|Electricity,Interior lot,No Slope,RNH 15,Proximity to School,MultiFamilyHome,Bungalow,6,6,1981,1981,Gable,Rolled Roofing,Brick,Manmade Stone,0.0,3,3,Combined footing,3.0,No Sunlight,BrightWall Paneling,855,Furnace,3,Yes,NM Cable,855,586,1441,2,1,3,1,3,7,1,TA,Attached,Metal Panels,2,440,3,Paved,28,0,0,0,No Fence,4,2009,Down payment assistance,Regular,123261.0,Y,N,2021-01-13,59166597,"Jungferring 4
26966 Schwerin",Jülich,Ecuador,metin60@seifert.de,M,Mecklenburg-Vorpommern,3473,90.0,2021-01-10,2.9,2021-01-10,2.9
677,VacHomeClass-7,VacHomeZone-2,60.0,9600,Cobblestone,Concrete,Pie,Flat,Trash|Gas|Water|Electricity,Interior lot,No Slope,RNH 18,Proximity to School,Apartment,Bungalow,4,2,1901,1954,Gable,Rolled Roofing,Concrete,Manmade Stone,0.0,3,3,Strip foundation,3.0,No Sunlight,Dry Wall,1095,Boiler,2,No,NM Cable,1095,679,1774,2,0,4,2,3,8,0,,Portable,Metal Panels,3,779,2,Only Gravel,0,0,0,0,No Fence,5,2006,Down payment assistance,Regular,72216.0,Y,N,2021-01-06,64440637,"Pierre-Röhricht-Allee 554
19140 Lippstadt",Schwandorf,Haiti,ronfiebig@web.de,Unknown,Berlin,15763,8.0,2021-10-27,2.6,2021-10-27,2.6
678,VacHomeClass-2,VacHomeZone-1,52.0,9022,Cobblestone,Gravel,Pie,Flat,Trash|Gas|Water|Electricity,Interior lot,No Slope,RNH 18,Proximity to School,Apartment,Contemporary,5,8,1928,2012,Gable,Rolled Roofing,Board Batten,Manmade Stone,0.0,4,3,Strip foundation,3.0,No Sunlight,Dry Wall,768,Furnace,5,Yes,NM Cable,792,0,792,1,0,2,1,4,5,0,,Detached,Metal Panels,1,240,2,Only Gravel,316,0,0,0,No Fence,5,2009,Down payment assistance,Regular,90891.0,Y,N,2021-03-10,22619860,"Marzena-Dehmel-Platz 473
92850 Bad Langensalza",Hechingen,Suriname,jannastoll@ackermann.org,Unknown,Baden-Württemberg,35335,53.0,2021-03-22,3.3,2021-03-22,3.3
679,VacHomeClass-1,VacHomeZone-1,80.0,11844,Cobblestone,Gravel,Reverse Pie,Flat,Trash|Gas|Water|Electricity,Interior lot,No Slope,RNH 23,Proximity to School,Apartment,Contemporary,8,5,2012,2013,Sawtooth,Rolled Roofing,Board Batten,Manmade Panels,464.0,4,3,Individual footing,5.0,Small Windows,Dry Wall,2046,Furnace,5,Yes,NM Cable,2046,0,2046,2,1,3,1,4,7,1,Gd,Attached,DryWall,3,834,3,Paved,322,0,0,0,No Fence,7,2009,Government-backed programs,Distress Sale,309181.0,Y,Y,2021-04-03,40546971,"Kuschweg 1/4
08654 Marienberg",Neubrandenburg,Albanien,imke12@aol.de,F,Nordrhein-Westfalen,81864,3.0,2021-06-13,1.8,2021-06-13,1.8
680,VacHomeClass-1,VacHomeZone-1,,9945,Cobblestone,Gravel,Reverse Pie,Flat,Trash|Gas|Water|Electricity,Interior lot,No Slope,RNH 20,Proximity to School,Apartment,Contemporary,5,5,1965,1965,Sawtooth,Rolled Roofing,Wood Shingle,Natural Stone,57.0,3,3,Combined footing,3.0,No Sunlight,Foamax,988,Furnace,3,Yes,NM Cable,988,0,988,1,0,3,1,3,5,0,,Detached,Metal Panels,2,572,3,Paved,0,0,0,0,No Fence,10,2007,Down payment assistance,Regular,106661.0,N,Y,2021-01-18,80279822,"Eckart-Weinhage-Weg 86
68002 Ebermannstadt",Demmin,Bhutan,rsiering@googlemail.com,F,Saarland,34235,40.0,2021-02-10,4.1,2021-02-10,4.1
681,VacHomeClass-12,VacHomeZone-1,50.0,8012,Cobblestone,Gravel,Pie,Flat,Trash|Gas|Water|Electricity,Interior lot,No Slope,RNH 21,Proximity to School,SingleFamilyHome,Contemporary,6,5,1982,1987,Gable,Rolled Roofing,Brick,Manmade Stone,0.0,3,3,Combined footing,4.0,No Sunlight,CleanSpace Wall System,923,Furnace,3,Yes,NM Cable,923,0,923,2,0,2,1,3,5,1,TA,Attached,Wood Sheathing,1,264,3,Paved,80,0,0,0,No Fence,5,2010,Down payment assistance,Regular,118696.0,Y,Y,2021-10-08,60832351,"Senta-Höfig-Platz 064
57627 Ribnitz-Damgarten",Brilon,Pakistan,burkardmende@benthin.de,Unknown,Baden-Württemberg,20293,94.0,2021-07-17,4.7,2021-07-17,4.7
682,VacHomeClass-5,VacHomeZone-4,55.0,4500,Cobblestone,Cobblestone,Rectangular,Slope,Trash|Gas|Water|Electricity,Interior lot,No Slope,RNH 19,Proximity to School,Apartment,Craftsman,5,5,1937,2007,Gable,Rolled Roofing,Board Batten,Manmade Stone,0.0,3,3,Strip foundation,3.0,No Sunlight,Foamax,793,Furnace,5,Yes,NM Cable,848,672,1520,1,0,3,1,3,6,0,,Detached,Metal Panels,1,281,3,Paved,0,0,0,0,No Fence,7,2009,Down payment assistance,Shortsale,132336.22,Y,Y,2021-07-12,59958727,"Bruni-Winkler-Platz 588
19150 Lüneburg",Genthin,Kenia,eklapp@gmail.com,M,Saarland,37525,89.0,2021-03-11,4.8,2021-03-11,4.8
683,VacHomeClass-12,VacHomeZone-1,,2887,Cobblestone,Gravel,Pie,High Level,Trash|Gas|Water|Electricity,Interior lot,No Slope,RNH 5,Proximity to School,Apartment,Contemporary,6,5,1999,2006,Gable,Rolled Roofing,Wood Shingle,Manmade Stone,0.0,3,3,Individual footing,4.0,Small Windows,ZenWall Panels,1291,Furnace,5,Yes,NM Cable,1291,0,1291,1,0,2,1,4,6,1,Gd,Attached,Metal Panels,2,431,3,Paved,307,0,0,0,No Fence,11,2008,Down payment assistance,Regular,143596.0,N,Y,2021-09-21,41555620,"Bernfried-Loos-Gasse 73
70255 Hersbruck",Mühldorf am Inn,Albanien,gudegeorgine@heuser.net,M,Mecklenburg-Vorpommern,89876,80.0,2021-05-12,2.6,2021-05-12,2.6
684,VacHomeClass-1,VacHomeZone-1,90.0,11248,Cobblestone,Gravel,Reverse Pie,Flat,Trash|Gas|Water|Electricity,Corner lot,No Slope,RNH 6,Proximity to School,Apartment,Contemporary,9,5,2004,2009,Sawtooth,Rolled Roofing,Board Batten,Manmade Panels,215.0,4,3,Individual footing,4.0,Large Windows,ZenWall Panels,1626,Furnace,5,Yes,NM Cable,1668,0,1668,2,0,3,1,4,7,1,TA,Attached,DryWall,3,702,3,Paved,257,0,0,0,No Fence,7,2007,Down payment assistance,Regular,236556.0,N,N,2021-02-24,90128868,"Janos-Fischer-Platz 3
13609 Saarbrücken",Gadebusch,Monaco,reckbauer@haenel.de,F,Berlin,83868,86.0,2021-04-09,4.1,2021-04-09,4.1
685,VacHomeClass-6,VacHomeZone-1,58.0,16770,Cobblestone,Gravel,Rectangular,Flat,Trash|Gas|Water|Electricity,Cul-de-sac,No Slope,RNH 14,Proximity to School,Apartment,Bungalow,7,5,2002,2004,Gable,Rolled Roofing,Board Batten,Natural Stone,30.0,4,3,Individual footing,4.0,No Sunlight,Dry Wall,1195,Furnace,4,Yes,NM Cable,1195,644,1839,2,1,4,1,3,7,0,,Attached,DryWall,2,486,3,Paved,0,0,0,0,No Fence,6,2010,Down payment assistance,Regular,183436.0,Y,Y,2021-03-26,32574425,"Loosring 0
83318 Eichstätt",Wetzlar,Kuwait,dariusadolph@web.de,M,Bayern,4915,95.0,2021-08-08,3.3,2021-08-08,3.3
686,VacHomeClass-13,VacHomeZone-1,,5062,Cobblestone,Gravel,Reverse Pie,Flat,Trash|Gas|Water|Electricity,Cul-de-sac,No Slope,RNH 23,Proximity to School,SingleFamilyHome,Bungalow,7,5,1988,1990,Gable,Rolled Roofing,Horizontal Wood,Manmade Stone,0.0,4,3,Combined footing,4.0,Small Windows,ZenWall Panels,1190,Furnace,4,Yes,NM Cable,1190,900,2090,2,0,3,1,4,6,1,TA,Attached,DryWall,2,577,3,Paved,219,0,0,0,No Fence,9,2007,Down payment assistance,Regular,172231.0,Y,Y,2021-03-05,32551464,"Hans-Theo-Dehmel-Straße 1
25384 Ebern",Kelheim,Zentralafrikanische Republik,elzbietarenner@lachmann.com,Unknown,Schleswig-Holstein,21986,60.0,2021-06-26,2.5,2021-06-26,2.5
687,VacHomeClass-6,VacHomeZone-5,84.0,10207,Cobblestone,Gravel,Pie,Flat,Trash|Gas|Water|Electricity,Interior lot,No Slope,RNH 22,Proximity to School,Apartment,Bungalow,7,6,2009,2014,Gable,Rolled Roofing,Board Batten,Manmade Stone,0.0,4,3,Individual footing,4.0,No Sunlight,Dry Wall,874,Furnace,5,Yes,NM Cable,874,887,1761,3,0,3,1,4,7,0,,Attached,DryWall,2,578,3,Paved,144,0,0,0,No Fence,8,2007,Government-backed programs,Distress Sale,189142.25,N,N,2021-07-02,6276003,"Flantzgasse 903
85123 Großenhain",Saulgau,Kiribati,janloeffler@bloch.de,M,Thüringen,83167,72.0,2021-07-06,4.0,2021-07-06,4.0
688,VacHomeClass-13,VacHomeZone-5,,5105,Cobblestone,Gravel,Rectangular,Flat,Trash|Gas|Water|Electricity,T-intersection,No Slope,RNH 22,Proximity to School,SingleFamilyHome,Bungalow,7,5,2008,2009,Gable,Rolled Roofing,Log Wood,Manmade Stone,0.0,4,3,Individual footing,4.0,No Sunlight,ZenWall Panels,551,Furnace,5,Yes,NM Cable,551,551,1102,2,1,2,1,4,4,0,,Detached,Metal Panels,2,480,3,Paved,0,0,0,0,No Fence,3,2007,Down payment assistance,Regular,123510.0,Y,Y,2021-08-18,10504239,"Winklerring 6
58557 Jena",Mühlhausen,Malawi,zjunken@gmx.de,Unknown,Brandenburg,30915,35.0,2021-06-23,1.8,2021-06-23,1.8
689,VacHomeClass-1,VacHomeZone-1,60.0,8089,Cobblestone,Gravel,Pie,High Level,Trash|Gas|Water|Electricity,Interior lot,No Slope,RNH 23,Proximity to School,Apartment,Contemporary,8,6,2011,2012,Gable,Rolled Roofing,Log Wood,Natural Stone,0.0,4,3,Individual footing,4.0,Large Windows,ZenWall Panels,1419,Furnace,5,Yes,NM Cable,1419,0,1419,2,0,2,1,4,7,1,Gd,Attached,Wood Sheathing,2,567,3,Paved,140,0,0,0,No Fence,10,2007,Government-backed programs,Distress Sale,325366.0,Y,N,2021-10-20,7501623,"Angelique-Zobel-Gasse 8
58069 Kusel",Meppen,Burundi,beckerwillibald@speer.com,F,Bremen,21334,27.0,2021-06-07,4.3,2021-06-07,4.3
690,VacHomeClass-12,VacHomeZone-1,61.0,7577,Cobblestone,Gravel,Reverse Pie,Flat,Trash|Gas|Water|Electricity,Corner lot,No Slope,RNH 16,Proximity to School,SingleFamilyHome,Contemporary,6,5,2010,2009,Gable,Rolled Roofing,Board Batten,Manmade Panels,256.0,4,3,Individual footing,4.0,Large Windows,BrightWall Paneling,1362,Furnace,5,Yes,NM Cable,1362,0,1362,2,0,2,1,4,6,1,Gd,Attached,Wood Sheathing,2,460,3,Paved,192,0,0,0,No Fence,6,2007,Down payment assistance,Regular,161607.0,Y,N,2021-09-04,70263282,"Ditschlerinstraße 9/0
55862 Hannover",Schrobenhausen,Samoa,beckmannrudolf@biggen.com,M,Thüringen,52502,97.0,2021-06-16,2.4,2021-06-16,2.4
691,VacHomeClass-12,VacHomeZone-2,,4426,Cobblestone,Gravel,Pie,Flat,Trash|Gas|Water|Electricity,Interior lot,No Slope,RNH 6,Proximity to School,SingleFamilyHome,Contemporary,6,5,2009,2012,Gable,Rolled Roofing,Board Batten,Natural Stone,147.0,4,3,Individual footing,4.0,French Doors,ZenWall Panels,848,Furnace,5,Yes,NM Cable,848,0,848,1,0,1,1,4,3,1,TA,Attached,Wood Sheathing,2,420,3,Paved,149,0,0,0,No Fence,5,2008,Down payment assistance,Regular,117036.0,N,N,2021-06-19,94302615,"Gertzring 881
62332 Hoyerswerda",Soltau,Senegal,hentschelvictoria@roht.com,Unknown,Sachsen-Anhalt,26022,55.0,2021-07-05,4.2,2021-07-05,4.2
692,VacHomeClass-6,VacHomeZone-1,104.0,21535,Cobblestone,Gravel,Reverse Pie,Flat,Trash|Gas|Water|Electricity,Corner lot,No Slope,RNH 14,Proximity to School,Apartment,Bungalow,10,6,1997,2004,Gable,Built-Up Roofing,Horizontal Wood,Natural Stone,1170.0,5,3,Individual footing,5.0,French Doors,ZenWall Panels,2444,Furnace,5,Yes,NM Cable,2444,1872,4316,3,1,4,1,5,10,2,Ex,Attached,DryWall,3,832,3,Paved,382,0,0,0,No Fence,1,2007,Down payment assistance,Regular,626656.0,Y,Y,2021-05-14,82863180,"Tröstgasse 9
84820 Merseburg",Roth,Jersey,uetzler@huhn.com,M,Baden-Württemberg,65300,41.0,2021-03-30,4.4,2021-03-30,4.4
693,VacHomeClass-6,VacHomeZone-1,42.0,26178,Cobblestone,Gravel,Reverse Pie,Flat,Trash|Gas|Water|Electricity,Interior lot,Little Slope,RNH 24,Proximity to School,Apartment,Bungalow,7,5,1990,1995,Sawtooth,Rolled Roofing,Log Wood,Natural Stone,293.0,4,3,Individual footing,4.0,French Doors,ZenWall Panels,1210,Furnace,5,Yes,NM Cable,1238,1281,2519,2,1,4,1,4,9,2,Gd,Attached,Wood Sheathing,2,628,3,Paved,320,0,0,0,No Fence,4,2006,Down payment assistance,Regular,278056.0,Y,N,2021-06-15,10306024,"Junckenstr. 178
51849 Wittenberg",Lobenstein,Belarus,ruthild04@adler.com,M,Hessen,28108,77.0,2021-05-20,4.9,2021-05-20,4.9
694,VacHomeClass-2,VacHomeZone-1,60.0,5400,Cobblestone,Gravel,Pie,Flat,Trash|Gas|Water|Electricity,Corner lot,Severe Slope,RNH 18,Proximity to School,Apartment,Contemporary,5,6,1925,1975,Gable,Rolled Roofing,Log Wood,Manmade Stone,0.0,3,3,Strip foundation,3.0,No Sunlight,Dry Wall,1073,Furnace,5,Yes,NM Cable,1073,0,1073,1,0,2,1,3,4,0,,Detached,Metal Panels,1,326,3,Paved,0,0,0,0,No Fence,12,2006,Down payment assistance,Shortsale,90044.4,Y,Y,2021-01-09,12024315,"Yvonne-Steckel-Platz 755
90575 Dachau",Fallingbostel,Paraguay,daria73@maelzer.net,Unknown,Berlin,41365,97.0,2021-12-28,2.8,2021-12-28,2.8
695,VacHomeClass-5,VacHomeZone-2,51.0,6120,Cobblestone,Gravel,Pie,Flat,Trash|Gas|Water|Electricity,Corner lot,No Slope,RNH 4,Proximity to School,Apartment,Craftsman,5,6,1941,1954,Gable,Rolled Roofing,Wood Shingle,Manmade Stone,0.0,3,2,Strip foundation,3.0,No Sunlight,Dry Wall,927,Furnace,3,Yes,NM Cable,1067,472,1539,1,1,3,1,3,5,0,,Detached,Metal Panels,2,576,3,Paved,112,0,0,0,Vinyl Fences,4,2009,Down payment assistance,Regular,117451.0,N,Y,2021-04-08,49470635,"Kösterstraße 5
18154 Cloppenburg",Bad Freienwalde,Kongo,eduard22@biggen.com,F,Baden-Württemberg,19204,30.0,2021-09-23,1.3,2021-09-23,1.3
696,VacHomeClass-1,VacHomeZone-1,54.0,13811,Cobblestone,Gravel,Reverse Pie,Flat,Trash|Gas|Water|Electricity,Interior lot,No Slope,RNH 24,Proximity to School,Apartment,Contemporary,6,6,1992,1989,Gable,Rolled Roofing,Horizontal Wood,Natural Stone,72.0,3,3,Combined footing,4.0,No Sunlight,ZenWall Panels,1112,Furnace,4,Yes,NM Cable,1137,0,1137,2,0,2,1,4,5,1,TA,Attached,Metal Panels,2,551,3,Paved,125,0,0,0,No Fence,7,2006,Down payment assistance,Regular,146086.0,N,Y,2021-02-02,55641920,"Oscar-Hellwig-Straße 724
51064 Delitzsch",Calau,Mikronesien,annelihettner@web.de,F,Bremen,20284,84.0,2021-04-27,1.0,2021-04-27,1.0
697,VacHomeClass-2,VacHomeZone-2,50.0,6000,Cobblestone,Gravel,Pie,Flat,Trash|Gas|Water|Electricity,Interior lot,No Slope,RNH 4,Proximity to School,Apartment,Contemporary,5,7,1924,1960,Gable,Rolled Roofing,Wood Shingle,Manmade Stone,0.0,3,3,Combined footing,3.0,No Sunlight,Basement to Beautiful Panels,616,Furnace,4,Yes,NM Cable,616,0,616,1,0,2,1,3,4,0,,Detached,Metal Panels,1,205,3,Paved,0,0,0,0,No Fence,6,2006,Down payment assistance,Regular,73876.0,Y,N,2021-01-28,73233107,"Junkallee 1/6
01633 Tuttlingen",Mühlhausen,Liechtenstein,mariechen93@kaul.de,M,Berlin,68663,36.0,2021-03-02,3.0,2021-03-02,3.0
698,VacHomeClass-1,VacHomeZone-1,57.0,6420,Cobblestone,Gravel,Reverse Pie,Flat,Trash|Gas|Water|Electricity,Interior lot,No Slope,RNH 8,Proximity to School,Apartment,Contemporary,5,7,1954,1959,Gable,Rolled Roofing,Wood Shingle,Manmade Stone,0.0,3,3,Individual footing,5.0,Small Windows,Basement to Beautiful Panels,980,Furnace,2,Yes,Underground Feeder Cable,1148,0,1148,1,0,2,1,3,6,0,,Detached,Metal Panels,1,308,3,Paved,0,0,0,0,No Fence,9,2006,Down payment assistance,Regular,102511.0,Y,N,2021-01-12,75967772,"Gotthardstraße 101
41490 Bogen",Tirschenreuth,Paraguay,jschmiedt@googlemail.com,F,Bayern,58723,27.0,2021-05-10,2.7,2021-05-10,2.7
699,VacHomeClass-1,VacHomeZone-1,65.0,8450,Cobblestone,Gravel,Pie,Flat,Trash|Gas|Water|Electricity,Interior lot,No Slope,RNH 20,Proximity to Dance Club,Apartment,Contemporary,5,8,1967,2014,Gable,Rolled Roofing,Log Wood,Manmade Stone,0.0,3,4,Combined footing,3.0,No Sunlight,ZenWall Panels,894,Furnace,5,Yes,NM Cable,894,0,894,1,0,3,1,3,5,1,Gd,Detached,Metal Panels,1,336,3,Paved,416,0,0,0,Vinyl Fences,4,2010,Down payment assistance,Regular,114961.0,N,N,2021-03-20,73832140,"Hillerallee 37
30999 Herford",Brand,Südgeorgien und die Südlichen Sandwichinseln,loregirschner@hotmail.de,F,Rheinland-Pfalz,12155,26.0,2021-06-01,2.6,2021-06-01,2.6
700,VacHomeClass-12,VacHomeZone-5,59.0,4282,Cobblestone,Cobblestone,Rectangular,Flat,Trash|Gas|Water|Electricity,Interior lot,No Slope,RNH 22,Proximity to School,SingleFamilyHome,Contemporary,7,5,2008,2011,Gable,Rolled Roofing,Log Wood,Manmade Stone,0.0,4,3,Individual footing,4.0,Small Windows,ZenWall Panels,1391,Furnace,5,Yes,NM Cable,1391,0,1391,2,0,2,1,4,5,0,,Attached,Wood Sheathing,2,530,3,Paved,156,0,0,0,No Fence,7,2008,Down payment assistance,Regular,162686.0,Y,Y,2021-01-06,29467136,"Reinhart-Patberg-Straße 0
04087 Cuxhaven",Cuxhaven,Panama,mario59@web.de,Unknown,Niedersachsen,45300,46.0,2021-07-12,2.2,2021-07-12,2.2
701,VacHomeClass-1,VacHomeZone-1,85.0,14331,Cobblestone,Gravel,Pie,Flat,Trash|Gas|Water|Electricity,Interior lot,No Slope,RNH 24,Proximity to School,Apartment,Contemporary,8,5,2004,2010,Sawtooth,Rolled Roofing,Board Batten,Natural Stone,630.0,4,3,Individual footing,5.0,French Doors,ZenWall Panels,1800,Furnace,5,Yes,NM Cable,1800,0,1800,2,0,3,1,4,7,1,Gd,Attached,DryWall,3,765,3,Paved,270,0,0,0,No Fence,5,2006,Down payment assistance,Regular,259381.0,N,Y,2021-09-26,97641728,"Hartwig-Heidrich-Ring 4
57656 Bremen",Schrobenhausen,Mauritius,mitschkeandre@hotmail.de,M,Baden-Württemberg,23568,76.0,2021-06-01,1.5,2021-06-01,1.5
702,VacHomeClass-1,VacHomeZone-1,80.0,9600,Cobblestone,Gravel,Pie,Flat,Trash|Gas|Water|Electricity,Interior lot,No Slope,RNH 17,Proximity to School,Apartment,Contemporary,7,5,1971,1975,Sawtooth,Rolled Roofing,Horizontal Wood,Natural Stone,168.0,3,3,Combined footing,3.0,No Sunlight,Dry Wall,1164,Furnace,3,Yes,NM Cable,1164,0,1164,1,1,3,1,3,6,0,,Attached,Metal Panels,2,528,3,Paved,0,0,0,0,No Fence,7,2006,Reverse Mortgage,Regular,116206.0,Y,N,2021-02-08,76018145,"Marie-Luise-Förster-Platz 9
52627 Hersbruck",Lörrach,Burundi,senta99@schmidt.de,F,Thüringen,96811,38.0,2021-12-11,2.5,2021-12-11,2.5
703,VacHomeClass-6,VacHomeZone-1,82.0,12438,Cobblestone,Gravel,Reverse Pie,Flat,Trash|Gas|Water|Electricity,Interior lot,No Slope,RNH 23,Proximity to School,Apartment,Bungalow,8,5,2011,2015,Sawtooth,Rolled Roofing,Board Batten,Natural Stone,466.0,5,3,Individual footing,5.0,No Sunlight,Dry Wall,1234,Furnace,5,Yes,NM Cable,1264,1312,2576,2,1,4,1,5,10,1,Gd,Breezeway,DryWall,3,666,3,Paved,324,0,0,0,No Fence,7,2006,Government-backed programs,Distress Sale,300398.77,Y,N,2021-12-15,46448842,"Budigweg 30
04444 Vilsbiburg",Arnstadt,Samoa,grete09@mies.org,F,Hamburg,20592,81.0,2021-03-13,4.2,2021-03-13,4.2
704,VacHomeClass-15,VacHomeZone-2,76.0,7630,Cobblestone,Gravel,Pie,Flat,Trash|Gas|Water|Electricity,Interior lot,No Slope,RNH 18,Proximity to Hospital,Condo,Bungalow,5,9,1901,2003,Gable,Rolled Roofing,Wood Shingle,Manmade Stone,0.0,3,4,Strip foundation,4.0,No Sunlight,Dry Wall,360,Furnace,4,Yes,NM Cable,1032,780,1812,2,0,4,2,4,8,1,Po,Detached,Metal Panels,2,672,3,Only Gravel,344,0,0,0,Vinyl Fences,5,2010,Down payment assistance,Regular,116206.0,N,Y,2021-08-04,43756605,"Ingolf-Buchholz-Straße 47
49663 Warendorf",Moers,Barbados,verabeckmann@stahr.com,Unknown,Berlin,35755,92.0,2021-09-04,4.9,2021-09-04,4.9
705,VacHomeClass-1,VacHomeZone-1,70.0,8400,Cobblestone,Gravel,Pie,Flat,Trash|Gas|Water|Electricity,Interior lot,No Slope,RNH 6,Proximity to School,Apartment,Contemporary,7,5,2007,2011,Gable,Rolled Roofing,Board Batten,Natural Stone,109.0,4,3,Individual footing,4.0,Large Windows,ZenWall Panels,1473,Furnace,5,Yes,NM Cable,1484,0,1484,2,0,3,1,4,7,0,,Attached,Wood Sheathing,2,606,3,Paved,0,144,0,0,No Fence,5,2010,Down payment assistance,Regular,176796.0,Y,N,2021-05-05,5003945,"Döringstr. 55
75750 Wittmund",Hammelburg,Usbekistan,rennercecilia@wieloch.de,M,Sachsen,1433,99.0,2021-12-27,2.9,2021-12-27,2.9
706,VacHomeClass-15,VacHomeZone-2,70.0,5600,Cobblestone,Gravel,Pie,Flat,Trash|Gas|Water|Electricity,Interior lot,No Slope,RNH 10,Proximity to School,Condo,Bungalow,4,5,1931,1958,Sawtooth,Rolled Roofing,Board Batten,Manmade Stone,0.0,2,2,Pile foundation,,,,0,Furnace,2,No,NM Cable,372,720,1092,2,0,3,2,2,7,0,,No Garage,Unfinished,0,0,0,Only Gravel,0,0,0,0,No Fence,7,2010,Down payment assistance,Regular,45656.0,N,N,2021-08-10,8749277,"Priska-Heydrich-Ring 6/5
81948 Moers",Prenzlau,Dominica,stolzealida@hotmail.de,Unknown,Berlin,36973,41.0,2021-06-21,1.3,2021-06-21,1.3
707,VacHomeClass-1,VacHomeZone-1,,115149,Cobblestone,Gravel,Rectangular,Low Level,Trash|Gas|Water|Electricity,Cul-de-sac,Severe Slope,RNH 5,Proximity to School,Apartment,Contemporary,7,5,1974,2006,Gable,Rolled Roofing,Brick,Manmade Panels,351.0,3,3,Combined footing,4.0,French Doors,ZenWall Panels,1643,Furnace,3,Yes,NM Cable,1824,0,1824,2,0,2,1,4,5,2,TA,Attached,Metal Panels,2,739,3,Paved,380,0,0,0,No Fence,6,2007,Down payment assistance,Regular,250666.0,N,N,2021-08-27,79124003,"Pedro-Lindau-Gasse 83
56881 Potsdam",Neustrelitz,Island,gottfried06@johann.de,F,Hessen,3682,37.0,2021-07-09,3.8,2021-07-09,3.8
708,VacHomeClass-12,VacHomeZone-1,48.0,6240,Cobblestone,Gravel,Pie,Flat,Trash|Gas|Water|Electricity,Interior lot,No Slope,RNH 16,Proximity to School,SingleFamilyHome,Contemporary,8,5,2007,2015,Sawtooth,Rolled Roofing,Log Wood,Natural Stone,176.0,4,3,Individual footing,4.0,No Sunlight,ZenWall Panels,1324,Furnace,5,Yes,NM Cable,1324,0,1324,2,0,2,1,4,6,1,Gd,Attached,DryWall,2,550,3,Paved,192,0,0,0,No Fence,12,2009,Down payment assistance,Regular,210826.0,N,Y,2021-09-02,23824096,"Nikola-Trapp-Gasse 10
07698 Strasburg",Jülich,Äthiopien,fzimmer@kroker.de,Unknown,Berlin,45756,58.0,2021-10-11,2.0,2021-10-11,2.0
709,VacHomeClass-6,VacHomeZone-1,65.0,9018,Cobblestone,Gravel,Reverse Pie,Flat,Trash|Gas|Water|Electricity,Interior lot,No Slope,RNH 9,Proximity to School,Apartment,Bungalow,7,5,2012,2014,Sawtooth,Rolled Roofing,Board Batten,Manmade Stone,0.0,4,3,Individual footing,4.0,Large Windows,Dry Wall,728,Furnace,5,Yes,NM Cable,728,728,1456,2,1,3,1,4,8,1,Gd,Attached,DryWall,2,400,3,Paved,100,0,0,0,No Fence,7,2007,Government-backed programs,Distress Sale,149024.19999999998,Y,Y,2021-01-25,46756411,"Zobelring 869
63143 Sternberg",Olpe,Slowakei,broehricht@wulff.de,M,Nordrhein-Westfalen,89877,5.0,2021-01-17,1.2,2021-01-17,1.2
710,VacHomeClass-1,VacHomeZone-1,,7162,Cobblestone,Gravel,Reverse Pie,Flat,Trash|Gas|Water|Electricity,Interior lot,No Slope,RNH 20,Proximity to School,Apartment,Contemporary,5,7,1968,1974,Gable,Rolled Roofing,Horizontal Wood,Concrete Panels,41.0,3,3,Individual footing,3.0,No Sunlight,Dry Wall,876,Furnace,3,Yes,NM Cable,904,0,904,1,0,3,1,3,6,0,,Attached,Metal Panels,1,408,3,Paved,0,0,0,0,Vinyl Fences,12,2008,Down payment assistance,Shortsale,91223.0,N,Y,2021-01-13,42164777,"Scheelallee 782
38332 Pößneck",Hofgeismar,Trinidad und Tobago,joachim75@schueler.org,Unknown,Hessen,79129,91.0,2021-04-05,4.9,2021-04-05,4.9
711,VacHomeClass-2,VacHomeZone-1,56.0,4130,Cobblestone,Gravel,Reverse Pie,Flat,Trash|Gas|Water|Electricity,Interior lot,No Slope,RNH 4,Proximity to School,Apartment,Contemporary,3,6,1937,2009,Gable,Rolled Roofing,Board Batten,Manmade Stone,0.0,4,3,Combined footing,3.0,No Sunlight,Dry Wall,270,Furnace,4,Yes,NM Cable,729,0,729,1,0,2,1,3,5,0,,No Garage,Unfinished,0,0,0,Only Gravel,0,0,0,0,No Fence,7,2008,Down payment assistance,Regular,43166.0,N,Y,2021-05-20,99533113,"Jüttnerweg 1
26166 Forchheim",Kötzting,St. Pierre und Miquelon,marthalangern@keudel.com,F,Bayern,68276,17.0,2021-03-28,1.8,2021-03-28,1.8
712,VacHomeClass-5,VacHomeZone-3,66.0,8712,Cobblestone,Cobblestone,Pie,High Level,Trash|Gas|Water|Electricity,Interior lot,Little Slope,RNH 10,Proximity to School,Apartment,Craftsman,4,7,1904,1956,Gable,Rolled Roofing,Log Wood,Manmade Stone,0.0,3,3,Drilled Shafts,3.0,Small Windows,Dry Wall,859,Furnace,4,Yes,NM Cable,859,319,1178,1,0,2,1,3,7,0,,Detached,Wood Sheathing,1,384,3,Only Gravel,68,0,0,0,No Fence,1,2010,Down payment assistance,Shortsale,85310.08,Y,N,2021-04-29,201339,"Flora-Dehmel-Straße 9/4
96423 Berchtesgaden",Zeulenroda,Usbekistan,junkensilvester@butte.com,F,Saarland,10591,94.0,2021-06-15,3.5,2021-06-15,3.5
713,VacHomeClass-12,VacHomeZone-1,40.0,4671,Cobblestone,Gravel,Reverse Pie,High Level,Trash|Gas|Water|Electricity,Interior lot,No Slope,RNH 23,Proximity to School,SingleFamilyHome,Contemporary,8,5,1989,1996,Gable,Rolled Roofing,Horizontal Wood,Manmade Stone,0.0,4,3,Individual footing,4.0,Small Windows,ZenWall Panels,1228,Furnace,4,Yes,NM Cable,1228,0,1228,2,0,2,1,4,5,1,Gd,Attached,DryWall,2,472,3,Paved,168,0,0,0,No Fence,10,2008,Down payment assistance,Regular,156876.0,Y,Y,2021-11-09,40442044,"Rotraut-Reinhardt-Allee 4
86917 Greiz",Lüneburg,Chile,ackermannlea@juncken.org,M,Mecklenburg-Vorpommern,43797,4.0,2021-07-11,2.2,2021-07-11,2.2
714,VacHomeClass-15,VacHomeZone-1,60.0,9873,Cobblestone,Gravel,Pie,Flat,Trash|Gas|Water|Electricity,Interior lot,No Slope,RNH 4,Proximity to Restaurants,Condo,Contemporary,4,5,1973,1975,Gable,Rolled Roofing,Horizontal Wood,Natural Stone,160.0,3,3,Combined footing,3.0,Large Windows,BrightWall Paneling,960,Boiler,3,No,NM Cable,960,0,960,1,0,3,1,3,6,0,,Detached,Metal Panels,2,576,3,Paved,0,0,0,0,No Fence,5,2006,Down payment assistance,Regular,107076.0,Y,Y,2021-09-13,35923213,"Lidija-Löchel-Platz 3
91825 Kötzting",Viersen,Mali,raedelsahin@yahoo.de,F,Nordrhein-Westfalen,80306,77.0,2021-05-25,3.7,2021-05-25,3.7
715,VacHomeClass-6,VacHomeZone-1,,13517,Cobblestone,Gravel,Reverse Pie,Flat,Trash|Gas|Water|Electricity,Cul-de-sac,No Slope,RNH 20,Proximity to Dance Club,Apartment,Bungalow,6,8,1980,2012,Gable,Rolled Roofing,Horizontal Wood,Natural Stone,289.0,4,3,Combined footing,3.0,No Sunlight,ZenWall Panels,725,Furnace,5,Yes,NM Cable,725,754,1479,2,1,3,1,4,6,0,,Attached,Wood Sheathing,2,475,3,Paved,0,0,0,0,No Fence,3,2010,Down payment assistance,Regular,108321.0,N,Y,2021-07-03,27468784,"Gehringerstr. 23
57193 Wiedenbrück",Feuchtwangen,Nigeria,qbaehr@web.de,M,Baden-Württemberg,37609,14.0,2021-06-01,4.5,2021-06-01,4.5
716,VacHomeClass-1,VacHomeZone-1,78.0,10140,Cobblestone,Gravel,Pie,Flat,Trash|Gas|Water|Electricity,Interior lot,No Slope,RNH 17,Proximity to School,Apartment,Contemporary,6,5,1976,1984,Sawtooth,Rolled Roofing,Horizontal Wood,Natural Stone,174.0,3,3,Combined footing,4.0,No Sunlight,Dry Wall,1064,Furnace,3,Yes,NM Cable,1350,0,1350,2,0,3,1,3,7,1,TA,Attached,Wood Sheathing,2,478,3,Paved,0,0,0,0,Vinyl Fences,8,2009,Down payment assistance,Regular,136956.0,N,Y,2021-11-05,50509348,"Mitschkering 7
82955 Celle",Donaueschingen,Bulgarien,hans-michael33@gmail.com,M,Bremen,74399,37.0,2021-11-25,4.1,2021-11-25,4.1
717,VacHomeClass-7,VacHomeZone-2,60.0,10800,Cobblestone,Concrete,Pie,Slope,Trash|Gas|Water|Electricity,Interior lot,No Slope,RNH 18,Proximity to School,Apartment,Bungalow,7,8,1895,2002,Gable,Rolled Roofing,Wood Shingle,Manmade Stone,0.0,3,4,Strip foundation,3.0,No Sunlight,Dry Wall,718,Furnace,5,Yes,NM Cable,1576,978,2554,1,1,3,1,3,8,0,,Detached,Metal Panels,2,704,3,Partially Gravel,0,0,0,0,No Fence,7,2007,Down payment assistance,Regular,132391.0,N,N,2021-09-14,44888039,"Pieperweg 26
83986 Bad Brückenau",Guben,Liberia,qgute@web.de,F,Mecklenburg-Vorpommern,12539,72.0,2021-02-26,2.1,2021-02-26,2.1
718,VacHomeClass-1,VacHomeZone-1,80.0,10000,Cobblestone,Gravel,Pie,Flat,Trash|Gas|Water|Electricity,Interior lot,No Slope,RNH 17,Proximity to School,Apartment,Contemporary,5,6,1978,2008,Gable,Rolled Roofing,Horizontal Wood,Manmade Stone,0.0,3,3,Combined footing,4.0,No Sunlight,CleanSpace Wall System,1176,Furnace,4,Yes,NM Cable,1178,0,1178,1,1,3,1,4,5,1,Fa,Attached,Metal Panels,2,439,3,Paved,224,0,0,0,Vinyl Fences,11,2008,Down payment assistance,Regular,130316.0,Y,N,2021-12-01,80404323,"Werneckestraße 95
28202 Brandenburg",Rochlitz,Martinique,zoran79@rosenow.com,F,Baden-Württemberg,2815,2.0,2021-10-19,2.6,2021-10-19,2.6
719,VacHomeClass-6,VacHomeZone-1,96.0,10542,Cobblestone,Gravel,Pie,Flat,Trash|Gas|Water|Electricity,Interior lot,No Slope,RNH 14,Proximity to School,Apartment,Bungalow,7,5,1997,2002,Sawtooth,Rolled Roofing,Wood Shingle,Natural Stone,651.0,4,3,Individual footing,4.0,French Doors,ZenWall Panels,1311,Furnace,5,Yes,NM Cable,1325,1093,2418,2,1,3,1,4,9,1,TA,Attached,Wood Sheathing,3,983,3,Paved,250,0,0,0,No Fence,8,2008,Down payment assistance,Regular,283036.0,N,N,2021-08-19,21187025,"Schmidtplatz 8
83448 Höxter",Kusel,Sonderverwaltungszone Hongkong,josefinebohlander@kruschwitz.de,F,Hessen,33230,83.0,2021-06-30,2.5,2021-06-30,2.5
720,VacHomeClass-1,VacHomeZone-1,69.0,9920,Cobblestone,Gravel,Reverse Pie,Flat,Trash|Gas|Water|Electricity,Interior lot,No Slope,RNH 6,Proximity to School,Apartment,Contemporary,5,6,1972,1974,Gable,Rolled Roofing,Horizontal Wood,Manmade Stone,0.0,3,3,Combined footing,4.0,French Doors,BrightWall Paneling,971,Furnace,3,Yes,NM Cable,971,0,971,1,1,3,1,3,5,1,Po,Attached,Metal Panels,1,300,3,Paved,0,0,0,0,No Fence,5,2006,Down payment assistance,Regular,106661.0,Y,Y,2021-09-14,78592292,"Samir-Steinberg-Gasse 872
92034 Grafenau",Spremberg,Mauretanien,andersmanja@schoenland.com,F,Bayern,28154,34.0,2021-10-01,1.0,2021-10-01,1.0
721,VacHomeClass-12,VacHomeZone-1,,6563,Cobblestone,Gravel,Reverse Pie,Low Level,Trash|Gas|Water|Electricity,Cul-de-sac,Little Slope,RNH 23,Proximity to School,Apartment,Contemporary,8,5,1990,1993,Gable,Rolled Roofing,Horizontal Wood,Manmade Stone,0.0,4,3,Individual footing,4.0,French Doors,ZenWall Panels,1742,Furnace,3,Yes,NM Cable,1742,0,1742,2,0,2,1,4,5,1,TA,Attached,Wood Sheathing,2,564,3,Paved,114,0,0,0,No Fence,12,2006,Down payment assistance,Regular,228256.0,N,N,2021-08-13,57750965,"Neureutherstraße 261
49608 Bautzen",Hansestadttralsund,Uganda,natalizaenker@junken.com,Unknown,Mecklenburg-Vorpommern,4269,46.0,2021-06-07,2.1,2021-06-07,2.1
722,VacHomeClass-12,VacHomeZone-2,,4426,Cobblestone,Gravel,Pie,Flat,Trash|Gas|Water|Electricity,Interior lot,No Slope,RNH 6,Proximity to School,SingleFamilyHome,Contemporary,6,5,2009,2007,Gable,Rolled Roofing,Board Batten,Natural Stone,169.0,4,3,Individual footing,4.0,Large Windows,ZenWall Panels,848,Furnace,5,Yes,NM Cable,848,0,848,1,0,1,1,4,3,0,,Attached,Wood Sheathing,2,420,3,Paved,160,0,0,0,No Fence,5,2010,Down payment assistance,Regular,118696.0,N,Y,2021-10-28,78731189,"Vollbrechtring 038
24558 Quedlinburg",Nauen,Neukaledonien,annedorejunck@googlemail.com,F,Sachsen-Anhalt,76886,42.0,2021-11-28,4.9,2021-11-28,4.9
723,VacHomeClass-1,VacHomeZone-1,70.0,8120,Cobblestone,Gravel,Pie,Flat,Trash|Gas|Water|Electricity,Interior lot,No Slope,NAmes,Proximity to School,Apartment,Contemporary,4,7,1974,1979,Gable,Rolled Roofing,Log Wood,Manmade Stone,0.0,3,4,Combined footing,3.0,No Sunlight,BrightWall Paneling,864,Furnace,5,Yes,NM Cable,864,0,864,1,0,3,1,3,5,0,,Detached,Metal Panels,2,463,3,Paved,0,0,0,0,No Fence,7,2009,Down payment assistance,Regular,103341.0,N,N,2021-08-24,87807134,"Ignaz-Butte-Weg 6
39800 Nördlingen",Gräfenhainichen,Pitcairn,trappzeynep@girschner.de,M,Thüringen,27688,88.0,2021-08-10,4.8,2021-08-10,4.8
724,VacHomeClass-5,VacHomeZone-1,60.0,8172,Cobblestone,Gravel,Pie,Flat,Trash|Gas|Water|Electricity,Interior lot,No Slope,RNH 8,Proximity to School,Apartment,Craftsman,4,6,1956,1980,Gable,Rolled Roofing,Log Wood,Manmade Stone,0.0,3,3,Individual footing,3.0,No Sunlight,Dry Wall,941,Furnace,5,Yes,NM Cable,997,473,1470,2,0,4,1,3,7,0,,Detached,Metal Panels,1,548,3,Paved,0,0,0,0,No Fence,5,2008,Down payment assistance,Regular,112056.0,N,Y,2021-07-03,67590179,"Sibilla-Bolander-Weg 7
99217 Burglengenfeld",Rostock,Äquatorialguinea,phillipsteckel@roskoth.net,M,Nordrhein-Westfalen,16218,57.0,2021-03-23,1.2,2021-03-23,1.2
725,VacHomeClass-1,VacHomeZone-1,86.0,13286,Cobblestone,Gravel,Reverse Pie,Flat,Trash|Gas|Water|Electricity,Interior lot,No Slope,RNH 8,Proximity to School,Apartment,Contemporary,9,5,2008,2015,Sawtooth,Rolled Roofing,Metal,Manmade Panels,340.0,5,3,Individual footing,5.0,No Sunlight,ZenWall Panels,1698,Furnace,5,Yes,NM Cable,1698,0,1698,2,0,3,1,5,8,1,Gd,Attached,DryWall,3,768,3,Paved,327,0,0,0,No Fence,2,2009,Down payment assistance,Regular,265606.0,N,N,2021-12-11,98579792,"Mielcarekgasse 305
00179 Fürstenfeldbruck",Melle,Indien,textorcengiz@barth.net,Unknown,Bremen,13492,94.0,2021-07-26,4.4,2021-07-26,4.4
726,VacHomeClass-1,VacHomeZone-1,60.0,6960,Cobblestone,Gravel,Pie,Flat,Trash|Gas|Water|Electricity,Interior lot,No Slope,NAmes,Proximity to School,Apartment,Contemporary,4,6,1971,1976,Gable,Rolled Roofing,Horizontal Wood,Manmade Stone,0.0,3,3,Combined footing,3.0,No Sunlight,BrightWall Paneling,864,Furnace,3,Yes,NM Cable,864,0,864,1,0,3,1,4,5,0,,Detached,Metal Panels,2,660,3,Paved,96,0,0,0,No Fence,11,2009,Down payment assistance,Regular,100021.0,N,Y,2021-03-09,61004566,"Andersplatz 0/9
33937 Kelheim",Pirmasens,Marokko,mendedagobert@googlemail.com,Unknown,Niedersachsen,8768,7.0,2021-05-28,1.1,2021-05-28,1.1
727,VacHomeClass-1,VacHomeZone-1,,21695,Cobblestone,Gravel,Reverse Pie,Flat,Trash|Gas|Water|Electricity,Corner lot,No Slope,RNH 7,Proximity to School,Apartment,Contemporary,6,9,1993,2009,Sawtooth,Rolled Roofing,Wood Shingle,Natural Stone,260.0,4,4,Combined footing,4.0,No Sunlight,ZenWall Panels,880,Furnace,5,Yes,NM Cable,1680,0,1680,2,0,3,1,4,5,1,Gd,Attached,DryWall,2,540,3,Paved,292,182,0,0,No Fence,12,2009,Down payment assistance,Regular,184266.0,Y,N,2021-07-23,24490788,"Kuschstr. 64
65048 Wanzleben",Lüneburg,Wallis und Futuna,albersjuergen@koch.org,F,Hamburg,47858,14.0,2021-08-23,4.0,2021-08-23,4.0
728,VacHomeClass-1,VacHomeZone-1,64.0,7314,Cobblestone,Gravel,Pie,Flat,Trash|Gas|Water|Electricity,Interior lot,No Slope,RNH 6,Proximity to School,Apartment,Contemporary,7,5,2012,2009,Gable,Rolled Roofing,Board Batten,Manmade Panels,82.0,4,3,Individual footing,4.0,Large Windows,ZenWall Panels,1232,Furnace,5,Yes,NM Cable,1232,0,1232,2,0,2,1,4,6,0,,Attached,Wood Sheathing,2,632,3,Paved,132,0,0,0,No Fence,2,2009,Down payment assistance,Regular,161441.0,Y,N,2021-07-07,7859182,"Adam-Ruppert-Platz 1/0
40928 Bogen",Bad Kreuznach,Swasiland,annemierohleder@lindau.com,M,Bayern,86603,34.0,2021-03-21,4.9,2021-03-21,4.9
729,VacHomeClass-11,VacHomeZone-1,85.0,11475,Cobblestone,Gravel,Pie,Flat,Trash|Gas|Water|Electricity,Corner lot,No Slope,NAmes,Proximity to School,Townhome,Contemporary,5,5,1960,1966,Gable,Rolled Roofing,Board Batten,Natural Stone,95.0,3,3,Combined footing,3.0,No Sunlight,Dry Wall,1584,Furnace,3,Yes,NM Cable,1776,0,1776,2,0,4,2,3,9,0,,Detached,Metal Panels,3,888,3,Paved,0,0,0,0,No Fence,7,2009,Reverse Mortgage,Shortsale,91306.0,Y,N,2021-06-21,78211117,"Kai-Uwe-Scheuermann-Gasse 47
53300 Schwerin",Lüdenscheid,Mikronesien,jaekelandree@hotmail.de,M,Berlin,57873,19.0,2021-10-22,3.4,2021-10-22,3.4
730,VacHomeClass-2,VacHomeZone-2,52.0,6240,Cobblestone,Concrete,Pie,Flat,Trash|Gas|Water|Electricity,Interior lot,No Slope,RNH 10,Proximity to School,Apartment,Craftsman,4,5,1930,1959,Gable,Rolled Roofing,Log Wood,Manmade Stone,0.0,3,3,Combined footing,3.0,No Sunlight,CleanSpace Wall System,780,Furnace,3,Yes,Underground Feeder Cable,848,0,1208,1,0,2,1,3,5,0,,Detached,Metal Panels,2,539,3,Paved,0,0,0,0,No Fence,1,2009,Down payment assistance,Regular,85496.0,Y,Y,2021-05-07,87120172,"Ullrichstraße 2/5
64251 Monschau",Strasburg,Kroatien,lindnerildiko@radisch.de,M,Berlin,80201,17.0,2021-02-02,1.3,2021-02-02,1.3
731,VacHomeClass-12,VacHomeZone-1,39.0,5389,Cobblestone,Gravel,Reverse Pie,Flat,Trash|Gas|Water|Electricity,Interior lot,No Slope,RNH 23,Proximity to School,SingleFamilyHome,Contemporary,8,5,2000,2000,Gable,Rolled Roofing,Metal,Manmade Stone,0.0,4,3,Individual footing,4.0,No Sunlight,ZenWall Panels,1595,Furnace,5,Yes,NM Cable,1616,0,1616,2,0,2,1,4,5,1,TA,Attached,Wood Sheathing,2,608,3,Paved,237,0,0,0,No Fence,3,2010,Down payment assistance,Regular,196301.0,N,N,2021-10-07,1039542,"Ekkehard-Radisch-Straße 35
81338 Hettstedt",Belzig,Venezuela,roggevolker@yahoo.de,Unknown,Brandenburg,85312,47.0,2021-08-27,1.9,2021-08-27,1.9
732,VacHomeClass-9,VacHomeZone-1,73.0,9590,Cobblestone,Gravel,Reverse Pie,Flat,Trash|Gas|Water|Electricity,Corner lot,No Slope,RNH 24,Proximity to School,Apartment,Spanish,7,5,2005,2006,Gable,Rolled Roofing,Board Batten,Natural Stone,442.0,4,3,Individual footing,5.0,Large Windows,ZenWall Panels,868,Furnace,5,Yes,NM Cable,1146,0,1146,2,0,3,1,4,6,1,Gd,Attached,DryWall,2,438,3,Paved,160,0,0,0,No Fence,5,2007,Down payment assistance,Regular,155631.0,N,N,2021-04-04,42506584,"Elise-Stey-Ring 4
61576 Böblingen",Mühldorf am Inn,Tuvalu,ufoerster@hotmail.de,F,Sachsen,74105,37.0,2021-12-02,3.2,2021-12-02,3.2
733,VacHomeClass-6,VacHomeZone-1,75.0,11404,Cobblestone,Gravel,Reverse Pie,Flat,Trash|Gas|Water|Electricity,Interior lot,No Slope,RNH 6,Proximity to School,Apartment,Bungalow,7,5,1999,2003,Gable,Rolled Roofing,Board Batten,Natural Stone,202.0,4,3,Individual footing,4.0,Large Windows,BrightWall Paneling,1153,Furnace,5,Yes,NM Cable,1153,878,2031,2,1,3,1,4,8,1,TA,Attached,DryWall,2,541,3,Paved,192,0,0,0,No Fence,7,2008,Down payment assistance,Regular,184681.0,Y,N,2021-10-31,21822902,"Türkan-Dörr-Allee 1/2
49682 Uffenheim",Lübben,Pitcairn,schomberernst-otto@naser.net,M,Hamburg,16807,9.0,2021-06-30,3.1,2021-06-30,3.1
734,VacHomeClass-1,VacHomeZone-1,80.0,10000,Cobblestone,Gravel,Pie,Flat,Trash|Gas|Water|Electricity,Corner lot,No Slope,RNH 20,Proximity to Hospital,Apartment,Contemporary,5,6,1966,1987,Sawtooth,Rolled Roofing,Horizontal Wood,Manmade Stone,0.0,3,3,Combined footing,3.0,No Sunlight,CleanSpace Wall System,864,Furnace,5,Yes,NM Cable,1144,0,1144,1,0,3,1,3,6,1,TA,Attached,Wood Sheathing,1,264,3,Paved,165,0,0,0,Wood Fences,3,2009,Down payment assistance,Regular,109068.0,Y,N,2021-03-19,28257363,"Joachim-Haase-Straße 5
04877 Forst",Badoberan,Chile,urban95@wagner.de,F,Baden-Württemberg,67484,39.0,2021-08-19,4.4,2021-08-19,4.4
735,VacHomeClass-1,VacHomeZone-1,,8978,Cobblestone,Gravel,Reverse Pie,Flat,Trash|Gas|Water|Electricity,Corner lot,No Slope,RNH 20,Proximity to School,Apartment,Contemporary,5,5,1973,1975,Gable,Rolled Roofing,Brick,Manmade Stone,0.0,3,3,Individual footing,3.0,No Sunlight,Dry Wall,948,Furnace,3,Yes,NM Cable,948,0,948,1,0,3,1,3,6,0,,Attached,Metal Panels,1,300,3,Paved,147,0,0,0,No Fence,5,2007,Down payment assistance,Foreclosure,89646.0,N,Y,2021-01-18,50258758,"Seipstraße 05
79832 Lichtenfels",Ribnitz-Damgarten,Zypern,michaela68@binner.com,M,Bayern,90460,72.0,2021-12-07,2.6,2021-12-07,2.6
736,VacHomeClass-8,VacHomeZone-2,60.0,10800,Cobblestone,Gravel,Pie,Flat,Trash|Gas|Water|Electricity,Interior lot,No Slope,RNH 18,Proximity to School,Apartment,Modern,7,7,1919,1977,Gable,Rolled Roofing,Wood Shingle,Manmade Stone,0.0,3,3,Strip foundation,4.0,Small Windows,Foamax,880,Boiler,2,No,NM Cable,880,888,1768,1,1,2,1,3,6,2,TA,Detached,Metal Panels,2,320,3,Only Gravel,0,0,0,0,No Fence,10,2006,Down payment assistance,Regular,135296.0,N,N,2021-03-07,48726740,"Kohlstraße 590
06364 Hansestadttralsund",Genthin,Kirgisistan,fschmiedecke@aol.de,F,Bremen,91513,46.0,2021-05-30,3.3,2021-05-30,3.3
737,VacHomeClass-11,VacHomeZone-1,60.0,8544,Cobblestone,Gravel,Pie,Flat,Trash|Gas|Water|Electricity,Interior lot,No Slope,NAmes,Proximity to School,Townhome,Contemporary,3,4,1952,1958,Gable,Rolled Roofing,Fiber cement,Manmade Stone,0.0,3,3,Combined footing,,,,0,Furnace,4,No,Armored Cable,1040,0,1040,2,0,2,2,3,6,0,,Detached,Metal Panels,2,400,3,Paved,0,0,0,0,No Fence,7,2006,Down payment assistance,Regular,77611.0,N,N,2021-06-09,17247122,"Reisingplatz 715
36863 Lübben",Lobenstein,Kambodscha,horst78@preiss.com,Unknown,Thüringen,14638,73.0,2021-11-17,3.1,2021-11-17,3.1
738,VacHomeClass-6,VacHomeZone-1,72.0,10463,Cobblestone,Gravel,Reverse Pie,High Level,Trash|Gas|Water|Electricity,Cul-de-sac,No Slope,RNH 9,Proximity to School,Apartment,Bungalow,8,5,2009,2012,Gable,Rolled Roofing,Board Batten,Manmade Stone,0.0,4,3,Individual footing,4.0,No Sunlight,Dry Wall,893,Furnace,5,Yes,NM Cable,901,900,1801,2,1,3,1,4,8,1,Gd,Attached,DryWall,3,800,3,Paved,0,0,0,0,No Fence,6,2006,Down payment assistance,Regular,199123.0,Y,Y,2021-05-16,3057452,"Freudenbergerstraße 28
82242 Wolmirstedt",Cloppenburg,Bhutan,ferdi73@googlemail.com,F,Nordrhein-Westfalen,85124,13.0,2021-01-18,2.5,2021-01-18,2.5
739,VacHomeClass-11,VacHomeZone-1,60.0,10800,Cobblestone,Gravel,Pie,Flat,Trash|Gas|Water|Electricity,Interior lot,No Slope,RNH 8,Proximity to School,Townhome,Contemporary,5,5,1989,1993,Gable,Rolled Roofing,Brick,Manmade Stone,0.0,3,3,Combined footing,4.0,French Doors,ZenWall Panels,1200,Furnace,3,Yes,NM Cable,1200,0,1200,3,0,3,1,3,5,0,,No Garage,Unfinished,0,0,0,Paved,120,0,0,0,No Fence,3,2009,Down payment assistance,Foreclosure,148576.0,Y,N,2021-05-13,91440822,"Rosl-Renner-Allee 943
01651 Sankt Goar",Iserlohn,Ungarn,ewinkler@troest.net,F,Thüringen,50734,75.0,2021-09-01,4.1,2021-09-01,4.1
740,VacHomeClass-6,VacHomeZone-1,65.0,9313,Cobblestone,Gravel,Reverse Pie,Flat,Trash|Gas|Water|Electricity,Interior lot,No Slope,RNH 6,Proximity to School,Apartment,Bungalow,7,5,2006,2009,Gable,Rolled Roofing,Board Batten,Manmade Stone,0.0,4,3,Individual footing,4.0,No Sunlight,Dry Wall,864,Furnace,5,Yes,NM Cable,864,864,1728,2,1,3,1,4,7,0,,Attached,Wood Sheathing,2,572,3,Paved,187,0,0,0,No Fence,4,2009,Down payment assistance,Regular,157706.0,N,N,2021-08-22,58471128,"Horst-Peter-Ehlert-Ring 49
01145 Anklam",Greifswald,Äthiopien,walburgamargraf@hotmail.de,Unknown,Thüringen,27905,83.0,2021-07-24,4.6,2021-07-24,4.6
741,VacHomeClass-7,VacHomeZone-2,60.0,9600,Cobblestone,Concrete,Pie,Flat,Trash|Gas|Water|Electricity,Interior lot,No Slope,RNH 18,Proximity to School,Apartment,Bungalow,5,7,1913,2009,Gable,Rolled Roofing,Wood Shingle,Manmade Stone,0.0,3,4,Strip foundation,2.0,No Sunlight,Dry Wall,264,Furnace,5,Yes,NM Cable,768,664,1432,2,0,2,1,3,7,0,,Detached,Metal Panels,2,360,3,Paved,270,0,0,0,Composite Fences,5,2007,Down payment assistance,Shortsale,109566.0,Y,Y,2021-06-28,66679219,"Alex-Hethur-Ring 076
49474 Parsberg",Günzburg,Haiti,ursschenk@meister.com,M,Rheinland-Pfalz,670,40.0,2021-05-05,4.0,2021-05-05,4.0
742,VacHomeClass-1,VacHomeZone-1,65.0,6768,Cobblestone,Gravel,Reverse Pie,Flat,Trash|Gas|Water|Electricity,Interior lot,No Slope,RNH 20,Proximity to Hospital,Apartment,Contemporary,6,8,1966,2001,Sawtooth,Rolled Roofing,Horizontal Wood,Manmade Stone,0.0,3,4,Combined footing,3.0,Small Windows,ZenWall Panels,912,Furnace,4,Yes,NM Cable,912,0,912,1,0,3,1,4,5,0,,Detached,Metal Panels,1,288,3,Paved,168,0,0,0,Composite Fences,5,2008,Down payment assistance,Regular,117866.0,N,N,2021-10-14,39343666,"Anne-Kathrin-Sölzer-Ring 47
64466 Darmstadt",München,Russische Föderation,paffrathria@aol.de,F,Brandenburg,65069,17.0,2021-02-15,4.9,2021-02-15,4.9
743,VacHomeClass-1,VacHomeZone-1,65.0,8450,Cobblestone,Gravel,Pie,Flat,Trash|Gas|Water|Electricity,Interior lot,No Slope,RNH 21,Proximity to School,Apartment,Contemporary,7,5,2003,2008,Gable,Rolled Roofing,Board Batten,Natural Stone,108.0,3,3,Individual footing,4.0,No Sunlight,Dry Wall,1349,Furnace,5,Yes,NM Cable,1349,0,1349,2,0,3,1,3,6,0,,Attached,Metal Panels,2,539,3,Paved,120,0,0,0,Composite Fences,12,2007,Down payment assistance,Regular,148576.0,Y,Y,2021-08-15,96923849,"Centa-Carsten-Gasse 2
11443 Zeulenroda",Stade,Simbabwe,benderadalbert@yahoo.de,M,Sachsen,64969,15.0,2021-09-16,2.2,2021-09-16,2.2
744,VacHomeClass-9,VacHomeZone-1,70.0,12886,Cobblestone,Gravel,Reverse Pie,Flat,Trash|Gas|Water|Electricity,Interior lot,No Slope,RNH 20,Proximity to School,Apartment,Spanish,5,6,1964,2006,Gable,Rolled Roofing,Horizontal Wood,Manmade Stone,0.0,3,3,Combined footing,4.0,Large Windows,BrightWall Paneling,520,Furnace,5,Yes,NM Cable,1464,0,1464,2,0,3,1,3,6,1,TA,Attached,Wood Sheathing,2,480,3,Paved,302,0,0,0,No Fence,10,2009,Down payment assistance,Regular,145256.0,Y,N,2021-05-21,4347040,"Miguel-Hornig-Ring 4/8
50481 Schwerin",Lichtenfels,Äthiopien,hendrikserdogan@gmail.com,M,Niedersachsen,45968,39.0,2021-12-10,1.1,2021-12-10,1.1
745,VacHomeClass-12,VacHomeZone-1,41.0,5395,Cobblestone,Gravel,Reverse Pie,High Level,Trash|Gas|Water|Electricity,Interior lot,No Slope,RNH 23,Proximity to School,SingleFamilyHome,Contemporary,8,5,1997,1999,Gable,Rolled Roofing,Horizontal Wood,Manmade Stone,0.0,4,3,Individual footing,4.0,No Sunlight,ZenWall Panels,1337,Furnace,4,Yes,NM Cable,1337,0,1337,2,0,2,1,4,5,1,TA,Attached,Wood Sheathing,2,462,3,Paved,96,168,0,0,No Fence,10,2008,Down payment assistance,Regular,149406.0,N,N,2021-07-21,78336032,"Rosalia-Textor-Ring 65
44042 Bayreuth",Backnang,Mali,gschulz@web.de,F,Nordrhein-Westfalen,33262,29.0,2021-10-01,4.3,2021-10-01,4.3
746,VacHomeClass-6,VacHomeZone-1,,8963,Cobblestone,Gravel,Reverse Pie,Flat,Trash|Gas|Water|Electricity,Interior lot,No Slope,RNH 17,Proximity to School,Apartment,Bungalow,8,9,1979,2006,Sawtooth,Rolled Roofing,Board Batten,Natural Stone,289.0,5,4,Combined footing,3.0,No Sunlight,ZenWall Panels,1142,Furnace,5,Yes,NM Cable,1175,1540,2715,3,1,4,1,4,11,2,TA,Breezeway,DryWall,2,831,3,Paved,0,0,0,0,No Fence,7,2008,Down payment assistance,Regular,248840.0,Y,Y,2021-12-06,26697758,"Daniel-Staude-Platz 769
96889 Ueckermünde",Eutin,Afghanistan,qbaum@hotmail.de,Unknown,Sachsen-Anhalt,35280,46.0,2021-01-13,3.4,2021-01-13,3.4
747,VacHomeClass-6,VacHomeZone-1,,8795,Cobblestone,Gravel,Reverse Pie,Flat,Trash|Gas|Water|Electricity,Interior lot,No Slope,RNH 9,Proximity to School,Apartment,Bungalow,7,5,2002,2005,Gable,Rolled Roofing,Board Batten,Manmade Stone,0.0,4,3,Individual footing,4.0,No Sunlight,ZenWall Panels,952,Furnace,5,Yes,NM Cable,980,1276,2256,2,1,4,1,4,8,1,TA,Breezeway,DryWall,2,554,3,Paved,224,0,0,0,No Fence,4,2009,Down payment assistance,Regular,195886.0,N,N,2021-02-20,69427923,"Vinko-Ruppersberger-Weg 5/6
78946 Garmisch-Partenkirchen",Lobenstein,Brunei Darussalam,hans-adolfkoester@trueb.com,Unknown,Schleswig-Holstein,64294,55.0,2021-05-30,1.5,2021-05-30,1.5
748,VacHomeClass-7,VacHomeZone-2,65.0,11700,Cobblestone,Cobblestone,Reverse Pie,Flat,Trash|Gas|Water|Electricity,Corner lot,No Slope,RNH 18,Proximity to School,Apartment,Bungalow,7,7,1883,2005,Colonial,Rolled Roofing,Fiber cement,Manmade Stone,0.0,4,3,Drilled Shafts,3.0,No Sunlight,Dry Wall,1240,Boiler,3,No,NM Cable,1320,1320,2640,1,1,4,1,4,8,1,Gd,Detached,Metal Panels,4,864,3,Only Gravel,181,0,0,0,No Fence,5,2009,Down payment assistance,Regular,220768.57,Y,N,2021-02-05,42444572,"Cathleen-Pohl-Straße 55
66077 Paderborn",Emmendingen,Norfolkinsel,ekroker@gmail.com,M,Bayern,13294,75.0,2021-04-24,3.9,2021-04-24,3.9
749,VacHomeClass-1,VacHomeZone-1,59.0,10593,Cobblestone,Gravel,Reverse Pie,Flat,Trash|Gas|Water|Electricity,Interior lot,No Slope,RNH 14,Proximity to School,Apartment,Contemporary,7,5,2000,2002,Sawtooth,Rolled Roofing,Board Batten,Natural Stone,338.0,4,3,Individual footing,4.0,No Sunlight,ZenWall Panels,1720,Furnace,5,Yes,NM Cable,1720,0,1720,2,0,3,1,4,7,1,TA,Attached,DryWall,2,527,3,Paved,240,0,0,0,No Fence,3,2010,Down payment assistance,Regular,216138.0,Y,N,2021-10-04,54584907,"Betty-Staude-Allee 3
67363 Gardelegen",Kronach,Vanuatu,geislertina@aol.de,F,Bremen,75892,68.0,2021-11-08,2.8,2021-11-08,2.8
750,VacHomeClass-5,VacHomeZone-1,50.0,8405,Cobblestone,Gravel,Pie,Flat,Trash|Gas|Water|Electricity,Interior lot,No Slope,RNH 8,Proximity to School,Apartment,Craftsman,4,3,1947,1957,Gable,Rolled Roofing,Vinyl,Manmade Stone,0.0,3,3,Pile foundation,,,,0,Hybrid Heating,3,No,Armored Cable,1088,441,1529,2,0,4,1,3,9,0,,Detached,Metal Panels,1,240,3,Only Gravel,92,0,0,0,No Fence,4,2009,Down payment assistance,Regular,81346.0,Y,Y,2021-04-18,38986055,"Ditschlerinstr. 87
58145 Wiedenbrück",Mayen,Suriname,kobeltdiethelm@dowerg.net,Unknown,Saarland,27962,96.0,2021-07-30,1.5,2021-07-30,1.5
751,VacHomeClass-5,VacHomeZone-2,55.0,8800,Cobblestone,Concrete,Pie,Flat,Trash|Gas|Water|Electricity,Corner lot,No Slope,RNH 18,Proximity to School,Apartment,Craftsman,4,7,1914,2012,Gable,Rolled Roofing,Wood Shingle,Manmade Stone,0.0,3,3,Strip foundation,3.0,No Sunlight,Dry Wall,576,Furnace,4,Yes,NM Cable,792,348,1140,1,0,3,1,3,7,0,,No Garage,Unfinished,0,0,0,Only Gravel,0,0,0,0,No Fence,6,2010,Down payment assistance,Regular,80101.0,Y,N,2021-05-02,53748782,"Sergio-Grein Groth-Allee 8/5
45949 Kronach",Burgdorf,Bolivien,patricia41@googlemail.com,F,Sachsen,26374,27.0,2021-07-20,1.2,2021-07-20,1.2
752,VacHomeClass-6,VacHomeZone-1,,7750,Cobblestone,Gravel,Pie,Flat,Trash|Gas|Water|Electricity,Interior lot,No Slope,RNH 9,Proximity to Restaurants,Apartment,Bungalow,7,5,2006,2009,Gable,Rolled Roofing,Board Batten,Manmade Stone,0.0,4,3,Individual footing,4.0,No Sunlight,Dry Wall,660,Furnace,5,Yes,NM Cable,660,660,1320,2,1,3,1,4,6,0,,Attached,DryWall,2,400,3,Paved,0,0,0,0,No Fence,8,2007,Down payment assistance,Regular,134466.0,Y,N,2021-07-24,53926326,"Wibke-Dietz-Ring 847
14161 Nordhausen",Schwandorf,Vatikanstadt,asauer@gmail.com,M,Nordrhein-Westfalen,59151,11.0,2021-12-19,4.0,2021-12-19,4.0
753,VacHomeClass-1,VacHomeZone-1,79.0,9236,Cobblestone,Gravel,Reverse Pie,Flat,Trash|Gas|Water|Electricity,Interior lot,No Slope,RNH 6,Proximity to School,Apartment,Contemporary,6,5,1998,2000,Gable,Rolled Roofing,Board Batten,Manmade Stone,0.0,3,4,Individual footing,4.0,French Doors,ZenWall Panels,1479,Furnace,5,Yes,NM Cable,1494,0,1494,2,0,3,1,4,6,0,,Attached,Wood Sheathing,2,576,3,Paved,168,0,0,0,No Fence,7,2006,Down payment assistance,Regular,180116.0,N,N,2021-08-20,2238425,"Anke-Oderwald-Gasse 105
82983 Kyritz",Auerbach,Marshallinseln,fradisch@weller.com,Unknown,Brandenburg,52186,33.0,2021-09-05,3.5,2021-09-05,3.5
754,VacHomeClass-6,VacHomeZone-1,80.0,10240,Cobblestone,Gravel,Pie,Flat,Trash|Gas|Water|Electricity,Interior lot,No Slope,RNH 16,Proximity to School,Apartment,Bungalow,8,5,2010,2010,Gable,Rolled Roofing,Board Batten,Natural Stone,178.0,4,3,Individual footing,4.0,Small Windows,Dry Wall,1030,Furnace,4,Yes,NM Cable,1038,1060,2098,2,1,3,1,5,8,1,Gd,Attached,Wood Sheathing,3,878,3,Paved,192,0,0,0,No Fence,3,2006,Down payment assistance,Regular,228671.0,Y,N,2021-03-01,90584923,"Jesselplatz 7
97701 Moers",Nabburg,Vietnam,frankehannah@weller.com,Unknown,Brandenburg,58777,11.0,2021-02-23,3.1,2021-02-23,3.1
755,VacHomeClass-1,VacHomeZone-1,61.0,7930,Cobblestone,Gravel,Pie,Flat,Trash|Gas|Water|Electricity,Interior lot,No Slope,NAmes,Proximity to School,Apartment,Contemporary,6,8,1971,2012,Gable,Rolled Roofing,Brick,Manmade Stone,0.0,3,3,Combined footing,3.0,No Sunlight,ZenWall Panels,1026,Furnace,4,Yes,NM Cable,1026,0,1026,1,0,3,1,4,5,0,,Detached,Wood Sheathing,2,440,3,Paved,171,0,0,0,No Fence,7,2009,Down payment assistance,Regular,129486.0,N,Y,2021-05-03,43850617,"Milan-Loos-Weg 7
32983 Paderborn",Kronach,Fidschi,nicolasbachmann@gmail.com,Unknown,Mecklenburg-Vorpommern,68963,58.0,2021-08-27,4.1,2021-08-27,4.1
756,VacHomeClass-13,VacHomeZone-5,34.0,3230,Cobblestone,Cobblestone,Pie,Flat,Trash|Gas|Water|Electricity,Interior lot,No Slope,RNH 22,Proximity to School,SingleFamilyHome,Bungalow,6,5,2002,2007,Gable,Rolled Roofing,Log Wood,Natural Stone,894.0,3,3,Individual footing,4.0,No Sunlight,ZenWall Panels,729,Furnace,4,Yes,NM Cable,742,729,1471,2,1,3,1,3,6,0,,Detached,Metal Panels,2,440,3,Paved,0,0,0,0,No Fence,3,2009,Down payment assistance,Regular,143181.0,N,N,2021-03-22,5657476,"Rädelplatz 97
35297 Rostock",Dinkelsbühl,Guyana,theresiaflantz@gmail.com,Unknown,Thüringen,5294,47.0,2021-04-08,1.8,2021-04-08,1.8
757,VacHomeClass-6,VacHomeZone-1,68.0,10769,Cobblestone,Gravel,Reverse Pie,Flat,Trash|Gas|Water|Electricity,Interior lot,No Slope,RNH 6,Proximity to School,Apartment,Bungalow,8,5,2008,2012,Gable,Rolled Roofing,Board Batten,Manmade Stone,0.0,4,3,Individual footing,4.0,Large Windows,ZenWall Panels,866,Furnace,5,Yes,NM Cable,866,902,1768,2,1,3,1,4,7,0,,Attached,Wood Sheathing,2,578,3,Paved,144,0,0,0,No Fence,4,2009,Down payment assistance,Regular,175966.0,Y,N,2021-01-15,14607868,"Kambsallee 15
19428 Mayen",Lüdenscheid,Luxemburg,bachmannfranjo@yahoo.de,Unknown,Hamburg,65998,88.0,2021-01-30,2.7,2021-01-30,2.7
758,VacHomeClass-6,VacHomeZone-1,,11616,Cobblestone,Gravel,Reverse Pie,Flat,Trash|Gas|Water|Electricity,Cul-de-sac,No Slope,RNH 20,Proximity to School,Apartment,Bungalow,6,5,1982,1982,Sawtooth,Rolled Roofing,Horizontal Wood,Concrete Panels,328.0,3,3,Combined footing,3.0,Small Windows,Foamax,672,Furnace,3,Yes,NM Cable,672,714,1386,2,1,3,1,3,6,1,TA,Attached,DryWall,2,440,3,Paved,335,0,0,0,Composite Fences,4,2010,Down payment assistance,Shortsale,131893.0,N,N,2021-09-14,8593535,"Heidrun-Pergande-Straße 642
57861 Eckernförde",Mallersdorf,Irak,foersterotfried@aol.de,Unknown,Bayern,68911,25.0,2021-01-14,2.5,2021-01-14,2.5
759,VacHomeClass-13,VacHomeZone-5,24.0,2280,Cobblestone,Cobblestone,Pie,Flat,Trash|Gas|Water|Electricity,Interior lot,No Slope,RNH 22,Proximity to School,MultiFamilyHome,Bungalow,7,5,2001,2006,Gable,Rolled Roofing,Log Wood,Natural Stone,360.0,3,3,Individual footing,4.0,No Sunlight,BrightWall Paneling,744,Furnace,4,Yes,NM Cable,757,744,1501,2,1,3,1,3,6,0,,Detached,Metal Panels,2,440,3,Paved,0,0,0,0,No Fence,8,2008,Down payment assistance,Regular,148908.0,Y,Y,2021-11-19,43564224,"Alexei-Krause-Straße 66
11657 Eilenburg",Zossen,Neuseeland,zkrause@hartmann.de,F,Bremen,86489,80.0,2021-02-07,2.2,2021-02-07,2.2
760,VacHomeClass-6,VacHomeZone-1,65.0,12257,Cobblestone,Gravel,Reverse Pie,Flat,Trash|Gas|Water|Electricity,Interior lot,No Slope,RNH 14,Proximity to School,Apartment,Bungalow,8,5,2000,2000,Gable,Rolled Roofing,Board Batten,Natural Stone,513.0,4,3,Individual footing,4.0,Large Windows,Basement to Beautiful Panels,1318,Furnace,5,Yes,NM Cable,1328,1203,2531,2,1,4,1,4,9,1,TA,Attached,Wood Sheathing,3,752,3,Paved,222,0,0,0,No Fence,11,2007,Down payment assistance,Regular,240706.0,N,Y,2021-09-25,51923150,"Flantzweg 897
25285 Starnberg",Bruchsal,Vietnam,dominic43@schaefer.de,Unknown,Mecklenburg-Vorpommern,6021,32.0,2021-09-27,2.6,2021-09-27,2.6
761,VacHomeClass-1,VacHomeZone-1,70.0,9100,Cobblestone,Gravel,Pie,Flat,Trash|Gas|Water|Electricity,Interior lot,No Slope,NAmes,Proximity to School,Apartment,Contemporary,6,6,1962,1965,Sawtooth,Rolled Roofing,Wood Shingle,Manmade Stone,0.0,3,3,Combined footing,3.0,No Sunlight,Foamax,864,Furnace,5,Yes,NM Cable,864,0,864,1,0,2,1,3,5,0,,Detached,Metal Panels,1,300,5,Paved,0,0,0,0,No Fence,10,2009,Down payment assistance,Regular,105831.0,Y,N,2021-10-08,63093360,"Franco-Rogge-Ring 56
90144 Calw",Eisenhüttenstadt,Schweiz,leareising@googlemail.com,F,Saarland,3336,34.0,2021-03-20,4.5,2021-03-20,4.5
762,VacHomeClass-2,VacHomeZone-2,60.0,6911,Cobblestone,Gravel,Pie,Flat,Trash|Gas|Water|Electricity,T-intersection,No Slope,RNH 4,Proximity to Hospital,Apartment,Contemporary,5,5,1928,1956,Gable,Rolled Roofing,Wood Shingle,Manmade Stone,0.0,3,3,Individual footing,3.0,Small Windows,Basement to Beautiful Panels,1145,Furnace,3,Yes,NM Cable,1301,0,1301,1,0,2,1,2,5,0,,Detached,Metal Panels,2,440,3,Paved,0,0,0,0,No Fence,10,2009,Down payment assistance,Regular,83006.0,N,Y,2021-02-07,76383045,"Buchholzallee 5/1
44388 Pirmasens",Regen,Amerikanisch-Ozeanien,leonoregotthard@gmx.de,M,Baden-Württemberg,13343,57.0,2021-03-03,3.5,2021-03-03,3.5
763,VacHomeClass-6,VacHomeZone-5,72.0,8640,Cobblestone,Gravel,Pie,Flat,Trash|Gas|Water|Electricity,Interior lot,No Slope,RNH 22,Proximity to School,Apartment,Bungalow,7,5,2011,2013,Gable,Rolled Roofing,Board Batten,Manmade Stone,0.0,3,3,Individual footing,4.0,Small Windows,ZenWall Panels,756,Furnace,5,Yes,NM Cable,764,783,1547,2,1,3,1,4,7,0,,Attached,Metal Panels,2,614,3,Paved,169,0,0,0,No Fence,6,2010,Gift,Regular,178622.0,Y,Y,2021-05-28,21492402,"Heinrichweg 7
13139 Bitterfeld",Havelberg,Guinea,hornichjose@walter.com,F,Mecklenburg-Vorpommern,29120,3.0,2021-08-01,2.3,2021-08-01,2.3
764,VacHomeClass-6,VacHomeZone-1,82.0,9430,Cobblestone,Gravel,Pie,Flat,Trash|Gas|Water|Electricity,Interior lot,No Slope,RNH 14,Proximity to School,Apartment,Bungalow,8,5,2002,2008,Gable,Rolled Roofing,Board Batten,Natural Stone,673.0,4,3,Individual footing,4.0,Small Windows,ZenWall Panels,1252,Furnace,5,Yes,NM Cable,1268,1097,2365,2,1,3,1,4,8,1,Gd,Attached,Wood Sheathing,3,856,3,Paved,0,0,0,0,No Fence,7,2009,Down payment assistance,Regular,279716.0,N,N,2021-11-13,71474991,"Gertzgasse 52
00466 Uelzen",Stendal,Bangladesch,gbeer@reinhardt.de,Unknown,Hamburg,3777,86.0,2021-06-30,3.2,2021-06-30,3.2
765,VacHomeClass-12,VacHomeZone-1,30.0,9549,Cobblestone,Gravel,Reverse Pie,Flat,Trash|Gas|Water|Electricity,Cul-de-sac,No Slope,RNH 25,Proximity to School,SingleFamilyHome,Contemporary,8,5,1997,1998,Sawtooth,Rolled Roofing,Vertical Wood,Manmade Stone,0.0,4,4,Individual footing,4.0,Large Windows,Basement to Beautiful Panels,1494,Furnace,5,Yes,NM Cable,1494,0,1494,1,1,2,1,5,6,1,Gd,Attached,DryWall,2,481,3,Paved,0,0,0,0,No Fence,4,2006,Down payment assistance,Regular,224106.0,Y,Y,2021-08-03,44030254,"Hethurallee 6
92724 Eisleben",Wertingen,Bahamas,caecilia67@jaentsch.de,M,Baden-Württemberg,59820,30.0,2021-04-18,1.1,2021-04-18,1.1
766,VacHomeClass-1,VacHomeZone-1,75.0,14587,Cobblestone,Gravel,Reverse Pie,Flat,Trash|Gas|Water|Electricity,Interior lot,No Slope,RNH 22,Proximity to School,Apartment,Contemporary,9,5,2013,2014,Gable,Rolled Roofing,Board Batten,Manmade Panels,284.0,4,3,Individual footing,4.0,No Sunlight,Dry Wall,1498,Furnace,5,Yes,NM Cable,1506,0,1506,2,0,2,1,5,6,1,Gd,Attached,DryWall,2,592,3,Paved,0,0,0,0,No Fence,8,2008,Government-backed programs,Distress Sale,219235.56,Y,Y,2021-09-30,22469151,"Nikolas-Drub-Weg 5/8
68223 Hohenmölsen",Griesbach Rottal,Südafrika,ditmar20@gmx.de,F,Thüringen,63335,69.0,2021-09-14,3.4,2021-09-14,3.4
767,VacHomeClass-6,VacHomeZone-1,80.0,10421,Cobblestone,Gravel,Pie,Flat,Trash|Gas|Water|Electricity,Interior lot,No Slope,RNH 17,Proximity to School,Apartment,Bungalow,7,5,1993,1995,Gable,Rolled Roofing,Horizontal Wood,Natural Stone,42.0,3,3,Combined footing,4.0,No Sunlight,ZenWall Panels,980,Furnace,3,Yes,NM Cable,980,734,1714,2,1,3,1,3,7,1,TA,Attached,Metal Panels,2,496,3,Paved,228,0,0,0,Vinyl Fences,3,2010,Down payment assistance,Regular,163101.0,N,Y,2021-07-27,77826152,"Margita-Stadelmann-Allee 507
08322 Guben",Meißen,Osttimor,owarmer@hotmail.de,M,Bayern,9925,63.0,2021-12-05,3.0,2021-12-05,3.0
768,VacHomeClass-5,VacHomeZone-1,75.0,12508,Cobblestone,Gravel,Reverse Pie,Flat,Trash|Gas|Water|Electricity,Interior lot,No Slope,RNH 12,Proximity to School,Apartment,Craftsman,6,7,1941,1989,Gable,Rolled Roofing,Board Batten,Manmade Stone,0.0,3,3,Combined footing,4.0,Small Windows,BrightWall Paneling,983,Furnace,5,Yes,NM Cable,983,767,1750,2,0,4,1,3,7,0,,Attached,Metal Panels,1,423,3,Paved,245,0,0,0,No Fence,7,2008,Down payment assistance,Regular,132806.0,Y,N,2021-09-18,72844670,"Hellwigweg 2/6
15601 Hofgeismar",Witzenhausen,Malaysia,andresullmann@gmail.com,Unknown,Schleswig-Holstein,6163,83.0,2021-02-02,1.4,2021-02-02,1.4
769,VacHomeClass-1,VacHomeZone-1,70.0,9100,Cobblestone,Gravel,Pie,Flat,Trash|Gas|Water|Electricity,Interior lot,No Slope,RNH 6,Proximity to School,Apartment,Contemporary,7,5,2008,2010,Sawtooth,Rolled Roofing,Board Batten,Manmade Stone,0.0,4,3,Individual footing,4.0,No Sunlight,ZenWall Panels,1860,Furnace,5,Yes,NM Cable,1836,0,1836,2,0,3,1,4,8,1,Gd,Attached,DryWall,2,484,3,Paved,120,0,0,0,No Fence,10,2006,Down payment assistance,Regular,179980.71,N,N,2021-10-05,47250475,"Wellerstraße 101
57747 Wolfenbüttel",Regensburg,Tansania,adrianadoehn@yahoo.de,F,Sachsen-Anhalt,70868,5.0,2021-11-08,1.2,2021-11-08,1.2
770,VacHomeClass-6,VacHomeZone-1,47.0,53504,Cobblestone,Gravel,Rectangular,High Level,Trash|Gas|Water|Electricity,Cul-de-sac,Little Slope,RNH 23,Proximity to School,Apartment,Bungalow,8,5,2005,2008,Sawtooth,Rolled Roofing,Metal,Natural Stone,603.0,5,3,Individual footing,4.0,French Doors,BrightWall Paneling,1650,Furnace,5,Yes,NM Cable,1690,1589,3279,3,1,4,1,5,12,1,Gd,Breezeway,DryWall,3,841,3,Paved,503,0,0,0,No Fence,6,2010,Down payment assistance,Regular,446546.0,N,N,2021-07-25,4720645,"Zbigniew-Möchlichen-Straße 3/8
33788 Wanzleben",Burgdorf,Panama,wolfram62@yahoo.de,M,Sachsen,3428,37.0,2021-10-04,3.3,2021-10-04,3.3
771,VacHomeClass-10,VacHomeZone-1,,7252,Cobblestone,Gravel,Reverse Pie,Flat,Trash|Gas|Water|Electricity,Cul-de-sac,No Slope,RNH 20,Proximity to School,Apartment,Georgian,5,5,1987,1990,Sawtooth,Rolled Roofing,Wood Shingle,Manmade Stone,0.0,3,3,Combined footing,4.0,Large Windows,ZenWall Panels,858,Furnace,3,Yes,NM Cable,858,0,858,1,0,2,1,3,5,0,,Detached,Metal Panels,2,576,3,Paved,120,0,0,0,No Fence,4,2009,Down payment assistance,Regular,111973.0,Y,N,2021-09-14,91870520,"Schmiedtallee 5
71556 Fulda",Lörrach,Finnland,aennehermighausen@aol.de,M,Sachsen,92516,38.0,2021-07-19,3.7,2021-07-19,3.7
772,VacHomeClass-1,VacHomeZone-1,67.0,8877,Cobblestone,Gravel,Pie,Flat,Trash|Gas|Water|Electricity,Interior lot,No Slope,RNH 8,Proximity to School,Apartment,Contemporary,4,5,1954,1956,Gable,Rolled Roofing,Wood Shingle,Manmade Stone,0.0,3,3,Combined footing,2.0,No Sunlight,Basement to Beautiful Panels,836,Furnace,3,Yes,Armored Cable,1220,0,1220,1,0,2,1,3,6,0,,Detached,Metal Panels,2,396,3,Paved,0,0,0,0,No Fence,4,2006,Reverse Mortgage,Regular,84666.0,Y,N,2021-06-12,7889981,"Ottoallee 1
32668 Oranienburg",Bad Brückenau,Australien,esterhaase@yahoo.de,Unknown,Baden-Württemberg,97859,1.0,2021-02-04,4.8,2021-02-04,4.8
773,VacHomeClass-9,VacHomeZone-1,94.0,7819,Cobblestone,Gravel,Pie,Flat,Trash|Gas|Water|Electricity,Interior lot,No Slope,RNH 8,Proximity to School,Apartment,Spanish,6,5,1978,1983,Gable,Rolled Roofing,Brick,Manmade Stone,0.0,3,3,Combined footing,3.0,Large Windows,BrightWall Paneling,1029,Furnace,3,Yes,NM Cable,1117,0,1117,1,0,3,1,3,6,1,TA,Detached,Metal Panels,2,672,3,Paved,144,0,0,0,Vinyl Fences,3,2010,Down payment assistance,Shortsale,88816.0,N,Y,2021-07-15,71228259,"Zorbachplatz 83
67712 Grevenbroich",Parsberg,Dominikanische Republik,sieglindehertrampf@web.de,Unknown,Schleswig-Holstein,51598,68.0,2021-07-26,4.1,2021-07-26,4.1
774,VacHomeClass-1,VacHomeZone-1,70.0,10150,Cobblestone,Gravel,Pie,Flat,Trash|Gas|Water|Electricity,Interior lot,No Slope,NAmes,Proximity to Hospital,Apartment,Contemporary,5,5,1962,1964,Gable,Rolled Roofing,Wood Shingle,Manmade Stone,1.0,3,3,Combined footing,3.0,No Sunlight,Foamax,912,Furnace,5,Yes,Underground Feeder Cable,912,0,912,1,0,2,1,3,5,0,,Attached,Wood Sheathing,1,275,3,Paved,0,0,0,0,No Fence,7,2007,Reverse Mortgage,Regular,95041.0,N,Y,2021-06-26,98383702,"Frankeallee 288
43076 Schwarzenberg",Nordhausen,Réunion,winklermareen@aol.de,M,Sachsen,86329,16.0,2021-02-01,4.5,2021-02-01,4.5
775,VacHomeClass-1,VacHomeZone-1,110.0,14226,Cobblestone,Gravel,Pie,Flat,Trash|Gas|Water|Electricity,Corner lot,No Slope,RNH 16,Proximity to School,Apartment,Contemporary,8,5,2007,2009,Sawtooth,Rolled Roofing,Board Batten,Natural Stone,375.0,4,3,Individual footing,4.0,Large Windows,Dry Wall,1935,Furnace,4,Yes,NM Cable,1973,0,1973,2,0,3,1,4,9,1,Gd,Attached,DryWall,3,895,3,Paved,315,0,0,0,No Fence,7,2007,Government-backed programs,Distress Sale,327856.0,Y,Y,2021-03-08,12725090,"Müllerring 1
49373 Göttingen",Beilngries,Jordanien,ztextor@kallert.com,F,Berlin,26427,77.0,2021-03-09,3.3,2021-03-09,3.3
776,VacHomeClass-12,VacHomeZone-2,32.0,4500,Cobblestone,Gravel,Pie,Flat,Trash|Gas|Water|Electricity,T-intersection,No Slope,RNH 12,Proximity to School,SingleFamilyHome,Contemporary,6,5,2001,2006,Sawtooth,Rolled Roofing,Board Batten,Natural Stone,320.0,3,3,Individual footing,5.0,No Sunlight,ZenWall Panels,1204,Furnace,5,Yes,NM Cable,1204,0,1204,2,0,2,1,3,5,0,,Attached,DryWall,2,412,3,Paved,0,0,0,0,No Fence,6,2009,Down payment assistance,Regular,134466.0,Y,N,2021-02-18,39393555,"Hettnergasse 32
23259 Mittweida",Neuss,Gabun,friedhelm09@heintze.org,Unknown,Sachsen,84421,46.0,2021-09-02,4.4,2021-09-02,4.4
777,VacHomeClass-1,VacHomeZone-1,86.0,11210,Cobblestone,Gravel,Reverse Pie,Flat,Trash|Gas|Water|Electricity,Interior lot,No Slope,RNH 6,Proximity to School,Apartment,Contemporary,7,5,2009,2010,Gable,Rolled Roofing,Board Batten,Natural Stone,240.0,4,3,Individual footing,4.0,Large Windows,ZenWall Panels,1614,Furnace,5,Yes,NM Cable,1614,0,1614,2,0,3,1,4,7,0,,Attached,Wood Sheathing,3,865,3,Paved,144,0,0,0,No Fence,7,2006,Government-backed programs,Distress Sale,183851.0,N,Y,2021-03-10,67482566,"Thanelring 14
08416 Bamberg",Monschau,Kambodscha,kristian46@loechel.org,M,Hessen,84196,63.0,2021-01-13,1.0,2021-01-13,1.0
778,VacHomeClass-1,VacHomeZone-1,100.0,13350,Cobblestone,Gravel,Reverse Pie,Flat,Trash|Gas|Water|Electricity,Interior lot,No Slope,RNH 20,Proximity to School,Apartment,Contemporary,5,5,1978,1983,Sawtooth,Rolled Roofing,Horizontal Wood,Manmade Stone,0.0,3,3,Combined footing,3.0,No Sunlight,BrightWall Paneling,864,Furnace,3,Yes,NM Cable,894,0,894,1,0,3,1,3,5,1,Fa,Attached,Metal Panels,2,440,3,Paved,241,0,0,0,Vinyl Fences,6,2006,Down payment assistance,Regular,118281.0,Y,Y,2021-12-18,66356691,"Södingplatz 8
29571 Roth",Forchheim,Dominikanische Republik,ernst-augustditschlerin@hornig.com,F,Hamburg,49915,35.0,2021-09-05,3.1,2021-09-05,3.1
779,VacHomeClass-11,VacHomeZone-4,60.0,8400,Cobblestone,Gravel,Pie,Flat,Trash|Gas|Water|Electricity,Interior lot,No Slope,RNH 21,Proximity to Hospital,Townhome,Contemporary,5,5,1981,1985,Gable,Rolled Roofing,Brick,Natural Stone,320.0,3,3,Pile foundation,,,,0,Furnace,3,Yes,NM Cable,2020,0,2020,2,0,4,2,3,10,2,TA,Detached,Metal Panels,2,630,3,Paved,0,0,0,0,No Fence,10,2007,Down payment assistance,Regular,119526.0,N,Y,2021-02-05,91322357,"Jens-Uwe-Bohnbach-Ring 115
52826 Füssen",Lichtenfels,Tokelau,erogner@gmail.com,M,Berlin,51022,67.0,2021-12-05,3.5,2021-12-05,3.5
780,VacHomeClass-11,VacHomeZone-1,78.0,10530,Cobblestone,Gravel,Pie,Flat,Trash|Gas|Water|Electricity,Interior lot,No Slope,RNH 12,Proximity to School,Townhome,Georgian,6,5,1980,1985,Gable,Rolled Roofing,Brick,Natural Stone,90.0,3,3,Combined footing,4.0,French Doors,ZenWall Panels,975,Furnace,3,Yes,NM Cable,1004,0,1004,1,0,2,1,3,4,0,,Attached,Metal Panels,2,504,3,Paved,0,0,0,0,No Fence,5,2006,Down payment assistance,Regular,112056.0,Y,Y,2021-06-17,25946550,"Klaus-D.-Kensy-Weg 73
49050 Einbeck",Naila,Vatikanstadt,phoelzenbecher@googlemail.com,Unknown,Bremen,12342,40.0,2021-08-01,3.0,2021-08-01,3.0
781,VacHomeClass-1,VacHomeZone-1,63.0,7875,Cobblestone,Gravel,Pie,Flat,Trash|Gas|Water|Electricity,Interior lot,No Slope,RNH 9,Proximity to School,Apartment,Contemporary,7,5,2000,2003,Gable,Rolled Roofing,Horizontal Wood,Natural Stone,38.0,3,3,Individual footing,4.0,No Sunlight,Dry Wall,1237,Furnace,4,Yes,NM Cable,1253,0,1253,2,0,3,1,3,6,1,TA,Attached,DryWall,2,402,3,Paved,220,0,0,0,No Fence,6,2007,Down payment assistance,Regular,146086.0,N,N,2021-06-26,33470399,"Pascal-Bien-Straße 8/0
03633 Sangerhausen",Neubrandenburg,El Salvador,ybohnbach@yahoo.de,M,Sachsen,54650,52.0,2021-11-01,2.8,2021-11-01,2.8
782,VacHomeClass-6,VacHomeZone-1,65.0,7153,Cobblestone,Gravel,Pie,Flat,Trash|Gas|Water|Electricity,Interior lot,No Slope,RNH 21,Proximity to School,Apartment,Bungalow,6,5,1995,1994,Gable,Rolled Roofing,Board Batten,Manmade Stone,0.0,4,4,Individual footing,4.0,No Sunlight,BrightWall Paneling,761,Furnace,5,Yes,NM Cable,810,793,1603,2,1,3,1,4,7,0,,Attached,Wood Sheathing,2,484,3,Paved,0,0,0,0,No Fence,7,2006,Down payment assistance,Regular,146003.0,Y,Y,2021-03-20,58480045,"Polina-Knappe-Ring 623
62930 Rothenburg ob der Tauber",Wanzleben,Türkei,edeltraudspeer@jessel.com,F,Bremen,54537,71.0,2021-02-24,3.9,2021-02-24,3.9
783,VacHomeClass-1,VacHomeZone-1,67.0,16285,Cobblestone,Gravel,Rectangular,Flat,Trash|Gas|Water|Electricity,Interior lot,No Slope,RNH 6,Proximity to School,Apartment,Contemporary,7,5,2005,2007,Gable,Rolled Roofing,Board Batten,Manmade Stone,0.0,4,3,Individual footing,4.0,No Sunlight,Dry Wall,1413,Furnace,5,Yes,NM Cable,1430,0,1430,2,0,3,1,4,6,0,,Attached,Wood Sheathing,2,605,3,Paved,0,0,0,0,No Fence,6,2009,Down payment assistance,Regular,155299.0,Y,Y,2021-03-15,77169648,"Lübsgasse 21
95139 Reutlingen",Strasburg,Guyana,nickweller@schacht.com,M,Nordrhein-Westfalen,38132,63.0,2021-01-22,4.6,2021-01-22,4.6
784,VacHomeClass-10,VacHomeZone-1,,9101,Cobblestone,Gravel,Reverse Pie,Flat,Trash|Gas|Water|Electricity,Corner lot,No Slope,RNH 12,Proximity to School,Apartment,Georgian,5,6,1983,1984,Gable,Rolled Roofing,Brick,Natural Stone,104.0,3,4,Individual footing,4.0,Large Windows,ZenWall Panels,1097,Furnace,5,Yes,NM Cable,1110,0,1110,1,0,1,1,4,4,1,TA,Attached,DryWall,2,602,3,Paved,303,0,0,0,No Fence,7,2009,Down payment assistance,Regular,137371.0,N,Y,2021-04-06,37899813,"Ilka-Rogge-Ring 5/9
52071 Sigmaringen",Kassel,Norwegen,iwalter@adler.com,M,Sachsen-Anhalt,81919,18.0,2021-04-20,2.4,2021-04-20,2.4
785,VacHomeClass-8,VacHomeZone-2,35.0,6300,Cobblestone,Concrete,Pie,Flat,Trash|Gas|Water|Electricity,Interior lot,No Slope,RNH 18,Proximity to School,Apartment,Modern,6,6,1915,2009,Gable,Rolled Roofing,Wood Shingle,Manmade Stone,0.0,3,3,Combined footing,3.0,No Sunlight,Dry Wall,742,Furnace,5,Yes,NM Cable,742,742,1484,2,0,3,1,3,9,1,Gd,No Garage,Unfinished,0,0,0,Paved,0,0,0,0,No Fence,6,2008,Down payment assistance,Regular,106246.0,N,Y,2021-10-07,85505490,"Detlef-Ruppersberger-Platz 2/0
93017 Guben",Mallersdorf,Marshallinseln,patrickaul@aol.de,F,Nordrhein-Westfalen,98938,97.0,2021-05-02,4.7,2021-05-02,4.7
786,VacHomeClass-1,VacHomeZone-1,,9790,Cobblestone,Gravel,Pie,Flat,Trash|Gas|Water|Electricity,Interior lot,No Slope,RNH 17,Proximity to Hospital,Apartment,Contemporary,6,5,1969,1976,Gable,Rolled Roofing,Vertical Wood,Manmade Stone,0.0,3,3,Combined footing,3.0,No Sunlight,Foamax,1372,Furnace,3,Yes,NM Cable,1342,0,1342,2,0,3,1,3,7,1,Gd,Attached,Metal Panels,2,457,3,Paved,0,0,0,0,No Fence,9,2009,Down payment assistance,Regular,134051.0,N,N,2021-07-12,95267357,"Dowergstr. 0
94764 Sternberg",Tübingen,Zentralafrikanische Republik,baldur84@wirth.de,M,Bremen,78227,97.0,2021-10-03,1.6,2021-10-03,1.6
787,VacHomeClass-5,VacHomeZone-2,60.0,10800,Cobblestone,Gravel,Pie,Flat,Trash|Gas|Water|Electricity,Interior lot,No Slope,RNH 18,Proximity to Gym,Apartment,Craftsman,5,6,1918,1956,Gable,Rolled Roofing,Log Wood,Manmade Stone,0.0,3,4,Individual footing,2.0,No Sunlight,Basement to Beautiful Panels,686,Furnace,3,Yes,NM Cable,966,686,1652,2,0,4,1,3,7,0,,Detached,Metal Panels,1,416,3,Paved,0,0,0,0,No Fence,6,2010,Down payment assistance,Regular,115376.0,Y,Y,2021-12-24,9951464,"Hanny-Putz-Weg 3
69203 Torgau",Quedlinburg,St. Vincent und die Grenadinen,benthinhertha@naser.com,Unknown,Schleswig-Holstein,5563,75.0,2021-05-26,2.8,2021-05-26,2.8
788,VacHomeClass-6,VacHomeZone-1,76.0,10142,Cobblestone,Gravel,Reverse Pie,Flat,Trash|Gas|Water|Electricity,Interior lot,No Slope,RNH 21,Proximity to School,Apartment,Bungalow,7,5,2005,2012,Gable,Rolled Roofing,Board Batten,Manmade Stone,0.0,4,3,Individual footing,4.0,No Sunlight,ZenWall Panels,956,Furnace,5,Yes,NM Cable,956,1128,2084,2,1,4,1,4,8,0,,Breezeway,Wood Sheathing,2,618,3,Paved,0,0,0,0,No Fence,1,2010,Down payment assistance,Regular,193396.0,Y,Y,2021-05-26,2868554,"Grein Grothweg 6/0
77552 Husum",Lübben,Estland,hans83@web.de,M,Baden-Württemberg,98191,55.0,2021-01-20,2.7,2021-01-20,2.7
789,VacHomeClass-1,VacHomeZone-2,50.0,6000,Cobblestone,Gravel,Pie,Flat,Trash|Gas|Water|Electricity,Corner lot,No Slope,RNH 18,Proximity to School,Apartment,Contemporary,4,7,1955,2008,Gable,Rolled Roofing,Log Wood,Manmade Stone,0.0,3,3,Combined footing,3.0,No Sunlight,Dry Wall,901,Furnace,5,Yes,NM Cable,901,0,901,1,0,2,1,3,4,0,,Detached,Metal Panels,1,281,2,Paved,0,0,0,0,No Fence,8,2008,Down payment assistance,Regular,89563.0,N,N,2021-06-10,85100589,"Jüttnerstraße 258
45610 Wolfratshausen",Recklinghausen,Guatemala,birte29@yahoo.de,Unknown,Bayern,95852,57.0,2021-05-30,1.3,2021-05-30,1.3
790,VacHomeClass-6,VacHomeZone-1,,12205,Cobblestone,Gravel,Reverse Pie,Low Level,Trash|Gas|Water|Electricity,Interior lot,No Slope,RNH 5,Proximity to School,Apartment,Bungalow,6,8,1967,2017,Gable,Rolled Roofing,Horizontal Wood,Natural Stone,157.0,3,3,Combined footing,3.0,French Doors,Basement to Beautiful Panels,832,Furnace,4,Yes,NM Cable,976,1111,2087,2,1,5,1,4,9,0,,Attached,DryWall,2,444,3,Paved,133,0,0,0,No Fence,7,2007,Down payment assistance,Regular,155631.0,Y,N,2021-09-02,4983392,"Adriana-Hettner-Ring 53
99988 Eckernförde",Biedenkopf,Litauen,vgunpf@aol.de,F,Hamburg,37247,54.0,2021-02-01,3.1,2021-02-01,3.1
791,VacHomeClass-12,VacHomeZone-1,43.0,3182,Cobblestone,Gravel,Pie,Flat,Trash|Gas|Water|Electricity,Interior lot,No Slope,RNH 1,Proximity to School,SingleFamilyHome,Contemporary,7,5,2009,2008,Gable,Rolled Roofing,Board Batten,Natural Stone,11.0,4,3,Individual footing,4.0,No Sunlight,ZenWall Panels,1145,Furnace,5,Yes,NM Cable,1145,0,1145,2,0,2,1,4,5,1,Gd,Attached,DryWall,2,397,3,Paved,100,0,0,0,No Fence,9,2009,Down payment assistance,Regular,132972.0,N,N,2021-09-24,60427236,"Heringweg 953
86017 Karlsruhe",Bad Mergentheim,Anguilla,nohlmansulf@girschner.com,Unknown,Schleswig-Holstein,56042,15.0,2021-11-17,2.2,2021-11-17,2.2
792,VacHomeClass-9,VacHomeZone-1,,11333,Cobblestone,Gravel,Reverse Pie,Flat,Trash|Gas|Water|Electricity,Corner lot,No Slope,RNH 12,Proximity to School,Apartment,Spanish,6,5,1981,1980,Gable,Rolled Roofing,Horizontal Wood,Manmade Stone,0.0,3,3,Individual footing,4.0,Large Windows,BrightWall Paneling,1029,Furnace,3,Yes,NM Cable,1062,0,1062,1,0,3,1,3,5,2,TA,Attached,Wood Sheathing,2,539,3,Paved,120,0,0,0,No Fence,5,2007,Down payment assistance,Regular,121850.0,Y,Y,2021-10-28,8308269,"Ernst-Otto-Pruschke-Gasse 2/3
92569 Hildburghausen",Hofgeismar,Jamaika,qgute@aol.de,M,Schleswig-Holstein,26805,33.0,2021-06-19,1.5,2021-06-19,1.5
793,VacHomeClass-6,VacHomeZone-1,92.0,9920,Cobblestone,Gravel,Reverse Pie,Flat,Trash|Gas|Water|Electricity,Cul-de-sac,No Slope,RNH 14,Proximity to School,Apartment,Bungalow,7,5,2000,2002,Gable,Rolled Roofing,Log Wood,Manmade Stone,0.0,4,3,Individual footing,4.0,Large Windows,ZenWall Panels,1117,Furnace,5,Yes,NM Cable,1127,886,2013,2,1,3,1,3,8,1,TA,Attached,Metal Panels,2,455,3,Paved,180,0,0,0,No Fence,6,2007,Down payment assistance,Regular,223931.7,Y,Y,2021-09-02,82562694,"Kilian-Mosemann-Platz 9
99919 Konstanz",Witzenhausen,St. Vincent und die Grenadinen,bolanderrainer@aol.de,F,Mecklenburg-Vorpommern,93262,39.0,2021-07-24,4.1,2021-07-24,4.1
794,VacHomeClass-1,VacHomeZone-1,76.0,9158,Cobblestone,Gravel,Pie,Flat,Trash|Gas|Water|Electricity,Interior lot,No Slope,RNH 22,Proximity to School,Apartment,Contemporary,8,5,2012,2014,Gable,Rolled Roofing,Metal,Manmade Panels,140.0,4,3,Individual footing,4.0,Large Windows,Dry Wall,1496,Furnace,5,Yes,NM Cable,1496,0,1496,2,0,3,1,4,7,0,,Attached,DryWall,2,474,3,Paved,168,0,0,0,No Fence,6,2007,Government-backed programs,Distress Sale,186756.0,N,N,2021-05-21,24904018,"Eggert-Kranz-Straße 341
79086 Stollberg",Säckingen,Italien,siegrungute@gmail.com,Unknown,Hamburg,95884,6.0,2021-07-24,2.7,2021-07-24,2.7
795,VacHomeClass-6,VacHomeZone-1,,10832,Cobblestone,Gravel,Reverse Pie,Flat,Trash|Gas|Water|Electricity,Corner lot,No Slope,RNH 9,Proximity to School,Apartment,Bungalow,7,5,1996,2002,Gable,Rolled Roofing,Log Wood,Manmade Stone,0.0,4,3,Individual footing,4.0,No Sunlight,Dry Wall,712,Furnace,5,Yes,NM Cable,1086,809,1895,2,1,3,1,4,7,1,TA,Attached,DryWall,2,409,3,Paved,143,0,0,0,No Fence,10,2008,Down payment assistance,Regular,161441.0,Y,Y,2021-11-27,89851609,"Seipgasse 8
38555 Delitzsch",Euskirchen,Ukraine,sthies@radisch.de,Unknown,Schleswig-Holstein,59403,77.0,2021-04-20,3.6,2021-04-20,3.6
796,VacHomeClass-6,VacHomeZone-1,70.0,8400,Cobblestone,Gravel,Pie,Flat,Trash|Gas|Water|Electricity,Interior lot,No Slope,RNH 21,Proximity to School,Apartment,Bungalow,6,6,1981,1990,Gable,Rolled Roofing,Horizontal Wood,Natural Stone,130.0,3,3,Combined footing,4.0,No Sunlight,Dry Wall,650,Furnace,3,Yes,NM Cable,888,676,1564,2,1,3,1,3,7,1,TA,Attached,Metal Panels,2,476,3,Paved,0,0,0,0,Vinyl Fences,4,2010,Down payment assistance,Regular,141936.0,Y,N,2021-01-25,59163251,"Leni-Stadelmann-Allee 30
39648 Kronach",Heiligenstadt,Niue,tmuelichen@kuehnert.net,F,Niedersachsen,55947,43.0,2021-06-17,4.0,2021-06-17,4.0
797,VacHomeClass-1,VacHomeZone-1,71.0,8197,Cobblestone,Gravel,Pie,Flat,Trash|Gas|Water|Electricity,Interior lot,No Slope,RNH 20,Proximity to School,Apartment,Contemporary,6,5,1978,1982,Gable,Rolled Roofing,Brick,Natural Stone,148.0,3,3,Combined footing,3.0,No Sunlight,Dry Wall,660,Furnace,5,Yes,NM Cable,1285,0,1285,1,1,3,1,3,7,1,TA,Attached,Wood Sheathing,2,528,3,Paved,138,0,0,0,Vinyl Fences,4,2007,Down payment assistance,Regular,119111.0,Y,Y,2021-07-14,75347758,"Elisabeth-Stahr-Weg 90
10378 Gerolzhofen",Kyritz,St. Helena,ihartmann@hornig.net,F,Sachsen-Anhalt,49635,85.0,2021-03-05,3.3,2021-03-05,3.3
798,VacHomeClass-1,VacHomeZone-1,57.0,7677,Cobblestone,Gravel,Pie,Flat,Trash|Gas|Water|Electricity,Interior lot,No Slope,NAmes,Proximity to School,Apartment,Contemporary,5,5,1955,1961,Gable,Rolled Roofing,Board Batten,Manmade Stone,0.0,3,3,Combined footing,3.0,No Sunlight,CleanSpace Wall System,773,Furnace,4,Yes,NM Cable,773,0,773,1,0,2,1,3,4,0,,Attached,Metal Panels,1,240,3,Paved,0,0,0,0,No Fence,4,2008,Down payment assistance,Shortsale,91306.0,N,Y,2021-03-08,68564223,"Heckerplatz 0/3
83959 Mayen",Wolfratshausen,Dänemark,ellinorloos@holsten.de,M,Rheinland-Pfalz,35296,32.0,2021-04-07,2.3,2021-04-07,2.3
799,VacHomeClass-6,VacHomeZone-1,104.0,13518,Cobblestone,Gravel,Pie,Flat,Trash|Gas|Water|Electricity,Interior lot,No Slope,RNH 16,Proximity to School,Apartment,Bungalow,9,5,2013,2012,Sawtooth,Rolled Roofing,Board Batten,Manmade Panels,860.0,5,3,Individual footing,5.0,No Sunlight,Dry Wall,1926,Furnace,5,Yes,NM Cable,1966,1174,3140,3,1,4,1,5,11,2,Gd,Breezeway,DryWall,3,820,3,Paved,144,0,0,0,No Fence,7,2009,Government-backed programs,Distress Sale,402556.0,N,N,2021-02-06,38744426,"Klaus-Dieter-Rust-Gasse 3/2
69491 Rastatt",Peine,Kongo,traudetschentscher@hoelzenbecher.com,M,Berlin,2175,51.0,2021-11-07,3.2,2021-11-07,3.2
800,VacHomeClass-5,VacHomeZone-1,60.0,7200,Cobblestone,Gravel,Pie,Flat,Trash|Gas|Water|Electricity,Corner lot,No Slope,RNH 19,Proximity to Hospital,Apartment,Craftsman,5,7,1940,1953,Gable,Rolled Roofing,Wood Shingle,Natural Stone,252.0,3,3,Strip foundation,4.0,No Sunlight,BrightWall Paneling,731,Furnace,5,Yes,NM Cable,981,787,1768,1,1,3,1,4,7,2,TA,Detached,Metal Panels,1,240,3,Paved,0,0,0,0,Vinyl Fences,6,2007,Down payment assistance,Regular,145256.0,Y,N,2021-07-09,80240822,"Wilhelm-Grein Groth-Weg 85
84272 Rathenow",Heiligenstadt,Paraguay,gunpfnils@schomber.com,F,Baden-Württemberg,65195,84.0,2021-03-14,3.8,2021-03-14,3.8
801,VacHomeClass-6,VacHomeZone-1,79.0,12798,Cobblestone,Gravel,Reverse Pie,High Level,Trash|Gas|Water|Electricity,Interior lot,Little Slope,RNH 5,Proximity to Hospital,Apartment,Bungalow,6,5,1999,2003,Gable,Rolled Roofing,Board Batten,Manmade Stone,0.0,3,3,Individual footing,4.0,French Doors,ZenWall Panels,616,Furnace,4,Yes,NM Cable,616,1072,1688,2,1,4,1,4,8,0,,Attached,Wood Sheathing,2,603,3,Paved,403,0,0,0,No Fence,5,2008,Down payment assistance,Regular,166006.0,Y,Y,2021-04-21,80892007,"Heßring 7
01653 Niesky",Neunburg vorm Wald,Serbien,nergerherma@gmail.com,M,Schleswig-Holstein,10322,94.0,2021-01-11,2.3,2021-01-11,2.3
802,VacHomeClass-2,VacHomeZone-2,40.0,4800,Cobblestone,Gravel,Pie,Flat,Trash|Gas|Water|Electricity,Interior lot,No Slope,RNH 10,Proximity to School,Apartment,Contemporary,4,7,1919,1997,Gable,Rolled Roofing,Log Wood,Manmade Stone,0.0,3,3,Combined footing,3.0,No Sunlight,Basement to Beautiful Panels,1196,Furnace,5,Yes,Underground Feeder Cable,1196,0,1196,1,0,2,1,3,5,0,,Detached,Metal Panels,2,440,3,Paved,0,0,0,0,No Fence,7,2007,Down payment assistance,Regular,91223.0,Y,Y,2021-08-24,14524592,"Edward-Atzler-Platz 4
05443 Ingolstadt",Greiz,Lettland,warmerleonie@web.de,M,Thüringen,42982,56.0,2021-12-02,4.2,2021-12-02,4.2
803,VacHomeClass-6,VacHomeZone-1,63.0,8199,Cobblestone,Gravel,Pie,Flat,Trash|Gas|Water|Electricity,Interior lot,No Slope,RNH 6,Proximity to School,Apartment,Bungalow,7,5,2007,2007,Gable,Rolled Roofing,Vinyl,Manmade Stone,0.0,4,3,Individual footing,4.0,Large Windows,ZenWall Panels,728,Furnace,5,Yes,NM Cable,728,728,1456,2,1,3,1,4,7,1,Gd,Attached,DryWall,2,410,3,Paved,36,0,0,0,No Fence,10,2008,Down payment assistance,Regular,156876.0,Y,N,2021-09-22,75422646,"Zahnstraße 1/3
42737 Stuttgart",Dieburg,Mali,xniemeier@spiess.net,F,Bayern,92871,27.0,2021-04-05,2.9,2021-04-05,2.9
804,VacHomeClass-6,VacHomeZone-1,107.0,13891,Cobblestone,Gravel,Pie,Flat,Trash|Gas|Water|Electricity,Interior lot,No Slope,RNH 16,Proximity to School,Apartment,Bungalow,9,5,2011,2013,Sawtooth,Rolled Roofing,Board Batten,Manmade Panels,424.0,5,3,Individual footing,5.0,French Doors,Dry Wall,1734,Furnace,5,Yes,NM Cable,1734,1088,2822,3,1,4,1,5,12,1,Gd,Breezeway,Wood Sheathing,3,1020,3,Paved,52,0,0,0,No Fence,1,2009,Government-backed programs,Distress Sale,483840.39,Y,Y,2021-06-15,87777321,"Enno-Reichmann-Gasse 37
90038 Borken",Flöha,Mauritius,evangelia74@web.de,M,Niedersachsen,43588,35.0,2021-09-22,2.3,2021-09-22,2.3
805,VacHomeClass-1,VacHomeZone-1,75.0,9000,Cobblestone,Gravel,Pie,Flat,Trash|Gas|Water|Electricity,Interior lot,No Slope,NAmes,Proximity to School,Apartment,Contemporary,5,5,1959,1956,Gable,Rolled Roofing,Wood Shingle,Manmade Stone,0.0,3,3,Combined footing,3.0,No Sunlight,Basement to Beautiful Panels,936,Furnace,3,Yes,NM Cable,1128,0,1128,1,0,2,1,3,5,0,,Attached,Metal Panels,1,286,3,Paved,0,0,0,0,Wood Fences,6,2006,Down payment assistance,Foreclosure,97946.0,Y,N,2021-09-08,22929877,"Jeannine-Langern-Straße 24
29383 Geldern",Nürtingen,St. Martin,roskothgoran@hotmail.de,Unknown,Thüringen,37687,89.0,2021-07-23,3.0,2021-07-23,3.0
806,VacHomeClass-1,VacHomeZone-1,91.0,12274,Cobblestone,Gravel,Reverse Pie,Flat,Trash|Gas|Water|Electricity,T-intersection,No Slope,RNH 22,Proximity to School,Apartment,Contemporary,7,5,2012,2011,Gable,Rolled Roofing,Board Batten,Manmade Panels,256.0,4,3,Individual footing,4.0,No Sunlight,Dry Wall,1417,Furnace,5,Yes,NM Cable,1428,0,1428,2,0,3,1,5,6,0,,Attached,Wood Sheathing,2,554,3,Paved,0,0,0,0,No Fence,7,2008,Government-backed programs,Distress Sale,188980.4,Y,Y,2021-04-21,15771940,"Robin-Grein Groth-Weg 6/1
35131 Ravensburg",Hohenmölsen,Malaysia,xdoehn@dowerg.org,M,Sachsen-Anhalt,43893,99.0,2021-10-08,4.3,2021-10-08,4.3
807,VacHomeClass-9,VacHomeZone-1,75.0,9750,Cobblestone,Gravel,Pie,Flat,Trash|Gas|Water|Electricity,Interior lot,No Slope,NAmes,Proximity to School,Apartment,Spanish,5,5,1972,1975,Gable,Rolled Roofing,Board Batten,Manmade Stone,0.0,3,3,Individual footing,3.0,Large Windows,BrightWall Paneling,980,Furnace,4,Yes,NM Cable,980,0,980,2,0,3,1,3,6,0,,Attached,DryWall,1,384,3,Paved,68,0,0,0,No Fence,10,2006,Down payment assistance,Regular,112471.0,N,N,2021-07-28,6896225,"Franziska-Tintzmann-Gasse 1/5
92868 Dinslaken",Jüterbog,Bolivien,nreichmann@aol.de,Unknown,Brandenburg,27511,85.0,2021-01-25,4.2,2021-01-25,4.2
808,VacHomeClass-7,VacHomeZone-1,144.0,21384,Cobblestone,Gravel,Pie,Flat,Trash|Gas|Water|Electricity,Interior lot,No Slope,RNH 4,Proximity to School,Apartment,Bungalow,5,6,1924,2010,Gable,Rolled Roofing,Wood Shingle,Manmade Stone,0.0,3,3,Combined footing,3.0,French Doors,ZenWall Panels,1324,Furnace,5,Yes,NM Cable,1072,504,1576,1,1,3,1,4,6,1,TA,Attached,Wood Sheathing,2,528,3,Paved,0,0,0,0,No Fence,5,2009,Down payment assistance,Regular,185511.0,N,Y,2021-08-16,6753467,"Briemerstraße 90
65986 Heiligenstadt",Staffelstein,Zypern,kazim60@hettner.org,M,Bremen,49142,41.0,2021-05-28,4.3,2021-05-28,4.3
809,VacHomeClass-9,VacHomeZone-1,85.0,13400,Cobblestone,Gravel,Pie,Flat,Trash|Gas|Water|Electricity,Interior lot,No Slope,NAmes,Proximity to School,Apartment,Spanish,5,5,1969,1975,Gable,Rolled Roofing,Board Batten,Natural Stone,1047.0,3,3,Combined footing,3.0,Large Windows,BrightWall Paneling,1024,Furnace,3,Yes,NM Cable,1086,0,1086,1,0,3,1,3,6,1,Gd,Attached,Wood Sheathing,2,484,3,Paved,0,0,0,0,Wood Fences,6,2006,Down payment assistance,Regular,132764.5,N,N,2021-02-09,14378270,"Natalija-Reichmann-Ring 0
74445 Düren",Göppingen,Slowenien,hanna44@googlemail.com,M,Hessen,67034,84.0,2021-05-30,4.1,2021-05-30,4.1
810,VacHomeClass-8,VacHomeZone-2,90.0,8100,Cobblestone,Gravel,Pie,Flat,Trash|Gas|Water|Electricity,Corner lot,No Slope,RNH 18,Proximity to School,Apartment,Modern,5,5,1901,1968,Sawtooth,Rolled Roofing,Concrete,Manmade Stone,0.0,3,3,Individual footing,3.0,No Sunlight,Dry Wall,849,Furnace,3,No,Underground Feeder Cable,1075,1063,2138,2,0,2,3,3,11,0,,Detached,Metal Panels,2,360,2,Only Gravel,40,0,0,0,Vinyl Fences,11,2009,Down payment assistance,Regular,87986.0,N,N,2021-05-23,84726728,"Nancy-Becker-Gasse 3/0
68936 Rastatt",Regensburg,Äquatorialguinea,jkade@kabus.de,Unknown,Saarland,36608,14.0,2021-02-19,1.8,2021-02-19,1.8
811,VacHomeClass-1,VacHomeZone-1,78.0,10140,Cobblestone,Gravel,Pie,Flat,Trash|Gas|Water|Electricity,Interior lot,No Slope,RNH 17,Proximity to School,Apartment,Contemporary,6,6,1979,2002,Sawtooth,Rolled Roofing,Horizontal Wood,Natural Stone,99.0,3,3,Combined footing,3.0,No Sunlight,BrightWall Paneling,1040,Furnace,2,Yes,NM Cable,1309,0,1309,1,1,3,1,4,5,1,Fa,Attached,Wood Sheathing,2,484,3,Paved,265,0,648,2,Composite Fences,1,2006,Down payment assistance,Regular,150236.0,Y,Y,2021-12-16,62188005,"Dorit-Rudolph-Allee 8
02646 Diepholz",Hohenstein-Ernstthal,Ecuador,kobeltrahel@aol.de,M,Bremen,92428,10.0,2021-01-05,1.0,2021-01-05,1.0
812,VacHomeClass-12,VacHomeZone-2,,4438,Cobblestone,Gravel,Pie,Flat,Trash|Gas|Water|Electricity,Interior lot,No Slope,RNH 6,Proximity to School,SingleFamilyHome,Contemporary,6,5,2005,2011,Gable,Rolled Roofing,Board Batten,Natural Stone,169.0,4,3,Individual footing,4.0,French Doors,ZenWall Panels,848,Furnace,5,Yes,NM Cable,848,0,848,1,0,1,1,4,4,1,Gd,Attached,DryWall,2,420,3,Paved,140,0,0,0,No Fence,6,2008,Rent-to-own,Regular,119941.0,Y,N,2021-11-30,6212940,"Vogtplatz 3/1
86780 Günzburg",Feuchtwangen,Singapur,korbinian05@googlemail.com,M,Mecklenburg-Vorpommern,78113,72.0,2021-10-18,2.6,2021-10-18,2.6
813,VacHomeClass-1,VacHomeZone-3,66.0,8712,Concrete,Gravel,Pie,Slope,Trash|Gas|Water|Electricity,Interior lot,Little Slope,RNH 10,Proximity to School,Apartment,Contemporary,5,5,1955,1956,Sawtooth,Rolled Roofing,Wood Shingle,Manmade Stone,0.0,2,3,Combined footing,3.0,Large Windows,Dry Wall,540,Furnace,3,No,Underground Feeder Cable,1044,0,1044,1,0,2,1,2,4,0,,Barns,Metal Panels,2,504,3,Only Gravel,0,0,0,0,No Fence,6,2010,Down payment assistance,Foreclosure,46480.19,Y,Y,2021-08-01,16434172,"Bergerweg 467
75717 Wittmund",Seelow,Paraguay,seberhardt@hotmail.de,F,Schleswig-Holstein,21607,54.0,2021-06-24,3.6,2021-06-24,3.6
814,VacHomeClass-1,VacHomeZone-1,75.0,9750,Cobblestone,Gravel,Pie,Flat,Trash|Gas|Water|Electricity,Interior lot,No Slope,NAmes,Proximity to School,Apartment,Contemporary,6,6,1961,1961,Gable,Rolled Roofing,Log Wood,Natural Stone,243.0,3,3,Combined footing,3.0,No Sunlight,Foamax,1442,Furnace,4,Yes,NM Cable,1442,0,1442,1,1,4,1,3,7,0,,Attached,Wood Sheathing,1,301,3,Paved,0,0,0,0,No Fence,4,2007,Reverse Mortgage,Regular,131063.0,Y,Y,2021-06-19,37929374,"Cichoriusplatz 713
92642 Ebermannstadt",Strausberg,Türkei,rupert99@gmail.com,F,Sachsen,32999,43.0,2021-05-15,4.4,2021-05-15,4.4
815,VacHomeClass-5,VacHomeZone-1,45.0,8248,Cobblestone,Concrete,Pie,Flat,Trash|Gas|Water|Electricity,Interior lot,No Slope,RNH 8,Proximity to School,Apartment,Craftsman,5,7,1920,1960,Gable,Rolled Roofing,Fiber cement,Manmade Stone,0.0,3,3,Strip foundation,3.0,No Sunlight,Dry Wall,686,Boiler,4,Yes,NM Cable,686,564,1250,1,1,3,1,2,7,0,,Detached,Metal Panels,1,280,3,Partially Gravel,207,0,0,0,No Fence,7,2006,Down payment assistance,Regular,96286.0,Y,Y,2021-09-21,25601725,"Jesselweg 818
43740 Kitzingen",Sankt Goar,Rumänien,binnerlissi@seifert.de,F,Bayern,10101,22.0,2021-10-10,1.2,2021-10-10,1.2
816,VacHomeClass-1,VacHomeZone-1,48.0,12137,Cobblestone,Gravel,Rectangular,Flat,Trash|Gas|Water|Electricity,Cul-de-sac,No Slope,RNH 6,Proximity to School,Apartment,Contemporary,7,5,2002,2002,Gable,Rolled Roofing,Board Batten,Natural Stone,442.0,3,3,Individual footing,4.0,No Sunlight,Dry Wall,1649,Furnace,5,Yes,NM Cable,1661,0,1661,2,0,3,1,4,6,0,,Attached,Wood Sheathing,2,598,3,Paved,0,0,0,0,No Fence,5,2010,Down payment assistance,Regular,186673.0,N,N,2021-08-19,22120335,"Nikola-Fechner-Weg 0
56749 Hagenow",Pirmasens,Irland,ruppertveronica@renner.com,M,Berlin,22504,54.0,2021-08-16,2.3,2021-08-16,2.3
817,VacHomeClass-1,VacHomeZone-1,,11425,Cobblestone,Gravel,Reverse Pie,Flat,Trash|Gas|Water|Electricity,Corner lot,No Slope,NAmes,Proximity to School,Apartment,Contemporary,5,6,1959,1958,Gable,Rolled Roofing,Vertical Wood,Manmade Stone,0.0,3,3,Combined footing,3.0,No Sunlight,CleanSpace Wall System,1008,Furnace,4,Yes,NM Cable,1008,0,1008,1,0,2,1,3,4,1,Gd,Attached,Wood Sheathing,1,275,3,Paved,0,0,0,0,No Fence,7,2006,Down payment assistance,Regular,113716.0,Y,N,2021-09-16,65026106,"Karl-Hermann-Röhricht-Weg 12
34012 Göttingen",Rastatt,Panama,loechelmahmoud@trueb.de,Unknown,Hessen,61785,77.0,2021-11-30,1.0,2021-11-30,1.0
818,VacHomeClass-1,VacHomeZone-1,,13265,Cobblestone,Gravel,Reverse Pie,Flat,Trash|Gas|Water|Electricity,Cul-de-sac,No Slope,RNH 12,Proximity to School,Apartment,Contemporary,8,5,2006,2010,Sawtooth,Rolled Roofing,Metal,Natural Stone,148.0,4,3,Individual footing,4.0,No Sunlight,ZenWall Panels,1568,Furnace,5,Yes,NM Cable,1689,0,1689,2,0,3,1,4,7,2,Gd,Attached,Wood Sheathing,3,857,3,Paved,150,0,0,0,No Fence,7,2008,Down payment assistance,Regular,224936.0,N,Y,2021-03-18,5453368,"Irena-Zirme-Ring 5
32878 Königs Wusterhausen",Miesbach,Italien,kuhlhorst@scholl.de,Unknown,Berlin,526,25.0,2021-07-18,1.7,2021-07-18,1.7
819,VacHomeClass-9,VacHomeZone-1,80.0,8816,Cobblestone,Gravel,Pie,Flat,Trash|Gas|Water|Electricity,Interior lot,No Slope,RNH 5,Proximity to School,Apartment,Spanish,6,7,1973,1979,Gable,Rolled Roofing,Horizontal Wood,Natural Stone,80.0,3,3,Combined footing,3.0,Large Windows,ZenWall Panels,1010,Furnace,4,Yes,NM Cable,1052,0,1052,1,0,3,1,3,6,0,,Attached,Metal Panels,2,440,3,Paved,0,0,0,0,Vinyl Fences,6,2010,Down payment assistance,Regular,128656.0,N,Y,2021-09-23,27260623,"Silvester-Wernecke-Allee 89
28916 Parchim",Rehau,Färöer,neuschaeferflora@web.de,M,Bayern,25135,23.0,2021-04-07,4.2,2021-04-07,4.2
820,VacHomeClass-12,VacHomeZone-1,44.0,6371,Cobblestone,Gravel,Reverse Pie,Flat,Trash|Gas|Water|Electricity,Interior lot,No Slope,RNH 16,Proximity to School,SingleFamilyHome,Contemporary,7,5,2011,2016,Gable,Rolled Roofing,Board Batten,Manmade Panels,128.0,4,3,Individual footing,4.0,Small Windows,ZenWall Panels,1358,Furnace,5,Yes,NM Cable,1358,0,1358,2,0,2,1,4,6,1,Gd,Attached,Wood Sheathing,2,484,3,Paved,192,0,0,0,No Fence,6,2010,Government-backed programs,Distress Sale,185926.0,N,N,2021-10-15,13214982,"Tröststr. 3/3
67681 Pinneberg",Auerbach,Island,ekade@butte.com,F,Bayern,53395,30.0,2021-08-21,3.0,2021-08-21,3.0
821,VacHomeClass-6,VacHomeZone-1,72.0,7226,Cobblestone,Gravel,Reverse Pie,Flat,Trash|Gas|Water|Electricity,Cul-de-sac,No Slope,RNH 6,Proximity to School,Apartment,Bungalow,7,5,2004,2009,Gable,Rolled Roofing,Board Batten,Manmade Stone,0.0,4,3,Individual footing,4.0,No Sunlight,Dry Wall,798,Furnace,5,Yes,NM Cable,798,842,1640,2,1,3,1,4,6,0,,Attached,Wood Sheathing,2,595,3,Paved,0,0,0,0,No Fence,6,2008,Down payment assistance,Regular,151896.0,Y,Y,2021-05-17,99853037,"Möchlichenstraße 739
43304 Grafenau",Weißenfels,Zentralafrikanische Republik,barthresi@kobelt.com,Unknown,Berlin,97366,45.0,2021-08-21,2.5,2021-08-21,2.5
822,VacHomeClass-1,VacHomeZone-2,60.0,6000,Cobblestone,Cobblestone,Pie,Slope,Trash|Gas|Water|Electricity,Interior lot,Little Slope,RNH 18,Proximity to School,Condo,Contemporary,4,4,1956,1958,Gable,Rolled Roofing,Log Wood,Manmade Stone,0.0,2,3,Combined footing,2.0,No Sunlight,Dry Wall,936,Furnace,3,No,NM Cable,936,0,936,1,0,2,1,3,4,0,,Detached,Metal Panels,2,576,3,Paved,0,0,0,0,No Fence,2,2009,Down payment assistance,Regular,77196.0,Y,Y,2021-10-04,23611863,"Inga-Fliegner-Ring 937
70939 Bad Mergentheim",Oranienburg,Westsahara,geiselmarit@drubin.net,F,Brandenburg,44319,32.0,2021-09-16,3.5,2021-09-16,3.5
823,VacHomeClass-6,VacHomeZone-1,,12394,Cobblestone,Gravel,Reverse Pie,Flat,Trash|Gas|Water|Electricity,Corner lot,No Slope,RNH 9,Proximity to School,Apartment,Bungalow,7,5,2008,2012,Gable,Rolled Roofing,Board Batten,Manmade Stone,0.0,4,3,Individual footing,4.0,French Doors,Dry Wall,847,Furnace,5,Yes,NM Cable,847,886,1733,2,1,3,1,4,7,1,Gd,Breezeway,DryWall,2,433,3,Paved,100,0,0,0,No Fence,10,2007,Down payment assistance,Foreclosure,186756.0,Y,Y,2021-04-03,15826299,"Blümelallee 1/8
10576 Mittweida",Germersheim,Amerikanisch-Samoa,raphael36@yahoo.de,Unknown,Bremen,35879,48.0,2021-11-19,3.8,2021-11-19,3.8
824,VacHomeClass-5,VacHomeZone-1,60.0,9900,Cobblestone,Gravel,Pie,Flat,Trash|Gas|Water|Electricity,Interior lot,No Slope,RNH 19,Proximity to School,Apartment,Craftsman,6,7,1941,1955,Gable,Rolled Roofing,Board Batten,Manmade Stone,0.0,3,3,Strip foundation,3.0,No Sunlight,Dry Wall,778,Furnace,3,Yes,NM Cable,944,545,1489,2,0,3,1,3,7,1,Gd,Detached,Metal Panels,1,240,3,Paved,335,0,0,0,Wood Fences,7,2009,Down payment assistance,Regular,115791.0,Y,N,2021-04-13,49250305,"Cecilia-Gumprich-Ring 72
63332 Ueckermünde",Bruchsal,Guinea,kzahn@gmail.com,M,Niedersachsen,28368,56.0,2021-09-07,3.2,2021-09-07,3.2
825,VacHomeClass-1,VacHomeZone-5,81.0,11216,Cobblestone,Gravel,Pie,Flat,Trash|Gas|Water|Electricity,Interior lot,No Slope,RNH 22,Proximity to School,Apartment,Contemporary,8,5,2009,2016,Gable,Rolled Roofing,Board Batten,Manmade Stone,0.0,4,3,Individual footing,4.0,No Sunlight,Dry Wall,1489,Furnace,5,Yes,NM Cable,1489,0,1489,2,0,3,1,4,7,1,Gd,Attached,Wood Sheathing,2,776,3,Paved,0,0,0,0,No Fence,6,2006,Government-backed programs,Distress Sale,193064.0,Y,Y,2021-09-25,43455201,"Faustplatz 4
61431 Germersheim",Kyritz,Benin,paulinewaehner@putz.de,Unknown,Niedersachsen,64748,94.0,2021-01-09,4.3,2021-01-09,4.3
826,VacHomeClass-1,VacHomeZone-1,114.0,14803,Cobblestone,Gravel,Pie,Flat,Trash|Gas|Water|Electricity,Interior lot,No Slope,RNH 16,Proximity to Park,Apartment,Contemporary,10,5,2012,2014,Sawtooth,Rolled Roofing,Metal,Natural Stone,816.0,5,3,Individual footing,5.0,Large Windows,ZenWall Panels,2078,Furnace,5,Yes,NM Cable,2084,0,2084,2,0,2,1,5,7,1,Gd,Attached,DryWall,3,1220,3,Paved,188,0,0,0,No Fence,6,2008,Government-backed programs,Distress Sale,319556.0,N,N,2021-06-27,45028625,"Lübsring 6/2
60001 Kelheim",Waren,Neukaledonien,kirstin61@web.de,M,Schleswig-Holstein,6896,24.0,2021-08-25,4.5,2021-08-25,4.5
827,VacHomeClass-4,VacHomeZone-2,50.0,6130,Cobblestone,Gravel,Pie,Flat,Trash|Gas|Water|Electricity,Interior lot,No Slope,RNH 4,Proximity to School,Apartment,Colonial,5,6,1926,1953,Gable,Rolled Roofing,Log Wood,Manmade Stone,0.0,3,3,Strip foundation,3.0,No Sunlight,BrightWall Paneling,784,Furnace,4,Yes,NM Cable,784,0,784,1,0,2,1,4,5,0,,No Garage,Unfinished,0,0,0,Paved,0,0,0,0,No Fence,5,2008,Down payment assistance,Regular,90891.0,N,Y,2021-12-27,95341651,"Gudeweg 67
65931 Tirschenreuth",Herzberg,Kirgisistan,sheinz@geissler.com,Unknown,Berlin,64543,8.0,2021-07-03,3.7,2021-07-03,3.7
828,VacHomeClass-1,VacHomeZone-1,65.0,8529,Cobblestone,Gravel,Reverse Pie,Flat,Trash|Gas|Water|Electricity,Interior lot,No Slope,RNH 21,Proximity to School,Apartment,Contemporary,7,5,2006,2005,Gable,Rolled Roofing,Board Batten,Manmade Stone,0.0,4,3,Individual footing,4.0,No Sunlight,ZenWall Panels,1454,Furnace,5,Yes,NM Cable,1434,0,1434,2,0,3,1,4,6,1,TA,Attached,Wood Sheathing,2,527,3,Paved,290,0,0,0,No Fence,4,2009,Down payment assistance,Regular,156876.0,N,N,2021-12-28,83427978,"Karlfried-Baum-Platz 096
69440 Badalzungen",Göttingen,Pitcairn,hweller@stiffel.de,M,Bremen,19620,76.0,2021-02-24,4.4,2021-02-24,4.4
829,VacHomeClass-6,VacHomeZone-1,,28698,Cobblestone,Gravel,Rectangular,Low Level,Trash|Gas|Water|Electricity,Cul-de-sac,Severe Slope,RNH 5,Proximity to School,Apartment,Bungalow,5,5,1968,1973,Dormer,Tar&Grv,Brick,Manmade Stone,0.0,3,3,Individual footing,3.0,French Doors,Basement to Beautiful Panels,1013,Furnace,3,Yes,NM Cable,1160,966,2126,2,1,3,1,3,7,0,,Attached,DryWall,2,538,3,Paved,486,0,0,0,No Fence,6,2009,Down payment assistance,Shortsale,153556.0,N,N,2021-06-28,2269290,"Mercedes-Juncken-Platz 401
99049 Marktheidenfeld",Sankt Goarshausen,Andorra,gpaffrath@wohlgemut.de,M,Mecklenburg-Vorpommern,59672,60.0,2021-11-11,3.5,2021-11-11,3.5
830,VacHomeClass-13,VacHomeZone-5,24.0,2544,Cobblestone,Cobblestone,Pie,Flat,Trash|Gas|Water|Electricity,Interior lot,No Slope,RNH 22,Proximity to School,MultiFamilyHome,Bungalow,7,5,2007,2012,Gable,Rolled Roofing,Log Wood,Manmade Stone,0.0,4,3,Individual footing,4.0,No Sunlight,Dry Wall,600,Furnace,5,Yes,NM Cable,520,623,1223,2,1,2,1,4,4,0,,Detached,Wood Sheathing,2,480,3,Paved,0,0,0,0,No Fence,7,2006,Down payment assistance,Regular,122348.0,N,Y,2021-09-14,94836400,"Barkholzallee 27
30762 Marienberg",Spremberg,Westsahara,birte47@gmx.de,Unknown,Rheinland-Pfalz,72908,48.0,2021-11-28,4.6,2021-11-28,4.6
831,VacHomeClass-1,VacHomeZone-1,80.0,11900,Cobblestone,Gravel,Reverse Pie,Flat,Trash|Gas|Water|Electricity,Corner lot,No Slope,NAmes,Proximity to School,Apartment,Contemporary,6,5,1958,1962,Gable,Rolled Roofing,Horizontal Wood,Natural Stone,387.0,3,3,Combined footing,3.0,No Sunlight,Foamax,1392,Furnace,3,Yes,Underground Feeder Cable,1392,0,1392,1,1,3,1,3,6,2,Gd,Attached,Wood Sheathing,2,458,3,Paved,0,0,0,0,No Fence,6,2008,Down payment assistance,Regular,137786.0,N,N,2021-07-12,39508911,"Katarzyna-Mülichen-Weg 67
07963 Schleiz",Eisenhüttenstadt,Amerikanisch-Ozeanien,franciscoweinhage@schacht.org,F,Sachsen-Anhalt,92725,88.0,2021-08-13,4.8,2021-08-13,4.8
832,VacHomeClass-13,VacHomeZone-5,30.0,3180,Cobblestone,Cobblestone,Pie,Flat,Trash|Gas|Water|Electricity,Interior lot,No Slope,RNH 22,Proximity to School,SingleFamilyHome,Bungalow,7,5,2009,2008,Gable,Rolled Roofing,Log Wood,Manmade Stone,0.0,3,3,Individual footing,4.0,No Sunlight,Dry Wall,600,Furnace,5,Yes,NM Cable,520,600,1200,2,1,2,1,4,4,0,,Detached,Wood Sheathing,2,480,3,Paved,0,0,0,0,No Fence,6,2006,Down payment assistance,Regular,125336.0,N,Y,2021-08-10,63067910,"Weimerstr. 1
26631 Viersen",Mettmann,Montenegro,josegunpf@web.de,M,Sachsen,73766,30.0,2021-04-26,2.3,2021-04-26,2.3
833,VacHomeClass-6,VacHomeZone-1,44.0,9548,Cobblestone,Gravel,Reverse Pie,Flat,Trash|Gas|Water|Electricity,Cul-de-sac,No Slope,RNH 6,Proximity to School,Apartment,Bungalow,7,6,2008,2009,Gable,Rolled Roofing,Board Batten,Natural Stone,223.0,4,3,Individual footing,4.0,No Sunlight,ZenWall Panels,941,Furnace,5,Yes,NM Cable,941,888,1829,2,1,3,1,4,7,1,TA,Attached,Wood Sheathing,2,613,3,Paved,192,0,0,0,No Fence,1,2010,Down payment assistance,Regular,196716.0,N,Y,2021-05-18,38225697,"Wulffring 47
85110 Göttingen",Kleve,Bolivien,sonia74@vogt.com,F,Berlin,27183,78.0,2021-06-17,2.4,2021-06-17,2.4
834,VacHomeClass-1,VacHomeZone-1,100.0,10004,Cobblestone,Gravel,Pie,Flat,Trash|Gas|Water|Electricity,Interior lot,No Slope,NAmes,Proximity to School,Apartment,Contemporary,6,6,1967,1966,Gable,Rolled Roofing,Horizontal Wood,Natural Stone,180.0,3,3,Combined footing,3.0,No Sunlight,Foamax,1516,Furnace,3,Yes,NM Cable,1516,0,1516,1,1,3,1,3,6,0,,Attached,Wood Sheathing,2,472,3,Paved,0,0,0,0,No Fence,2,2009,Down payment assistance,Regular,138616.0,Y,Y,2021-06-11,87208917,"Jessica-Schüler-Platz 623
74903 Freudenstadt",Hoyerswerda,Senegal,irmi54@aumann.com,F,Baden-Württemberg,41333,79.0,2021-07-19,2.8,2021-07-19,2.8
835,VacHomeClass-1,VacHomeZone-1,75.0,7875,Cobblestone,Gravel,Pie,Flat,Trash|Gas|Water|Electricity,Interior lot,No Slope,NAmes,Proximity to School,Apartment,Contemporary,5,6,1965,1970,Gable,Rolled Roofing,Board Batten,Natural Stone,136.0,3,3,Combined footing,3.0,No Sunlight,Foamax,1144,Furnace,4,Yes,NM Cable,1144,0,1144,1,0,3,1,3,6,0,,Attached,Metal Panels,2,456,3,Paved,0,0,0,0,Wood Fences,9,2008,Down payment assistance,Regular,116164.5,N,N,2021-03-18,89784211,"Lene-Geisel-Allee 25
20900 Koblenz",Dinslaken,Montenegro,jrogge@klapp.com,F,Mecklenburg-Vorpommern,30390,27.0,2021-02-24,4.5,2021-02-24,4.5
836,VacHomeClass-1,VacHomeZone-1,60.0,9600,Cobblestone,Gravel,Pie,Flat,Trash|Gas|Water|Electricity,Interior lot,No Slope,RNH 20,Proximity to School,Apartment,Contemporary,4,7,1955,2000,Gable,Rolled Roofing,Board Batten,Manmade Stone,0.0,3,3,Combined footing,4.0,No Sunlight,CleanSpace Wall System,1067,Furnace,3,Yes,NM Cable,1067,0,1067,2,0,2,1,4,4,0,,Attached,Metal Panels,2,436,3,Paved,290,0,0,0,No Fence,2,2010,Down payment assistance,Regular,106246.0,N,Y,2021-06-15,6192891,"Alfredo-Jäkel-Gasse 6
79318 Dieburg",Schongau,Albanien,hermannmaike@gmail.com,Unknown,Berlin,17738,29.0,2021-04-11,4.4,2021-04-11,4.4
837,VacHomeClass-2,VacHomeZone-2,90.0,8100,Cobblestone,Cobblestone,Pie,Flat,Trash|Gas|Water|Electricity,Interior lot,No Slope,RNH 18,Proximity to School,Apartment,Contemporary,5,6,1949,1980,Gable,Rolled Roofing,Board Batten,Manmade Stone,0.0,3,3,Strip foundation,3.0,No Sunlight,Foamax,1559,Furnace,4,Yes,NM Cable,1559,0,1559,1,0,2,1,3,5,0,,Detached,Metal Panels,2,812,3,Paved,0,0,0,0,Wood Fences,6,2007,Reverse Mortgage,Regular,127411.0,N,N,2021-06-20,49747249,"Giovanni-Rogge-Straße 07
85785 Uelzen",Neubrandenburg,Aserbaidschan,miriamboerner@gmail.com,F,Niedersachsen,50712,7.0,2021-06-27,1.3,2021-06-27,1.3
838,VacHomeClass-13,VacHomeZone-2,21.0,1680,Cobblestone,Gravel,Pie,Flat,Trash|Gas|Water|Electricity,Interior lot,No Slope,RNH 3,Proximity to School,MultiFamilyHome,Bungalow,6,5,1976,1978,Gable,Rolled Roofing,Horizontal Wood,Natural Stone,158.0,3,3,Combined footing,3.0,No Sunlight,CleanSpace Wall System,483,Furnace,3,Yes,NM Cable,483,504,987,1,1,2,1,3,5,0,,Detached,Metal Panels,1,264,3,Paved,0,0,0,0,No Fence,11,2008,Down payment assistance,Regular,83006.0,N,Y,2021-06-30,713665,"Hendriksstr. 8/1
04705 Lübz",Schwäbisch Hall,Vereinigtes Königreich,oswin26@kranz.de,F,Sachsen,35555,92.0,2021-04-10,4.1,2021-04-10,4.1
839,VacHomeClass-1,VacHomeZone-1,75.0,9525,Cobblestone,Gravel,Pie,Flat,Trash|Gas|Water|Electricity,Interior lot,No Slope,RNH 6,Proximity to School,Apartment,Contemporary,5,6,1997,2012,Gable,Rolled Roofing,Board Batten,Manmade Stone,0.0,3,3,Individual footing,4.0,No Sunlight,Dry Wall,1099,Furnace,5,Yes,NM Cable,1099,0,1099,1,1,3,1,4,6,0,,Attached,Metal Panels,1,352,3,Paved,278,0,0,0,No Fence,6,2008,Down payment assistance,Regular,119526.0,Y,Y,2021-08-28,96519929,"Knappegasse 7
72739 Saarlouis",Haldensleben,Bangladesch,jaehnandree@ring.com,Unknown,Niedersachsen,99196,83.0,2021-01-08,2.9,2021-01-08,2.9
840,VacHomeClass-5,VacHomeZone-1,70.0,11767,Cobblestone,Gravel,Pie,Flat,Trash|Gas|Water|Electricity,Interior lot,No Slope,RNH 8,Proximity to School,Apartment,Craftsman,5,6,1951,1999,Gable,Rolled Roofing,Log Wood,Manmade Stone,0.0,3,3,Combined footing,3.0,No Sunlight,CleanSpace Wall System,768,Furnace,5,Yes,NM Cable,768,432,1200,1,0,3,1,3,6,0,,Detached,Metal Panels,1,240,3,Paved,0,0,0,0,No Fence,5,2008,Down payment assistance,Regular,108321.0,Y,N,2021-09-27,59960089,"Mansstraße 0/8
96377 Cottbus",Ilmenau,Slowenien,ipieper@googlemail.com,Unknown,Sachsen,27391,4.0,2021-02-10,3.0,2021-02-10,3.0
841,VacHomeClass-7,VacHomeZone-4,,12155,Cobblestone,Gravel,Reverse Pie,Flat,Trash|Gas|Water|Electricity,Interior lot,No Slope,RNH 19,Proximity to School,Apartment,Bungalow,6,8,1926,1953,Gable,Rolled Roofing,Wood Shingle,Manmade Stone,0.0,3,3,Strip foundation,3.0,No Sunlight,CleanSpace Wall System,672,Furnace,3,No,NM Cable,810,672,1482,2,0,4,1,2,7,0,,Detached,Metal Panels,1,400,3,Partially Gravel,0,0,0,0,No Fence,3,2008,Down payment assistance,Regular,116206.0,Y,N,2021-04-16,86796736,"Weihmannstr. 12
49047 Stadtsteinach",Worbis,Costa Rica,zdravkoziegert@web.de,Unknown,Bremen,79038,16.0,2021-11-17,2.2,2021-11-17,2.2
842,VacHomeClass-7,VacHomeZone-2,60.0,10440,Cobblestone,Concrete,Pie,Flat,Trash|Gas|Water|Electricity,Interior lot,No Slope,RNH 18,Proximity to School,Apartment,Bungalow,5,8,1906,2007,Gable,Rolled Roofing,Log Wood,Manmade Stone,0.0,3,3,Individual footing,3.0,No Sunlight,Dry Wall,650,Furnace,4,Yes,NM Cable,958,581,1539,2,0,3,1,4,8,1,Po,Detached,Metal Panels,2,686,4,Partially Gravel,70,0,0,0,No Fence,6,2008,Down payment assistance,Regular,130731.0,Y,Y,2021-12-30,91326249,"Klemmgasse 174
49980 Mellrichstadt",Torgau,Singapur,steckelgert@koester.de,M,Nordrhein-Westfalen,4312,31.0,2021-08-29,2.5,2021-08-29,2.5
843,VacHomeClass-9,VacHomeZone-1,82.0,9020,Cobblestone,Gravel,Pie,Flat,Trash|Gas|Water|Electricity,Interior lot,No Slope,NAmes,Proximity to School,Apartment,Spanish,6,7,1967,1971,Gable,Rolled Roofing,Horizontal Wood,Natural Stone,183.0,3,3,Combined footing,3.0,French Doors,Foamax,1127,Furnace,3,Yes,NM Cable,1165,0,1165,1,1,3,1,3,6,0,,Attached,Wood Sheathing,2,490,4,Paved,0,0,0,0,Composite Fences,5,2008,Down payment assistance,Regular,145173.0,Y,Y,2021-04-29,25977219,"Kabusstraße 36
34473 Euskirchen",Burg,Tokelau,qpaffrath@gmail.com,F,Schleswig-Holstein,90142,69.0,2021-08-25,3.0,2021-08-25,3.0
844,VacHomeClass-11,VacHomeZone-1,80.0,8000,Cobblestone,Gravel,Pie,Flat,Trash|Gas|Water|Electricity,Corner lot,No Slope,NAmes,Proximity to Gym,Townhome,Contemporary,5,4,1965,1968,Gable,Rolled Roofing,Vertical Wood,Manmade Stone,0.0,3,3,Combined footing,3.0,No Sunlight,Dry Wall,1800,Furnace,5,No,NM Cable,1800,0,1800,2,0,6,2,3,10,0,,No Garage,Unfinished,0,0,0,Paved,0,0,0,0,No Fence,7,2007,Down payment assistance,Regular,117036.0,N,Y,2021-07-19,26007359,"Wojciech-Johann-Ring 83
30182 Eberswalde",Soltau,Honduras,dana27@schwital.de,M,Rheinland-Pfalz,15159,37.0,2021-09-19,1.0,2021-09-19,1.0
845,VacHomeClass-5,VacHomeZone-2,100.0,12665,Cobblestone,Concrete,Reverse Pie,Flat,Trash|Gas|Water|Electricity,Interior lot,No Slope,RNH 18,Proximity to Gym,Apartment,Craftsman,5,8,1917,1960,Gable,Rolled Roofing,Wood Shingle,Manmade Stone,0.0,3,3,Strip foundation,3.0,Small Windows,Dry Wall,876,Furnace,4,Yes,NM Cable,876,540,1416,1,1,4,1,3,7,1,Gd,Detached,Metal Panels,3,720,3,Paved,418,0,0,0,No Fence,6,2008,Down payment assistance,Regular,127743.0,Y,N,2021-11-23,65960264,"Hethurweg 8/6
50358 Badibling",Oranienburg,Niger,jeanettetrommler@gmail.com,M,Hamburg,58198,6.0,2021-08-24,2.4,2021-08-24,2.4
846,VacHomeClass-10,VacHomeZone-1,,16647,Cobblestone,Gravel,Reverse Pie,Flat,Trash|Gas|Water|Electricity,Cul-de-sac,No Slope,RNH 20,Proximity to Dance Club,Apartment,Georgian,5,5,1977,1984,Gable,Rolled Roofing,Horizontal Wood,Manmade Stone,0.0,3,3,Combined footing,4.0,French Doors,BrightWall Paneling,1390,Furnace,3,Yes,NM Cable,1701,0,1701,2,0,3,1,3,6,2,TA,Barns,DryWall,2,611,3,Paved,0,0,0,0,No Fence,1,2007,Down payment assistance,Regular,141936.0,N,N,2021-04-05,49968309,"Seifertstr. 6
21395 Schrobenhausen",Ribnitz-Damgarten,Israel,geert59@rogge.de,Unknown,Niedersachsen,21144,95.0,2021-11-16,2.6,2021-11-16,2.6
847,VacHomeClass-6,VacHomeZone-1,75.0,9317,Cobblestone,Gravel,Pie,Flat,Trash|Gas|Water|Electricity,Interior lot,No Slope,RNH 21,Proximity to School,Apartment,Bungalow,7,5,1994,1998,Gable,Rolled Roofing,Horizontal Wood,Natural Stone,137.0,4,3,Individual footing,4.0,No Sunlight,BrightWall Paneling,740,Furnace,5,Yes,NM Cable,1006,769,1775,2,1,3,1,4,7,1,TA,Attached,Metal Panels,2,425,3,Paved,234,0,0,0,No Fence,7,2009,Down payment assistance,Regular,176796.0,N,N,2021-05-09,83686795,"Hulda-Blümel-Straße 2
55475 Stollberg",Lemgo,Serbien,dscheuermann@stoll.org,F,Rheinland-Pfalz,34930,13.0,2021-11-16,4.5,2021-11-16,4.5
848,VacHomeClass-1,VacHomeZone-1,36.0,15523,Cobblestone,Gravel,Reverse Pie,Flat,Trash|Gas|Water|Electricity,Cul-de-sac,No Slope,RNH 6,Proximity to School,Apartment,Contemporary,5,6,1976,1976,Gable,Rolled Roofing,Horizontal Wood,Manmade Stone,0.0,3,3,Combined footing,3.0,Large Windows,CleanSpace Wall System,864,Furnace,5,Yes,NM Cable,864,0,864,1,0,3,1,3,5,1,Fa,Attached,Metal Panels,1,338,3,Paved,0,0,0,0,No Fence,8,2009,Down payment assistance,Regular,110811.0,Y,Y,2021-01-13,73699729,"Weimerallee 86
85823 Stadtroda",Kemnath,Svalbard und Jan Mayen,katharine66@plath.com,F,Bayern,16459,91.0,2021-11-30,3.1,2021-11-30,3.1
849,VacHomeClass-5,VacHomeZone-1,75.0,45600,Cobblestone,Gravel,Rectangular,Slope,Trash|Gas|Water|Electricity,Interior lot,No Slope,RNH 5,Proximity to School,Apartment,Craftsman,6,8,1909,2006,Gable,Rolled Roofing,Wood Shingle,Manmade Stone,0.0,3,3,Strip foundation,3.0,No Sunlight,Dry Wall,907,Furnace,3,Yes,NM Cable,1307,1051,2358,3,0,5,1,3,10,1,Gd,Detached,Metal Panels,2,360,2,Paved,486,0,0,0,No Fence,9,2008,Down payment assistance,Regular,199206.0,Y,Y,2021-09-15,96023969,"Metzallee 2
06899 Recklinghausen",Grevenbroich,Aserbaidschan,zbigniew05@dussen.de,F,Hamburg,5282,32.0,2021-08-15,4.1,2021-08-15,4.1
850,VacHomeClass-9,VacHomeZone-1,80.0,9600,Cobblestone,Gravel,Pie,Flat,Trash|Gas|Water|Electricity,T-intersection,No Slope,RNH 25,Proximity to Hospital,Apartment,Spanish,6,7,1977,2001,Sawtooth,Rolled Roofing,Brick,Natural Stone,360.0,4,4,Combined footing,3.0,No Sunlight,Dry Wall,528,Furnace,5,Yes,NM Cable,1094,761,1855,2,1,3,1,3,7,1,TA,Attached,Wood Sheathing,2,512,3,Paved,113,0,0,0,No Fence,8,2007,Down payment assistance,Regular,155216.0,N,Y,2021-03-10,64048826,"Hinrich-Wilms-Allee 9
97488 Waldmünchen",Querfurt,Israel,hans-hermann84@lindau.com,M,Nordrhein-Westfalen,13834,9.0,2021-09-29,1.2,2021-09-29,1.2
851,VacHomeClass-12,VacHomeZone-2,36.0,4435,Cobblestone,Gravel,Pie,Flat,Trash|Gas|Water|Electricity,Interior lot,No Slope,RNH 6,Proximity to School,SingleFamilyHome,Contemporary,6,5,2006,2011,Gable,Rolled Roofing,Board Batten,Natural Stone,170.0,4,3,Individual footing,4.0,Large Windows,ZenWall Panels,848,Furnace,5,Yes,NM Cable,848,0,848,1,0,1,1,4,3,0,,Attached,DryWall,2,420,3,Paved,140,0,0,0,No Fence,11,2007,Down payment assistance,Regular,109151.0,Y,Y,2021-01-04,23287259,"Schenkallee 519
12221 Lippstadt",Eilenburg,Mayotte,beate86@hotmail.de,Unknown,Saarland,66174,51.0,2021-01-06,3.5,2021-01-06,3.5
852,VacHomeClass-12,VacHomeZone-1,,3196,Cobblestone,Gravel,Pie,Flat,Trash|Gas|Water|Electricity,Interior lot,No Slope,RNH 1,Proximity to School,SingleFamilyHome,Contemporary,8,5,2006,2009,Gable,Rolled Roofing,Board Batten,Natural Stone,40.0,4,3,Individual footing,4.0,French Doors,Dry Wall,1273,Furnace,5,Yes,NM Cable,1456,0,1456,2,0,2,1,4,7,1,TA,Attached,DryWall,2,400,3,Paved,143,0,0,0,No Fence,5,2006,Down payment assistance,Regular,178456.0,Y,Y,2021-03-16,6750992,"Gotthardstraße 7/5
35374 Garmisch-Partenkirchen",Rosenheim,Neuseeland,dianerose@gmail.com,F,Niedersachsen,41994,53.0,2021-10-14,2.6,2021-10-14,2.6
853,VacHomeClass-8,VacHomeZone-1,53.0,7128,Cobblestone,Gravel,Pie,Flat,Trash|Gas|Water|Electricity,Interior lot,No Slope,RNH 7,Proximity to School,Apartment,Modern,7,5,1943,1959,Gable,Rolled Roofing,Log Wood,Manmade Stone,0.0,3,4,Combined footing,3.0,No Sunlight,Foamax,918,Furnace,4,Yes,NM Cable,918,728,1646,2,0,4,1,3,7,2,Gd,Detached,Metal Panels,1,240,3,Paved,0,0,0,0,Vinyl Fences,8,2007,Down payment assistance,Regular,136126.0,N,Y,2021-09-04,4002505,"Nergerallee 6
64665 Groß-Gerau",Hechingen,Cookinseln,elsa90@hoefig.de,M,Bayern,10668,80.0,2021-03-18,3.2,2021-03-18,3.2
854,VacHomeClass-9,VacHomeZone-1,,12095,Cobblestone,Gravel,Reverse Pie,Flat,Trash|Gas|Water|Electricity,Corner lot,No Slope,NAmes,Proximity to School,Apartment,Spanish,6,6,1968,1970,Gable,Rolled Roofing,Log Wood,Natural Stone,115.0,3,4,Combined footing,3.0,French Doors,Foamax,1127,Furnace,3,Yes,NM Cable,1445,0,1445,1,1,3,1,3,7,1,Fa,Attached,Wood Sheathing,2,645,3,Paved,180,0,0,0,Vinyl Fences,8,2009,Down payment assistance,Regular,131146.0,N,Y,2021-06-18,99222253,"Jiri-Wähner-Allee 6/6
78320 Sulzbach-Rosenberg",Demmin,Ukraine,rflantz@yahoo.de,M,Baden-Württemberg,41802,5.0,2021-11-05,2.7,2021-11-05,2.7
855,VacHomeClass-1,VacHomeZone-1,102.0,17920,Cobblestone,Gravel,Pie,Flat,Trash|Gas|Water|Electricity,Interior lot,No Slope,RNH 20,Proximity to School,Apartment,Contemporary,5,4,1956,1978,Sawtooth,Rolled Roofing,Wood Shingle,Manmade Stone,0.0,3,3,Combined footing,3.0,Small Windows,BrightWall Paneling,1763,Furnace,3,Yes,NM Cable,1779,0,1779,1,1,3,1,3,6,1,Gd,Attached,Metal Panels,2,454,3,Paved,0,0,0,0,No Fence,7,2006,Down payment assistance,Shortsale,141106.0,Y,N,2021-12-06,39266897,"Gabor-Dehmel-Straße 074
15430 Spremberg",Schwerin,Gabun,sjockel@bruder.net,M,Brandenburg,30979,19.0,2021-09-13,2.9,2021-09-13,2.9
856,VacHomeClass-1,VacHomeZone-1,,6897,Cobblestone,Gravel,Reverse Pie,Flat,Trash|Gas|Water|Electricity,Corner lot,No Slope,RNH 20,Proximity to School,Apartment,Contemporary,5,8,1967,2017,Gable,Rolled Roofing,Horizontal Wood,Manmade Stone,0.0,3,4,Combined footing,3.0,No Sunlight,BrightWall Paneling,1040,Furnace,5,Yes,NM Cable,1040,0,1040,1,1,3,1,3,6,0,,Detached,Metal Panels,1,260,3,Paved,0,0,0,0,No Fence,4,2010,Down payment assistance,Regular,105416.0,N,Y,2021-12-07,45547065,"Rosalinde-Eckbauer-Ring 8/4
97678 Cottbus",Stadtroda,Französisch-Polynesien,roerrichtmilos@wagenknecht.net,F,Thüringen,60827,15.0,2021-08-18,4.9,2021-08-18,4.9
857,VacHomeClass-9,VacHomeZone-1,,10970,Cobblestone,Gravel,Reverse Pie,Low Level,Trash|Gas|Water|Electricity,Interior lot,Little Slope,RNH 6,Proximity to School,Apartment,Spanish,6,6,1980,1982,Gable,Rolled Roofing,Brick,Manmade Stone,0.0,3,3,Combined footing,4.0,French Doors,ZenWall Panels,940,Furnace,3,Yes,NM Cable,1026,0,1026,1,0,3,1,3,5,0,,Detached,Metal Panels,2,576,3,Paved,0,0,0,0,Vinyl Fences,10,2008,Down payment assistance,Regular,122016.0,N,Y,2021-01-13,22249418,"Nils-Dobes-Gasse 958
89135 Weißenfels",Rosenheim,Svalbard und Jan Mayen,ottoerdmute@gmx.de,F,Bremen,49358,18.0,2021-09-01,2.0,2021-09-01,2.0
858,VacHomeClass-6,VacHomeZone-1,65.0,8125,Cobblestone,Gravel,Pie,Flat,Trash|Gas|Water|Electricity,Interior lot,No Slope,RNH 9,Proximity to School,Apartment,Bungalow,6,5,1995,2003,Gable,Rolled Roofing,Horizontal Wood,Manmade Stone,0.0,3,3,Individual footing,4.0,No Sunlight,Dry Wall,702,Furnace,4,Yes,NM Cable,702,779,1481,2,1,3,1,3,6,1,TA,Attached,DryWall,2,343,3,Paved,0,0,0,0,No Fence,3,2009,Down payment assistance,Regular,144426.0,Y,N,2021-02-23,60929983,"Alwin-Käster-Gasse 2/5
94872 Hannover",Olpe,Bhutan,luebsanatoli@neureuther.net,Unknown,Bayern,40205,80.0,2021-01-22,4.9,2021-01-22,4.9
859,VacHomeClass-1,VacHomeZone-1,80.0,10400,Cobblestone,Gravel,Pie,Flat,Trash|Gas|Water|Electricity,Interior lot,No Slope,RNH 17,Proximity to School,Apartment,Contemporary,7,5,1980,1982,Gable,Rolled Roofing,Horizontal Wood,Natural Stone,189.0,3,3,Combined footing,4.0,No Sunlight,Dry Wall,1090,Furnace,3,Yes,NM Cable,1370,0,1370,2,0,3,1,3,6,1,TA,Attached,Wood Sheathing,2,479,3,Paved,0,0,0,0,Vinyl Fences,6,2009,Down payment assistance,Foreclosure,126166.0,N,N,2021-02-20,98810611,"Winklerstraße 923
33519 Eisleben",Magdeburg,Aruba,lenazaenker@mude.net,M,Brandenburg,42587,58.0,2021-01-13,2.8,2021-01-13,2.8
860,VacHomeClass-6,VacHomeZone-1,,11029,Cobblestone,Gravel,Reverse Pie,Flat,Trash|Gas|Water|Electricity,Corner lot,No Slope,RNH 17,Proximity to Mall,Apartment,Bungalow,6,7,1970,1988,Gable,Rolled Roofing,Horizontal Wood,Natural Stone,220.0,3,3,Combined footing,3.0,Small Windows,CleanSpace Wall System,1054,Furnace,3,Yes,NM Cable,1512,1142,2654,2,1,4,1,4,9,1,Gd,Attached,Metal Panels,2,619,3,Paved,0,0,0,0,No Fence,8,2006,Down payment assistance,Regular,207506.0,N,Y,2021-06-10,13674250,"Heintzeallee 583
52798 Guben",Illertissen,Gabun,geiselsalih@haering.com,Unknown,Mecklenburg-Vorpommern,73453,83.0,2021-02-03,4.4,2021-02-03,4.4
861,VacHomeClass-5,VacHomeZone-1,55.0,7642,Cobblestone,Gravel,Pie,Flat,Trash|Gas|Water|Electricity,Corner lot,No Slope,RNH 7,Proximity to School,Apartment,Craftsman,7,8,1920,2004,Gable,Rolled Roofing,Wood Shingle,Manmade Stone,0.0,4,3,Strip foundation,3.0,No Sunlight,Dry Wall,912,Furnace,4,Yes,NM Cable,912,514,1426,1,1,3,1,4,7,1,Gd,Detached,Metal Panels,1,216,3,Paved,0,0,0,0,Composite Fences,6,2007,Down payment assistance,Regular,157664.5,Y,Y,2021-12-03,29645800,"Swetlana-Käster-Gasse 00
20986 Teterow",Burgdorf,Tonga,ibrahimwaehner@web.de,F,Thüringen,37474,18.0,2021-05-09,2.0,2021-05-09,2.0
862,VacHomeClass-15,VacHomeZone-1,75.0,11625,Cobblestone,Gravel,Pie,Flat,Trash|Gas|Water|Electricity,Interior lot,No Slope,RNH 20,Proximity to School,Condo,Contemporary,5,4,1970,1971,Sawtooth,Rolled Roofing,Brick,Manmade Stone,0.0,3,3,Individual footing,3.0,Small Windows,CleanSpace Wall System,1039,Furnace,5,Yes,NM Cable,1039,0,1039,1,1,3,1,3,6,0,,Attached,Metal Panels,2,504,3,Paved,0,0,0,0,No Fence,4,2010,Down payment assistance,Regular,109151.0,N,N,2021-12-15,38931390,"Leopold-Sorgatz-Platz 8/8
26042 Vilsbiburg",Bad Brückenau,Salomonen,harald74@harloff.com,Unknown,Bremen,12841,48.0,2021-05-12,2.5,2021-05-12,2.5
863,VacHomeClass-1,VacHomeZone-1,81.0,9672,Cobblestone,Gravel,Pie,Flat,Trash|Gas|Water|Electricity,Corner lot,No Slope,RNH 21,Proximity to School,Apartment,Contemporary,6,5,1989,1991,Sawtooth,Rolled Roofing,Horizontal Wood,Manmade Stone,0.0,3,3,Individual footing,4.0,No Sunlight,ZenWall Panels,1040,Furnace,3,Yes,NM Cable,1097,0,1097,2,0,3,1,3,6,0,,Attached,Metal Panels,2,480,3,Paved,0,0,0,0,Composite Fences,5,2010,Down payment assistance,Regular,126166.0,N,Y,2021-09-17,71023656,"Ruppersbergerring 98
86841 Stendal",Stade,Turkmenistan,tassilo44@atzler.com,Unknown,Sachsen,59384,31.0,2021-09-13,3.7,2021-09-13,3.7
864,VacHomeClass-1,VacHomeZone-1,70.0,7931,Cobblestone,Gravel,Pie,Flat,Trash|Gas|Water|Electricity,Interior lot,No Slope,NAmes,Proximity to School,Apartment,Contemporary,5,5,1960,1962,Sawtooth,Rolled Roofing,Vertical Wood,Manmade Stone,0.0,3,3,Combined footing,3.0,No Sunlight,CleanSpace Wall System,1148,Furnace,3,Yes,NM Cable,1148,0,1148,1,0,3,1,3,6,0,,Attached,Metal Panels,1,672,3,Paved,0,0,0,0,Composite Fences,7,2009,Down payment assistance,Regular,109981.0,N,N,2021-03-11,84219176,"Haeringweg 8
30909 Seelow",Feuchtwangen,Nepal,louise42@yahoo.de,F,Saarland,95386,62.0,2021-07-06,3.4,2021-07-06,3.4
865,VacHomeClass-1,VacHomeZone-5,72.0,8640,Cobblestone,Gravel,Pie,Flat,Trash|Gas|Water|Electricity,Interior lot,No Slope,RNH 22,Proximity to School,Apartment,Contemporary,7,5,2010,2012,Gable,Rolled Roofing,Board Batten,Manmade Stone,0.0,4,3,Individual footing,5.0,No Sunlight,Dry Wall,1372,Furnace,5,Yes,NM Cable,1372,0,1372,2,0,3,1,4,6,0,,Attached,DryWall,2,529,3,Paved,0,0,0,0,No Fence,5,2008,Government-backed programs,Distress Sale,207987.4,N,Y,2021-04-25,60636591,"Enno-Hendriks-Platz 3/6
70151 Nordhausen",Sulzbach-Rosenberg,St. Kitts und Nevis,buchholzclarissa@haase.com,Unknown,Hessen,34957,57.0,2021-12-14,1.7,2021-12-14,1.7
866,VacHomeClass-1,VacHomeZone-1,,8750,Cobblestone,Gravel,Reverse Pie,Flat,Trash|Gas|Water|Electricity,Interior lot,No Slope,NAmes,Proximity to School,Apartment,Contemporary,5,6,1974,1972,Gable,Rolled Roofing,Log Wood,Natural Stone,76.0,3,3,Combined footing,3.0,No Sunlight,CleanSpace Wall System,1002,Furnace,3,Yes,NM Cable,1002,0,1002,1,0,3,1,3,5,0,,Detached,Metal Panels,2,902,3,Paved,0,0,0,0,Vinyl Fences,8,2009,Down payment assistance,Regular,123261.0,N,N,2021-08-21,91597144,"Trappplatz 97
87063 Rockenhausen",Sankt Goar,Tunesien,hoevelhans-helmut@roht.de,Unknown,Baden-Württemberg,51676,78.0,2021-11-09,2.1,2021-11-09,2.1
867,VacHomeClass-1,VacHomeZone-1,67.0,10656,Cobblestone,Gravel,Reverse Pie,High Level,Trash|Gas|Water|Electricity,Interior lot,No Slope,RNH 24,Proximity to School,Apartment,Contemporary,8,5,2010,2010,Gable,Rolled Roofing,Board Batten,Manmade Panels,274.0,4,3,Individual footing,4.0,Large Windows,Dry Wall,1638,Furnace,5,Yes,NM Cable,1646,0,1646,2,0,3,1,4,6,1,Gd,Attached,Wood Sheathing,3,870,3,Paved,192,0,0,0,No Fence,11,2007,Government-backed programs,Distress Sale,206593.0,Y,Y,2021-03-30,3425077,"Ruppersbergerring 0
83230 Gütersloh",Aachen,Niger,gseip@aol.de,Unknown,Hessen,64066,70.0,2021-07-19,3.8,2021-07-19,3.8
868,VacHomeClass-1,VacHomeZone-1,85.0,6970,Cobblestone,Gravel,Pie,Flat,Trash|Gas|Water|Electricity,Corner lot,No Slope,RNH 20,Proximity to Hospital,Apartment,Contemporary,4,5,1966,1967,Gable,Rolled Roofing,Board Batten,Manmade Stone,0.0,3,3,Combined footing,3.0,No Sunlight,BrightWall Paneling,1040,Furnace,3,Yes,NM Cable,1120,0,1120,1,1,3,1,2,5,0,,Attached,Wood Sheathing,2,544,3,Paved,168,0,0,0,No Fence,5,2007,Down payment assistance,Regular,107076.0,N,Y,2021-12-08,82837273,"Steystr. 637
80104 Wesel",Hammelburg,Britisches Territorium im Indischen Ozean,fkreusel@gmail.com,Unknown,Saarland,62826,79.0,2021-10-05,4.9,2021-10-05,4.9
869,VacHomeClass-6,VacHomeZone-1,,14762,Cobblestone,Gravel,Rectangular,Flat,Trash|Gas|Water|Electricity,Corner lot,No Slope,RNH 9,Proximity to Hospital,Apartment,Bungalow,5,6,1949,1956,Gable,Rolled Roofing,Brick,Manmade Stone,0.0,3,3,Pile foundation,,,,0,Furnace,4,Yes,NM Cable,1547,720,2320,2,0,2,1,3,7,1,TA,Attached,Metal Panels,2,672,3,Partially Gravel,120,0,0,0,No Fence,5,2006,Down payment assistance,Regular,140276.0,Y,Y,2021-01-21,78436169,"Carmine-Gehringer-Gasse 0/0
83593 Zerbst",Bernburg,Bahamas,roehrdanzhasan@aol.de,F,Niedersachsen,70252,97.0,2021-06-23,4.2,2021-06-23,4.2
870,VacHomeClass-6,VacHomeZone-1,80.0,9938,Cobblestone,Gravel,Pie,Flat,Trash|Gas|Water|Electricity,Interior lot,No Slope,RNH 21,Proximity to School,Apartment,Bungalow,7,5,1998,2000,Gable,Rolled Roofing,Log Wood,Natural Stone,246.0,4,3,Individual footing,4.0,No Sunlight,ZenWall Panels,1050,Furnace,5,Yes,NM Cable,1062,887,1949,2,1,3,1,4,8,1,TA,Attached,DryWall,2,574,3,Paved,156,0,0,0,Composite Fences,6,2010,Down payment assistance,Regular,195886.0,Y,Y,2021-11-18,41760505,"Bohnbachgasse 3/8
78431 Warendorf",Badoberan,Slowenien,lkaul@hotmail.de,M,Niedersachsen,78204,76.0,2021-08-24,4.2,2021-08-24,4.2
871,VacHomeClass-1,VacHomeZone-1,60.0,6600,Cobblestone,Gravel,Pie,Flat,Trash|Gas|Water|Electricity,Interior lot,No Slope,NAmes,Proximity to Park,Apartment,Contemporary,5,5,1965,1971,Sawtooth,Rolled Roofing,Log Wood,Manmade Stone,0.0,3,3,Combined footing,3.0,No Sunlight,Dry Wall,894,Furnace,4,No,NM Cable,894,0,894,1,0,2,1,3,5,0,,Detached,Metal Panels,1,308,3,Paved,0,0,0,0,No Fence,8,2009,Down payment assistance,Regular,90891.0,N,N,2021-07-26,67329809,"Theda-Dowerg-Platz 6
91231 Berlin",Hammelburg,Monaco,beckmannalwina@schoenland.de,Unknown,Hessen,94090,99.0,2021-09-24,1.9,2021-09-24,1.9
872,VacHomeClass-6,VacHomeZone-1,70.0,8750,Cobblestone,Gravel,Pie,Flat,Trash|Gas|Water|Electricity,Interior lot,No Slope,RNH 6,Proximity to School,Apartment,Bungalow,6,5,2001,2005,Gable,Rolled Roofing,Board Batten,Natural Stone,116.0,3,3,Individual footing,4.0,No Sunlight,ZenWall Panels,804,Furnace,5,Yes,NM Cable,804,878,1682,2,1,3,1,4,7,0,,Attached,Wood Sheathing,2,523,3,Paved,0,0,0,0,No Fence,6,2010,Down payment assistance,Regular,166421.0,N,N,2021-12-09,57761275,"Stumpfring 7
81274 Steinfurt",Peine,Algerien,sarahhendriks@mude.de,Unknown,Bremen,50794,79.0,2021-10-28,1.2,2021-10-28,1.2
873,VacHomeClass-1,VacHomeZone-1,74.0,8892,Cobblestone,Gravel,Pie,Flat,Trash|Gas|Water|Electricity,Corner lot,No Slope,NAmes,Proximity to School,Apartment,Contemporary,5,7,1958,2003,Gable,Rolled Roofing,Vinyl,Manmade Stone,0.0,4,3,Drilled Shafts,3.0,Large Windows,Dry Wall,105,Furnace,4,Yes,NM Cable,910,0,910,1,0,3,1,4,5,0,,Attached,Metal Panels,2,414,3,Paved,196,0,0,0,Wood Fences,10,2008,Down payment assistance,Regular,96286.0,Y,Y,2021-01-31,93116251,"Sybilla-Biggen-Weg 361
23105 Eisenberg",Altentreptow,Libyen,aschmidtke@gmail.com,F,Nordrhein-Westfalen,49963,30.0,2021-10-18,4.4,2021-10-18,4.4
874,VacHomeClass-3,VacHomeZone-1,60.0,12144,Cobblestone,Gravel,Pie,Flat,Trash|Gas|Water|Electricity,Interior lot,No Slope,NAmes,Proximity to School,Apartment,Contemporary,5,7,1950,1954,Gable,Rolled Roofing,Horizontal Wood,Manmade Stone,0.0,4,3,Combined footing,3.0,No Sunlight,Foamax,832,Furnace,4,Yes,NM Cable,1036,0,1268,1,0,3,1,3,6,1,Gd,Attached,Metal Panels,1,288,3,Paved,0,0,0,0,No Fence,9,2009,Down payment assistance,Regular,110396.0,N,Y,2021-06-13,47210578,"Bärergasse 480
33996 Mittweida",Darmstadt,Marokko,gherrmann@yahoo.de,M,Mecklenburg-Vorpommern,12880,61.0,2021-09-24,1.6,2021-09-24,1.6
875,VacHomeClass-5,VacHomeZone-2,52.0,5720,Cobblestone,Gravel,Pie,Flat,Trash|Gas|Water|Electricity,Interior lot,No Slope,RNH 18,Proximity to Gym,Apartment,Craftsman,5,6,1944,1959,Gable,Rolled Roofing,Wood Shingle,Manmade Stone,0.0,3,3,Combined footing,3.0,No Sunlight,Dry Wall,676,Furnace,5,Yes,NM Cable,676,455,1131,1,1,3,1,3,5,0,,Detached,Metal Panels,1,200,3,Paved,26,0,0,0,No Fence,8,2009,Down payment assistance,Shortsale,55201.0,N,N,2021-03-25,22544025,"Ziegertplatz 91
93290 Eisenach",Tübingen,Ägypten,haenelannelise@patberg.de,Unknown,Nordrhein-Westfalen,60298,71.0,2021-04-12,3.1,2021-04-12,3.1
876,VacHomeClass-6,VacHomeZone-5,75.0,9000,Cobblestone,Gravel,Pie,Flat,Trash|Gas|Water|Electricity,Interior lot,No Slope,RNH 22,Proximity to School,Apartment,Bungalow,8,5,2012,2014,Gable,Rolled Roofing,Metal,Manmade Stone,0.0,4,3,Individual footing,4.0,Large Windows,ZenWall Panels,1184,Furnace,5,Yes,NM Cable,1184,1426,2610,2,1,4,1,5,11,1,Gd,Breezeway,DryWall,2,550,3,Paved,208,0,0,0,No Fence,8,2007,Government-backed programs,Distress Sale,251891.91,Y,N,2021-05-09,73281832,"Samira-Hofmann-Weg 43
83938 Marktheidenfeld",Sankt Goar,Somalia,ruditrapp@lachmann.com,F,Schleswig-Holstein,8695,52.0,2021-09-04,3.8,2021-09-04,3.8
877,VacHomeClass-1,VacHomeZone-1,94.0,25286,Cobblestone,Gravel,Pie,High Level,Trash|Gas|Water|Electricity,Interior lot,Little Slope,RNH 12,Proximity to School,Apartment,Contemporary,4,5,1966,1966,Gable,Rolled Roofing,Horizontal Wood,Manmade Stone,0.0,3,3,Individual footing,3.0,French Doors,BrightWall Paneling,1064,Furnace,4,Yes,NM Cable,1040,0,1040,1,0,3,1,3,5,0,,Attached,Metal Panels,2,648,3,Paved,0,0,0,0,No Fence,1,2007,Down payment assistance,Regular,109773.5,N,Y,2021-08-01,56510010,"Kargeweg 7/2
00012 Erfurt",Weißenfels,Mongolei,louis31@aol.de,M,Saarland,86767,55.0,2021-11-17,1.0,2021-11-17,1.0
878,VacHomeClass-6,VacHomeZone-1,74.0,8834,Cobblestone,Gravel,Pie,Flat,Trash|Gas|Water|Electricity,Interior lot,No Slope,RNH 16,Proximity to School,Apartment,Bungalow,9,5,2008,2014,Sawtooth,Rolled Roofing,Board Batten,Manmade Panels,216.0,4,3,Individual footing,5.0,No Sunlight,ZenWall Panels,1462,Furnace,5,Yes,NM Cable,1462,762,2224,2,1,4,1,5,10,1,Gd,Attached,DryWall,3,738,3,Paved,184,0,0,0,No Fence,6,2009,Down payment assistance,Regular,290506.0,N,N,2021-03-04,45642418,"Alois-Trommler-Weg 7
52518 Kitzingen",Dessau,Weihnachtsinsel,dhertrampf@krein.com,M,Sachsen,73520,65.0,2021-01-16,1.2,2021-01-16,1.2
879,VacHomeClass-10,VacHomeZone-1,88.0,11782,Cobblestone,Gravel,Reverse Pie,Flat,Trash|Gas|Water|Electricity,Interior lot,No Slope,RNH 20,Proximity to School,Apartment,Georgian,5,7,1966,1999,Gable,Rolled Roofing,Horizontal Wood,Manmade Stone,0.0,3,3,Combined footing,3.0,Large Windows,BrightWall Paneling,1109,Furnace,3,Yes,NM Cable,1155,0,1155,1,0,3,1,4,6,0,,Detached,Metal Panels,2,576,3,Paved,192,0,0,0,Vinyl Fences,6,2010,Down payment assistance,Regular,122846.0,N,Y,2021-02-18,55910811,"Svenja-Staude-Straße 02
74712 Badoberan",Gütersloh,Armenien,striebitzwibke@googlemail.com,F,Baden-Württemberg,83117,24.0,2021-12-12,1.6,2021-12-12,1.6
880,VacHomeClass-1,VacHomeZone-1,,7000,Cobblestone,Gravel,Reverse Pie,Flat,Trash|Gas|Water|Electricity,Cul-de-sac,No Slope,RNH 6,Proximity to School,Apartment,Contemporary,5,8,1982,2013,Gable,Rolled Roofing,Board Batten,Natural Stone,90.0,4,4,Combined footing,3.0,No Sunlight,BrightWall Paneling,864,Furnace,5,Yes,NM Cable,864,0,864,1,0,3,1,3,6,0,,Attached,Metal Panels,1,336,3,Paved,0,0,0,0,Wood Fences,7,2009,Down payment assistance,Regular,113301.0,Y,N,2021-05-11,6902599,"Dietzstr. 3
34718 Mellrichstadt",Starnberg,Dschibuti,jamesklemm@wilms.com,F,Thüringen,26228,44.0,2021-05-30,4.0,2021-05-30,4.0
881,VacHomeClass-1,VacHomeZone-1,60.0,7024,Cobblestone,Gravel,Pie,Flat,Trash|Gas|Water|Electricity,Interior lot,No Slope,RNH 8,Proximity to School,Apartment,Contemporary,5,5,2007,2012,Gable,Rolled Roofing,Board Batten,Manmade Stone,0.0,3,3,Individual footing,5.0,No Sunlight,BrightWall Paneling,1090,Furnace,4,Yes,NM Cable,1090,0,1090,1,1,2,1,3,5,0,,Attached,DryWall,2,450,3,Paved,0,0,0,0,No Fence,6,2007,Down payment assistance,Regular,130316.0,N,Y,2021-10-30,98740864,"Natascha-Zänker-Platz 01
55022 Wiedenbrück",Kusel,Laos,natzler@hotmail.de,M,Schleswig-Holstein,56210,58.0,2021-05-02,2.1,2021-05-02,2.1
882,VacHomeClass-5,VacHomeZone-1,44.0,13758,Cobblestone,Gravel,Reverse Pie,Flat,Trash|Gas|Water|Electricity,Cul-de-sac,No Slope,RNH 24,Proximity to School,Apartment,Craftsman,7,5,1994,1997,Gable,Rolled Roofing,Horizontal Wood,Natural Stone,117.0,4,4,Combined footing,4.0,Small Windows,Basement to Beautiful Panels,1156,Furnace,5,Yes,NM Cable,1187,530,1717,2,1,3,1,4,7,1,TA,Attached,Wood Sheathing,2,400,3,Paved,168,0,0,0,No Fence,4,2007,Down payment assistance,Regular,155631.0,N,N,2021-12-21,15904416,"Antonius-Misicher-Ring 9/4
10995 Neustadtner Waldnaab",Naila,Mauretanien,oloewer@gmx.de,M,Hessen,24854,1.0,2021-09-30,4.9,2021-09-30,4.9
883,VacHomeClass-6,VacHomeZone-1,,9636,Cobblestone,Gravel,Reverse Pie,Flat,Trash|Gas|Water|Electricity,Corner lot,No Slope,RNH 9,Proximity to School,Apartment,Bungalow,6,5,1997,1996,Gable,Rolled Roofing,Board Batten,Manmade Stone,0.0,3,3,Individual footing,4.0,No Sunlight,Dry Wall,808,Furnace,4,Yes,NM Cable,808,785,1593,2,1,3,1,3,7,1,TA,Breezeway,Wood Sheathing,2,389,3,Paved,342,0,0,0,Vinyl Fences,12,2009,Down payment assistance,Regular,147746.0,N,N,2021-11-13,5590100,"Evi-Kallert-Gasse 3/4
78918 Wesel",Kehl,Bermuda,julius82@yahoo.de,Unknown,Nordrhein-Westfalen,59902,99.0,2021-10-19,2.0,2021-10-19,2.0
884,VacHomeClass-8,VacHomeZone-1,60.0,6204,Cobblestone,Gravel,Pie,Slope,Trash|Gas|Water|Electricity,Interior lot,No Slope,RNH 19,Proximity to School,Apartment,Ranch,4,5,1913,1957,Gable,Rolled Roofing,Wood Shingle,Manmade Stone,0.0,4,3,Individual footing,3.0,No Sunlight,Dry Wall,795,Furnace,3,No,NM Cable,954,795,2230,1,0,5,1,3,10,0,,Detached,Metal Panels,1,440,3,Paved,0,0,0,0,No Fence,3,2006,Down payment assistance,Regular,98361.0,N,Y,2021-12-25,75067090,"Veronica-Hörle-Allee 3/8
53527 Aachen",Mühlhausen,Gibraltar,jens-uwe98@gmx.de,M,Bremen,79558,82.0,2021-03-23,4.0,2021-03-23,4.0
885,VacHomeClass-1,VacHomeZone-1,65.0,7150,Cobblestone,Gravel,Pie,Flat,Trash|Gas|Water|Electricity,Interior lot,No Slope,NAmes,Proximity to School,Apartment,Contemporary,5,5,1970,1970,Gable,Rolled Roofing,Horizontal Wood,Natural Stone,60.0,3,3,Combined footing,3.0,No Sunlight,CleanSpace Wall System,892,Furnace,3,Yes,NM Cable,892,0,892,1,0,3,1,3,5,0,,Attached,Wood Sheathing,1,288,3,Paved,0,0,0,0,Wood Fences,7,2009,Down payment assistance,Regular,83006.0,Y,Y,2021-03-31,17004336,"Killergasse 0
10680 Rosenheim",Kaiserslautern,Sonderverwaltungszone Macao,iritter@haering.de,F,Brandenburg,48433,92.0,2021-01-19,4.2,2021-01-19,4.2
886,VacHomeClass-12,VacHomeZone-5,50.0,5119,Cobblestone,Gravel,Reverse Pie,Flat,Trash|Gas|Water|Electricity,Cul-de-sac,No Slope,RNH 22,Proximity to School,SingleFamilyHome,Contemporary,9,5,2001,2006,Gable,Rolled Roofing,Log Wood,Natural Stone,60.0,4,3,Individual footing,5.0,Large Windows,ZenWall Panels,1698,Furnace,5,Yes,NM Cable,1709,0,1709,2,0,2,1,4,5,1,TA,Attached,DryWall,2,506,3,Paved,97,0,0,0,No Fence,1,2008,Adjustable Rates,Shortsale,272993.0,N,Y,2021-09-20,65515099,"Benderallee 1/4
05099 Wolgast",Gelnhausen,St. Helena,dauch-schlauchin@hotmail.de,Unknown,Sachsen,80803,34.0,2021-08-06,3.6,2021-08-06,3.6
887,VacHomeClass-11,VacHomeZone-1,70.0,8393,Cobblestone,Gravel,Pie,Flat,Trash|Gas|Water|Electricity,Corner lot,No Slope,NAmes,Proximity to School,Townhome,Contemporary,5,5,1962,2010,Gable,Rolled Roofing,Log Wood,Natural Stone,122.0,3,3,Combined footing,3.0,No Sunlight,Basement to Beautiful Panels,1626,Furnace,5,Yes,NM Cable,1712,0,1712,2,0,4,2,3,8,0,,Attached,DryWall,2,588,3,Paved,272,0,0,0,No Fence,6,2006,Down payment assistance,Foreclosure,120356.0,Y,N,2021-03-20,38765483,"Conrad-Liebelt-Gasse 72
15594 Vohenstrauß",Görlitz,Jamaika,reimund75@googlemail.com,Unknown,Mecklenburg-Vorpommern,14508,87.0,2021-06-07,1.7,2021-06-07,1.7
888,VacHomeClass-5,VacHomeZone-1,59.0,16466,Cobblestone,Gravel,Reverse Pie,Flat,Trash|Gas|Water|Electricity,Interior lot,No Slope,RNH 8,Proximity to School,Apartment,Craftsman,5,7,1956,1963,Gable,Rolled Roofing,Log Wood,Manmade Stone,0.0,3,4,Individual footing,3.0,No Sunlight,Dry Wall,816,Furnace,3,Yes,NM Cable,872,521,1393,1,1,3,1,3,8,0,,Attached,Metal Panels,1,300,3,Paved,121,0,0,0,No Fence,4,2008,Down payment assistance,Regular,112471.0,N,N,2021-01-08,53559142,"Ruppersbergerweg 1/2
03898 Viersen",Mayen,Montserrat,iehlert@hofmann.com,M,Saarland,29125,81.0,2021-12-08,2.8,2021-12-08,2.8
889,VacHomeClass-1,VacHomeZone-1,95.0,15865,Cobblestone,Gravel,Reverse Pie,Flat,Trash|Gas|Water|Electricity,Interior lot,Little Slope,NAmes,Proximity to School,Apartment,Contemporary,8,6,1975,1975,Dormer,Tar&Grv,Wood Shingle,Manmade Stone,0.0,4,4,Individual footing,3.0,French Doors,BrightWall Paneling,2217,Furnace,5,Yes,NM Cable,2217,0,2217,2,0,4,1,4,8,1,TA,Attached,Metal Panels,2,621,3,Paved,81,0,0,0,No Fence,10,2007,Down payment assistance,Regular,222446.0,N,N,2021-06-11,63687293,"Polina-Söding-Allee 9
66743 Wiedenbrück",Sankt Goar,Bouvetinsel,soenkeehlert@gmail.com,Unknown,Niedersachsen,2187,78.0,2021-12-17,2.3,2021-12-17,2.3
890,VacHomeClass-1,VacHomeZone-1,128.0,12160,Cobblestone,Gravel,Pie,Flat,Trash|Gas|Water|Electricity,Interior lot,No Slope,NAmes,Proximity to Hospital,Apartment,Contemporary,6,4,1955,1959,Sawtooth,Rolled Roofing,Wood Shingle,Natural Stone,90.0,3,3,Combined footing,3.0,No Sunlight,CleanSpace Wall System,1505,Furnace,5,Yes,NM Cable,1505,0,1505,1,0,2,1,3,6,1,TA,Attached,Wood Sheathing,2,505,3,Paved,0,162,0,0,No Fence,2,2009,Down payment assistance,Regular,124091.0,N,Y,2021-07-15,17335515,"Metzring 131
72994 Hildesheim",Parsberg,Monaco,mnoack@web.de,F,Rheinland-Pfalz,51447,39.0,2021-08-17,2.1,2021-08-17,2.1
891,VacHomeClass-5,VacHomeZone-1,60.0,8064,Cobblestone,Gravel,Pie,Flat,Trash|Gas|Water|Electricity,Corner lot,No Slope,NAmes,Proximity to Gym,Apartment,Craftsman,5,7,1951,2010,Gable,Rolled Roofing,Log Wood,Manmade Stone,0.0,3,4,Combined footing,3.0,Small Windows,Dry Wall,672,Furnace,5,Yes,NM Cable,672,252,924,1,0,3,1,3,6,1,Po,Detached,Metal Panels,2,576,3,Paved,0,0,0,0,Vinyl Fences,7,2007,Down payment assistance,Regular,102013.0,Y,Y,2021-04-15,25278217,"Miriam-Schmidt-Weg 92
68848 Kassel",Goslar,Republik Korea,kambsbalthasar@gmx.de,M,Brandenburg,78781,46.0,2021-08-12,4.4,2021-08-12,4.4
892,VacHomeClass-6,VacHomeZone-1,70.0,11184,Cobblestone,Gravel,Pie,Flat,Trash|Gas|Water|Electricity,Interior lot,No Slope,RNH 20,Proximity to School,Apartment,Bungalow,6,5,1979,1984,Sawtooth,Rolled Roofing,Horizontal Wood,Natural Stone,92.0,3,3,Combined footing,3.0,No Sunlight,Basement to Beautiful Panels,918,Furnace,4,Yes,NM Cable,918,765,1683,2,1,3,1,3,7,1,TA,Attached,Wood Sheathing,2,440,3,Paved,243,0,0,0,No Fence,7,2009,Down payment assistance,Regular,143181.0,N,N,2021-02-05,39509703,"Ruppertweg 85
57433 Oranienburg",Steinfurt,Brunei Darussalam,edward57@gierschner.de,F,Baden-Württemberg,90273,14.0,2021-04-15,3.3,2021-04-15,3.3
893,VacHomeClass-1,VacHomeZone-1,70.0,8414,Cobblestone,Gravel,Pie,Flat,Trash|Gas|Water|Electricity,Interior lot,No Slope,RNH 20,Proximity to School,Apartment,Contemporary,6,8,1966,2010,Sawtooth,Rolled Roofing,Horizontal Wood,Manmade Stone,0.0,3,3,Combined footing,3.0,No Sunlight,ZenWall Panels,1059,Furnace,3,Yes,NM Cable,1068,0,1068,1,0,3,1,3,6,0,,Attached,Wood Sheathing,1,264,3,Paved,192,0,0,0,Vinyl Fences,2,2006,Down payment assistance,Regular,128241.0,Y,Y,2021-05-09,80650058,"Krokerstraße 679
02677 Badalzungen",Soltau,Monaco,silvamies@paffrath.com,M,Bayern,66167,21.0,2021-06-06,1.0,2021-06-06,1.0
894,VacHomeClass-1,VacHomeZone-1,,13284,Cobblestone,Gravel,Pie,Flat,Trash|Gas|Water|Electricity,Interior lot,No Slope,RNH 20,Proximity to Park,Apartment,Contemporary,5,5,1958,1957,Gable,Rolled Roofing,Wood Shingle,Manmade Stone,0.0,3,3,Individual footing,4.0,Small Windows,CleanSpace Wall System,1383,Furnace,3,Yes,NM Cable,1383,0,1383,1,0,3,1,3,6,1,Gd,Attached,Metal Panels,1,354,3,Paved,511,0,0,0,Composite Fences,6,2008,Down payment assistance,Regular,136956.0,N,N,2021-02-05,2217710,"Bohnbachstraße 3
39336 Bitterfeld",Gerolzhofen,Türkei,roemerharald@gmail.com,Unknown,Sachsen-Anhalt,35692,35.0,2021-07-23,1.0,2021-07-23,1.0
895,VacHomeClass-11,VacHomeZone-1,64.0,7018,Cobblestone,Gravel,Pie,Slope,Trash|Gas|Water|Electricity,Interior lot,No Slope,RNH 21,Proximity to School,Townhome,Contemporary,5,5,1980,1984,Gable,Rolled Roofing,Brick,Manmade Stone,0.0,3,3,Pile foundation,,,,0,Furnace,3,Yes,NM Cable,1535,0,1535,2,0,4,2,3,8,0,,Attached,Metal Panels,2,400,3,Paved,0,0,0,0,No Fence,6,2009,Down payment assistance,Foreclosure,98658.14,Y,N,2021-02-22,97678809,"Ernestine-Rogner-Ring 0
81413 Dinkelsbühl",Hechingen,Sonderverwaltungszone Hongkong,fadime28@web.de,M,Schleswig-Holstein,48953,92.0,2021-09-06,3.2,2021-09-06,3.2
896,VacHomeClass-6,VacHomeZone-1,71.0,7056,Cobblestone,Gravel,Pie,Flat,Trash|Gas|Water|Electricity,Interior lot,No Slope,NAmes,Proximity to School,Apartment,Bungalow,6,5,1967,1972,Sawtooth,Rolled Roofing,Horizontal Wood,Natural Stone,415.0,3,3,Combined footing,3.0,No Sunlight,CleanSpace Wall System,780,Furnace,3,Yes,NM Cable,983,813,1796,1,1,4,1,3,8,1,TA,Attached,Wood Sheathing,2,483,3,Paved,0,0,0,0,No Fence,10,2008,Down payment assistance,Regular,116206.0,N,N,2021-02-09,49447798,"Giorgio-Bärer-Gasse 8/7
88684 Bad Langensalza",Wernigerode,Griechenland,serge97@yahoo.de,Unknown,Brandenburg,88802,90.0,2021-10-28,2.8,2021-10-28,2.8
897,VacHomeClass-2,VacHomeZone-2,50.0,8765,Cobblestone,Concrete,Pie,Flat,Trash|Gas|Water|Electricity,Interior lot,No Slope,RNH 10,Proximity to School,Apartment,Contemporary,4,6,1939,1957,Gable,Rolled Roofing,Wood Shingle,Manmade Stone,0.0,3,3,Strip foundation,3.0,No Sunlight,BrightWall Paneling,951,Furnace,5,No,NM Cable,951,0,951,1,0,2,1,3,6,0,,Detached,Metal Panels,1,327,3,Paved,0,0,0,0,No Fence,4,2006,Down payment assistance,Shortsale,88401.0,N,Y,2021-01-20,47016125,"Weitzelstr. 752
91869 Kemnath",Günzburg,Simbabwe,weitzelmia@hofmann.de,F,Niedersachsen,20849,34.0,2021-02-22,1.5,2021-02-22,1.5
898,VacHomeClass-11,VacHomeZone-1,64.0,7018,Cobblestone,Gravel,Pie,Flat,Trash|Gas|Water|Electricity,Interior lot,No Slope,RNH 21,Proximity to Hospital,Townhome,Bungalow,5,5,1983,1981,Gable,Rolled Roofing,Brick,Manmade Stone,0.0,3,3,Pile foundation,,,,0,Furnace,3,Yes,NM Cable,1120,1120,2240,2,0,6,2,3,12,0,,Detached,Metal Panels,2,528,3,Paved,154,0,0,0,No Fence,6,2009,Down payment assistance,Foreclosure,118656.99,Y,Y,2021-01-04,5441006,"Hendriksweg 0
32678 Miesbach",Tuttlingen,Jemen,heide02@atzler.com,Unknown,Hamburg,87163,98.0,2021-01-03,3.2,2021-01-03,3.2
899,VacHomeClass-1,VacHomeZone-1,100.0,12919,Cobblestone,Gravel,Reverse Pie,Flat,Trash|Gas|Water|Electricity,Interior lot,No Slope,RNH 16,Proximity to School,Apartment,Contemporary,9,5,2010,2017,Sawtooth,Rolled Roofing,Board Batten,Manmade Panels,760.0,5,3,Individual footing,5.0,French Doors,ZenWall Panels,2330,Furnace,5,Yes,NM Cable,2364,0,2364,2,1,2,1,5,11,2,Gd,Attached,DryWall,3,820,3,Paved,0,0,0,0,No Fence,3,2010,Government-backed programs,Distress Sale,507681.31,N,Y,2021-11-16,74046768,"Etzlerring 591
69940 Aachen",Neustrelitz,Vanuatu,muzaffersorgatz@yahoo.de,Unknown,Schleswig-Holstein,21591,14.0,2021-05-09,1.1,2021-05-09,1.1
900,VacHomeClass-1,VacHomeZone-1,65.0,6993,Cobblestone,Gravel,Pie,Flat,Trash|Gas|Water|Electricity,Interior lot,No Slope,RNH 20,Proximity to Hospital,Apartment,Contemporary,5,7,1964,1997,Gable,Rolled Roofing,Horizontal Wood,Manmade Stone,0.0,3,3,Combined footing,3.0,No Sunlight,CleanSpace Wall System,912,Furnace,3,Yes,NM Cable,1236,0,1236,1,0,3,1,3,6,1,TA,Attached,Metal Panels,1,288,3,Paved,0,0,0,0,No Fence,6,2006,Down payment assistance,Regular,112056.0,N,N,2021-10-24,2292830,"Trubinweg 52
48170 Stadtsteinach",Belzig,Tuvalu,yhess@hornich.com,F,Bayern,34130,80.0,2021-05-25,2.4,2021-05-25,2.4
901,VacHomeClass-1,VacHomeZone-1,,7340,Cobblestone,Gravel,Reverse Pie,Flat,Trash|Gas|Water|Electricity,Interior lot,No Slope,NAmes,Proximity to School,Apartment,Contemporary,4,6,1974,1979,Gable,Rolled Roofing,Horizontal Wood,Manmade Stone,0.0,3,3,Combined footing,3.0,No Sunlight,BrightWall Paneling,858,Furnace,3,Yes,NM Cable,858,0,858,1,0,2,1,3,4,0,,Detached,Metal Panels,1,684,3,Paved,0,0,0,0,No Fence,6,2007,Down payment assistance,Regular,91306.0,Y,N,2021-01-06,30454255,"Schomberring 9/5
79479 Pasewalk",Kusel,Niger,ukaester@franke.net,F,Bayern,20509,52.0,2021-06-25,3.7,2021-06-25,3.7
902,VacHomeClass-1,VacHomeZone-1,64.0,8712,Cobblestone,Gravel,Reverse Pie,Flat,Trash|Gas|Water|Electricity,Interior lot,No Slope,NAmes,Proximity to School,Apartment,Contemporary,5,7,1959,2009,Sawtooth,Rolled Roofing,Log Wood,Manmade Stone,0.0,3,4,Combined footing,3.0,Small Windows,CleanSpace Wall System,992,Furnace,3,Yes,NM Cable,1306,0,1306,1,0,2,1,3,5,0,,Detached,Metal Panels,1,756,3,Paved,0,0,0,0,No Fence,5,2009,Down payment assistance,Regular,126996.0,N,N,2021-03-02,40256290,"Heuserstr. 7
61020 Wunsiedel",Querfurt,Demokratische Volksrepublik Korea,svenja91@aol.de,F,Brandenburg,29179,43.0,2021-07-02,1.1,2021-07-02,1.1
903,VacHomeClass-6,VacHomeZone-1,63.0,7875,Cobblestone,Gravel,Pie,Flat,Trash|Gas|Water|Electricity,Interior lot,No Slope,RNH 9,Proximity to School,Apartment,Bungalow,7,5,2005,2008,Gable,Rolled Roofing,Board Batten,Manmade Stone,0.0,4,3,Individual footing,4.0,No Sunlight,Dry Wall,783,Furnace,5,Yes,NM Cable,807,702,1509,2,1,3,1,4,8,1,Gd,Attached,DryWall,2,393,3,Paved,0,0,0,0,No Fence,7,2006,Down payment assistance,Regular,149406.0,N,N,2021-01-29,35785309,"Matthäiweg 6
29593 Ahaus",Bad Liebenwerda,Griechenland,robin91@ditschlerin.de,M,Saarland,57665,10.0,2021-05-03,4.6,2021-05-03,4.6
904,VacHomeClass-1,VacHomeZone-1,50.0,14859,Cobblestone,Gravel,Reverse Pie,High Level,Trash|Gas|Water|Electricity,Cul-de-sac,No Slope,RNH 9,Proximity to School,Apartment,Contemporary,7,5,2007,2012,Sawtooth,Rolled Roofing,Board Batten,Natural Stone,27.0,4,3,Individual footing,4.0,No Sunlight,Dry Wall,1670,Furnace,5,Yes,NM Cable,1670,0,1670,2,0,3,1,4,7,1,Gd,Attached,Wood Sheathing,3,690,3,Paved,144,0,0,0,No Fence,8,2006,Government-backed programs,Distress Sale,199206.0,N,Y,2021-08-19,61033818,"Lübsweg 96
93983 Osterode am Harz",Sömmerda,Republik Korea,viktorsaeuberlich@gmx.de,Unknown,Schleswig-Holstein,58320,46.0,2021-10-29,4.8,2021-10-29,4.8
905,VacHomeClass-1,VacHomeZone-1,,6173,Cobblestone,Gravel,Reverse Pie,Flat,Trash|Gas|Water|Electricity,Interior lot,No Slope,RNH 20,Proximity to School,Apartment,Contemporary,5,6,1971,1974,Gable,Rolled Roofing,Horizontal Wood,Natural Stone,75.0,3,3,Combined footing,3.0,No Sunlight,ZenWall Panels,876,Furnace,3,Yes,NM Cable,902,0,902,1,0,3,1,3,6,0,,Attached,Metal Panels,1,288,3,Paved,0,0,0,0,Vinyl Fences,8,2007,Down payment assistance,Regular,104171.0,N,N,2021-04-18,84213624,"Hinrich-Atzler-Gasse 0
81548 Prenzlau",Beeskow,Guyana,rainer75@putz.org,Unknown,Bayern,44164,98.0,2021-07-06,4.8,2021-07-06,4.8
906,VacHomeClass-1,VacHomeZone-1,80.0,9920,Cobblestone,Gravel,Pie,Flat,Trash|Gas|Water|Electricity,Interior lot,No Slope,NAmes,Proximity to School,Apartment,Contemporary,5,5,1958,1960,Gable,Rolled Roofing,Horizontal Wood,Manmade Panels,110.0,3,3,Combined footing,3.0,No Sunlight,Foamax,1056,Furnace,3,Yes,NM Cable,1063,0,1063,1,0,3,1,3,6,0,,Attached,Wood Sheathing,1,280,3,Paved,0,0,0,0,Vinyl Fences,2,2010,Down payment assistance,Regular,106246.0,N,Y,2021-03-08,33096889,"Henry-Stadelmann-Ring 4
05254 Schweinfurt",Mettmann,Palau,ureising@googlemail.com,M,Hessen,62521,65.0,2021-01-29,2.2,2021-01-29,2.2
907,VacHomeClass-1,VacHomeZone-1,116.0,13501,Cobblestone,Gravel,Reverse Pie,Flat,Trash|Gas|Water|Electricity,Corner lot,No Slope,RNH 22,Proximity to School,Apartment,Contemporary,8,5,2009,2008,Gable,Rolled Roofing,Board Batten,Manmade Panels,208.0,4,3,Individual footing,4.0,No Sunlight,ZenWall Panels,1623,Furnace,5,Yes,NM Cable,1636,0,1636,2,0,3,1,4,8,1,Gd,Attached,Wood Sheathing,3,865,3,Paved,0,0,0,0,No Fence,6,2007,Down payment assistance,Regular,211656.0,N,Y,2021-10-31,52540516,"Hentschelstraße 29
11348 Hansestadttralsund",Wesel,Andorra,wsontag@web.de,M,Brandenburg,46687,57.0,2021-09-08,4.8,2021-09-08,4.8
908,VacHomeClass-5,VacHomeZone-1,86.0,11500,Cobblestone,Gravel,Reverse Pie,Flat,Trash|Gas|Water|Electricity,Interior lot,No Slope,RNH 7,Proximity to School,Apartment,Craftsman,7,7,1941,1991,Gable,Rolled Roofing,Vertical Wood,Manmade Stone,0.0,4,3,Combined footing,4.0,No Sunlight,Foamax,1017,Furnace,4,Yes,NM Cable,1020,1037,2057,1,1,3,1,4,6,1,Gd,Attached,DryWall,1,180,2,Paved,0,0,0,0,No Fence,6,2006,Down payment assistance,Regular,207506.0,Y,N,2021-06-13,56930016,"Hubert-Metz-Gasse 6
48912 Flöha",Bremervörde,Seychellen,gertzsabine@barkholz.de,Unknown,Sachsen,30652,24.0,2021-05-02,2.1,2021-05-02,2.1
909,VacHomeClass-1,VacHomeZone-1,,8885,Cobblestone,Gravel,Reverse Pie,Low Level,Trash|Gas|Water|Electricity,Interior lot,Little Slope,RNH 12,Proximity to School,Apartment,Contemporary,5,5,1988,1992,Gable,Rolled Roofing,Horizontal Wood,Manmade Stone,0.0,3,3,Combined footing,4.0,Large Windows,CleanSpace Wall System,864,Furnace,3,Yes,NM Cable,902,0,902,1,0,2,1,3,5,0,,Attached,Metal Panels,2,484,3,Paved,164,0,0,0,Vinyl Fences,6,2006,Down payment assistance,Regular,108736.0,Y,N,2021-05-08,20811273,"Klaus-Jürgen-Lehmann-Straße 476
76268 Hohenstein-Ernstthal",Werdau,Vietnam,jdrewes@kohl.com,F,Sachsen,42566,70.0,2021-02-25,2.0,2021-02-25,2.0
910,VacHomeClass-6,VacHomeZone-1,149.0,12589,Cobblestone,Gravel,Rectangular,Flat,Trash|Gas|Water|Electricity,Interior lot,No Slope,RNH 9,Proximity to School,Apartment,Bungalow,6,5,2008,2010,Gable,Rolled Roofing,Board Batten,Manmade Stone,0.0,4,3,Individual footing,4.0,No Sunlight,Dry Wall,742,Furnace,5,Yes,NM Cable,742,742,1484,2,1,3,1,4,8,1,Gd,Attached,DryWall,2,390,3,Paved,36,0,0,0,No Fence,6,2009,Down payment assistance,Regular,144426.0,N,Y,2021-01-06,6112165,"Aumanngasse 04
67684 Eckernförde",Meppen,Ecuador,hubertbarkholz@weinhage.de,F,Rheinland-Pfalz,16000,26.0,2021-05-30,1.1,2021-05-30,1.1
911,VacHomeClass-11,VacHomeZone-1,80.0,11600,Cobblestone,Gravel,Pie,Flat,Trash|Gas|Water|Electricity,Corner lot,No Slope,NAmes,Proximity to Hospital,Townhome,Bungalow,5,5,1962,1968,Gable,Rolled Roofing,Log Wood,Natural Stone,361.0,3,3,Combined footing,3.0,No Sunlight,Foamax,1105,Furnace,3,Yes,Underground Feeder Cable,1105,1169,2274,2,0,5,2,3,12,0,,Detached,Metal Panels,2,480,3,Paved,0,0,0,0,No Fence,1,2010,Down payment assistance,Regular,128075.0,N,N,2021-03-10,84941688,"Friedhold-Söding-Straße 1
68734 Säckingen",Bad Kreuznach,Indonesien,heinz-guenter56@kitzmann.de,Unknown,Hessen,92693,18.0,2021-07-23,3.9,2021-07-23,3.9
912,VacHomeClass-1,VacHomeZone-1,,9286,Cobblestone,Gravel,Reverse Pie,Flat,Trash|Gas|Water|Electricity,Cul-de-sac,Little Slope,RNH 6,Proximity to School,Apartment,Contemporary,5,7,1979,1997,Gable,Rolled Roofing,Horizontal Wood,Manmade Stone,0.0,3,3,Combined footing,4.0,Large Windows,BrightWall Paneling,1268,Furnace,3,Yes,NM Cable,1268,0,1268,1,1,3,1,4,5,0,,Detached,Metal Panels,1,252,3,Paved,173,0,0,0,No Fence,10,2009,Down payment assistance,Regular,119111.0,N,N,2021-05-12,25101041,"Hassan-Stolze-Platz 0/9
91784 Bad Mergentheim",Stollberg,Algerien,trudi69@yahoo.de,M,Berlin,23490,20.0,2021-04-28,3.7,2021-04-28,3.7
913,VacHomeClass-2,VacHomeZone-2,51.0,6120,Cobblestone,Gravel,Pie,Flat,Trash|Gas|Water|Electricity,Interior lot,No Slope,RNH 4,Proximity to School,Apartment,Contemporary,5,7,1927,1956,Gable,Rolled Roofing,Log Wood,Manmade Stone,0.0,3,3,Strip foundation,3.0,No Sunlight,Foamax,768,Furnace,3,No,NM Cable,1015,0,1015,1,0,3,1,3,6,0,,Detached,Metal Panels,1,450,3,Paved,0,0,0,0,Vinyl Fences,7,2006,Down payment assistance,Shortsale,73046.0,N,N,2021-02-05,58018064,"Stavros-Wirth-Gasse 7/0
53870 Aue",Bremervörde,Finnland,fnoack@moechlichen.org,F,Niedersachsen,26063,91.0,2021-06-06,3.9,2021-06-06,3.9
914,VacHomeClass-11,VacHomeZone-4,82.0,6270,Cobblestone,Gravel,Pie,High Level,Trash|Gas|Water|Electricity,Interior lot,No Slope,RNH 7,Proximity to School,Townhome,Bungalow,5,6,1951,1956,Gable,Rolled Roofing,Log Wood,Manmade Stone,0.0,3,3,Combined footing,3.0,No Sunlight,CleanSpace Wall System,1001,Furnace,3,No,Underground Feeder Cable,1001,1001,2002,2,0,4,2,3,8,0,,Portable,Metal Panels,3,871,3,Paved,0,0,0,0,No Fence,8,2007,Down payment assistance,Regular,120356.0,Y,N,2021-12-30,87026405,"Schmidtkering 21
02161 Parchim",Burgdorf,Isle of Man,mpeukert@striebitz.com,F,Mecklenburg-Vorpommern,66637,18.0,2021-07-01,3.3,2021-07-01,3.3
915,VacHomeClass-13,VacHomeZone-5,30.0,3000,Cobblestone,Cobblestone,Pie,Flat,Trash|Gas|Water|Electricity,Interior lot,No Slope,RNH 22,Proximity to School,SingleFamilyHome,Bungalow,6,5,2011,2016,Gable,Rolled Roofing,Board Batten,Manmade Panels,76.0,4,3,Individual footing,4.0,Large Windows,ZenWall Panels,612,Furnace,5,Yes,NM Cable,612,612,1224,2,1,2,1,4,4,0,,Detached,Wood Sheathing,2,528,3,Paved,0,0,0,0,No Fence,6,2009,Government-backed programs,Distress Sale,144204.38999999998,Y,N,2021-01-13,57355818,"Handeallee 00
92790 Freising",Hansestadttralsund,Französisch-Polynesien,edeltrud39@taesche.com,Unknown,Baden-Württemberg,76519,66.0,2021-10-29,1.6,2021-10-29,1.6
916,VacHomeClass-13,VacHomeZone-2,21.0,2001,Cobblestone,Gravel,Pie,Flat,Trash|Gas|Water|Electricity,Interior lot,No Slope,RNH 11,Proximity to School,MultiFamilyHome,Bungalow,4,5,1972,1978,Gable,Rolled Roofing,Metal,Natural Stone,80.0,3,3,Combined footing,3.0,No Sunlight,Dry Wall,546,Furnace,2,Yes,NM Cable,546,546,1092,1,1,3,1,3,6,0,,Attached,Metal Panels,1,286,3,Paved,0,0,0,0,No Fence,1,2007,Down payment assistance,Regular,62256.0,N,N,2021-12-04,98049349,"Mira-Rust-Gasse 93
84459 Wiedenbrück",Schweinfurt,Gabun,umaelzer@fechner.com,Unknown,Berlin,44399,59.0,2021-10-31,3.5,2021-10-31,3.5
917,VacHomeClass-1,VacHomeZone-3,50.0,9000,Cobblestone,Gravel,Pie,Flat,Trash|Gas|Water|Electricity,Interior lot,No Slope,RNH 10,Proximity to School,Apartment,Contemporary,2,3,1953,1958,Gable,Rolled Roofing,Concrete,Manmade Stone,0.0,3,3,Combined footing,3.0,Large Windows,CleanSpace Wall System,480,Furnace,3,No,Underground Feeder Cable,480,0,480,0,0,1,1,3,4,0,,Detached,Metal Panels,1,308,3,Paved,0,0,0,0,No Fence,10,2006,Down payment assistance,Shortsale,29314.13,N,N,2021-04-17,95110851,"Lioba-Schmidtke-Straße 9
37809 Meißen",Perleberg,St. Lucia,gfiebig@berger.de,M,Bayern,40587,72.0,2021-11-04,1.3,2021-11-04,1.3
918,VacHomeClass-1,VacHomeZone-1,,17140,Cobblestone,Gravel,Pie,Flat,Trash|Gas|Water|Electricity,Interior lot,No Slope,RNH 8,Proximity to School,Apartment,Contemporary,4,6,1960,1964,Gable,Rolled Roofing,Board Batten,Manmade Stone,0.0,3,3,Combined footing,3.0,No Sunlight,BrightWall Paneling,1134,Furnace,5,Yes,Underground Feeder Cable,1229,0,1229,1,0,3,1,3,6,0,,Attached,Wood Sheathing,1,284,3,Paved,0,0,0,0,No Fence,4,2009,Down payment assistance,Regular,112056.0,Y,N,2021-10-04,73646532,"Dietlinde-Schmiedecke-Platz 597
36843 Pfaffenhofen an der Ilm",Steinfurt,Togo,jpoelitz@klotz.com,F,Brandenburg,10800,48.0,2021-08-12,1.7,2021-08-12,1.7
919,VacHomeClass-6,VacHomeZone-1,103.0,13125,Cobblestone,Gravel,Reverse Pie,Flat,Trash|Gas|Water|Electricity,Corner lot,No Slope,RNH 21,Proximity to School,Apartment,Bungalow,7,5,1996,2000,Gable,Rolled Roofing,Horizontal Wood,Manmade Stone,0.0,4,3,Individual footing,5.0,Small Windows,CleanSpace Wall System,1104,Furnace,5,Yes,NM Cable,912,1215,2127,2,1,4,1,4,8,1,TA,Attached,Wood Sheathing,3,833,3,Paved,72,0,0,0,Composite Fences,11,2007,Down payment assistance,Regular,197546.0,N,N,2021-05-31,33842622,"Änne-Pechel-Platz 7/9
09469 Ueckermünde",Ravensburg,Vietnam,kitzmannolivia@bloch.de,F,Bayern,22032,32.0,2021-02-13,3.6,2021-02-13,3.6
920,VacHomeClass-1,VacHomeZone-1,87.0,11029,Cobblestone,Gravel,Reverse Pie,Flat,Trash|Gas|Water|Electricity,Corner lot,No Slope,NAmes,Proximity to School,Apartment,Contemporary,6,8,1959,2012,Sawtooth,Rolled Roofing,Log Wood,Manmade Stone,0.0,5,3,Combined footing,4.0,No Sunlight,BrightWall Paneling,1184,Furnace,5,Yes,NM Cable,1414,0,1414,1,0,3,1,3,6,1,TA,Attached,Metal Panels,2,601,3,Paved,0,0,0,0,No Fence,5,2008,Down payment assistance,Regular,146501.0,Y,N,2021-06-11,52361388,"Monique-Stiffel-Straße 8/2
98315 Mainburg",Darmstadt,Indien,mtrommler@googlemail.com,Unknown,Brandenburg,390,96.0,2021-10-25,2.8,2021-10-25,2.8
921,VacHomeClass-6,VacHomeZone-1,70.0,8462,Cobblestone,Gravel,Reverse Pie,Flat,Trash|Gas|Water|Electricity,Interior lot,No Slope,RNH 21,Proximity to School,Apartment,Bungalow,6,5,1996,2004,Gable,Rolled Roofing,Horizontal Wood,Natural Stone,105.0,4,4,Individual footing,4.0,No Sunlight,ZenWall Panels,928,Furnace,5,Yes,NM Cable,936,785,1721,2,1,3,1,4,7,0,,Attached,Wood Sheathing,2,471,3,Paved,300,0,0,0,No Fence,7,2007,Down payment assistance,Regular,166836.0,Y,N,2021-03-17,38132056,"Sandy-Matthäi-Straße 3/5
59419 Gadebusch",Göttingen,Südafrika,pascaleschmidt@web.de,Unknown,Hessen,85362,52.0,2021-01-10,1.0,2021-01-10,1.0
922,VacHomeClass-11,VacHomeZone-1,67.0,8777,Cobblestone,Gravel,Pie,Flat,Trash|Gas|Water|Electricity,Interior lot,No Slope,RNH 8,Proximity to Hospital,Townhome,Craftsman,5,7,1905,2009,Gable,Rolled Roofing,Log Wood,Manmade Stone,0.0,3,3,Combined footing,3.0,No Sunlight,BrightWall Paneling,1272,Furnace,4,Yes,NM Cable,1272,928,2200,2,2,4,2,3,9,0,,No Garage,Unfinished,0,0,0,Only Gravel,0,0,0,0,Composite Fences,9,2008,Down payment assistance,Regular,121103.0,N,Y,2021-07-15,42597728,"Eileen-Speer-Allee 7/1
37679 Ilmenau",Weißwasser,St. Pierre und Miquelon,mwiek@web.de,M,Baden-Württemberg,37425,12.0,2021-08-10,3.0,2021-08-10,3.0
923,VacHomeClass-1,VacHomeZone-1,65.0,10237,Cobblestone,Gravel,Pie,Flat,Trash|Gas|Water|Electricity,Interior lot,No Slope,RNH 9,Proximity to Restaurants,Apartment,Contemporary,6,5,2009,2016,Gable,Rolled Roofing,Board Batten,Manmade Stone,0.0,4,3,Individual footing,4.0,No Sunlight,ZenWall Panels,1316,Furnace,5,Yes,NM Cable,1316,0,1316,2,0,3,1,4,6,1,Gd,Attached,DryWall,2,397,3,Paved,100,23,0,0,No Fence,10,2006,Government-backed programs,Distress Sale,141097.69999999998,Y,N,2021-03-06,7327490,"Kühnertallee 7
73056 Tübingen",Herford,Vietnam,aleksandrafiebig@yahoo.de,F,Mecklenburg-Vorpommern,72819,42.0,2021-05-23,2.5,2021-05-23,2.5
924,VacHomeClass-12,VacHomeZone-1,50.0,8012,Cobblestone,Gravel,Pie,Flat,Trash|Gas|Water|Electricity,Interior lot,No Slope,RNH 21,Proximity to School,SingleFamilyHome,Contemporary,6,5,1997,2001,Gable,Rolled Roofing,Brick,Manmade Stone,0.0,4,3,Individual footing,4.0,No Sunlight,Basement to Beautiful Panels,1604,Furnace,5,Yes,NM Cable,1617,0,1617,2,0,2,1,4,5,1,Fa,Attached,Wood Sheathing,2,533,3,Paved,0,0,0,0,No Fence,7,2008,Down payment assistance,Regular,160196.0,N,Y,2021-10-12,67807093,"Hertrampfstr. 5
67110 Neustrelitz",Koblenz,Südafrika,lambertbohnbach@web.de,M,Sachsen-Anhalt,95208,44.0,2021-04-15,4.7,2021-04-15,4.7
925,VacHomeClass-1,VacHomeZone-1,79.0,10240,Cobblestone,Gravel,Pie,Flat,Trash|Gas|Water|Electricity,Interior lot,No Slope,RNH 17,Proximity to School,Apartment,Contemporary,6,6,1983,1984,Gable,Rolled Roofing,Brick,Natural Stone,157.0,3,4,Combined footing,4.0,No Sunlight,CleanSpace Wall System,1686,Furnace,3,Yes,NM Cable,1686,0,1686,2,0,3,1,3,7,1,TA,Attached,Metal Panels,2,612,3,Paved,384,0,0,0,No Fence,5,2006,Down payment assistance,Regular,172231.0,Y,N,2021-11-22,45263811,"Klemmring 6/0
18243 Crailsheim",Lichtenfels,Liberia,tbloch@schmidt.com,M,Saarland,20719,75.0,2021-10-21,4.0,2021-10-21,4.0
926,VacHomeClass-1,VacHomeZone-1,,15611,Cobblestone,Gravel,Reverse Pie,Flat,Trash|Gas|Water|Electricity,Corner lot,No Slope,RNH 17,Proximity to School,Apartment,Contemporary,5,6,1981,1980,Gable,Rolled Roofing,Board Batten,Manmade Stone,0.0,3,3,Individual footing,4.0,Large Windows,BrightWall Paneling,1126,Furnace,3,Yes,NM Cable,1126,0,1126,2,0,3,1,5,6,0,,Attached,Wood Sheathing,2,540,3,Paved,180,0,0,0,No Fence,3,2008,Down payment assistance,Shortsale,145256.0,Y,Y,2021-11-24,80826576,"Ruth-Martin-Weg 1
79373 Jülich",Rathenow,Polen,werasoeding@gmail.com,F,Sachsen,81237,81.0,2021-11-12,2.7,2021-11-12,2.7
927,VacHomeClass-6,VacHomeZone-1,93.0,11999,Cobblestone,Gravel,Pie,Flat,Trash|Gas|Water|Electricity,Interior lot,No Slope,RNH 16,Proximity to School,Apartment,Bungalow,8,5,2008,2010,Sawtooth,Rolled Roofing,Board Batten,Natural Stone,340.0,4,3,Individual footing,4.0,No Sunlight,Dry Wall,1181,Furnace,5,Yes,NM Cable,1234,1140,2374,2,1,4,1,5,10,1,Gd,Breezeway,DryWall,3,656,3,Paved,104,0,0,0,No Fence,5,2007,Down payment assistance,Regular,236556.0,Y,N,2021-11-29,24496773,"Budigallee 197
59749 Ebern",Weißwasser,Guinea-Bissau,veit00@gmail.com,M,Schleswig-Holstein,70960,18.0,2021-10-16,3.2,2021-10-16,3.2
928,VacHomeClass-6,VacHomeZone-1,,9900,Cobblestone,Gravel,Pie,Flat,Trash|Gas|Water|Electricity,Interior lot,No Slope,RNH 17,Proximity to Hospital,Apartment,Bungalow,7,5,1970,1978,Gable,Rolled Roofing,Log Wood,Natural Stone,342.0,3,3,Combined footing,3.0,No Sunlight,CleanSpace Wall System,832,Furnace,4,Yes,NM Cable,1098,880,1978,2,1,4,1,3,9,1,Gd,Attached,Wood Sheathing,2,486,3,Paved,0,0,0,0,Composite Fences,4,2008,Down payment assistance,Regular,146086.0,Y,Y,2021-06-06,70832778,"auch Schlauchinstr. 429
23815 Ilmenau",Hohenmölsen,Island,lachmannfritz@gmail.com,M,Nordrhein-Westfalen,98054,69.0,2021-12-25,1.7,2021-12-25,1.7
929,VacHomeClass-1,VacHomeZone-1,,11838,Cobblestone,Gravel,Pie,Flat,Trash|Gas|Water|Electricity,Interior lot,No Slope,RNH 6,Proximity to School,Apartment,Contemporary,8,5,2003,2007,Sawtooth,Rolled Roofing,Board Batten,Manmade Stone,0.0,4,3,Individual footing,4.0,Large Windows,Dry Wall,1753,Furnace,5,Yes,NM Cable,1788,0,1788,2,0,3,1,5,7,1,TA,Attached,Wood Sheathing,2,522,3,Paved,202,0,0,0,No Fence,6,2009,Down payment assistance,Regular,196301.0,Y,N,2021-05-14,53958785,"Johannplatz 5
87535 Soest",Amberg,Niger,schmiedtmalte@googlemail.com,Unknown,Baden-Württemberg,26888,73.0,2021-07-24,2.6,2021-07-24,2.6
930,VacHomeClass-6,VacHomeZone-1,,13006,Cobblestone,Gravel,Reverse Pie,Flat,Trash|Gas|Water|Electricity,Corner lot,No Slope,RNH 9,Proximity to School,Apartment,Bungalow,7,5,1998,2005,Gable,Rolled Roofing,Horizontal Wood,Natural Stone,285.0,3,3,Individual footing,4.0,No Sunlight,Dry Wall,964,Furnace,4,Yes,NM Cable,993,1243,2236,2,1,4,1,4,8,1,TA,Breezeway,DryWall,2,642,3,Paved,0,0,0,0,No Fence,11,2006,Down payment assistance,Regular,184266.0,Y,N,2021-03-11,57098920,"Marliese-Dörr-Weg 50
05498 Saarlouis",Merseburg,Burundi,geislerivana@gmx.de,Unknown,Rheinland-Pfalz,74428,78.0,2021-09-28,3.9,2021-09-28,3.9
931,VacHomeClass-1,VacHomeZone-1,73.0,8925,Cobblestone,Gravel,Reverse Pie,High Level,Trash|Gas|Water|Electricity,Interior lot,No Slope,RNH 24,Proximity to School,Apartment,Contemporary,8,5,2008,2010,Gable,Rolled Roofing,Board Batten,Manmade Stone,0.0,4,3,Individual footing,4.0,Large Windows,ZenWall Panels,1466,Furnace,5,Yes,NM Cable,1466,0,1466,2,0,3,1,4,7,0,,Attached,DryWall,3,610,3,Paved,100,0,0,0,No Fence,7,2009,Down payment assistance,Regular,166836.0,N,N,2021-08-15,28676744,"Köstergasse 8
90931 Grimma",Zeulenroda,Australien,dfinke@schleich.com,M,Niedersachsen,42678,63.0,2021-07-07,2.0,2021-07-07,2.0
932,VacHomeClass-1,VacHomeZone-1,70.0,9100,Cobblestone,Gravel,Pie,Flat,Trash|Gas|Water|Electricity,Interior lot,No Slope,NAmes,Proximity to School,Apartment,Contemporary,5,6,1967,1972,Gable,Rolled Roofing,Board Batten,Manmade Stone,0.0,3,3,Combined footing,3.0,No Sunlight,CleanSpace Wall System,925,Furnace,5,Yes,NM Cable,925,0,925,1,0,2,1,3,5,0,,Detached,Metal Panels,1,429,3,Paved,0,0,0,0,Wood Fences,7,2009,Down payment assistance,Regular,97531.0,N,Y,2021-03-12,66696377,"Eckhard-Röhrdanz-Straße 7/2
30626 Hersbruck",Pegnitz,Turkmenistan,josef18@baum.net,F,Mecklenburg-Vorpommern,21151,48.0,2021-10-02,4.9,2021-10-02,4.9
933,VacHomeClass-1,VacHomeZone-1,84.0,11670,Cobblestone,Gravel,Reverse Pie,Flat,Trash|Gas|Water|Electricity,Corner lot,No Slope,RNH 22,Proximity to Theatre,Apartment,Contemporary,9,5,2008,2011,Sawtooth,Rolled Roofing,Board Batten,Manmade Panels,302.0,5,3,Individual footing,5.0,No Sunlight,Dry Wall,1905,Furnace,5,Yes,NM Cable,1905,0,1905,2,0,3,1,5,8,1,Gd,Attached,DryWall,3,788,3,Paved,0,0,0,0,No Fence,3,2007,Down payment assistance,Regular,265606.0,Y,Y,2021-09-04,51543280,"Susanne-Trüb-Straße 342
74964 Hohenstein-Ernstthal",Borna,Réunion,henriholt@aol.de,M,Rheinland-Pfalz,29355,82.0,2021-08-21,2.9,2021-08-21,2.9
934,VacHomeClass-1,VacHomeZone-1,63.0,8487,Cobblestone,Gravel,Pie,Flat,Trash|Gas|Water|Electricity,T-intersection,No Slope,RNH 6,Proximity to School,Apartment,Contemporary,7,5,2009,2012,Gable,Rolled Roofing,Board Batten,Natural Stone,210.0,4,3,Individual footing,4.0,Large Windows,ZenWall Panels,1500,Furnace,5,Yes,NM Cable,1500,0,1500,2,0,3,1,4,6,0,,Attached,Wood Sheathing,2,570,3,Paved,192,0,0,0,No Fence,8,2009,Down payment assistance,Regular,157706.0,Y,N,2021-06-03,77926012,"Micha-Seifert-Weg 652
97764 Säckingen",Hohenstein-Ernstthal,Westsahara,tnerger@hotmail.de,F,Baden-Württemberg,95938,98.0,2021-06-21,3.9,2021-06-21,3.9
935,VacHomeClass-1,VacHomeZone-1,313.0,27650,Cobblestone,Gravel,Rectangular,High Level,Trash|Gas|Water|Electricity,Interior lot,Little Slope,NAmes,Proximity to Mall,Apartment,Contemporary,7,7,1965,2011,Dormer,Tar&Grv,Wood Shingle,Manmade Stone,0.0,3,3,Combined footing,4.0,French Doors,ZenWall Panels,585,Furnace,5,Yes,NM Cable,2069,0,2069,2,0,4,1,4,9,1,Gd,Attached,Wood Sheathing,2,505,3,Paved,0,0,0,0,No Fence,11,2008,Down payment assistance,Regular,200866.0,N,Y,2021-08-02,45192029,"Jopichstr. 3
58506 Klötze",Magdeburg,Estland,kuschuwe@gmx.de,M,Nordrhein-Westfalen,23722,84.0,2021-05-08,4.9,2021-05-08,4.9
936,VacHomeClass-2,VacHomeZone-1,52.0,5825,Cobblestone,Gravel,Reverse Pie,Flat,Trash|Gas|Water|Electricity,Interior lot,No Slope,RNH 4,Proximity to School,Apartment,Contemporary,4,5,1931,1961,Gable,Rolled Roofing,Log Wood,Natural Stone,108.0,3,4,Individual footing,2.0,Small Windows,Dry Wall,600,Furnace,4,Yes,NM Cable,747,0,747,1,0,1,1,3,5,0,,Detached,Metal Panels,2,528,3,Paved,0,0,0,0,No Fence,6,2006,Down payment assistance,Regular,66323.0,N,N,2021-10-16,68097899,"Edward-Heinz-Allee 09
44626 Luckenwalde",Hildburghausen,Bhutan,schlosserhanne@googlemail.com,M,Baden-Württemberg,55549,86.0,2021-10-26,2.8,2021-10-26,2.8
937,VacHomeClass-1,VacHomeZone-1,67.0,10083,Cobblestone,Gravel,Pie,Flat,Trash|Gas|Water|Electricity,Interior lot,No Slope,RNH 21,Proximity to School,Apartment,Contemporary,7,5,2007,2011,Gable,Rolled Roofing,Board Batten,,,4,3,Individual footing,4.0,No Sunlight,ZenWall Panels,1176,Furnace,5,Yes,NM Cable,1200,0,1200,2,0,2,1,4,5,0,,Attached,Wood Sheathing,2,555,3,Paved,0,0,0,0,No Fence,8,2009,Down payment assistance,Regular,153473.0,N,N,2021-11-18,95834849,"Arnfried-Flantz-Straße 876
39373 Dieburg",Gera,Kongo,herrmanneberth@wieloch.org,F,Baden-Württemberg,90305,20.0,2021-06-16,4.3,2021-06-16,4.3
938,VacHomeClass-6,VacHomeZone-1,75.0,9675,Cobblestone,Gravel,Pie,Flat,Trash|Gas|Water|Electricity,Interior lot,No Slope,RNH 22,Proximity to School,Apartment,Bungalow,7,5,2007,2011,Gable,Rolled Roofing,Board Batten,Manmade Stone,0.0,4,3,Individual footing,4.0,Small Windows,ZenWall Panels,1113,Furnace,5,Yes,NM Cable,1113,858,1971,2,1,3,1,4,8,1,Gd,Attached,Wood Sheathing,2,689,3,Paved,0,0,0,0,No Fence,2,2009,Down payment assistance,Regular,209996.0,N,Y,2021-10-08,93892711,"Kaulweg 9
99214 Lippstadt",Wurzen,Côte d’Ivoire,maurice65@rohleder.com,M,Nordrhein-Westfalen,63668,60.0,2021-05-24,4.4,2021-05-24,4.4
939,VacHomeClass-6,VacHomeZone-1,73.0,8760,Cobblestone,Gravel,Pie,Flat,Trash|Gas|Water|Electricity,Interior lot,No Slope,RNH 6,Proximity to School,Apartment,Bungalow,7,5,2010,2014,Gable,Rolled Roofing,Board Batten,Manmade Stone,0.0,4,3,Individual footing,4.0,Small Windows,ZenWall Panels,1391,Furnace,5,Yes,NM Cable,1391,571,1962,2,1,3,1,4,7,0,,Attached,Wood Sheathing,3,868,3,Paved,0,0,0,0,No Fence,8,2006,Government-backed programs,Distress Sale,199039.17,N,Y,2021-11-25,68988784,"Mangoldgasse 6/9
14474 Darmstadt",Roding,Kongo,qbolander@jopich.net,Unknown,Saarland,42679,64.0,2021-04-04,2.4,2021-04-04,2.4
940,VacHomeClass-7,VacHomeZone-1,,24090,Cobblestone,Gravel,Pie,Flat,Trash|Gas|Water|Electricity,Interior lot,No Slope,RNH 5,Proximity to School,Apartment,Bungalow,7,7,1944,1956,Gable,Rolled Roofing,Log Wood,Manmade Stone,0.0,3,4,Combined footing,3.0,Small Windows,Dry Wall,1032,Furnace,5,Yes,NM Cable,1207,1196,2403,2,0,4,1,3,10,2,TA,Attached,Metal Panels,1,349,3,Paved,56,0,0,0,No Fence,6,2010,Reverse Mortgage,Regular,202858.0,N,N,2021-10-28,75726171,"Frankeplatz 816
65027 Döbeln",Arnstadt,Mexiko,insadussen-van@gutknecht.org,Unknown,Hamburg,74360,71.0,2021-04-04,3.7,2021-04-04,3.7
941,VacHomeClass-11,VacHomeZone-1,55.0,12640,Cobblestone,Gravel,Reverse Pie,Flat,Trash|Gas|Water|Electricity,Interior lot,No Slope,RNH 12,Proximity to School,Townhome,Contemporary,6,5,1980,1983,Gable,Rolled Roofing,Brick,Manmade Stone,0.0,3,3,Combined footing,3.0,French Doors,Foamax,1728,Furnace,3,Yes,NM Cable,1728,0,1728,2,0,4,2,3,8,0,,Attached,Metal Panels,2,574,3,Paved,40,0,0,0,No Fence,7,2006,Down payment assistance,Regular,125253.0,N,N,2021-01-08,47147362,"Hilmar-Täsche-Platz 60
65225 Finsterwalde",Warendorf,Usbekistan,reinald29@hiller.com,F,Sachsen,65434,49.0,2021-04-03,3.9,2021-04-03,3.9
942,VacHomeClass-6,VacHomeZone-1,,8755,Cobblestone,Gravel,Reverse Pie,Flat,Trash|Gas|Water|Electricity,T-intersection,No Slope,RNH 9,Proximity to Theatre,Apartment,Bungalow,7,5,2000,2006,Gable,Rolled Roofing,Board Batten,Natural Stone,298.0,4,3,Individual footing,4.0,No Sunlight,BrightWall Paneling,992,Furnace,5,Yes,NM Cable,1022,1038,2060,2,1,3,1,4,8,1,TA,Breezeway,Wood Sheathing,2,390,3,Paved,0,168,0,0,Composite Fences,6,2009,Down payment assistance,Regular,177626.0,N,N,2021-01-23,82071295,"Klotzring 4/0
51664 Mainburg",Biedenkopf,Marokko,plathkarl-ludwig@kranz.com,M,Thüringen,21603,88.0,2021-09-03,2.5,2021-09-03,2.5
943,VacHomeClass-11,VacHomeZone-1,42.0,7711,Cobblestone,Gravel,Reverse Pie,Flat,Trash|Gas|Water|Electricity,Interior lot,No Slope,RNH 8,Proximity to School,Townhome,Contemporary,4,3,1980,1984,Gable,Rolled Roofing,Log Wood,Manmade Stone,0.0,3,3,Individual footing,4.0,French Doors,ZenWall Panels,1440,Furnace,3,Yes,NM Cable,1440,0,1440,2,0,4,2,3,8,0,,No Garage,Unfinished,0,0,0,Only Gravel,321,0,0,0,No Fence,8,2007,All Cash,Shortsale,124506.0,Y,N,2021-06-24,80969792,"Ferdinand-Bauer-Ring 0/6
03384 Brand",Genthin,Syrien,fbloch@hering.de,M,Brandenburg,64682,16.0,2021-04-05,2.4,2021-04-05,2.4
944,VacHomeClass-11,VacHomeZone-1,100.0,25000,Cobblestone,Gravel,Pie,Low Level,Trash|Gas|Water|Electricity,Interior lot,No Slope,RNH 12,Proximity to School,Townhome,Contemporary,5,4,1968,1976,Gable,Rolled Roofing,Horizontal Wood,Manmade Stone,0.0,3,3,Combined footing,3.0,Large Windows,Dry Wall,1632,Furnace,3,Yes,NM Cable,1632,0,1632,2,0,4,2,3,8,0,,Attached,Metal Panels,2,576,3,Partially Gravel,0,0,0,0,No Fence,6,2007,Down payment assistance,Regular,118696.0,Y,N,2021-04-08,19303642,"Weimerallee 7/6
89232 Prenzlau",Wesel,Suriname,nadiahofmann@gmail.com,Unknown,Sachsen,90485,53.0,2021-08-02,2.8,2021-08-02,2.8
945,VacHomeClass-1,VacHomeZone-1,,14375,Cobblestone,Gravel,Reverse Pie,Flat,Trash|Electricity,Cul-de-sac,No Slope,RNH 24,Proximity to School,Apartment,Spanish,6,6,1963,1966,Gable,Rolled Roofing,Horizontal Wood,Natural Stone,541.0,3,3,Combined footing,3.0,No Sunlight,ZenWall Panels,819,Furnace,4,Yes,Underground Feeder Cable,1344,0,1344,1,0,3,1,4,7,1,Gd,Barns,Wood Sheathing,2,525,3,Paved,0,0,0,0,No Fence,1,2009,Reverse Mortgage,Shortsale,114131.0,N,Y,2021-10-05,71705484,"Dussen vanring 068
20956 Kehl",Sigmaringen,Philippinen,hannafechner@roht.com,Unknown,Schleswig-Holstein,19625,61.0,2021-10-01,1.7,2021-10-01,1.7
946,VacHomeClass-5,VacHomeZone-2,98.0,8820,Cobblestone,Gravel,Pie,Flat,Trash|Gas|Water|Electricity,Corner lot,No Slope,RNH 18,Proximity to School,Apartment,Craftsman,5,6,1891,2001,Sawtooth,Rolled Roofing,Board Batten,Manmade Stone,0.0,3,3,Strip foundation,3.0,No Sunlight,Basement to Beautiful Panels,1088,Furnace,3,Yes,NM Cable,1188,561,1869,1,0,2,1,3,7,0,,Detached,Metal Panels,2,456,3,Paved,48,0,0,0,Metal Fences,9,2009,Down payment assistance,Regular,103673.0,N,Y,2021-11-12,45320996,"Dorothe-Stumpf-Gasse 4/0
12043 Gunzenhausen",Guben,Georgien,qatzler@aol.de,F,Saarland,48843,84.0,2021-07-06,2.2,2021-07-06,2.2
947,VacHomeClass-9,VacHomeZone-1,70.0,8163,Cobblestone,Gravel,Pie,Flat,Trash|Gas|Water|Electricity,Interior lot,No Slope,NAmes,Proximity to School,Apartment,Spanish,5,6,1960,1966,Gable,Rolled Roofing,Horizontal Wood,Natural Stone,128.0,3,4,Combined footing,3.0,Large Windows,BrightWall Paneling,1144,Furnace,3,Yes,NM Cable,1144,0,1144,1,0,3,1,3,6,1,TA,Attached,Wood Sheathing,1,796,3,Paved,86,0,0,0,No Fence,3,2006,Down payment assistance,Regular,118696.0,N,Y,2021-08-03,30736535,"Handeweg 98
39713 Wittenberg",Altentreptow,Belarus,npohl@jacobi.com,Unknown,Saarland,51618,74.0,2021-08-22,3.9,2021-08-22,3.9
948,VacHomeClass-1,VacHomeZone-1,85.0,14536,Cobblestone,Gravel,Pie,Flat,Trash|Gas|Water|Electricity,Interior lot,No Slope,RNH 24,Proximity to School,Apartment,Contemporary,8,5,2007,2008,Sawtooth,Rolled Roofing,Board Batten,Natural Stone,236.0,4,3,Individual footing,4.0,Large Windows,ZenWall Panels,1616,Furnace,5,Yes,NM Cable,1629,0,1629,2,0,3,1,4,9,1,Gd,Attached,DryWall,3,808,3,Paved,0,0,0,0,No Fence,11,2007,Down payment assistance,Regular,224106.0,Y,N,2021-08-19,13632113,"Edmund-Cichorius-Weg 480
08608 Bayreuth",Grafenau,Demokratische Volksrepublik Korea,junkenmelanie@aol.de,M,Schleswig-Holstein,94086,7.0,2021-04-07,1.8,2021-04-07,1.8
949,VacHomeClass-6,VacHomeZone-1,65.0,14006,Cobblestone,Gravel,Reverse Pie,Flat,Trash|Gas|Water|Electricity,Interior lot,No Slope,RNH 6,Proximity to School,Apartment,Bungalow,7,5,2007,2009,Gable,Rolled Roofing,Board Batten,Natural Stone,144.0,4,3,Individual footing,4.0,,Dry Wall,936,Furnace,5,Yes,NM Cable,936,840,1776,2,1,3,1,4,7,1,TA,Attached,Wood Sheathing,2,474,3,Paved,144,0,0,0,No Fence,2,2006,Down payment assistance,Regular,159781.0,N,N,2021-04-07,81497485,"Gordana-Mangold-Straße 767
92389 Ravensburg",Dachau,Bulgarien,ellen42@web.de,F,Saarland,59459,26.0,2021-07-12,2.4,2021-07-12,2.4
950,VacHomeClass-1,VacHomeZone-1,78.0,9360,Cobblestone,Gravel,Pie,Flat,Trash|Gas|Water|Electricity,Interior lot,No Slope,RNH 17,Proximity to School,Apartment,Contemporary,6,7,1974,2012,Sawtooth,Rolled Roofing,Brick,Manmade Stone,0.0,3,3,Combined footing,3.0,No Sunlight,BrightWall Paneling,1161,Furnace,3,Yes,NM Cable,1381,0,1381,1,1,3,1,4,5,1,TA,Attached,Wood Sheathing,2,676,3,Paved,0,0,0,0,No Fence,3,2010,Down payment assistance,Regular,163931.0,Y,N,2021-06-29,26009216,"Wieslaw-Scheel-Straße 5/2
50034 Nabburg",Erkelenz,St. Martin,tullrich@gnatz.de,F,Sachsen-Anhalt,82059,12.0,2021-06-01,3.8,2021-06-01,3.8
951,VacHomeClass-1,VacHomeZone-1,60.0,7200,Cobblestone,Gravel,Pie,Flat,Trash|Gas|Water|Electricity,Interior lot,No Slope,NAmes,Proximity to School,Apartment,Contemporary,5,8,1954,2011,Gable,Rolled Roofing,Board Batten,Manmade Stone,0.0,3,3,Combined footing,3.0,No Sunlight,BrightWall Paneling,864,Furnace,4,Yes,NM Cable,864,0,864,1,0,3,1,4,5,0,,Detached,Wood Sheathing,2,720,3,Paved,194,0,0,0,No Fence,7,2007,Down payment assistance,Regular,107076.0,N,N,2021-10-28,49323771,"Adlerplatz 4
78775 Saulgau",Parsberg,St. Helena,marika13@aumann.com,Unknown,Saarland,97607,10.0,2021-03-20,3.6,2021-03-20,3.6
952,VacHomeClass-1,VacHomeZone-4,60.0,7800,Cobblestone,Gravel,Pie,Flat,Trash|Gas|Water|Electricity,Corner lot,No Slope,RNH 21,Proximity to School,Apartment,Contemporary,5,5,1967,1968,Gable,Rolled Roofing,Board Batten,Manmade Stone,0.0,3,3,Combined footing,3.0,No Sunlight,CleanSpace Wall System,828,Furnace,4,Yes,NM Cable,965,0,965,1,0,3,1,3,6,0,,Detached,Metal Panels,1,300,3,Paved,421,0,0,0,Vinyl Fences,7,2006,Down payment assistance,Shortsale,99523.0,N,N,2021-02-06,91700117,"Mielcarekstr. 79
61048 Dinslaken",Neubrandenburg,Guam,dcaspar@googlemail.com,M,Hamburg,43457,91.0,2021-05-03,1.0,2021-05-03,1.0
953,VacHomeClass-10,VacHomeZone-1,60.0,7200,Cobblestone,Gravel,Pie,Flat,Trash|Gas|Water|Electricity,Interior lot,No Slope,RNH 6,Proximity to School,Apartment,Georgian,5,8,1973,2010,Gable,Rolled Roofing,Vinyl,Manmade Stone,0.0,3,4,Combined footing,4.0,Large Windows,ZenWall Panels,768,Furnace,4,Yes,NM Cable,768,0,768,1,0,2,1,3,5,0,,Detached,DryWall,1,396,3,Paved,192,0,0,0,Vinyl Fences,4,2009,Down payment assistance,Regular,111143.0,N,Y,2021-05-21,88199757,"Dorina-Conradi-Straße 3
43312 Strasburg",Spremberg,Montenegro,gjacobi-jaeckel@flantz.com,M,Berlin,18406,70.0,2021-03-16,2.9,2021-03-16,2.9
954,VacHomeClass-6,VacHomeZone-1,,11075,Cobblestone,Gravel,Reverse Pie,Flat,Trash|Gas|Water|Electricity,Interior lot,Little Slope,RNH 12,Proximity to School,Apartment,Bungalow,5,4,1971,1977,Gable,Rolled Roofing,Horizontal Wood,Natural Stone,232.0,3,3,Combined footing,3.0,Large Windows,BrightWall Paneling,784,Furnace,5,Yes,NM Cable,1168,800,1968,2,1,4,1,3,7,1,Po,Attached,Wood Sheathing,2,530,3,Paved,305,0,0,0,Vinyl Fences,9,2008,Down payment assistance,Regular,142766.0,N,Y,2021-04-26,56989649,"Aumannstr. 1/0
31058 Cottbus",Recklinghausen,Belize,reuterkaren@beyer.net,Unknown,Sachsen-Anhalt,10386,72.0,2021-11-19,2.8,2021-11-19,2.8
955,VacHomeClass-11,VacHomeZone-1,35.0,9400,Cobblestone,Gravel,Reverse Pie,Flat,Trash|Gas|Water|Electricity,Cul-de-sac,No Slope,RNH 8,Proximity to School,Townhome,Georgian,6,5,1976,1984,Dormer,Tar&Grv,Vinyl,Natural Stone,250.0,3,3,Combined footing,4.0,French Doors,ZenWall Panels,945,Furnace,3,Yes,NM Cable,980,0,980,2,0,4,0,3,4,0,,No Garage,Unfinished,0,0,0,Paved,0,0,0,0,No Fence,10,2006,Down payment assistance,Trade,105831.0,Y,N,2021-04-06,58554272,"Reimer-Bonbach-Straße 940
70051 Osterburg",Lippstadt,St. Lucia,heinz-ottomohaupt@ruppert.com,Unknown,Nordrhein-Westfalen,76006,65.0,2021-06-27,1.4,2021-06-27,1.4
956,VacHomeClass-11,VacHomeZone-4,82.0,7136,Cobblestone,Gravel,Reverse Pie,High Level,Trash|Gas|Water|Electricity,Interior lot,No Slope,RNH 7,Proximity to School,Townhome,Bungalow,6,6,1947,1956,Gable,Rolled Roofing,Log Wood,Natural Stone,423.0,3,3,Combined footing,4.0,No Sunlight,Foamax,979,Furnace,3,No,Armored Cable,979,979,1958,2,0,4,2,3,8,0,,Attached,Metal Panels,2,492,3,Paved,0,0,0,0,No Fence,8,2007,Down payment assistance,Regular,120356.0,N,N,2021-03-26,76723254,"Alexander-Wagner-Straße 3/3
07858 Monschau",Neuss,Kambodscha,hans-ludwig10@zirme.net,Unknown,Sachsen-Anhalt,65839,59.0,2021-07-14,3.7,2021-07-14,3.7
957,VacHomeClass-13,VacHomeZone-2,24.0,1300,Cobblestone,Gravel,Pie,Flat,Trash|Gas|Water|Electricity,Interior lot,No Slope,RNH 2,Proximity to School,SingleFamilyHome,Bungalow,6,6,1982,1984,Gable,Rolled Roofing,Log Wood,Manmade Stone,0.0,3,3,Combined footing,4.0,No Sunlight,BrightWall Paneling,561,Furnace,3,Yes,NM Cable,561,668,1229,1,1,2,1,3,5,1,TA,Attached,DryWall,2,462,3,Paved,150,0,0,0,Composite Fences,5,2009,Down payment assistance,Regular,102926.0,Y,Y,2021-10-31,97223405,"Wiekring 96
81355 Grimmen",Neubrandenburg,Sri Lanka,hagenhaering@henschel.com,M,Thüringen,52048,13.0,2021-06-13,3.6,2021-06-13,3.6
958,VacHomeClass-1,VacHomeZone-1,70.0,7420,Cobblestone,Gravel,Pie,Flat,Trash|Gas|Water|Electricity,Interior lot,No Slope,RNH 20,Proximity to School,Apartment,Contemporary,5,5,1966,1970,Sawtooth,Rolled Roofing,Log Wood,Manmade Stone,0.0,3,3,Combined footing,3.0,No Sunlight,Foamax,1057,Furnace,3,Yes,NM Cable,1057,0,1057,1,0,3,1,3,6,0,,Detached,DryWall,2,576,3,Paved,0,0,0,0,No Fence,4,2007,Down payment assistance,Regular,109566.0,N,Y,2021-12-04,93727037,"Beckmannstr. 690
71261 Schrobenhausen",Eilenburg,Zentralafrikanische Republik,andreas97@hamann.com,F,Schleswig-Holstein,98108,20.0,2021-01-22,1.0,2021-01-22,1.0
959,VacHomeClass-1,VacHomeZone-1,65.0,8450,Cobblestone,Gravel,Pie,Flat,Trash|Gas|Water|Electricity,Interior lot,No Slope,RNH 6,Proximity to School,Apartment,Contemporary,7,5,2004,2013,Gable,Rolled Roofing,Board Batten,Manmade Stone,0.0,4,3,Individual footing,4.0,Small Windows,ZenWall Panels,1337,Furnace,5,Yes,NM Cable,1337,0,1337,2,0,3,1,4,6,0,,Attached,Wood Sheathing,2,531,3,Paved,0,0,0,0,No Fence,10,2007,Down payment assistance,Regular,153556.0,N,N,2021-10-04,32091397,"Weihmannring 92
53590 Stendal",Borna,Myanmar,gbiggen@rose.com,F,Mecklenburg-Vorpommern,73360,57.0,2021-05-10,2.4,2021-05-10,2.4
960,VacHomeClass-13,VacHomeZone-5,24.0,2572,Cobblestone,Gravel,Pie,Flat,Trash|Gas|Water|Electricity,T-intersection,No Slope,RNH 22,Proximity to School,MultiFamilyHome,Bungalow,7,5,2003,2004,Sawtooth,Rolled Roofing,Log Wood,Manmade Stone,0.0,4,3,Individual footing,4.0,No Sunlight,BrightWall Paneling,696,Furnace,5,Yes,NM Cable,696,720,1416,2,1,3,1,4,6,0,,Detached,Metal Panels,2,484,3,Paved,0,0,0,0,No Fence,5,2010,Down payment assistance,Regular,128656.0,Y,Y,2021-12-27,84582201,"Franz Josef-Preiß-Weg 659
53472 Görlitz",Artern,Gabun,jaroslavbien@googlemail.com,F,Sachsen,73229,84.0,2021-08-27,4.4,2021-08-27,4.4
961,VacHomeClass-1,VacHomeZone-1,50.0,7207,Cobblestone,Gravel,Reverse Pie,Flat,Trash|Gas|Water|Electricity,Interior lot,No Slope,RNH 4,Proximity to School,Apartment,Contemporary,5,7,1959,2016,Gable,Rolled Roofing,Wood Shingle,Manmade Stone,0.0,3,4,Combined footing,3.0,French Doors,CleanSpace Wall System,858,Furnace,4,Yes,NM Cable,858,0,858,1,0,2,1,3,4,0,,No Garage,Unfinished,0,0,0,Paved,117,0,0,0,No Fence,2,2010,Down payment assistance,Regular,96701.0,N,Y,2021-09-18,23163126,"Dorota-Eimer-Ring 893
95924 Dinslaken",Karlsruhe,Mikronesien,ntintzmann@schaefer.net,F,Thüringen,33449,20.0,2021-08-01,4.7,2021-08-01,4.7
962,VacHomeClass-6,VacHomeZone-1,,12227,Cobblestone,Gravel,Reverse Pie,Flat,Trash|Gas|Water|Electricity,Corner lot,No Slope,RNH 17,Proximity to Park,Apartment,Bungalow,6,7,1981,2003,Gable,Rolled Roofing,Horizontal Wood,Natural Stone,424.0,3,4,Combined footing,4.0,No Sunlight,BrightWall Paneling,1330,Furnace,3,Yes,NM Cable,1542,1330,2872,2,1,4,1,3,11,1,TA,Attached,DryWall,2,619,3,Paved,550,0,0,0,No Fence,7,2008,Down payment assistance,Regular,225766.0,N,N,2021-06-06,43568659,"Daria-Gerlach-Allee 34
96603 Starnberg",Bremen,Liechtenstein,riza02@henck.org,Unknown,Bremen,60038,26.0,2021-05-26,2.1,2021-05-26,2.1
963,VacHomeClass-13,VacHomeZone-1,24.0,2308,Cobblestone,Gravel,Pie,Flat,Trash|Gas|Water|Electricity,Corner lot,No Slope,RNH 15,Proximity to School,SingleFamilyHome,Bungalow,6,6,1981,1983,Gable,Rolled Roofing,Brick,Manmade Stone,0.0,3,3,Combined footing,4.0,No Sunlight,BrightWall Paneling,804,Furnace,3,Yes,NM Cable,804,744,1548,2,1,3,1,4,7,1,TA,Detached,Metal Panels,2,440,3,Paved,48,0,0,0,No Fence,7,2007,Down payment assistance,Regular,128656.0,N,Y,2021-07-28,41516119,"Guteweg 393
98234 Zeulenroda",Brandenburg,Guadeloupe,bkrause@gmx.de,Unknown,Saarland,16491,39.0,2021-10-10,1.1,2021-10-10,1.1
964,VacHomeClass-1,VacHomeZone-1,122.0,11923,Cobblestone,Gravel,Reverse Pie,Flat,Trash|Gas|Water|Electricity,Corner lot,No Slope,RNH 6,Proximity to School,Apartment,Contemporary,9,5,2008,2011,Gable,Rolled Roofing,Board Batten,Manmade Stone,0.0,4,3,Individual footing,5.0,No Sunlight,Dry Wall,1800,Furnace,5,Yes,NM Cable,1800,0,1800,2,0,2,1,5,7,0,,Attached,DryWall,2,702,3,Paved,288,0,0,0,No Fence,5,2009,Down payment assistance,Regular,198376.0,Y,Y,2021-07-05,87173208,"Steinbergweg 21
45795 Soest",Heinsberg,Litauen,ziegerthans-peter@gmail.com,Unknown,Bayern,14569,89.0,2021-07-16,1.9,2021-07-16,1.9
965,VacHomeClass-6,VacHomeZone-1,80.0,11316,Cobblestone,Gravel,Pie,Flat,Trash|Gas|Water|Electricity,Corner lot,No Slope,RNH 24,Proximity to School,Apartment,Bungalow,7,5,2007,2011,Gable,Rolled Roofing,Board Batten,Natural Stone,44.0,4,3,Individual footing,4.0,No Sunlight,ZenWall Panels,817,Furnace,5,Yes,NM Cable,824,1070,1894,2,1,4,1,4,8,1,Gd,Breezeway,DryWall,2,510,3,Paved,0,0,0,0,No Fence,2,2010,Down payment assistance,Regular,178373.0,Y,N,2021-07-26,31232494,"Lieselotte-Lübs-Weg 92
11410 Staßfurt",Königs Wusterhausen,Ruanda,margrafana@googlemail.com,F,Thüringen,14455,69.0,2021-07-19,3.9,2021-07-19,3.9
966,VacHomeClass-6,VacHomeZone-1,65.0,10237,Cobblestone,Gravel,Pie,Flat,Trash|Gas|Water|Electricity,Interior lot,No Slope,RNH 9,Proximity to Restaurants,Apartment,Bungalow,6,5,2007,2012,Gable,Rolled Roofing,Board Batten,Manmade Stone,0.0,4,3,Individual footing,4.0,No Sunlight,Dry Wall,783,Furnace,5,Yes,NM Cable,783,701,1484,2,1,3,1,4,8,1,Gd,Attached,DryWall,2,393,3,Paved,0,0,0,0,No Fence,7,2007,Government-backed programs,Distress Sale,148493.0,Y,N,2021-06-09,74529568,"Marlies-Losekann-Gasse 86
09486 Backnang",Staffelstein,Malediven,ghauffer@gmail.com,M,Niedersachsen,77366,43.0,2021-02-07,2.0,2021-02-07,2.0
967,VacHomeClass-5,VacHomeZone-1,130.0,9600,Cobblestone,Gravel,Reverse Pie,High Level,Trash|Gas|Water|Electricity,Interior lot,No Slope,RNH 7,Proximity to School,Apartment,Craftsman,5,7,1945,1959,Gable,Rolled Roofing,Log Wood,Manmade Stone,0.0,4,4,Strip foundation,3.0,No Sunlight,Foamax,728,Furnace,5,Yes,NM Cable,976,332,1308,1,1,2,1,3,7,2,TA,Detached,Metal Panels,1,256,3,Paved,0,0,0,0,No Fence,6,2009,Down payment assistance,Regular,132806.0,N,N,2021-07-17,21852435,"Folker-Zänker-Weg 218
25792 Schrobenhausen",Waren,Singapur,ladeckcarl-heinz@moechlichen.com,F,Sachsen,99460,86.0,2021-01-17,1.4,2021-01-17,1.4
968,VacHomeClass-1,VacHomeZone-1,,7390,Cobblestone,Gravel,Reverse Pie,Flat,Trash|Gas|Water|Electricity,Interior lot,No Slope,NAmes,Proximity to School,Apartment,Contemporary,5,7,1958,1960,Sawtooth,Rolled Roofing,Wood Shingle,Natural Stone,151.0,3,3,Combined footing,3.0,No Sunlight,BrightWall Paneling,1098,Furnace,3,Yes,NM Cable,1098,0,1098,1,0,3,1,3,6,0,,Attached,Metal Panels,1,260,3,Paved,0,0,0,0,No Fence,7,2008,Down payment assistance,Regular,112056.0,N,Y,2021-01-09,133043,"Günther-Oderwald-Platz 3/3
50176 Ochsenfurt",Günzburg,Barbados,erkan06@mueller.com,M,Nordrhein-Westfalen,64715,61.0,2021-02-05,4.2,2021-02-05,4.2
969,VacHomeClass-5,VacHomeZone-2,50.0,5925,Cobblestone,Gravel,Pie,Flat,Trash|Gas|Water|Electricity,Interior lot,No Slope,RNH 18,Proximity to School,Apartment,Craftsman,3,6,1913,1954,Gable,Rolled Roofing,Board Batten,Manmade Stone,0.0,3,3,Strip foundation,3.0,No Sunlight,Dry Wall,600,Heat Pump,2,No,NM Cable,600,368,968,1,0,2,1,3,6,0,,No Garage,Unfinished,0,0,0,Paved,0,0,0,0,Wood Fences,5,2009,Down payment assistance,Shortsale,31463.0,N,N,2021-12-27,72294819,"Karsten-Gute-Ring 00
59313 Lemgo",Eisenberg,Guernsey,ukroker@van.com,M,Thüringen,6791,11.0,2021-10-27,2.4,2021-10-27,2.4
970,VacHomeClass-15,VacHomeZone-1,75.0,10382,Cobblestone,Gravel,Pie,Flat,Trash|Gas|Water|Electricity,Interior lot,No Slope,NAmes,Proximity to School,Condo,Spanish,6,5,1962,1965,Sawtooth,Rolled Roofing,Horizontal Wood,Natural Stone,105.0,3,2,Combined footing,3.0,French Doors,BrightWall Paneling,588,Furnace,3,Yes,NM Cable,1095,0,1095,1,0,2,1,3,6,0,,Attached,Wood Sheathing,1,264,3,Paved,0,0,0,0,No Fence,3,2006,Rent-to-own,Regular,116206.0,N,N,2021-05-20,26809373,"Wohlgemutstraße 2
93351 Monschau",Wolfach,Dominikanische Republik,bogdanreichmann@ladeck.com,Unknown,Bremen,4677,12.0,2021-04-25,2.2,2021-04-25,2.2
971,VacHomeClass-5,VacHomeZone-1,60.0,10800,Cobblestone,Gravel,Pie,Flat,Trash|Gas|Water|Electricity,Interior lot,No Slope,NAmes,Proximity to School,Apartment,Craftsman,4,4,1950,1953,Gable,Rolled Roofing,Concrete,Manmade Stone,0.0,3,3,Combined footing,3.0,No Sunlight,Dry Wall,720,Furnace,3,No,Underground Feeder Cable,720,472,1192,1,1,4,1,3,6,0,,No Garage,Unfinished,0,0,0,Paved,0,0,0,0,No Fence,12,2006,Down payment assistance,Shortsale,112056.0,N,Y,2021-11-11,93492614,"Junkenstr. 0/9
06052 Koblenz",Reutlingen,Turkmenistan,meinradtrub@striebitz.com,F,Nordrhein-Westfalen,49413,30.0,2021-08-18,2.2,2021-08-18,2.2
972,VacHomeClass-13,VacHomeZone-1,36.0,2268,Cobblestone,Gravel,Pie,Flat,Trash|Gas|Water|Electricity,Interior lot,No Slope,RNH 16,Proximity to School,MultiFamilyHome,Bungalow,7,5,2007,2010,Gable,Rolled Roofing,Board Batten,Manmade Panels,106.0,4,3,Individual footing,4.0,No Sunlight,ZenWall Panels,764,Furnace,5,Yes,NM Cable,764,862,1626,2,0,2,1,4,6,0,,Breezeway,Wood Sheathing,2,474,3,Paved,0,0,0,0,No Fence,7,2009,Down payment assistance,Regular,143596.0,N,N,2021-06-24,54051577,"Erhard-Gertz-Platz 0
24288 Wernigerode",Forst,Kuwait,ginalorch@budig.net,F,Nordrhein-Westfalen,67042,14.0,2021-02-20,2.4,2021-02-20,2.4
973,VacHomeClass-12,VacHomeZone-1,55.0,7892,Cobblestone,Gravel,Pie,Flat,Trash|Gas|Water|Electricity,Interior lot,No Slope,RNH 21,Proximity to School,SingleFamilyHome,Contemporary,6,5,1981,1985,Gable,Rolled Roofing,Brick,Manmade Stone,0.0,3,3,Combined footing,4.0,No Sunlight,Dry Wall,918,Furnace,3,Yes,NM Cable,918,0,918,2,0,2,1,3,5,1,TA,Attached,Metal Panels,1,264,3,Paved,28,0,0,0,No Fence,4,2010,Down payment assistance,Regular,82591.0,Y,N,2021-07-27,44207311,"Döhnplatz 73
96618 Regensburg",Sebnitz,Togo,margrafpavel@gmail.com,Unknown,Saarland,32533,42.0,2021-07-12,3.2,2021-07-12,3.2
974,VacHomeClass-1,VacHomeZone-5,95.0,11639,Cobblestone,Gravel,Pie,Flat,Trash|Gas|Water|Electricity,Corner lot,No Slope,RNH 22,Proximity to School,Apartment,Contemporary,7,5,2009,2015,Gable,Rolled Roofing,Metal,,,4,3,Individual footing,4.0,No Sunlight,Dry Wall,1428,Furnace,5,Yes,NM Cable,1428,0,1428,2,0,3,1,4,6,0,,Attached,DryWall,2,480,3,Paved,0,0,0,0,No Fence,12,2008,Government-backed programs,Distress Sale,151066.0,Y,N,2021-08-11,58031599,"Reimer-Textor-Allee 8/6
95770 Bischofswerda",München,Kenia,kensyalberto@yahoo.de,M,Saarland,3191,43.0,2021-10-13,3.3,2021-10-13,3.3
975,VacHomeClass-7,VacHomeZone-1,60.0,11414,Cobblestone,Gravel,Reverse Pie,Flat,Trash|Gas|Water|Electricity,Corner lot,No Slope,RNH 4,Proximity to Restaurants,Apartment,Bungalow,7,8,1914,2003,Gable,Rolled Roofing,Horizontal Wood,Manmade Stone,0.0,3,4,Strip foundation,4.0,No Sunlight,Dry Wall,728,Furnace,3,No,NM Cable,1136,883,2019,1,0,3,1,4,8,0,,Detached,Metal Panels,2,532,3,Paved,509,0,0,0,Composite Fences,10,2009,Down payment assistance,Regular,139031.0,N,Y,2021-06-11,17993036,"Pölitzallee 59
51396 Hoyerswerda",Garmisch-Partenkirchen,Amerikanische Jungferninseln,leonardholzapfel@gmail.com,F,Sachsen-Anhalt,54487,41.0,2021-01-31,2.6,2021-01-31,2.6
976,VacHomeClass-13,VacHomeZone-5,,2651,Cobblestone,Gravel,Pie,Flat,Trash|Gas|Water|Electricity,T-intersection,No Slope,RNH 22,Proximity to School,MultiFamilyHome,Bungalow,7,5,2002,2006,Gable,Rolled Roofing,Log Wood,Manmade Stone,0.0,4,3,Individual footing,4.0,No Sunlight,ZenWall Panels,673,Furnace,5,Yes,NM Cable,673,709,1382,2,1,3,1,4,6,0,,Detached,Metal Panels,2,490,3,Paved,153,0,0,0,No Fence,4,2006,Down payment assistance,Regular,136956.0,N,N,2021-01-07,27866801,"Alex-Schulz-Gasse 8
30477 Sankt Goarshausen",Magdeburg,Martinique,jullmann@buchholz.com,M,Schleswig-Holstein,10844,92.0,2021-03-12,2.9,2021-03-12,2.9
977,VacHomeClass-2,VacHomeZone-1,51.0,5900,Cobblestone,Gravel,Reverse Pie,Slope,Trash|Gas|Water|Electricity,Interior lot,No Slope,RNH 4,Proximity to School,Apartment,Contemporary,4,7,1926,1966,Gable,Rolled Roofing,Wood Shingle,Manmade Stone,0.0,3,3,Individual footing,4.0,No Sunlight,Dry Wall,440,Furnace,3,Yes,Underground Feeder Cable,869,0,869,1,0,2,1,2,4,0,,No Garage,Unfinished,0,0,0,Paved,0,0,0,0,No Fence,8,2006,Down payment assistance,Regular,70971.0,N,Y,2021-02-04,96961995,"Sarah-Finke-Straße 2
11440 Groß-Gerau",Fallingbostel,Kanada,barkholzlioba@etzold.com,M,Saarland,63151,19.0,2021-01-07,3.8,2021-01-07,3.8
978,VacHomeClass-12,VacHomeZone-5,35.0,4274,Cobblestone,Cobblestone,Reverse Pie,Flat,Trash|Gas|Water|Electricity,Interior lot,No Slope,RNH 22,Proximity to School,SingleFamilyHome,Contemporary,7,5,2009,2014,Gable,Rolled Roofing,Board Batten,,,4,3,Individual footing,4.0,No Sunlight,ZenWall Panels,1241,Furnace,5,Yes,NM Cable,1241,0,1241,1,1,1,1,4,4,0,,Attached,DryWall,2,569,3,Paved,0,0,0,0,No Fence,11,2007,Government-backed programs,Distress Sale,165923.0,N,Y,2021-01-28,17106405,"Jähnplatz 3
13732 Beeskow",Kassel,St. Lucia,kweller@anders.de,F,Rheinland-Pfalz,6112,86.0,2021-09-13,4.2,2021-09-13,4.2
979,VacHomeClass-1,VacHomeZone-1,68.0,9450,Cobblestone,Gravel,Pie,Slope,Trash|Gas|Water|Electricity,Interior lot,Little Slope,RNH 8,Proximity to School,Apartment,Contemporary,4,5,1959,1961,Gable,Rolled Roofing,Log Wood,Manmade Stone,0.0,3,3,Combined footing,3.0,No Sunlight,Basement to Beautiful Panels,894,Furnace,5,Yes,NM Cable,894,0,894,1,0,3,1,3,5,0,,Detached,Metal Panels,2,400,3,Paved,0,0,0,0,No Fence,5,2007,Down payment assistance,Shortsale,91306.0,Y,Y,2021-12-19,22226280,"Täschestraße 4/2
21041 Rehau",Demmin,Falklandinseln,nschulz@riehl.com,F,Bayern,96337,96.0,2021-10-21,3.1,2021-10-21,3.1
980,VacHomeClass-1,VacHomeZone-1,80.0,8816,Cobblestone,Gravel,Pie,Flat,Trash|Gas|Water|Electricity,Corner lot,No Slope,RNH 20,Proximity to Hospital,Apartment,Contemporary,5,6,1965,1968,Gable,Rolled Roofing,Board Batten,Manmade Stone,0.0,3,3,Individual footing,3.0,No Sunlight,Foamax,1121,Furnace,3,Yes,NM Cable,1121,0,1121,1,0,3,1,3,5,0,,Detached,Metal Panels,2,480,3,Paved,0,0,0,0,Vinyl Fences,6,2009,Down payment assistance,Regular,115376.0,N,Y,2021-07-27,5970100,"Mendegasse 30
86534 Göttingen",Soltau,Französisch-Polynesien,fhauffer@hotmail.de,Unknown,Hessen,76330,46.0,2021-12-15,3.9,2021-12-15,3.9
981,VacHomeClass-10,VacHomeZone-1,,12122,Cobblestone,Gravel,Reverse Pie,Flat,Trash|Gas|Water|Electricity,Corner lot,No Slope,NAmes,Proximity to School,Apartment,Georgian,7,9,1965,2010,Gable,Rolled Roofing,Metal,Manmade Panels,210.0,5,3,Combined footing,3.0,Large Windows,BrightWall Paneling,944,Furnace,4,Yes,NM Cable,999,0,999,1,0,3,1,5,6,0,,Attached,Wood Sheathing,2,588,3,Paved,144,0,0,0,No Fence,7,2008,Down payment assistance,Regular,148078.0,Y,Y,2021-08-08,82997892,"Jacobi Jäckelstraße 062
95267 Schwabmünchen",Naila,Äthiopien,ercan40@gmail.com,M,Baden-Württemberg,41051,32.0,2021-10-14,2.0,2021-10-14,2.0
982,VacHomeClass-6,VacHomeZone-1,98.0,12203,Cobblestone,Gravel,Reverse Pie,Flat,Trash|Gas|Water|Electricity,Corner lot,No Slope,RNH 14,Proximity to School,Apartment,Bungalow,8,5,2001,2007,Sawtooth,Rolled Roofing,Board Batten,Natural Stone,975.0,4,3,Individual footing,4.0,No Sunlight,ZenWall Panels,1225,Furnace,5,Yes,NM Cable,1276,1336,2612,2,1,4,1,4,8,1,TA,Attached,DryWall,3,676,3,Paved,250,0,0,0,No Fence,7,2009,Down payment assistance,Regular,278886.0,Y,Y,2021-09-01,95990194,"Walburga-Biggen-Platz 3/6
65943 Norden",Altentreptow,Osttimor,roerrichtheiderose@yahoo.de,F,Hamburg,94382,67.0,2021-12-14,2.3,2021-12-14,2.3
983,VacHomeClass-1,VacHomeZone-1,43.0,3182,Cobblestone,Gravel,Pie,Flat,Trash|Gas|Water|Electricity,Interior lot,No Slope,RNH 1,Proximity to School,Apartment,Contemporary,7,5,2010,2012,Gable,Rolled Roofing,Board Batten,Natural Stone,16.0,4,3,Individual footing,4.0,Large Windows,Dry Wall,1266,Furnace,5,Yes,NM Cable,1266,0,1266,2,0,2,1,4,6,1,Gd,Attached,DryWall,2,388,3,Paved,100,0,0,0,No Fence,3,2008,Down payment assistance,Regular,132718.85,N,Y,2021-09-27,88651538,"Hornichplatz 448
41854 Fürstenfeldbruck",Gütersloh,Kokosinseln,konradvogt@aol.de,Unknown,Baden-Württemberg,15965,45.0,2021-10-15,1.6,2021-10-15,1.6
984,VacHomeClass-6,VacHomeZone-1,,11250,Cobblestone,Gravel,Pie,Flat,Trash|Gas|Water|Electricity,Corner lot,No Slope,RNH 6,Proximity to School,Apartment,Bungalow,8,5,2006,2008,Gable,Rolled Roofing,Metal,Manmade Stone,0.0,4,3,Individual footing,4.0,Small Windows,Dry Wall,1128,Furnace,5,Yes,NM Cable,1149,1141,2290,2,1,4,1,4,9,1,Gd,Attached,Metal Panels,2,779,3,Paved,0,0,0,0,No Fence,5,2008,Down payment assistance,Regular,212403.0,N,Y,2021-02-22,60951373,"Dörschnerallee 37
77289 Bützow",Klötze,Malaysia,schollfriedhilde@web.de,M,Mecklenburg-Vorpommern,4115,44.0,2021-02-19,2.7,2021-02-19,2.7
985,VacHomeClass-11,VacHomeZone-1,75.0,10125,Cobblestone,Gravel,Pie,Flat,Trash|Gas|Water|Electricity,Interior lot,No Slope,RNH 12,Proximity to School,Townhome,Craftsman,5,5,1980,1983,Gable,Rolled Roofing,Brick,Manmade Stone,0.0,3,3,Combined footing,,,,0,Furnace,3,Yes,NM Cable,1302,432,1734,2,0,4,2,4,8,0,,Attached,Metal Panels,2,539,3,Paved,0,0,0,0,No Fence,8,2009,Reverse Mortgage,Regular,104586.0,N,N,2021-04-03,19789637,"Gisela-Krebs-Platz 68
96332 Hagenow",Königs Wusterhausen,Französisch-Guayana,slawomiretzler@googlemail.com,F,Baden-Württemberg,35139,30.0,2021-07-29,1.8,2021-07-29,1.8
986,VacHomeClass-15,VacHomeZone-1,68.0,10880,Cobblestone,Gravel,Pie,Flat,Trash|Gas|Water|Electricity,Interior lot,No Slope,RNH 8,Proximity to School,Condo,Contemporary,5,5,1954,1954,Gable,Rolled Roofing,Log Wood,Manmade Stone,0.0,3,3,Combined footing,3.0,No Sunlight,BrightWall Paneling,1164,Boiler,3,No,NM Cable,1164,0,1164,1,0,3,1,3,5,0,,Detached,Metal Panels,1,240,3,Paved,0,0,0,0,No Fence,8,2008,Rent-to-own,Regular,103756.0,Y,Y,2021-10-08,22494986,"Irmtrud-Hövel-Allee 78
95037 Olpe",Mettmann,San Marino,michail59@hoffmann.de,F,Hamburg,12331,51.0,2021-05-04,2.2,2021-05-04,2.2
987,VacHomeClass-5,VacHomeZone-2,59.0,5310,Cobblestone,Gravel,Pie,Flat,Trash|Gas|Water|Electricity,Corner lot,No Slope,RNH 18,Proximity to Hospital,Apartment,Craftsman,6,8,1914,2010,Sawtooth,Rolled Roofing,Board Batten,Manmade Stone,0.0,3,4,Combined footing,3.0,No Sunlight,Dry Wall,485,Furnace,4,Yes,NM Cable,1001,634,1635,1,0,2,1,4,5,0,,Attached,Metal Panels,1,255,2,Paved,394,0,0,0,No Fence,6,2006,Down payment assistance,Regular,97116.0,N,Y,2021-09-02,55764575,"Irmela-Stiffel-Straße 2/6
78125 Kaiserslautern",Weißwasser,Heard- und McDonald-Inseln,hans-ulrich66@bohnbach.de,Unknown,Thüringen,55328,51.0,2021-06-27,3.7,2021-06-27,3.7
988,VacHomeClass-1,VacHomeZone-1,83.0,10159,Cobblestone,Gravel,Reverse Pie,Flat,Trash|Gas|Water|Electricity,Interior lot,No Slope,RNH 16,Proximity to School,Apartment,Contemporary,9,5,2014,2014,Sawtooth,Rolled Roofing,Board Batten,Manmade Panels,450.0,5,3,Individual footing,5.0,Large Windows,ZenWall Panels,1930,Furnace,5,Yes,NM Cable,1940,0,1940,2,1,3,1,5,8,1,Gd,Attached,DryWall,3,606,3,Paved,168,0,0,0,No Fence,4,2010,Government-backed programs,Distress Sale,328015.36,Y,Y,2021-04-04,75795375,"Elise-Rogner-Gasse 49
41386 Wunsiedel",Eckernförde,Gambia,gabriela06@keudel.com,F,Saarland,50660,54.0,2021-03-31,3.3,2021-03-31,3.3
989,VacHomeClass-6,VacHomeZone-1,,12046,Cobblestone,Gravel,Reverse Pie,Flat,Trash|Gas|Water|Electricity,Interior lot,No Slope,RNH 17,Proximity to School,Apartment,Bungalow,6,6,1977,1979,Gable,Rolled Roofing,Brick,Natural Stone,298.0,3,3,Combined footing,3.0,No Sunlight,Basement to Beautiful Panels,848,Furnace,3,Yes,NM Cable,1118,912,2030,2,1,4,1,4,8,1,TA,Attached,DryWall,2,551,3,Paved,0,0,0,0,No Fence,6,2007,Down payment assistance,Regular,161856.0,N,Y,2021-01-02,33863115,"Serge-Striebitz-Platz 55
25950 Schwarzenberg",Karlsruhe,Frankreich,cjopich@fliegner.de,M,Nordrhein-Westfalen,97692,71.0,2021-02-08,3.7,2021-02-08,3.7
990,VacHomeClass-6,VacHomeZone-5,65.0,8125,Cobblestone,Gravel,Pie,Flat,Trash|Gas|Water|Electricity,Interior lot,No Slope,RNH 22,Proximity to School,Apartment,Bungalow,7,5,2009,2008,Gable,Rolled Roofing,Board Batten,Manmade Stone,0.0,4,3,Individual footing,4.0,No Sunlight,Dry Wall,770,Furnace,5,Yes,NM Cable,778,798,1576,2,1,3,1,4,6,0,,Attached,Wood Sheathing,2,614,3,Paved,0,0,0,0,No Fence,8,2006,Government-backed programs,Distress Sale,163516.0,N,Y,2021-06-09,3995211,"Paffrathstr. 1
40163 Einbeck",Höxter,Britische Jungferninseln,poelitzarthur@schulz.org,Unknown,Hessen,44259,29.0,2021-04-16,3.8,2021-04-16,3.8
991,VacHomeClass-6,VacHomeZone-1,82.0,9452,Cobblestone,Gravel,Pie,Flat,Trash|Gas|Water|Electricity,Interior lot,No Slope,RNH 14,Proximity to School,Apartment,Bungalow,8,5,2001,2005,Gable,Rolled Roofing,Board Batten,Natural Stone,423.0,4,3,Individual footing,4.0,No Sunlight,ZenWall Panels,1396,Furnace,5,Yes,NM Cable,1407,985,2392,2,1,3,1,4,7,1,TA,Attached,DryWall,3,870,3,Paved,0,0,0,0,No Fence,6,2006,Down payment assistance,Regular,288846.0,Y,Y,2021-08-07,61560185,"Alessandro-Butte-Platz 651
54431 Weißenfels",Mettmann,Dänemark,hans-jochenaustermuehle@gmail.com,Unknown,Hamburg,8162,70.0,2021-08-17,3.3,2021-08-17,3.3
992,VacHomeClass-7,VacHomeZone-2,121.0,17671,Cobblestone,Concrete,Pie,Flat,Trash|Gas|Water|Electricity,Corner lot,No Slope,RNH 18,Proximity to Gym,Apartment,Bungalow,8,9,1885,1995,Gable,Rolled Roofing,Wood Shingle,Manmade Stone,0.0,4,4,Strip foundation,3.0,No Sunlight,CleanSpace Wall System,916,Furnace,4,Yes,NM Cable,916,826,1742,1,1,4,1,4,8,1,Gd,Attached,Metal Panels,2,424,3,Partially Gravel,0,0,0,0,No Fence,11,2009,Down payment assistance,Regular,139446.0,Y,Y,2021-08-31,65284865,"Metzplatz 0
52122 Ilmenau",Marienberg,Demokratische Volksrepublik Korea,klaus-dieterkaul@aol.de,Unknown,Bayern,66537,21.0,2021-04-21,4.1,2021-04-21,4.1
993,VacHomeClass-6,VacHomeZone-1,80.0,9760,Cobblestone,Gravel,Pie,Flat,Trash|Gas|Water|Electricity,Interior lot,Little Slope,NAmes,Proximity to School,Apartment,Bungalow,6,8,1969,1997,Sawtooth,Rolled Roofing,Wood Shingle,Natural Stone,340.0,3,3,Combined footing,3.0,French Doors,CleanSpace Wall System,822,Furnace,4,Yes,NM Cable,1020,831,1851,2,1,3,1,4,7,1,Fa,Attached,Wood Sheathing,2,440,3,Paved,239,0,0,0,Metal Fences,7,2007,Down payment assistance,Regular,155216.0,Y,N,2021-04-28,58185940,"Theo-Jüttner-Straße 32
97830 Gadebusch",Hildburghausen,Kuba,jaquelineatzler@yahoo.de,Unknown,Sachsen,28716,10.0,2021-03-10,4.1,2021-03-10,4.1
994,VacHomeClass-6,VacHomeZone-1,68.0,8846,Cobblestone,Gravel,Pie,Flat,Trash|Gas|Water|Electricity,Interior lot,No Slope,RNH 6,Proximity to School,Apartment,Bungalow,6,5,2009,2009,Gable,Rolled Roofing,Board Batten,Manmade Stone,0.0,3,3,Individual footing,4.0,No Sunlight,Dry Wall,750,Furnace,5,Yes,NM Cable,750,750,1500,2,1,3,1,4,6,0,,Attached,Wood Sheathing,2,564,3,Paved,0,0,0,0,No Fence,8,2006,Government-backed programs,Distress Sale,144343.0,Y,N,2021-10-14,31515177,"Bohnbachweg 93
64605 Altötting",Wetzlar,Turkmenistan,ullrich02@hotmail.de,M,Thüringen,69831,28.0,2021-08-18,1.8,2021-08-18,1.8
995,VacHomeClass-1,VacHomeZone-1,96.0,12456,Cobblestone,Gravel,Pie,Flat,Trash|Gas|Water|Electricity,T-intersection,No Slope,RNH 16,Proximity to School,Apartment,Contemporary,10,5,2011,2014,Sawtooth,Rolled Roofing,Metal,Manmade Panels,230.0,5,3,Individual footing,5.0,French Doors,ZenWall Panels,1700,Furnace,5,Yes,NM Cable,1718,0,1718,2,0,3,1,5,7,1,Gd,Attached,DryWall,3,786,3,Paved,216,0,0,0,No Fence,7,2009,Down payment assistance,Regular,280131.0,N,N,2021-03-10,51161491,"Bruni-Walter-Weg 27
91181 Wolgast",Ilmenau,Svalbard und Jan Mayen,scheibeisabell@heinrich.de,Unknown,Schleswig-Holstein,57993,79.0,2021-11-28,2.7,2021-11-28,2.7
996,VacHomeClass-5,VacHomeZone-1,51.0,4712,Cobblestone,Gravel,Reverse Pie,Flat,Trash|Gas|Water|Electricity,Interior lot,Little Slope,RNH 4,Proximity to Hospital,Apartment,Craftsman,4,7,1948,1955,Gable,Rolled Roofing,Log Wood,Manmade Stone,0.0,3,3,Combined footing,3.0,No Sunlight,BrightWall Paneling,747,Furnace,3,Yes,NM Cable,774,456,1230,1,1,3,1,3,5,0,,Detached,Metal Panels,1,305,3,Paved,0,0,0,0,Vinyl Fences,8,2006,Down payment assistance,Shortsale,100934.0,Y,Y,2021-10-13,89780534,"Hans-H.-Reinhardt-Ring 7/9
92677 Klötze",Pasewalk,Russische Föderation,alexandros50@hotmail.de,F,Saarland,27479,58.0,2021-02-25,4.4,2021-02-25,4.4
997,VacHomeClass-1,VacHomeZone-1,,10659,Cobblestone,Gravel,Reverse Pie,Flat,Trash|Gas|Water|Electricity,Interior lot,No Slope,NAmes,Proximity to School,Apartment,Contemporary,5,6,1962,1968,Sawtooth,Rolled Roofing,Wood Shingle,Manmade Stone,0.0,3,3,Combined footing,3.0,No Sunlight,Foamax,1050,Furnace,3,Yes,NM Cable,1050,0,1050,1,0,3,1,3,6,0,,Attached,Metal Panels,1,368,3,Paved,0,0,0,0,No Fence,1,2006,Reverse Mortgage,Regular,113301.0,Y,N,2021-09-06,38458842,"Steystr. 66
05007 Saarlouis",Vohenstrauß,Guam,bachmannleonid@hotmail.de,Unknown,Berlin,49448,21.0,2021-12-15,2.2,2021-12-15,2.2
998,VacHomeClass-1,VacHomeZone-1,,11717,Cobblestone,Gravel,Reverse Pie,Flat,Trash|Gas|Water|Electricity,Interior lot,No Slope,RNH 17,Proximity to Mall,Apartment,Contemporary,6,6,1972,1974,Sawtooth,Rolled Roofing,Horizontal Wood,Natural Stone,571.0,3,3,Combined footing,3.0,No Sunlight,Dry Wall,1442,Furnace,3,Yes,NM Cable,1442,0,1442,2,0,2,1,3,6,1,TA,Attached,Wood Sheathing,2,615,3,Paved,371,0,0,0,No Fence,2,2009,Down payment assistance,Regular,153556.0,N,Y,2021-01-11,5716500,"Peter-Michael-Thies-Gasse 3
86960 Hammelburg",Nördlingen,Frankreich,josefine17@googlemail.com,M,Saarland,21064,4.0,2021-10-15,1.4,2021-10-15,1.4
999,VacHomeClass-2,VacHomeZone-2,60.0,9786,Cobblestone,Gravel,Pie,Flat,Trash|Gas|Water|Electricity,Interior lot,No Slope,RNH 10,Proximity to School,Apartment,Contemporary,3,4,1923,1956,Sawtooth,Rolled Roofing,Wood Shingle,Manmade Stone,0.0,3,3,Strip foundation,3.0,No Sunlight,Dry Wall,1007,Furnace,2,No,NM Cable,1077,0,1077,1,0,3,1,3,6,1,Gd,Detached,Metal Panels,1,210,3,Partially Gravel,0,0,0,0,No Fence,5,2006,Down payment assistance,Regular,75536.0,Y,N,2021-05-06,12376049,"Johann-Löffler-Platz 7
61658 Emmendingen",Kronach,Amerikanische Jungferninseln,caecilie70@aol.de,F,Schleswig-Holstein,49585,98.0,2021-06-21,3.6,2021-06-21,3.6
1000,VacHomeClass-1,VacHomeZone-1,64.0,6762,Cobblestone,Gravel,Pie,Flat,Trash|Gas|Water|Electricity,Interior lot,No Slope,RNH 6,Proximity to School,Apartment,Contemporary,7,5,2009,2015,Gable,Rolled Roofing,Board Batten,Manmade Panels,24.0,4,3,Individual footing,4.0,Large Windows,ZenWall Panels,1187,Furnace,5,Yes,NM Cable,1208,0,1208,2,0,2,1,4,6,0,,Attached,Wood Sheathing,2,632,3,Paved,105,0,0,0,No Fence,2,2010,Down payment assistance,Regular,170986.0,Y,N,2021-01-04,55222372,"Andersring 6/0
33514 Pirmasens",Gunzenhausen,Kanada,hertrampfalicja@web.de,Unknown,Saarland,40353,29.0,2021-07-18,1.5,2021-07-18,1.5
1001,VacHomeClass-1,VacHomeZone-1,74.0,10206,Cobblestone,Gravel,Pie,Flat,Trash|Gas|Water|Electricity,Corner lot,No Slope,RNH 8,Proximity to School,Apartment,Contemporary,3,3,1953,1958,Dormer,Tar&Grv,Stucco,Manmade Stone,0.0,3,3,Pile foundation,,,,0,Boiler,2,No,Armored Cable,944,0,944,1,0,2,1,2,4,0,,Detached,Metal Panels,2,528,3,Paved,0,0,0,0,No Fence,7,2009,Down payment assistance,Regular,68066.0,N,N,2021-10-23,90362514,"Heydrichplatz 522
37230 Pritzwalk",Schweinfurt,Mauritius,ana57@gmail.com,M,Schleswig-Holstein,1155,23.0,2021-11-20,4.6,2021-11-20,4.6
1002,VacHomeClass-2,VacHomeZone-1,60.0,5400,Cobblestone,Gravel,Pie,Flat,Trash|Gas|Water|Electricity,Corner lot,No Slope,RNH 18,Proximity to School,Apartment,Contemporary,5,6,1921,1953,Gable,Rolled Roofing,Wood Shingle,Manmade Stone,0.0,3,3,Strip foundation,2.0,No Sunlight,Dry Wall,691,Furnace,5,Yes,Underground Feeder Cable,691,0,691,1,0,2,1,5,4,0,,Detached,Metal Panels,1,216,2,Only Gravel,0,0,0,0,No Fence,1,2007,Down payment assistance,Shortsale,71386.0,N,Y,2021-02-07,69716768,"Mona-Killer-Ring 4
26057 Suhl",Badoberan,Norfolkinsel,stiffelheide-marie@yahoo.de,Unknown,Sachsen,49203,39.0,2021-08-02,2.8,2021-08-02,2.8
1003,VacHomeClass-1,VacHomeZone-1,75.0,11957,Cobblestone,Gravel,Reverse Pie,Flat,Trash|Gas|Water|Electricity,Interior lot,No Slope,RNH 22,Proximity to Restaurants,Apartment,Contemporary,8,5,2009,2012,Gable,Rolled Roofing,Board Batten,Natural Stone,53.0,4,3,Individual footing,4.0,No Sunlight,ZenWall Panels,1574,Furnace,5,Yes,NM Cable,1574,0,1574,2,0,3,1,4,7,1,Gd,Attached,Wood Sheathing,3,824,3,Paved,144,0,0,0,No Fence,7,2008,Down payment assistance,Regular,192566.0,N,Y,2021-10-28,7136818,"Röhrichtstraße 485
52542 Nauen",Backnang,Papua-Neuguinea,cosimaring@yahoo.de,F,Niedersachsen,85996,82.0,2021-08-10,2.0,2021-08-10,2.0
1004,VacHomeClass-11,VacHomeZone-1,,11500,Cobblestone,Gravel,Reverse Pie,Flat,Trash|Gas|Water|Electricity,Corner lot,No Slope,RNH 17,Proximity to Hospital,Townhome,Contemporary,5,6,1980,1982,Gable,Rolled Roofing,Board Batten,Natural Stone,164.0,3,3,Combined footing,3.0,No Sunlight,Dry Wall,1680,Furnace,2,Yes,NM Cable,1680,0,1680,2,0,4,2,3,8,0,,Detached,Metal Panels,2,528,3,Paved,0,0,0,0,No Fence,6,2007,Down payment assistance,Regular,113637.15,Y,N,2021-11-03,82984847,"Drubinplatz 467
27408 Starnberg",Recklinghausen,Zentralafrikanische Republik,pweitzel@matthaei.com,F,Rheinland-Pfalz,97482,46.0,2021-04-29,4.8,2021-04-29,4.8
1005,VacHomeClass-12,VacHomeZone-1,43.0,3182,Cobblestone,Gravel,Pie,Flat,Trash|Gas|Water|Electricity,Interior lot,No Slope,RNH 1,Proximity to School,SingleFamilyHome,Contemporary,7,5,2009,2015,Gable,Rolled Roofing,Board Batten,Natural Stone,16.0,4,3,Individual footing,4.0,No Sunlight,ZenWall Panels,1346,Furnace,5,Yes,NM Cable,1504,0,1504,2,0,1,1,4,7,1,Gd,Attached,DryWall,2,457,3,Paved,156,0,0,0,No Fence,5,2009,Down payment assistance,Regular,150236.0,N,N,2021-12-04,68367732,"Pruschkeweg 19
56800 Eilenburg",Waren,Norwegen,viktor35@hotmail.de,Unknown,Mecklenburg-Vorpommern,58969,70.0,2021-10-23,4.3,2021-10-23,4.3
1006,VacHomeClass-9,VacHomeZone-1,65.0,8385,Cobblestone,Gravel,Pie,Flat,Trash|Gas|Water|Electricity,Interior lot,No Slope,RNH 6,Proximity to School,Apartment,Spanish,5,8,1980,1986,Gable,Rolled Roofing,Horizontal Wood,Natural Stone,220.0,4,3,Combined footing,4.0,Large Windows,ZenWall Panels,985,Furnace,3,Yes,NM Cable,985,0,985,2,0,3,1,3,6,0,,Attached,Metal Panels,1,328,3,Paved,210,0,0,0,No Fence,11,2008,Down payment assistance,Regular,124423.0,N,N,2021-02-27,78856585,"Putzweg 057
46840 Stollberg",Ueckermünde,Armenien,xebert@hotmail.de,F,Saarland,2957,61.0,2021-07-02,2.6,2021-07-02,2.6
1007,VacHomeClass-1,VacHomeZone-1,,12155,Cobblestone,Gravel,Irregular Lots,Flat,Trash|Gas|Water|Electricity,Interior lot,No Slope,NAmes,Proximity to Park,Apartment,Contemporary,6,3,1975,1974,Gable,Rolled Roofing,Brick,Manmade Stone,0.0,3,3,Combined footing,4.0,No Sunlight,Basement to Beautiful Panels,1657,Furnace,4,Yes,NM Cable,1657,0,1657,2,0,3,1,3,7,1,TA,Attached,Metal Panels,2,484,3,Paved,0,0,0,0,No Fence,3,2007,Down payment assistance,Regular,135711.0,N,N,2021-07-05,24455190,"Traude-Franke-Allee 7/8
17056 Kötzting",Eichstätt,Samoa,hessalfred@gmx.de,F,Sachsen,82097,31.0,2021-02-04,1.8,2021-02-04,1.8
1008,VacHomeClass-13,VacHomeZone-2,21.0,2217,Cobblestone,Gravel,Pie,Flat,Trash|Gas|Water|Electricity,Interior lot,No Slope,RNH 11,Proximity to School,SingleFamilyHome,Bungalow,4,4,1975,1976,Gable,Rolled Roofing,Metal,Manmade Stone,0.0,3,3,Combined footing,3.0,No Sunlight,CleanSpace Wall System,546,Furnace,3,Yes,NM Cable,546,546,1092,1,1,3,1,3,6,0,,Attached,Wood Sheathing,1,286,3,Paved,238,0,0,0,No Fence,8,2009,Down payment assistance,Regular,73046.0,Y,N,2021-12-17,9455436,"Hertrampfring 9/7
23617 Kaiserslautern",Euskirchen,Réunion,mike51@hotmail.de,M,Rheinland-Pfalz,54322,57.0,2021-06-06,1.8,2021-06-06,1.8
1009,VacHomeClass-1,VacHomeZone-1,43.0,12118,Cobblestone,Gravel,Reverse Pie,Flat,Trash|Gas|Water|Electricity,Cul-de-sac,No Slope,RNH 12,Proximity to School,Apartment,Contemporary,7,5,2008,2013,Sawtooth,Rolled Roofing,Board Batten,Manmade Panels,108.0,4,3,Individual footing,5.0,Small Windows,Dry Wall,1710,Furnace,5,Yes,NM Cable,1710,0,1710,2,0,3,1,4,7,1,Gd,Attached,DryWall,2,550,3,Paved,100,0,0,0,No Fence,4,2009,Down payment assistance,Regular,199206.0,N,N,2021-07-24,92627925,"Miesweg 055
73705 Ribnitz-Damgarten",Kronach,Marshallinseln,kochgabriele@rogge.com,F,Sachsen,83418,52.0,2021-09-19,4.2,2021-09-19,4.2
1010,VacHomeClass-5,VacHomeZone-1,60.0,6000,Cobblestone,Gravel,Pie,Flat,Trash|Gas|Water|Electricity,Interior lot,No Slope,RNH 19,Proximity to School,Apartment,Craftsman,5,5,1930,1958,Gable,Rolled Roofing,Wood Shingle,Manmade Stone,0.0,3,2,Strip foundation,3.0,No Sunlight,Dry Wall,1008,Furnace,5,Yes,NM Cable,1008,0,1522,2,0,4,1,3,7,0,,No Garage,Unfinished,0,0,0,Partially Gravel,0,0,0,0,No Fence,6,2006,Down payment assistance,Regular,84666.0,Y,Y,2021-02-03,88062877,"Kadeallee 165
16087 Ebersberg",Celle,Honduras,hamannhorst@schmiedt.de,F,Baden-Württemberg,80475,10.0,2021-01-13,2.3,2021-01-13,2.3
1011,VacHomeClass-5,VacHomeZone-1,115.0,21286,Cobblestone,Gravel,Pie,Flat,Trash|Gas|Water|Electricity,Interior lot,No Slope,RNH 20,Proximity to School,Apartment,Craftsman,5,5,1950,1957,Gable,Rolled Roofing,Wood Shingle,Manmade Stone,0.0,3,3,Combined footing,3.0,No Sunlight,Dry Wall,720,Furnace,3,Yes,NM Cable,720,551,1271,2,0,4,1,3,7,1,Gd,Attached,Metal Panels,1,312,3,Paved,0,0,0,0,No Fence,8,2008,Down payment assistance,Regular,112056.0,Y,Y,2021-08-31,74984466,"Regina-Bärer-Gasse 282
80188 Bad Kissingen",Zossen,Costa Rica,cengizwerner@aol.de,M,Schleswig-Holstein,84633,19.0,2021-04-04,1.9,2021-04-04,1.9
1012,VacHomeClass-11,VacHomeZone-1,75.0,9825,Cobblestone,Gravel,Pie,Flat,Trash|Gas|Water|Electricity,Interior lot,No Slope,RNH 8,Proximity to School,Townhome,Contemporary,5,5,1969,1974,Sawtooth,Rolled Roofing,Engineered wood,Manmade Stone,0.0,3,3,Combined footing,,,,0,Furnace,3,No,NM Cable,1664,0,1664,2,0,4,2,3,8,0,,No Garage,Unfinished,0,0,0,Paved,0,0,0,0,No Fence,5,2010,Down payment assistance,Regular,83006.0,Y,Y,2021-04-25,36827008,"Thanelring 4/2
03210 Wolfenbüttel",Steinfurt,Palästinensische Gebiete,ernstkathi@henschel.net,F,Thüringen,93657,49.0,2021-05-27,4.1,2021-05-27,4.1
1013,VacHomeClass-7,VacHomeZone-1,55.0,10592,Cobblestone,Gravel,Pie,Flat,Trash|Gas|Water|Electricity,Interior lot,No Slope,RNH 7,Proximity to School,Apartment,Bungalow,6,7,1926,2003,Sawtooth,Rolled Roofing,Wood Shingle,Manmade Stone,0.0,3,4,Individual footing,3.0,No Sunlight,Dry Wall,602,Furnace,3,Yes,NM Cable,900,602,1502,1,1,3,1,4,7,2,TA,Detached,Metal Panels,1,180,3,Paved,96,0,0,0,No Fence,8,2007,Down payment assistance,Regular,136956.0,N,N,2021-01-22,77230782,"Gotthilf-Klemt-Allee 1/5
30617 Neustrelitz",Gransee,Tadschikistan,arnold25@gmx.de,F,Berlin,95320,6.0,2021-12-11,2.8,2021-12-11,2.8
1014,VacHomeClass-2,VacHomeZone-2,60.0,7200,Cobblestone,Gravel,Pie,Flat,Trash|Gas|Water|Electricity,Interior lot,No Slope,RNH 18,Proximity to School,Apartment,Contemporary,5,4,1913,2009,Sawtooth,Rolled Roofing,Log Wood,Manmade Stone,0.0,3,3,Strip foundation,3.0,No Sunlight,BrightWall Paneling,1022,Boiler,3,No,NM Cable,1022,0,1022,1,0,2,1,3,4,0,,Detached,Metal Panels,1,280,3,Paved,0,0,0,0,No Fence,6,2009,Down payment assistance,Regular,70556.0,Y,Y,2021-08-26,1998283,"Marika-Caspar-Allee 1/7
35688 Hohenstein-Ernstthal",Koblenz,Australien,uwarmer@gmx.de,F,Sachsen,97435,14.0,2021-03-19,2.7,2021-03-19,2.7
1015,VacHomeClass-1,VacHomeZone-1,60.0,11664,Cobblestone,Gravel,Pie,Flat,Trash|Gas|Water|Electricity,Interior lot,No Slope,NAmes,Proximity to Gym,Apartment,Contemporary,6,5,1953,1956,Gable,Rolled Roofing,Log Wood,Natural Stone,206.0,3,3,Combined footing,3.0,No Sunlight,CleanSpace Wall System,1082,Furnace,3,Yes,NM Cable,1082,0,1082,1,0,2,1,3,5,1,Gd,Detached,Metal Panels,1,240,3,Paved,0,0,0,0,No Fence,11,2007,Down payment assistance,Regular,98942.0,Y,N,2021-08-08,86854306,"Geislerallee 3
53914 Lemgo",Sondershausen,Fidschi,miroslawhendriks@aol.de,Unknown,Bayern,1829,5.0,2021-02-05,2.1,2021-02-05,2.1
1016,VacHomeClass-6,VacHomeZone-1,70.0,8400,Cobblestone,Gravel,Pie,Flat,Trash|Gas|Water|Electricity,Interior lot,No Slope,RNH 17,Proximity to School,Apartment,Bungalow,8,6,2005,2007,Gable,Rolled Roofing,Board Batten,Manmade Stone,0.0,4,3,Individual footing,4.0,No Sunlight,ZenWall Panels,810,Furnace,5,Yes,NM Cable,810,855,1665,2,1,3,1,4,6,0,,Attached,DryWall,2,528,3,Paved,0,0,0,0,No Fence,11,2009,Down payment assistance,Regular,188416.0,Y,Y,2021-01-25,43211296,"Sylvio-Reichmann-Allee 6
13637 Auerbach",Sankt Goar,Estland,bpergande@yahoo.de,M,Baden-Württemberg,37536,49.0,2021-07-19,2.9,2021-07-19,2.9
1017,VacHomeClass-1,VacHomeZone-1,73.0,11883,Cobblestone,Gravel,Pie,Flat,Trash|Gas|Water|Electricity,Interior lot,No Slope,RNH 6,Proximity to School,Apartment,Contemporary,7,5,2001,2004,Sawtooth,Rolled Roofing,Board Batten,Natural Stone,196.0,4,3,Individual footing,4.0,French Doors,ZenWall Panels,1504,Furnace,5,Yes,NM Cable,1504,0,1504,2,0,3,1,4,6,1,TA,Attached,DryWall,2,478,3,Paved,115,0,0,0,No Fence,6,2009,Down payment assistance,Regular,168496.0,N,N,2021-07-10,25864656,"Thies-Koch-Weg 0
61888 Neunburg vorm Wald",Griesbach Rottal,Tokelau,bboerner@kitzmann.org,Unknown,Hamburg,11195,92.0,2021-03-17,4.9,2021-03-17,4.9
1018,VacHomeClass-12,VacHomeZone-1,,5814,Cobblestone,Gravel,Reverse Pie,Flat,Trash|Gas|Water|Electricity,Cul-de-sac,No Slope,RNH 23,Proximity to School,SingleFamilyHome,Contemporary,8,5,1987,1986,Gable,Rolled Roofing,Horizontal Wood,Manmade Stone,0.0,4,3,Combined footing,4.0,Large Windows,ZenWall Panels,1220,Furnace,4,Yes,NM Cable,1360,0,1360,1,0,1,1,4,4,1,Ex,Attached,Wood Sheathing,2,565,3,Paved,63,0,0,0,No Fence,8,2009,Reverse Mortgage,Shortsale,155631.0,Y,Y,2021-01-11,47862418,"Leonard-Kühnert-Allee 67
19105 Gadebusch",Wertingen,Côte d’Ivoire,doeringmaxim@kuhl.org,M,Bremen,39186,32.0,2021-06-03,3.7,2021-06-03,3.7
1019,VacHomeClass-9,VacHomeZone-1,,10784,Cobblestone,Gravel,Reverse Pie,Flat,Trash|Gas|Water|Electricity,T-intersection,No Slope,RNH 9,Proximity to School,Apartment,Spanish,7,5,1993,1999,Gable,Rolled Roofing,Horizontal Wood,Natural Stone,76.0,4,3,Individual footing,4.0,No Sunlight,Dry Wall,384,Furnace,4,Yes,NM Cable,802,670,1472,2,1,3,1,4,7,1,TA,Attached,Wood Sheathing,2,402,3,Paved,164,0,0,0,No Fence,5,2007,Down payment assistance,Regular,132806.0,Y,Y,2021-06-09,72892596,"Lindauplatz 35
76112 Güstrow",Waren,Honduras,ines51@suessebier.de,Unknown,Hessen,9941,28.0,2021-09-06,1.5,2021-09-06,1.5
1020,VacHomeClass-12,VacHomeZone-1,43.0,3013,Cobblestone,Gravel,Pie,Flat,Trash|Gas|Water|Electricity,Interior lot,No Slope,RNH 1,Proximity to School,SingleFamilyHome,Contemporary,7,5,2010,2011,Gable,Rolled Roofing,Board Batten,Natural Stone,145.0,4,3,Individual footing,4.0,French Doors,ZenWall Panels,1362,Furnace,5,Yes,NM Cable,1506,0,1506,2,0,2,1,4,6,1,Gd,Attached,DryWall,2,440,3,Paved,142,0,0,0,No Fence,4,2006,Down payment assistance,Regular,177202.69999999998,Y,Y,2021-07-01,14310393,"Beierallee 302
33634 Malchin",Gießen,Deutschland,franz-josef11@web.de,M,Schleswig-Holstein,49743,45.0,2021-05-15,2.0,2021-05-15,2.0
1021,VacHomeClass-1,VacHomeZone-1,60.0,7024,Cobblestone,Gravel,Pie,Flat,Trash|Gas|Water|Electricity,Interior lot,No Slope,RNH 8,Proximity to School,Apartment,Contemporary,4,5,2006,2013,Gable,Rolled Roofing,Board Batten,Manmade Stone,0.0,3,3,Individual footing,4.0,No Sunlight,ZenWall Panels,1132,Furnace,5,Yes,NM Cable,1132,0,1132,1,1,2,1,4,5,0,,Attached,DryWall,2,451,3,Paved,252,0,0,0,No Fence,6,2008,Down payment assistance,Regular,146086.0,Y,Y,2021-04-10,32164435,"Karolina-Gehringer-Allee 82
84461 Angermünde",Günzburg,Malaysia,mkaester@googlemail.com,Unknown,Niedersachsen,2620,55.0,2021-03-18,4.3,2021-03-18,4.3
1022,VacHomeClass-1,VacHomeZone-1,64.0,7406,Cobblestone,Gravel,Pie,Flat,Trash|Gas|Water|Electricity,Interior lot,No Slope,RNH 6,Proximity to School,Apartment,Contemporary,7,5,2010,2016,Gable,Rolled Roofing,Board Batten,Manmade Panels,84.0,4,3,Individual footing,4.0,Large Windows,ZenWall Panels,1199,Furnace,5,Yes,NM Cable,1220,0,1220,2,0,2,1,4,6,0,,Attached,Wood Sheathing,2,632,3,Paved,105,0,0,0,No Fence,7,2006,Government-backed programs,Distress Sale,161026.0,N,Y,2021-01-15,38467738,"Budigplatz 1/2
43735 Worbis",Kronach,Dominikanische Republik,marianne46@trueb.de,Unknown,Sachsen-Anhalt,38446,28.0,2021-07-21,2.0,2021-07-21,2.0
1023,VacHomeClass-5,VacHomeZone-2,52.0,9439,Cobblestone,Gravel,Pie,Flat,Trash|Gas|Water|Electricity,Interior lot,No Slope,RNH 18,Proximity to School,Apartment,Craftsman,5,5,1932,1954,Gable,Rolled Roofing,Wood Shingle,Manmade Stone,0.0,3,3,Combined footing,3.0,No Sunlight,Basement to Beautiful Panels,912,Furnace,4,Yes,Underground Feeder Cable,912,336,1248,1,0,2,1,3,6,0,,Detached,Metal Panels,1,160,2,Paved,0,0,0,0,No Fence,3,2007,Down payment assistance,Regular,72216.0,N,N,2021-11-14,74365289,"Stolzestraße 39
04881 Biedenkopf",Olpe,Sambia,hubertrosenow@wernecke.net,Unknown,Saarland,53940,30.0,2021-02-25,2.7,2021-02-25,2.7
1024,VacHomeClass-12,VacHomeZone-1,43.0,3182,Cobblestone,Gravel,Pie,Flat,Trash|Gas|Water|Electricity,Interior lot,No Slope,RNH 1,Proximity to School,SingleFamilyHome,Contemporary,7,5,2006,2012,Gable,Rolled Roofing,Board Batten,Natural Stone,14.0,4,3,Individual footing,4.0,No Sunlight,ZenWall Panels,1346,Furnace,5,Yes,NM Cable,1504,0,1504,2,0,2,1,4,7,1,Gd,Attached,DryWall,2,437,3,Paved,156,0,0,0,No Fence,5,2008,Down payment assistance,Regular,158536.0,N,Y,2021-08-04,45576584,"Anton-Hecker-Gasse 6/5
21087 Brandenburg",Stendal,Australien,beerkatherina@schaefer.com,Unknown,Mecklenburg-Vorpommern,19320,19.0,2021-07-03,1.9,2021-07-03,1.9
1025,VacHomeClass-1,VacHomeZone-1,,15498,Cobblestone,Gravel,Reverse Pie,Flat,Trash|Gas|Water|Electricity,Corner lot,No Slope,RNH 24,Proximity to School,Apartment,Contemporary,8,6,1981,1982,Sawtooth,Asphalt Shingles,Concrete,Manmade Stone,0.0,4,3,Combined footing,4.0,Large Windows,BrightWall Paneling,1565,Furnace,3,Yes,NM Cable,2898,0,2898,2,0,2,1,4,10,1,Gd,Attached,DryWall,2,665,3,Paved,0,0,0,0,No Fence,5,2008,Reverse Mortgage,Shortsale,238216.0,N,N,2021-01-19,23176355,"Trubplatz 9
50107 Lobenstein",Geldern,Guernsey,barthguenther@kruschwitz.com,M,Brandenburg,56294,21.0,2021-04-18,3.6,2021-04-18,3.6
1026,VacHomeClass-1,VacHomeZone-1,70.0,7700,Cobblestone,Gravel,Pie,Flat,Trash|Gas|Water|Electricity,Corner lot,No Slope,RNH 6,Proximity to School,Apartment,Contemporary,5,5,1975,1977,Gable,Rolled Roofing,Board Batten,Manmade Stone,0.0,3,3,Combined footing,3.0,No Sunlight,Basement to Beautiful Panels,882,Furnace,3,Yes,NM Cable,882,0,882,1,0,3,1,3,5,0,,Detached,Metal Panels,2,461,3,Paved,96,0,0,0,Vinyl Fences,3,2007,Down payment assistance,Regular,93381.0,N,Y,2021-12-05,4480907,"Silvio-Junitz-Platz 84
85118 Pößneck",Eberswalde,Saudi-Arabien,vadimkramer@aol.de,M,Bremen,36517,35.0,2021-05-08,3.1,2021-05-08,3.1
1027,VacHomeClass-1,VacHomeZone-1,73.0,9300,Cobblestone,Gravel,Pie,Flat,Trash|Gas|Water|Electricity,Interior lot,No Slope,NAmes,Proximity to Hospital,Apartment,Contemporary,5,5,1965,1968,Gable,Rolled Roofing,Log Wood,Natural Stone,324.0,3,3,Combined footing,3.0,No Sunlight,Foamax,1268,Furnace,3,Yes,NM Cable,1264,0,1264,1,0,3,1,3,6,2,Gd,Attached,Metal Panels,2,461,3,Paved,0,0,0,0,No Fence,4,2010,Down payment assistance,Regular,139031.0,N,N,2021-12-23,89389669,"Heydrichstr. 49
38717 Northeim",Rehau,Salomonen,wkrause@googlemail.com,F,Niedersachsen,30239,43.0,2021-08-27,1.7,2021-08-27,1.7
1028,VacHomeClass-1,VacHomeZone-1,71.0,9520,Cobblestone,Gravel,Reverse Pie,High Level,Trash|Gas|Water|Electricity,Interior lot,No Slope,RNH 24,Proximity to School,Apartment,Contemporary,8,5,2011,2014,Gable,Rolled Roofing,Board Batten,Manmade Panels,338.0,4,3,Individual footing,4.0,French Doors,ZenWall Panels,1638,Furnace,5,Yes,NM Cable,1646,0,1646,2,0,3,1,4,7,1,Gd,Attached,Wood Sheathing,3,800,3,Paved,192,0,0,0,No Fence,4,2008,Government-backed programs,Distress Sale,243259.91,Y,N,2021-09-02,27460672,"Dominik-Hein-Ring 5/9
76604 Gifhorn",Kronach,Aserbaidschan,clara39@pieper.de,Unknown,Berlin,56310,70.0,2021-05-24,1.3,2021-05-24,1.3
1029,VacHomeClass-5,VacHomeZone-1,79.0,9492,Cobblestone,Gravel,Pie,Flat,Trash|Gas|Water|Electricity,Interior lot,No Slope,NAmes,Proximity to Gym,Apartment,Craftsman,5,5,1946,1954,Gable,Rolled Roofing,Vinyl,Manmade Stone,0.0,3,3,Combined footing,3.0,No Sunlight,Foamax,768,Furnace,3,Yes,NM Cable,968,408,1376,1,0,3,1,3,6,1,Gd,Attached,Metal Panels,1,240,3,Paved,0,0,0,0,No Fence,4,2007,Down payment assistance,Regular,87156.0,N,N,2021-10-10,2498553,"Gehringerring 575
77747 Moers",Augsburg,Fidschi,dariuszvan-der-dussen@schwital.de,Unknown,Hamburg,10258,38.0,2021-12-01,2.6,2021-12-01,2.6
1030,VacHomeClass-13,VacHomeZone-2,21.0,1680,Cobblestone,Gravel,Pie,Flat,Trash|Gas|Water|Electricity,Interior lot,No Slope,RNH 3,Proximity to School,MultiFamilyHome,Bungalow,6,7,1975,1975,Gable,Rolled Roofing,Horizontal Wood,Natural Stone,281.0,3,3,Combined footing,3.0,No Sunlight,CleanSpace Wall System,672,Furnace,4,Yes,NM Cable,672,546,1218,1,1,3,1,3,7,0,,Detached,Metal Panels,1,264,3,Paved,0,0,0,0,No Fence,5,2006,Down payment assistance,Regular,97946.0,N,N,2021-10-24,17334457,"Jerzy-Gröttner-Ring 2/5
13503 Cottbus",Wesel,Wallis und Futuna,ingelore99@kruschwitz.de,M,Sachsen-Anhalt,74297,90.0,2021-12-24,2.0,2021-12-24,2.0
1031,VacHomeClass-15,VacHomeZone-4,,7082,Cobblestone,Gravel,Pie,Flat,Trash|Gas|Water|Electricity,Interior lot,No Slope,RNH 19,Proximity to School,Condo,Bungalow,5,8,1917,2000,Gable,Rolled Roofing,Board Batten,Manmade Stone,0.0,3,3,Individual footing,3.0,Small Windows,Dry Wall,686,Furnace,4,Yes,NM Cable,948,980,1928,2,0,5,2,3,10,0,,No Garage,Unfinished,0,0,0,Only Gravel,0,0,0,0,No Fence,7,2006,Down payment assistance,Regular,132806.0,N,Y,2021-04-08,63551228,"Beergasse 670
64998 Recklinghausen",Diepholz,Vereinigte Arabische Emirate,aleksejschwital@sauer.com,Unknown,Bayern,53292,75.0,2021-07-08,3.2,2021-07-08,3.2
1032,VacHomeClass-8,VacHomeZone-1,102.0,15863,Cobblestone,Gravel,Pie,Flat,Trash|Gas|Water|Electricity,Corner lot,No Slope,RNH 19,Proximity to School,Apartment,Ranch,7,3,1922,1974,Gable,Rolled Roofing,Wood Shingle,Manmade Stone,0.0,3,3,Strip foundation,3.0,No Sunlight,ZenWall Panels,824,Furnace,5,Yes,NM Cable,1687,998,3082,2,1,5,1,3,12,2,TA,Barns,DryWall,2,672,3,Paved,136,0,0,0,No Fence,8,2009,Down payment assistance,Regular,163516.0,Y,Y,2021-09-29,50043392,"Gerd-Krebs-Weg 2
53083 Nordhausen",Husum,Irland,fhesse@aol.de,Unknown,Bremen,92863,62.0,2021-07-20,3.2,2021-07-20,3.2
1033,VacHomeClass-6,VacHomeZone-1,,14541,Cobblestone,Gravel,Reverse Pie,Flat,Trash|Gas|Water|Electricity,Corner lot,No Slope,RNH 14,Proximity to School,Apartment,Bungalow,8,7,1994,1999,Gable,Rolled Roofing,Log Wood,Manmade Stone,0.0,4,4,Individual footing,4.0,No Sunlight,ZenWall Panels,1338,Furnace,5,Yes,NM Cable,1352,1168,2520,2,1,5,1,4,10,1,TA,Attached,Wood Sheathing,3,796,3,Paved,209,0,0,0,No Fence,11,2006,Down payment assistance,Shortsale,257306.0,Y,Y,2021-11-07,2870120,"Urs-Hethur-Straße 0/4
74450 Fallingbostel",Neustrelitz,Sonderverwaltungszone Macao,jacobathanasios@web.de,M,Rheinland-Pfalz,48534,27.0,2021-02-14,3.5,2021-02-14,3.5
1034,VacHomeClass-1,VacHomeZone-1,,8125,Cobblestone,Gravel,Pie,Flat,Trash|Gas|Water|Electricity,Interior lot,No Slope,RNH 6,Proximity to School,Apartment,Contemporary,7,5,2004,2007,Gable,Rolled Roofing,Board Batten,Manmade Panels,295.0,4,3,Individual footing,4.0,No Sunlight,ZenWall Panels,1654,Furnace,5,Yes,NM Cable,1654,0,1654,2,0,3,1,4,6,0,,Attached,Metal Panels,3,900,3,Paved,0,0,0,0,No Fence,2,2006,Down payment assistance,Regular,190906.0,N,Y,2021-12-29,94549942,"Bergerweg 9/7
68532 Gotha",Backnang,Äußeres Ozeanien,ddietz@web.de,Unknown,Brandenburg,80509,77.0,2021-09-23,1.5,2021-09-23,1.5
1035,VacHomeClass-2,VacHomeZone-1,50.0,6305,Cobblestone,Gravel,Pie,Slope,Trash|Gas|Water|Electricity,Interior lot,No Slope,RNH 7,Proximity to School,Apartment,Contemporary,5,7,1940,1957,Gable,Rolled Roofing,Log Wood,Manmade Stone,0.0,3,4,Individual footing,2.0,No Sunlight,Dry Wall,920,Furnace,5,Yes,NM Cable,954,0,954,1,0,2,1,2,5,1,Gd,Barns,Metal Panels,1,240,2,Paved,0,0,0,0,Vinyl Fences,6,2007,Down payment assistance,Regular,99398.5,Y,N,2021-10-10,80198741,"Beierstraße 33
36309 Ilmenau",Calau,Färöer,mariechenvan-der-dussen@boerner.de,Unknown,Baden-Württemberg,86541,23.0,2021-12-17,2.3,2021-12-17,2.3
1036,VacHomeClass-1,VacHomeZone-1,,11500,Cobblestone,Gravel,Reverse Pie,Flat,Trash|Gas|Water|Electricity,Cul-de-sac,No Slope,RNH 8,Proximity to School,Apartment,Contemporary,4,3,1961,1962,Gable,Rolled Roofing,Wood Shingle,Manmade Stone,0.0,3,4,Pile foundation,,,,0,Furnace,5,No,NM Cable,845,0,845,1,0,3,1,3,5,0,,Detached,Metal Panels,1,290,3,Only Gravel,186,0,0,0,No Fence,1,2009,Down payment assistance,Regular,69726.0,Y,N,2021-03-25,99955779,"Steffi-Sauer-Platz 7
92914 Oberviechtach",Artern,Mauritius,tschinke@textor.net,Unknown,Hessen,25593,64.0,2021-04-25,4.6,2021-04-25,4.6
1037,VacHomeClass-1,VacHomeZone-1,89.0,12898,Cobblestone,Gravel,Reverse Pie,High Level,Trash|Gas|Water|Electricity,Interior lot,No Slope,RNH 24,Proximity to School,Apartment,Contemporary,9,5,2008,2014,Sawtooth,Rolled Roofing,Board Batten,Manmade Panels,70.0,4,3,Individual footing,5.0,French Doors,ZenWall Panels,1620,Furnace,5,Yes,NM Cable,1620,0,1620,2,0,2,1,5,6,1,Ex,Attached,DryWall,3,912,3,Paved,228,0,0,0,No Fence,9,2009,Down payment assistance,Regular,261871.0,Y,Y,2021-12-28,32056778,"Seifertring 5/9
56299 Aue",Bautzen,Mongolei,hans-friedrichrenner@stey.de,Unknown,Baden-Württemberg,39063,91.0,2021-06-03,1.2,2021-06-03,1.2
1038,VacHomeClass-6,VacHomeZone-1,,9240,Cobblestone,Gravel,Pie,Flat,Trash|Gas|Water|Electricity,Interior lot,No Slope,RNH 6,Proximity to School,Apartment,Bungalow,8,5,2006,2005,Gable,Rolled Roofing,Board Batten,Natural Stone,396.0,4,3,Individual footing,4.0,No Sunlight,Dry Wall,1055,Furnace,5,Yes,NM Cable,1055,1208,2263,2,1,3,1,4,7,1,TA,Breezeway,DryWall,2,905,3,Paved,0,0,0,0,No Fence,9,2008,Down payment assistance,Regular,238216.0,N,Y,2021-06-29,56424812,"Benthinplatz 2/7
66037 Lüdenscheid",Gotha,Bulgarien,ercan09@liebelt.de,M,Thüringen,26138,77.0,2021-06-21,1.4,2021-06-21,1.4
1039,VacHomeClass-13,VacHomeZone-2,21.0,1533,Cobblestone,Gravel,Pie,Flat,Trash|Gas|Water|Electricity,Interior lot,No Slope,RNH 11,Proximity to School,MultiFamilyHome,Bungalow,4,6,1975,2011,Gable,Rolled Roofing,Metal,Manmade Stone,0.0,3,3,Combined footing,3.0,No Sunlight,Dry Wall,546,Furnace,3,Yes,NM Cable,798,546,1344,1,1,3,1,3,6,1,TA,No Garage,Unfinished,0,0,0,Paved,0,0,0,0,No Fence,5,2009,Down payment assistance,Regular,80516.0,N,N,2021-12-15,25557107,"Hans-Heinrich-Bruder-Allee 11
09787 Kusel",Düren,Belarus,kabuslilli@zorbach.de,Unknown,Thüringen,38472,42.0,2021-09-02,2.8,2021-09-02,2.8
1040,VacHomeClass-14,VacHomeZone-2,21.0,1477,Cobblestone,Gravel,Pie,Flat,Trash|Gas|Water|Electricity,Interior lot,No Slope,RNH 11,Proximity to School,SingleFamilyHome,Georgian,4,4,1972,1977,Gable,Rolled Roofing,Metal,Manmade Stone,0.0,3,3,Combined footing,4.0,Large Windows,ZenWall Panels,630,Furnace,3,Yes,NM Cable,630,0,630,1,0,1,1,3,3,0,,Attached,Metal Panels,1,286,3,Paved,0,0,0,0,No Fence,4,2009,Down payment assistance,Regular,66406.0,N,Y,2021-12-09,32032871,"Tamara-Mühle-Straße 5
58349 Aachen",Angermünde,Honduras,christosgeisler@bolzmann.de,Unknown,Berlin,90439,9.0,2021-03-15,4.5,2021-03-15,4.5
1041,VacHomeClass-1,VacHomeZone-1,88.0,13125,Cobblestone,Gravel,Pie,Flat,Trash|Gas|Water|Electricity,Corner lot,No Slope,RNH 20,Proximity to School,Apartment,Contemporary,5,4,1960,2006,Gable,Rolled Roofing,Wood Shingle,Concrete Panels,67.0,3,3,Combined footing,3.0,No Sunlight,Foamax,1134,Furnace,5,Yes,NM Cable,1803,0,1803,2,0,3,1,3,8,1,TA,Attached,Wood Sheathing,2,484,3,Paved,0,0,0,0,Composite Fences,1,2006,Down payment assistance,Regular,128656.0,N,Y,2021-11-15,58539361,"Mitschkeallee 09
39435 Bad Brückenau",Waldmünchen,Dominikanische Republik,gescheneureuther@yahoo.de,M,Rheinland-Pfalz,85082,75.0,2021-03-02,2.9,2021-03-02,2.9
1042,VacHomeClass-6,VacHomeZone-1,,9130,Cobblestone,Gravel,Pie,Flat,Trash|Gas|Water|Electricity,Interior lot,No Slope,RNH 17,Proximity to Hospital,Apartment,Bungalow,6,8,1969,2002,Sawtooth,Rolled Roofing,Horizontal Wood,Natural Stone,252.0,3,3,Combined footing,3.0,No Sunlight,ZenWall Panels,800,Furnace,4,Yes,NM Cable,800,832,1632,1,1,4,1,4,7,0,,Attached,Metal Panels,2,484,3,Paved,0,0,0,0,No Fence,7,2008,Down payment assistance,Regular,143596.0,Y,N,2021-04-17,18884470,"Klaus-Ulrich-Hofmann-Straße 8/6
99141 Nürtingen",Ueckermünde,Usbekistan,bruno37@bien.de,Unknown,Sachsen,83452,42.0,2021-06-16,3.3,2021-06-16,3.3
1043,VacHomeClass-12,VacHomeZone-1,34.0,5381,Cobblestone,Gravel,Reverse Pie,Flat,Trash|Gas|Water|Electricity,Interior lot,No Slope,RNH 16,Proximity to School,MultiFamilyHome,Contemporary,6,5,2008,2012,Gable,Rolled Roofing,Board Batten,Manmade Panels,135.0,4,3,Individual footing,4.0,Large Windows,BrightWall Paneling,1306,Furnace,5,Yes,NM Cable,1306,0,1306,2,0,1,1,4,5,1,Gd,Attached,Wood Sheathing,2,624,3,Paved,170,0,0,0,No Fence,8,2009,Down payment assistance,Regular,162686.0,N,N,2021-05-10,28025986,"Tintzmanngasse 6/1
29553 Sonneberg",Geithain,Malta,gnatzelfriede@doerr.net,F,Thüringen,82966,21.0,2021-02-15,2.2,2021-02-15,2.2
1044,VacHomeClass-6,VacHomeZone-1,86.0,11839,Cobblestone,Gravel,Pie,Flat,Trash|Gas|Water|Electricity,Interior lot,No Slope,RNH 21,Proximity to School,Apartment,Bungalow,7,5,1994,1996,Sawtooth,Rolled Roofing,Horizontal Wood,Natural Stone,99.0,3,3,Individual footing,4.0,No Sunlight,ZenWall Panels,1475,Furnace,5,Yes,NM Cable,1532,797,2329,2,1,4,1,4,10,1,Ex,Attached,Metal Panels,2,514,3,Paved,192,0,0,0,No Fence,5,2008,Down payment assistance,Regular,217698.4,N,N,2021-10-26,62238724,"Flantzgasse 161
20373 Hainichen",Döbeln,Kongo,ytrueb@gmx.de,F,Brandenburg,732,84.0,2021-06-21,4.2,2021-06-21,4.2
1045,VacHomeClass-1,VacHomeZone-1,80.0,9600,Cobblestone,Gravel,Pie,Flat,Trash|Gas|Water|Electricity,Interior lot,No Slope,RNH 17,Proximity to Park,Apartment,Contemporary,8,5,1983,1983,Sawtooth,Built-Up Roofing,Vertical Wood,Manmade Stone,0.0,4,3,Individual footing,4.0,No Sunlight,BrightWall Paneling,2524,Furnace,3,Yes,NM Cable,2524,0,2524,2,1,4,1,4,9,1,Gd,Attached,DryWall,2,542,3,Paved,474,0,0,0,Vinyl Fences,7,2009,Down payment assistance,Regular,230746.0,N,Y,2021-02-20,64164335,"Reinhild-Haering-Straße 3
02752 Kleve",Wunsiedel,Tansania,gerhardt46@knappe.com,Unknown,Thüringen,37481,48.0,2021-11-22,1.4,2021-11-22,1.4
1046,VacHomeClass-1,VacHomeZone-1,,13680,Cobblestone,Gravel,Reverse Pie,Flat,Trash|Gas|Water|Electricity,Cul-de-sac,No Slope,RNH 8,Proximity to School,Apartment,Contemporary,3,5,1960,1958,Sawtooth,Rolled Roofing,Vertical Wood,Manmade Stone,0.0,3,3,Pile foundation,,,,0,Furnace,5,Yes,Underground Feeder Cable,1733,0,1733,2,0,4,1,3,8,1,Gd,Attached,Metal Panels,2,452,3,Paved,0,0,0,0,No Fence,6,2009,Down payment assistance,Regular,115874.0,Y,Y,2021-08-13,42199007,"Margaretha-Hövel-Straße 6
35399 Hainichen",Norden,Bahrain,korbiniangrein-groth@web.de,Unknown,Schleswig-Holstein,53234,81.0,2021-10-19,4.9,2021-10-19,4.9
1047,VacHomeClass-6,VacHomeZone-1,85.0,16056,Cobblestone,Gravel,Reverse Pie,Flat,Trash|Gas|Water|Electricity,Interior lot,No Slope,RNH 23,Proximity to School,Apartment,Bungalow,9,5,2007,2013,Sawtooth,Rolled Roofing,Metal,Manmade Panels,208.0,4,3,Individual footing,5.0,Large Windows,ZenWall Panels,1992,Furnace,5,Yes,NM Cable,1992,876,2868,3,1,4,1,5,11,1,Gd,Breezeway,DryWall,3,716,3,Paved,214,0,0,0,No Fence,7,2006,Government-backed programs,Distress Sale,461968.23,Y,Y,2021-10-21,29506682,"Erna-Benthin-Ring 6/7
49220 Suhl",Neunburg vorm Wald,Pitcairn,lars92@bloch.org,F,Saarland,25098,4.0,2021-02-03,3.1,2021-02-03,3.1
1048,VacHomeClass-1,VacHomeZone-1,57.0,9245,Cobblestone,Gravel,Rectangular,Flat,Trash|Gas|Water|Electricity,Interior lot,No Slope,RNH 6,Proximity to School,Apartment,Contemporary,5,5,1999,2001,Gable,Rolled Roofing,Board Batten,Manmade Stone,0.0,3,3,Individual footing,4.0,No Sunlight,ZenWall Panels,990,Furnace,5,Yes,NM Cable,990,0,990,1,0,3,1,3,5,0,,Detached,Metal Panels,2,672,3,Paved,0,0,0,0,No Fence,2,2008,Down payment assistance,Regular,120356.0,N,N,2021-10-17,81253333,"Edward-Bien-Weg 1/0
04785 Brand",Gelnhausen,Turks- und Caicosinseln,claus-dieter85@googlemail.com,M,Mecklenburg-Vorpommern,53217,18.0,2021-02-09,4.3,2021-02-09,4.3
1049,VacHomeClass-1,VacHomeZone-1,100.0,21750,Cobblestone,Gravel,Pie,Flat,Trash|Gas|Water|Electricity,Interior lot,No Slope,RNH 12,Proximity to School,Apartment,Contemporary,5,4,1962,2013,Sawtooth,Rolled Roofing,Horizontal Wood,Natural Stone,75.0,3,2,Pile foundation,,,,0,Furnace,3,Yes,NM Cable,1771,0,1771,1,0,3,1,3,9,1,TA,Attached,Metal Panels,2,336,3,Paved,0,0,0,0,Composite Fences,11,2009,Down payment assistance,Regular,95456.0,N,Y,2021-01-20,2523347,"Thies-Warmer-Straße 15
78742 Geldern",Badoberan,Paraguay,kreuselnicolai@web.de,F,Hamburg,29952,23.0,2021-07-22,1.0,2021-07-22,1.0
1050,VacHomeClass-1,VacHomeZone-1,60.0,11100,Cobblestone,Gravel,Pie,Low Level,Trash|Gas|Water|Electricity,Interior lot,No Slope,RNH 8,Proximity to School,Apartment,Contemporary,4,7,1951,2012,Gable,Rolled Roofing,Log Wood,Manmade Stone,0.0,3,3,Combined footing,,,,0,Furnace,5,Yes,NM Cable,930,0,930,1,0,2,1,4,6,0,,Detached,Metal Panels,1,308,3,Paved,0,0,0,0,No Fence,4,2010,Down payment assistance,Shortsale,70473.0,Y,N,2021-09-26,56316278,"Cora-Briemer-Ring 8
95235 Prenzlau",Wanzleben,Tokelau,hans-dietrichjungfer@gmail.com,Unknown,Hessen,3552,80.0,2021-12-01,1.7,2021-12-01,1.7
1051,VacHomeClass-1,VacHomeZone-1,73.0,8993,Cobblestone,Gravel,Reverse Pie,Flat,Trash|Gas|Water|Electricity,Interior lot,No Slope,RNH 9,Proximity to School,Apartment,Contemporary,7,5,2008,2014,Gable,Rolled Roofing,Board Batten,Manmade Stone,0.0,4,3,Individual footing,4.0,Large Windows,Dry Wall,1302,Furnace,5,Yes,NM Cable,1302,0,1302,2,0,3,1,4,6,0,,Attached,DryWall,2,436,3,Paved,0,0,0,0,No Fence,8,2007,Government-backed programs,Distress Sale,146488.55,Y,Y,2021-07-15,14551581,"Mülichenweg 3/1
23939 Rehau",Steinfurt,Kolumbien,tadeuszmaelzer@gmx.de,Unknown,Niedersachsen,2149,88.0,2021-11-16,3.9,2021-11-16,3.9
1052,VacHomeClass-1,VacHomeZone-1,103.0,11175,Cobblestone,Gravel,Reverse Pie,Flat,Trash|Gas|Water|Electricity,Corner lot,No Slope,RNH 6,Proximity to School,Apartment,Contemporary,7,5,2010,2015,Gable,Rolled Roofing,Board Batten,Manmade Stone,0.0,4,3,Individual footing,4.0,Large Windows,Dry Wall,1316,Furnace,5,Yes,NM Cable,1316,0,1316,2,0,3,1,4,6,1,Gd,Attached,DryWall,2,440,3,Paved,0,0,0,0,No Fence,10,2007,Government-backed programs,Distress Sale,166123.03,N,Y,2021-06-16,28227151,"Edith-Bärer-Straße 71
65518 Herford",Torgau,Britische Jungferninseln,thies70@web.de,Unknown,Berlin,40605,6.0,2021-04-10,4.2,2021-04-10,4.2
1053,VacHomeClass-6,VacHomeZone-1,100.0,9500,Cobblestone,Gravel,Pie,Flat,Trash|Gas|Water|Electricity,Corner lot,No Slope,NAmes,Proximity to Gym,Apartment,Bungalow,6,6,1966,1987,Gable,Rolled Roofing,Board Batten,Concrete Panels,272.0,3,3,Combined footing,3.0,No Sunlight,Foamax,816,Furnace,3,Yes,NM Cable,1127,850,1977,1,1,4,1,3,9,1,TA,Attached,Wood Sheathing,2,540,3,Paved,0,0,0,0,Composite Fences,6,2007,Down payment assistance,Regular,136956.0,Y,Y,2021-10-23,63662382,"Wesackallee 4
06020 Wolgast",Dinkelsbühl,Marokko,aleksejharloff@striebitz.org,M,Mecklenburg-Vorpommern,89747,26.0,2021-04-03,1.9,2021-04-03,1.9
1054,VacHomeClass-1,VacHomeZone-1,68.0,8562,Cobblestone,Gravel,Pie,Flat,Trash|Gas|Water|Electricity,Interior lot,Little Slope,RNH 8,Proximity to School,Apartment,Contemporary,5,6,1962,2006,Sawtooth,Rolled Roofing,Horizontal Wood,Manmade Panels,145.0,3,3,Combined footing,3.0,Large Windows,Foamax,1216,Furnace,5,Yes,Underground Feeder Cable,1526,0,1526,1,0,4,1,3,7,1,Gd,Barns,Metal Panels,1,364,3,Paved,116,0,0,0,No Fence,5,2010,Down payment assistance,Regular,119941.0,N,Y,2021-06-29,69785559,"Blochgasse 7
81331 Bad Mergentheim",Saulgau,St. Lucia,kazimpechel@hotmail.de,Unknown,Baden-Württemberg,66414,28.0,2021-10-10,2.7,2021-10-10,2.7
1055,VacHomeClass-6,VacHomeZone-1,90.0,11367,Cobblestone,Gravel,Pie,Flat,Trash|Gas|Water|Electricity,Corner lot,No Slope,RNH 6,Proximity to School,Apartment,Bungalow,8,5,2005,2006,Gable,Rolled Roofing,Board Batten,Natural Stone,210.0,4,3,Individual footing,4.0,Small Windows,ZenWall Panels,1065,Furnace,5,Yes,NM Cable,1091,898,1989,2,1,3,1,4,7,1,Gd,Attached,DryWall,2,586,3,Paved,199,0,0,0,No Fence,11,2006,Down payment assistance,Regular,211656.0,N,Y,2021-10-10,83745966,"Scheibeplatz 048
06318 Büsingen am Hochrhein",Schongau,Schweiz,rosmarie90@hiller.de,Unknown,Mecklenburg-Vorpommern,44232,87.0,2021-09-10,2.0,2021-09-10,2.0
1056,VacHomeClass-1,VacHomeZone-1,104.0,11361,Cobblestone,Gravel,Pie,Flat,Trash|Gas|Water|Electricity,Interior lot,No Slope,RNH 17,Proximity to School,Apartment,Contemporary,6,5,1979,1982,Gable,Rolled Roofing,Brick,Natural Stone,160.0,3,3,Combined footing,4.0,No Sunlight,BrightWall Paneling,1193,Furnace,3,Yes,NM Cable,1523,0,1523,2,0,3,1,3,7,1,TA,Attached,DryWall,2,478,3,Paved,0,0,0,0,Vinyl Fences,5,2008,Reverse Mortgage,Shortsale,149406.0,N,Y,2021-12-25,83290077,"Ilse-Mentzel-Allee 7/8
00343 Halberstadt",Grimma,Kambodscha,centa65@stolze.com,Unknown,Sachsen,72099,91.0,2021-03-29,2.9,2021-03-29,2.9
1057,VacHomeClass-12,VacHomeZone-1,43.0,7052,Cobblestone,Gravel,Reverse Pie,Flat,Trash|Gas|Water|Electricity,Interior lot,No Slope,RNH 16,Proximity to School,SingleFamilyHome,Contemporary,7,5,2006,2010,Gable,Rolled Roofing,Board Batten,Manmade Panels,240.0,4,3,Individual footing,4.0,Large Windows,ZenWall Panels,1364,Furnace,5,Yes,NM Cable,1364,0,1364,2,0,2,1,4,6,1,Gd,Attached,Wood Sheathing,2,484,3,Paved,192,0,0,0,No Fence,6,2006,Down payment assistance,Regular,154261.5,N,N,2021-11-23,73643876,"Sylvia-Langern-Gasse 4/4
86713 Herford",Norden,Turks- und Caicosinseln,imrerudolph@gmx.de,F,Thüringen,23998,2.0,2021-09-20,2.2,2021-09-20,2.2
1058,VacHomeClass-6,VacHomeZone-1,,29959,Cobblestone,Gravel,Rectangular,Flat,Trash|Gas|Water|Electricity,T-intersection,No Slope,RNH 14,Proximity to School,Apartment,Bungalow,7,6,1996,2004,Gable,Rolled Roofing,Horizontal Wood,Manmade Stone,0.0,4,3,Individual footing,4.0,No Sunlight,ZenWall Panels,973,Furnace,5,Yes,NM Cable,979,871,1850,2,1,3,1,4,7,1,Gd,Breezeway,DryWall,2,467,3,Paved,168,0,0,0,No Fence,1,2009,Down payment assistance,Regular,205846.0,N,N,2021-05-24,28914501,"Barkholzallee 9
25750 Roding",Jüterbog,Bhutan,margarethe17@hotmail.de,M,Saarland,23432,6.0,2021-11-26,2.1,2021-11-26,2.1
1059,VacHomeClass-6,VacHomeZone-1,96.0,11308,Cobblestone,Gravel,Reverse Pie,Flat,Trash|Gas|Water|Electricity,Interior lot,No Slope,RNH 16,Proximity to School,Apartment,Bungalow,9,5,2009,2014,Gable,Rolled Roofing,Board Batten,Manmade Panels,154.0,5,3,Individual footing,5.0,Large Windows,ZenWall Panels,1104,Furnace,5,Yes,NM Cable,1130,1054,2184,2,1,3,1,5,10,1,Gd,Attached,DryWall,3,836,3,Paved,0,0,0,0,No Fence,7,2009,Down payment assistance,Regular,278056.0,N,Y,2021-09-06,72025246,"Briemerstraße 4/8
17475 Schwäbisch Gmünd",Bamberg,St. Barthélemy,mwagenknecht@web.de,F,Bayern,47821,35.0,2021-02-11,3.1,2021-02-11,3.1
1060,VacHomeClass-5,VacHomeZone-1,,11275,Cobblestone,Gravel,Reverse Pie,High Level,Trash|Gas|Water|Electricity,Corner lot,Little Slope,RNH 7,Proximity to School,Apartment,Craftsman,6,7,1937,1958,Gable,Rolled Roofing,Log Wood,Natural Stone,480.0,3,3,Combined footing,3.0,Small Windows,Foamax,854,Furnace,3,Yes,NM Cable,1096,895,1991,1,1,3,1,3,7,1,Gd,Detached,Metal Panels,2,432,3,Paved,0,0,0,0,No Fence,3,2007,Down payment assistance,Regular,182606.0,N,N,2021-10-22,80184553,"Stahrallee 7/6
26405 Jülich",Neustadtner Waldnaab,Jordanien,benjamin78@wernecke.de,M,Hamburg,77134,20.0,2021-04-15,4.9,2021-04-15,4.9
1061,VacHomeClass-12,VacHomeZone-1,41.0,4920,Cobblestone,Gravel,Pie,Flat,Trash|Gas|Water|Electricity,Interior lot,No Slope,RNH 23,Proximity to School,SingleFamilyHome,Contemporary,8,5,2002,2007,Gable,Rolled Roofing,Metal,Manmade Stone,0.0,4,3,Individual footing,4.0,Small Windows,ZenWall Panels,1338,Furnace,5,Yes,NM Cable,1338,0,1338,2,0,2,1,4,6,0,,Attached,DryWall,2,582,3,Paved,0,0,0,0,No Fence,4,2010,Down payment assistance,Regular,177211.0,Y,Y,2021-08-31,66662204,"Hörlegasse 05
72627 Rostock",Plauen,Bermuda,kasimir59@gmail.com,Unknown,Sachsen-Anhalt,68234,98.0,2021-10-30,3.9,2021-10-30,3.9
1062,VacHomeClass-2,VacHomeZone-3,120.0,18000,Concrete,Gravel,Pie,Low Level,Trash|Gas|Water|Electricity,Interior lot,No Slope,RNH 10,Proximity to School,Apartment,Contemporary,3,4,1940,1956,Gable,Rolled Roofing,Log Wood,Manmade Stone,0.0,2,3,Combined footing,3.0,No Sunlight,Dry Wall,894,Furnace,3,Yes,NM Cable,894,0,894,1,0,2,1,3,6,0,,Detached,Wood Sheathing,3,1248,3,Paved,0,0,0,0,No Fence,8,2008,Rent-to-own,Regular,67236.0,N,N,2021-06-25,48632928,"Bienplatz 4/8
47800 Holzminden",Worbis,Sudan,carlo26@googlemail.com,F,Berlin,63051,72.0,2021-06-13,1.1,2021-06-13,1.1
1063,VacHomeClass-15,VacHomeZone-2,85.0,13600,Cobblestone,Concrete,Pie,Flat,Trash|Gas|Water|Electricity,Interior lot,No Slope,RNH 18,Proximity to School,Condo,Bungalow,5,5,1903,1958,Gable,Rolled Roofing,Wood Shingle,Manmade Stone,0.0,3,3,Strip foundation,3.0,No Sunlight,Dry Wall,662,Furnace,3,No,NM Cable,1422,915,2337,2,0,5,2,3,10,0,,Detached,Metal Panels,2,560,3,Paved,0,0,0,0,No Fence,9,2007,Down payment assistance,Regular,74706.0,Y,Y,2021-03-09,29048670,"Heinz-Peter-Röhrdanz-Allee 1
85200 Leipziger Land",Darmstadt,Swasiland,qwalter@rohleder.com,M,Hessen,36883,14.0,2021-02-24,4.0,2021-02-24,4.0
1064,VacHomeClass-2,VacHomeZone-2,50.0,6000,Cobblestone,Gravel,Pie,Flat,Trash|Gas|Water|Electricity,Interior lot,No Slope,RNH 18,Proximity to Gym,Apartment,Contemporary,6,6,1927,1982,Gable,Rolled Roofing,Log Wood,Manmade Stone,0.0,3,4,Strip foundation,3.0,No Sunlight,CleanSpace Wall System,1103,Furnace,4,Yes,NM Cable,1103,0,1103,1,0,2,1,4,5,1,Gd,Detached,Metal Panels,2,440,3,Paved,166,0,0,0,Vinyl Fences,7,2006,Down payment assistance,Regular,91721.0,Y,Y,2021-07-30,78945425,"Bärbel-Kramer-Straße 84
75689 Bad Langensalza",Emmendingen,Guam,hjunken@hotmail.de,M,Bremen,69689,47.0,2021-05-15,3.4,2021-05-15,3.4
1065,VacHomeClass-1,VacHomeZone-1,,11000,Cobblestone,Gravel,Reverse Pie,Flat,Trash|Gas|Water|Electricity,Cul-de-sac,No Slope,NAmes,Proximity to School,Apartment,Contemporary,5,6,1971,1975,Gable,Rolled Roofing,Brick,Natural Stone,200.0,3,3,Combined footing,3.0,Small Windows,CleanSpace Wall System,1154,Furnace,5,Yes,NM Cable,1154,0,1154,1,1,3,1,3,6,1,Po,Attached,Wood Sheathing,2,480,3,Paved,0,0,0,0,Vinyl Fences,11,2009,Down payment assistance,Regular,127826.0,N,N,2021-04-09,63508901,"Charlotte-Mende-Gasse 093
07811 Pirmasens",Staßfurt,Andorra,ttschentscher@hentschel.de,F,Thüringen,10119,83.0,2021-09-05,4.6,2021-09-05,4.6
1066,VacHomeClass-6,VacHomeZone-1,80.0,14000,Cobblestone,Gravel,Pie,Flat,Trash|Gas|Water|Electricity,Interior lot,Little Slope,RNH 5,Proximity to School,Apartment,Bungalow,7,5,1997,2003,Gable,Rolled Roofing,Wood Shingle,Manmade Stone,0.0,4,3,Individual footing,5.0,French Doors,ZenWall Panels,1306,Furnace,5,Yes,NM Cable,1306,954,2260,2,1,3,1,4,7,0,,Attached,Wood Sheathing,2,533,3,Paved,296,0,0,0,No Fence,4,2010,Down payment assistance,Regular,272246.0,N,Y,2021-01-16,19566832,"Heino-Putz-Allee 468
95190 Bitterfeld",Rathenow,Türkei,gerdi56@schuster.org,Unknown,Berlin,75268,72.0,2021-12-18,1.4,2021-12-18,1.4
1067,VacHomeClass-6,VacHomeZone-1,59.0,7837,Cobblestone,Gravel,Reverse Pie,Flat,Trash|Gas|Water|Electricity,Interior lot,No Slope,RNH 9,Proximity to School,Apartment,Bungalow,6,7,1995,2001,Gable,Rolled Roofing,Board Batten,Manmade Stone,0.0,4,3,Individual footing,4.0,No Sunlight,Dry Wall,799,Furnace,4,Yes,NM Cable,799,772,1571,2,1,3,1,3,7,1,TA,Attached,Wood Sheathing,2,380,3,Paved,0,0,0,0,No Fence,5,2009,Down payment assistance,Regular,147746.0,Y,N,2021-07-01,43081325,"Annelies-Neuschäfer-Platz 698
80401 Hainichen",Rockenhausen,Malaysia,friedemannschmiedecke@web.de,Unknown,Mecklenburg-Vorpommern,18035,7.0,2021-09-11,2.3,2021-09-11,2.3
1068,VacHomeClass-6,VacHomeZone-1,80.0,9760,Cobblestone,Gravel,Pie,Flat,Trash|Gas|Water|Electricity,Interior lot,Little Slope,NAmes,Proximity to School,Apartment,Bungalow,6,6,1969,1968,Gable,Rolled Roofing,Horizontal Wood,Natural Stone,360.0,3,3,Combined footing,3.0,French Doors,ZenWall Panels,780,Furnace,3,Yes,NM Cable,798,813,1611,1,1,4,1,3,7,0,,Attached,Wood Sheathing,2,442,3,Paved,328,0,0,0,No Fence,6,2008,Down payment assistance,Regular,139363.0,Y,N,2021-10-18,62533980,"Franziska-Klingelhöfer-Weg 07
24375 Kelheim",Tübingen,Bahrain,soedingrotraud@klingelhoefer.com,M,Rheinland-Pfalz,81193,32.0,2021-10-29,1.9,2021-10-29,1.9
1069,VacHomeClass-13,VacHomeZone-2,42.0,3964,Cobblestone,Gravel,Pie,Flat,Trash|Gas|Water|Electricity,Interior lot,No Slope,RNH 11,Proximity to School,SingleFamilyHome,Bungalow,6,4,1977,1979,Gable,Rolled Roofing,Metal,Manmade Stone,0.0,3,3,Combined footing,4.0,No Sunlight,BrightWall Paneling,942,Furnace,4,Yes,NM Cable,1291,1230,2521,2,1,5,1,3,10,1,Gd,Attached,DryWall,2,576,3,Paved,728,0,0,0,Composite Fences,6,2006,Down payment assistance,Regular,125668.0,N,Y,2021-07-21,86627931,"Adolphring 7
77444 Malchin",Eichstätt,Honduras,rico45@rogner.com,F,Sachsen-Anhalt,85038,70.0,2021-10-07,2.3,2021-10-07,2.3
1070,VacHomeClass-4,VacHomeZone-1,60.0,9600,Cobblestone,Gravel,Pie,Flat,Trash|Gas|Water|Electricity,Interior lot,No Slope,NAmes,Proximity to School,Apartment,Colonial,5,7,1950,2010,Gable,Rolled Roofing,Log Wood,Manmade Stone,0.0,3,3,Combined footing,3.0,No Sunlight,BrightWall Paneling,845,Furnace,3,Yes,NM Cable,893,0,893,1,0,2,1,4,4,0,,Detached,Metal Panels,2,576,3,Paved,0,0,0,0,No Fence,5,2007,Down payment assistance,Regular,112056.0,Y,Y,2021-08-31,70551013,"Wolfhard-Liebelt-Weg 6
70814 Mellrichstadt",Bad Kissingen,Guernsey,ingelore46@hotmail.de,Unknown,Hessen,97366,37.0,2021-12-05,2.7,2021-12-05,2.7
1071,VacHomeClass-1,VacHomeZone-1,72.0,10152,Cobblestone,Gravel,Pie,Flat,Trash|Gas|Water|Electricity,Interior lot,No Slope,NAmes,Proximity to School,Apartment,Contemporary,5,5,1959,1966,Sawtooth,Rolled Roofing,Log Wood,Natural Stone,120.0,3,3,Combined footing,3.0,No Sunlight,CleanSpace Wall System,1048,Furnace,3,Yes,NM Cable,1048,0,1048,1,0,3,1,3,6,0,,Attached,Metal Panels,1,286,3,Paved,0,0,0,0,No Fence,6,2007,Down payment assistance,Regular,112056.0,Y,N,2021-06-12,36328215,"Lindnerplatz 03
66559 Miltenberg",Schwandorf,Botsuana,rafael03@warmer.com,F,Sachsen-Anhalt,42442,57.0,2021-05-05,1.4,2021-05-05,1.4
1072,VacHomeClass-6,VacHomeZone-1,78.0,11700,Cobblestone,Gravel,Pie,Flat,Trash|Gas|Water|Electricity,Interior lot,No Slope,RNH 17,Proximity to Restaurants,Apartment,Bungalow,6,6,1973,1974,Gable,Rolled Roofing,Log Wood,Manmade Stone,0.0,3,3,Combined footing,3.0,No Sunlight,Foamax,727,Furnace,5,Yes,NM Cable,829,727,1556,1,1,4,1,3,8,0,,Attached,Metal Panels,2,441,3,Paved,0,0,0,0,No Fence,5,2009,Down payment assistance,Regular,127826.0,Y,Y,2021-12-05,58600740,"Meike-Zirme-Straße 4
56462 Hammelburg",Bad Langensalza,Kolumbien,nicolausmaelzer@web.de,M,Sachsen-Anhalt,88284,47.0,2021-06-13,2.5,2021-06-13,2.5
1073,VacHomeClass-5,VacHomeZone-1,50.0,7585,Cobblestone,Gravel,Pie,Flat,Trash|Gas|Water|Electricity,Interior lot,No Slope,RNH 8,Proximity to Gym,Apartment,Craftsman,5,3,1949,1957,Gable,Rolled Roofing,Log Wood,Manmade Stone,0.0,3,3,Combined footing,2.0,Small Windows,Dry Wall,810,Furnace,2,Yes,Underground Feeder Cable,1002,454,1456,1,0,4,1,3,7,1,TA,Detached,Metal Panels,1,280,3,Partially Gravel,0,0,0,0,No Fence,8,2006,Down payment assistance,Regular,75951.0,Y,N,2021-09-17,6254254,"Weinholdallee 2
77690 Passau",Ueckermünde,Bhutan,heinrichphilippe@junck.de,Unknown,Brandenburg,9937,76.0,2021-10-05,4.3,2021-10-05,4.3
1074,VacHomeClass-6,VacHomeZone-1,75.0,7950,Cobblestone,Gravel,Reverse Pie,Slope,Trash|Gas|Water|Electricity,Corner lot,No Slope,RNH 8,Proximity to School,Apartment,Bungalow,6,6,1978,1982,Sawtooth,Rolled Roofing,Horizontal Wood,Natural Stone,140.0,3,3,Combined footing,3.0,No Sunlight,CleanSpace Wall System,690,Furnace,3,Yes,NM Cable,698,728,1426,1,1,3,1,3,6,0,,Attached,DryWall,2,440,3,Paved,252,0,0,0,Vinyl Fences,7,2009,Down payment assistance,Regular,132391.0,N,Y,2021-08-27,31715539,"Harald-Fritsch-Ring 333
27996 Artern",Forst,Guinea-Bissau,burghard15@googlemail.com,Unknown,Berlin,54114,86.0,2021-04-26,1.7,2021-04-26,1.7
1075,VacHomeClass-1,VacHomeZone-1,74.0,8556,Cobblestone,Gravel,Pie,Flat,Trash|Gas|Water|Electricity,Interior lot,No Slope,RNH 6,Proximity to School,Apartment,Contemporary,7,5,2007,2012,Gable,Rolled Roofing,Board Batten,Manmade Stone,0.0,4,3,Individual footing,4.0,Large Windows,Dry Wall,1240,Furnace,5,Yes,NM Cable,1240,0,1240,2,0,2,1,4,5,0,,Attached,Wood Sheathing,3,826,3,Paved,140,0,0,0,No Fence,5,2007,Down payment assistance,Regular,161026.0,N,Y,2021-06-08,27143261,"Theodor-Kroker-Ring 466
05871 Viersen",Strasburg,Island,llindner@yahoo.de,F,Hessen,91550,66.0,2021-09-10,3.3,2021-09-10,3.3
1076,VacHomeClass-7,VacHomeZone-1,75.0,13125,Cobblestone,Gravel,Pie,Flat,Trash|Gas|Water|Electricity,Interior lot,No Slope,RNH 7,Proximity to School,Apartment,Bungalow,7,6,1945,1990,Gable,Rolled Roofing,Wood Shingle,Manmade Stone,0.0,3,3,Combined footing,3.0,No Sunlight,CleanSpace Wall System,800,Furnace,3,Yes,NM Cable,960,780,1740,1,1,3,1,3,6,2,Gd,Attached,Metal Panels,1,240,3,Paved,0,0,0,0,No Fence,7,2007,Adjustable Rates,Regular,182191.0,N,Y,2021-07-02,12562848,"Striebitzstr. 2/9
89593 Hildesheim",Hagenow,Haiti,sergio95@aol.de,F,Brandenburg,36148,38.0,2021-11-08,3.4,2021-11-08,3.4
1077,VacHomeClass-5,VacHomeZone-1,60.0,10800,Cobblestone,Concrete,Pie,Flat,Trash|Gas|Water|Electricity,Interior lot,No Slope,RNH 18,Proximity to School,Apartment,Craftsman,5,8,1939,1995,Gable,Rolled Roofing,Wood Shingle,Manmade Stone,0.0,3,3,Combined footing,2.0,No Sunlight,BrightWall Paneling,796,Furnace,4,Yes,NM Cable,1096,370,1466,2,0,3,1,4,7,1,TA,Attached,Metal Panels,2,566,3,Paved,436,0,0,0,No Fence,4,2006,Down payment assistance,Regular,141106.0,Y,N,2021-05-26,16780408,"Gumprichgasse 1/5
04125 Uffenheim",Erkelenz,Aserbaidschan,maricaloeffler@googlemail.com,F,Thüringen,87863,53.0,2021-02-02,3.2,2021-02-02,3.2
1078,VacHomeClass-1,VacHomeZone-1,,15870,Cobblestone,Gravel,Reverse Pie,Flat,Trash|Gas|Water|Electricity,Corner lot,No Slope,NAmes,Proximity to School,Apartment,Contemporary,5,5,1971,1976,Gable,Rolled Roofing,Board Batten,Manmade Stone,0.0,3,3,Combined footing,3.0,Small Windows,CleanSpace Wall System,1096,Furnace,5,Yes,NM Cable,1096,0,1096,1,0,3,1,3,6,0,,Attached,DryWall,1,299,3,Paved,240,0,0,0,No Fence,3,2006,Down payment assistance,Shortsale,115210.0,Y,Y,2021-06-24,6128678,"Edward-Otto-Platz 69
88422 Grevesmühlen",Brand,Zentralafrikanische Republik,gabi39@schuchhardt.com,F,Rheinland-Pfalz,40982,60.0,2021-06-24,1.6,2021-06-24,1.6
1079,VacHomeClass-12,VacHomeZone-2,37.0,4435,Cobblestone,Gravel,Pie,Flat,Trash|Gas|Water|Electricity,Interior lot,No Slope,RNH 6,Proximity to School,SingleFamilyHome,Contemporary,6,5,2007,2013,Gable,Rolled Roofing,Board Batten,Natural Stone,169.0,4,3,Individual footing,4.0,Small Windows,ZenWall Panels,848,Furnace,5,Yes,NM Cable,848,0,848,1,0,1,1,4,3,1,Gd,Attached,Wood Sheathing,2,420,3,Paved,140,0,0,0,No Fence,5,2006,Down payment assistance,Regular,129403.0,N,Y,2021-09-07,58774250,"Semra-Warmer-Straße 8/5
35901 Neubrandenburg",Badoberan,Uganda,hethurerdogan@ladeck.org,M,Mecklenburg-Vorpommern,16611,6.0,2021-09-07,4.0,2021-09-07,4.0
1080,VacHomeClass-1,VacHomeZone-1,65.0,8775,Cobblestone,Gravel,Pie,Flat,Trash|Gas|Water|Electricity,Interior lot,No Slope,RNH 6,Proximity to School,Apartment,Contemporary,5,5,1997,1999,Gable,Rolled Roofing,Board Batten,Manmade Stone,0.0,3,3,Individual footing,4.0,No Sunlight,ZenWall Panels,990,Furnace,4,Yes,NM Cable,990,0,990,1,0,3,1,3,5,0,,Attached,Metal Panels,1,299,3,Paved,0,0,0,0,No Fence,4,2007,Down payment assistance,Regular,104586.0,Y,N,2021-03-20,3974124,"Julie-Säuberlich-Ring 7/6
21058 Amberg",Badoberan,Kambodscha,adem55@holsten.de,Unknown,Bremen,82602,73.0,2021-09-03,3.8,2021-09-03,3.8
1081,VacHomeClass-1,VacHomeZone-1,80.0,11040,Cobblestone,Gravel,Pie,Flat,Trash|Gas|Water|Electricity,Interior lot,No Slope,RNH 17,Proximity to School,Apartment,Contemporary,6,7,1972,2010,Gable,Rolled Roofing,Board Batten,Natural Stone,144.0,4,4,Combined footing,3.0,No Sunlight,BrightWall Paneling,1258,Furnace,5,Yes,NM Cable,1258,0,1258,2,0,3,1,4,5,0,,Attached,Wood Sheathing,2,528,3,Paved,55,216,0,0,No Fence,10,2008,Reverse Mortgage,Shortsale,120356.0,Y,N,2021-08-18,90916793,"Sigfried-Preiß-Weg 86
53320 Stuttgart",Wetzlar,Kasachstan,alinagumprich@krein.de,Unknown,Niedersachsen,74851,70.0,2021-08-30,4.7,2021-08-30,4.7
1082,VacHomeClass-1,VacHomeZone-1,75.0,7500,Cobblestone,Gravel,Pie,Flat,Trash|Gas|Water|Electricity,Corner lot,No Slope,RNH 20,Proximity to Hospital,Apartment,Contemporary,5,5,1967,1967,Gable,Rolled Roofing,Horizontal Wood,Manmade Stone,0.0,3,3,Combined footing,3.0,No Sunlight,BrightWall Paneling,1040,Furnace,2,Yes,NM Cable,1040,0,1040,1,1,3,1,3,5,0,,Attached,DryWall,1,308,3,Paved,0,0,0,0,Vinyl Fences,6,2010,Down payment assistance,Regular,110396.0,Y,Y,2021-09-11,10358689,"Kallertplatz 959
13004 Neustadt am Rübenberge",Gütersloh,Afghanistan,gerardschleich@gute.com,Unknown,Nordrhein-Westfalen,62737,45.0,2021-08-26,2.2,2021-08-26,2.2
1083,VacHomeClass-1,VacHomeZone-1,70.0,8749,Cobblestone,Gravel,Pie,Flat,Trash|Gas|Water|Electricity,Interior lot,No Slope,RNH 6,Proximity to School,Apartment,Contemporary,7,5,2003,2006,Gable,Rolled Roofing,Board Batten,Natural Stone,100.0,4,3,Individual footing,4.0,No Sunlight,Dry Wall,1459,Furnace,5,Yes,NM Cable,1459,0,1459,2,0,3,1,4,6,1,Gd,Attached,Wood Sheathing,2,527,3,Paved,192,0,0,0,No Fence,9,2007,Down payment assistance,Regular,159366.0,Y,N,2021-07-03,167154,"Christophgasse 761
48711 Peine",Wolfach,Kambodscha,ehartung@aol.de,M,Schleswig-Holstein,3371,6.0,2021-11-22,1.4,2021-11-22,1.4
1084,VacHomeClass-1,VacHomeZone-1,80.0,8800,Cobblestone,Gravel,Pie,Flat,Trash|Gas|Water|Electricity,Interior lot,No Slope,NAmes,Proximity to School,Apartment,Contemporary,6,6,1967,1972,Sawtooth,Rolled Roofing,Horizontal Wood,Natural Stone,425.0,3,3,Combined footing,3.0,No Sunlight,CleanSpace Wall System,1251,Furnace,3,Yes,NM Cable,1251,0,1251,1,0,3,1,3,6,2,Gd,Attached,Wood Sheathing,1,461,3,Paved,0,0,0,0,Vinyl Fences,3,2006,Down payment assistance,Regular,132806.0,N,Y,2021-11-12,34028001,"Recep-Ditschlerin-Platz 3
66402 Halberstadt",Reutlingen,Deutschland,ingmarbolnbach@scholz.org,M,Bayern,53292,90.0,2021-02-11,4.4,2021-02-11,4.4
1085,VacHomeClass-6,VacHomeZone-1,,13031,Cobblestone,Gravel,Rectangular,Flat,Trash|Gas|Water|Electricity,Corner lot,No Slope,RNH 9,Proximity to School,Apartment,Bungalow,6,5,1997,2004,Gable,Rolled Roofing,Horizontal Wood,Manmade Stone,0.0,3,3,Individual footing,4.0,No Sunlight,BrightWall Paneling,691,Furnace,4,Yes,NM Cable,691,807,1498,2,1,3,1,3,6,1,TA,Attached,DryWall,2,409,3,Paved,315,0,0,0,No Fence,7,2006,Down payment assistance,Regular,155631.0,Y,Y,2021-07-12,20017620,"Elma-Holt-Gasse 961
66865 Beilngries",Badoberan,Norwegen,konstantinosschottin@aol.de,F,Sachsen-Anhalt,97997,2.0,2021-03-18,4.7,2021-03-18,4.7
1086,VacHomeClass-10,VacHomeZone-1,73.0,9069,Cobblestone,Gravel,Pie,Flat,Trash|Gas|Water|Electricity,Interior lot,No Slope,RNH 21,Proximity to School,Apartment,Georgian,6,6,1994,1995,Gable,Rolled Roofing,Horizontal Wood,Manmade Stone,0.0,3,3,Individual footing,4.0,Large Windows,ZenWall Panels,936,Furnace,5,Yes,NM Cable,996,0,996,1,0,2,1,4,5,0,,Attached,Metal Panels,2,564,3,Paved,120,0,0,0,No Fence,4,2010,Down payment assistance,Regular,122016.0,Y,N,2021-06-10,10192276,"Claus-Müller-Allee 0/2
38163 Helmstedt",Mittweida,Osttimor,krebstatjana@hotmail.de,M,Rheinland-Pfalz,5165,59.0,2021-04-13,4.2,2021-04-13,4.2
1087,VacHomeClass-13,VacHomeZone-2,,1974,Cobblestone,Gravel,Pie,Flat,Trash|Gas|Water|Electricity,Interior lot,No Slope,RNH 11,Proximity to School,SingleFamilyHome,Bungalow,4,5,1974,1979,Gable,Rolled Roofing,Metal,Manmade Stone,0.0,3,3,Combined footing,3.0,No Sunlight,CleanSpace Wall System,546,Furnace,3,Yes,NM Cable,546,546,1092,1,1,3,1,3,6,0,,Attached,Wood Sheathing,1,286,3,Paved,120,0,0,0,No Fence,5,2010,Down payment assistance,Regular,69311.0,N,N,2021-09-08,13312961,"Sylvie-Mälzer-Straße 5/5
35860 Gütersloh",Stuttgart,Gibraltar,sbruder@kreusel.de,F,Nordrhein-Westfalen,79632,23.0,2021-08-25,4.4,2021-08-25,4.4
1088,VacHomeClass-6,VacHomeZone-5,85.0,10574,Cobblestone,Gravel,Pie,Flat,Trash|Gas|Water|Electricity,Interior lot,No Slope,RNH 22,Proximity to School,Apartment,Bungalow,8,5,2006,2015,Gable,Rolled Roofing,Board Batten,Manmade Stone,0.0,4,3,Individual footing,4.0,Small Windows,Dry Wall,1082,Furnace,5,Yes,NM Cable,1082,871,1953,2,1,3,1,4,9,1,Gd,Attached,Wood Sheathing,3,1043,3,Paved,160,0,0,0,No Fence,5,2009,Down payment assistance,Regular,209166.0,N,Y,2021-04-26,12171491,"Hildegart-Gude-Weg 83
48275 Lübben",Luckau,Kasachstan,tkoester@yahoo.de,M,Baden-Württemberg,786,89.0,2021-12-06,2.0,2021-12-06,2.0
1089,VacHomeClass-13,VacHomeZone-2,24.0,2522,Cobblestone,Gravel,Pie,Flat,Trash|Gas|Water|Electricity,Interior lot,No Slope,RNH 8,Proximity to School,MultiFamilyHome,Bungalow,7,5,2007,2013,Gable,Rolled Roofing,Board Batten,Manmade Panels,50.0,4,3,Individual footing,4.0,No Sunlight,Dry Wall,970,Furnace,5,Yes,NM Cable,970,739,1709,2,0,3,1,4,7,0,,Detached,Metal Panels,2,380,3,Paved,0,0,0,0,No Fence,4,2006,Down payment assistance,Regular,114131.0,Y,Y,2021-12-26,21264986,"Marion-Kabus-Allee 641
37708 Freudenstadt",Roth,Bulgarien,utaladeck@googlemail.com,Unknown,Baden-Württemberg,22588,10.0,2021-03-22,3.4,2021-03-22,3.4
1090,VacHomeClass-12,VacHomeZone-5,37.0,3316,Cobblestone,Cobblestone,Reverse Pie,Flat,Trash|Gas|Water|Electricity,Interior lot,No Slope,RNH 22,Proximity to School,SingleFamilyHome,Contemporary,8,5,2010,2014,Gable,Rolled Roofing,Log Wood,Manmade Stone,0.0,4,3,Individual footing,4.0,No Sunlight,ZenWall Panels,1247,Furnace,5,Yes,NM Cable,1247,0,1247,1,1,1,1,4,4,1,Gd,Attached,DryWall,2,550,3,Paved,0,0,0,0,No Fence,4,2006,Down payment assistance,Regular,163516.0,Y,N,2021-02-04,32633894,"Rosenowstraße 65
09881 Warendorf",Haldensleben,Haiti,jolanta32@pergande.de,M,Brandenburg,92122,67.0,2021-10-03,1.0,2021-10-03,1.0
1091,VacHomeClass-11,VacHomeZone-1,60.0,8544,Cobblestone,Gravel,Pie,Flat,Trash|Gas|Water|Electricity,Corner lot,No Slope,NAmes,Proximity to School,Townhome,Contemporary,3,4,1951,1956,Gable,Rolled Roofing,Vertical Wood,Manmade Stone,0.0,3,3,Pile foundation,,,,0,Hybrid Heating,2,No,Underground Feeder Cable,1040,0,1040,2,0,2,2,3,6,0,,Detached,Metal Panels,2,400,3,Paved,0,0,0,0,No Fence,6,2009,Down payment assistance,Regular,77113.0,Y,Y,2021-02-12,32860689,"Hans-Bernd-Förster-Straße 8
42467 Miesbach",Rehau,Vatikanstadt,heinz-wernerschleich@hoffmann.de,Unknown,Sachsen,56277,58.0,2021-06-19,3.5,2021-06-19,3.5
1092,VacHomeClass-13,VacHomeZone-5,24.0,2160,Cobblestone,Cobblestone,Pie,Flat,Trash|Gas|Water|Electricity,Interior lot,No Slope,RNH 22,Proximity to School,MultiFamilyHome,Bungalow,7,5,2001,2010,Gable,Rolled Roofing,Log Wood,Natural Stone,212.0,4,3,Individual footing,4.0,No Sunlight,CleanSpace Wall System,600,Furnace,5,Yes,NM Cable,624,628,1252,2,1,2,1,4,4,0,,Detached,Metal Panels,2,462,3,Paved,0,0,0,0,No Fence,3,2008,Down payment assistance,Regular,132806.0,N,Y,2021-07-16,53416339,"Trudi-Reichmann-Allee 2/2
04226 Eckernförde",Eisenach,Chile,timo66@freudenberger.de,M,Niedersachsen,42383,70.0,2021-08-30,2.5,2021-08-30,2.5
1093,VacHomeClass-5,VacHomeZone-1,60.0,8400,Cobblestone,Gravel,Pie,Slope,Trash|Gas|Water|Electricity,Interior lot,No Slope,RNH 19,Proximity to School,Apartment,Craftsman,6,5,1926,1957,Gable,Rolled Roofing,Log Wood,Manmade Stone,0.0,3,3,Individual footing,3.0,No Sunlight,Foamax,1181,Furnace,2,Yes,NM Cable,1390,304,1694,2,0,4,1,3,7,1,Gd,Detached,Metal Panels,2,576,3,Paved,342,0,0,0,No Fence,6,2008,Down payment assistance,Regular,113301.0,N,N,2021-06-11,25778960,"Löchelplatz 1
75897 Wittenberg",Bad Brückenau,Irland,elly69@hotmail.de,Unknown,Nordrhein-Westfalen,99133,72.0,2021-06-09,2.1,2021-06-09,2.1
1094,VacHomeClass-1,VacHomeZone-1,71.0,9230,Cobblestone,Gravel,Pie,Flat,Trash|Gas|Water|Electricity,Corner lot,No Slope,NAmes,Proximity to Hospital,Apartment,Contemporary,5,8,1970,2007,Sawtooth,Rolled Roofing,Log Wood,Natural Stone,166.0,3,3,Combined footing,3.0,Small Windows,ZenWall Panels,864,Furnace,4,Yes,NM Cable,1200,0,1200,1,1,1,1,4,6,0,,Detached,Metal Panels,2,884,3,Paved,0,0,0,0,Vinyl Fences,10,2006,Down payment assistance,Regular,121186.0,N,N,2021-05-06,81825776,"Corinne-Gutknecht-Platz 870
55881 Vohenstrauß",Ochsenfurt,Togo,josephine02@schlosser.net,Unknown,Brandenburg,83893,45.0,2021-04-08,3.7,2021-04-08,3.7
1095,VacHomeClass-1,VacHomeZone-1,74.0,5868,Cobblestone,Gravel,Pie,Flat,Trash|Gas|Water|Electricity,Interior lot,No Slope,NAmes,Proximity to School,Apartment,Contemporary,5,7,1957,2004,Gable,Rolled Roofing,Log Wood,Manmade Stone,0.0,3,3,Combined footing,3.0,No Sunlight,CleanSpace Wall System,936,Furnace,5,Yes,NM Cable,936,0,936,1,0,2,1,3,4,0,,Attached,DryWall,1,308,3,Paved,0,0,0,0,No Fence,5,2010,Down payment assistance,Regular,107076.0,N,N,2021-11-01,80260967,"Bährstraße 3
37263 Wesel",Güstrow,Botsuana,ymeyer@web.de,M,Schleswig-Holstein,44880,70.0,2021-06-21,2.5,2021-06-21,2.5
1096,VacHomeClass-1,VacHomeZone-1,78.0,9317,Cobblestone,Gravel,Reverse Pie,Flat,Trash|Gas|Water|Electricity,Interior lot,No Slope,RNH 6,Proximity to School,Apartment,Contemporary,6,5,2007,2012,Gable,Rolled Roofing,Board Batten,Manmade Stone,0.0,4,3,Individual footing,4.0,No Sunlight,ZenWall Panels,1314,Furnace,4,Yes,NM Cable,1314,0,1314,2,0,3,1,4,6,1,Gd,Attached,Wood Sheathing,2,440,3,Paved,0,0,0,0,No Fence,3,2007,Down payment assistance,Regular,146444.56,Y,Y,2021-09-06,3560822,"Bernhardine-Kabus-Straße 8/5
34378 Prenzlau",Böblingen,Belize,speerirmingard@franke.net,M,Thüringen,54694,61.0,2021-06-16,4.6,2021-06-16,4.6
1097,VacHomeClass-7,VacHomeZone-2,60.0,6882,Cobblestone,Gravel,Pie,Flat,Trash|Gas|Water|Electricity,Interior lot,No Slope,RNH 10,Proximity to School,Apartment,Bungalow,6,7,1916,2013,Gable,Rolled Roofing,Wood Shingle,Manmade Stone,0.0,3,3,Individual footing,3.0,No Sunlight,Dry Wall,684,Furnace,3,Yes,NM Cable,773,582,1355,1,1,3,1,4,7,0,,No Garage,Unfinished,0,0,0,Paved,136,0,0,0,No Fence,3,2007,Down payment assistance,Regular,105416.0,N,Y,2021-05-24,18188882,"Slavica-Gerlach-Allee 1
92689 Weimar",Wolmirstedt,Vereinigte Staaten,bstaude@eigenwillig.com,F,Berlin,24395,79.0,2021-05-22,1.1,2021-05-22,1.1
1098,VacHomeClass-12,VacHomeZone-1,,3696,Cobblestone,Gravel,Pie,Flat,Trash|Gas|Water|Electricity,Interior lot,No Slope,RNH 23,Proximity to School,SingleFamilyHome,Contemporary,8,5,1991,1990,Gable,Rolled Roofing,Horizontal Wood,Manmade Stone,0.0,4,3,Combined footing,4.0,No Sunlight,Dry Wall,1074,Furnace,5,Yes,NM Cable,1088,0,1088,1,1,2,1,4,5,0,,Attached,Wood Sheathing,2,461,3,Paved,0,0,0,0,No Fence,10,2007,Down payment assistance,Regular,141106.0,Y,N,2021-05-19,62647526,"Kohlplatz 974
51966 Worbis",Recklinghausen,Jamaika,friedemann04@gmail.com,M,Bremen,32584,42.0,2021-08-05,4.2,2021-08-05,4.2
1099,VacHomeClass-5,VacHomeZone-2,50.0,6000,Cobblestone,Gravel,Pie,Flat,Trash|Gas|Water|Electricity,Interior lot,No Slope,RNH 4,Proximity to School,Apartment,Craftsman,4,6,1941,1956,Gable,Rolled Roofing,Log Wood,Manmade Stone,0.0,3,3,Strip foundation,3.0,No Sunlight,CleanSpace Wall System,672,Furnace,3,Yes,NM Cable,757,567,1324,1,0,3,1,3,6,0,,Detached,Metal Panels,1,240,3,Paved,0,0,0,0,No Fence,7,2009,Down payment assistance,Regular,106246.0,Y,Y,2021-11-22,10516294,"Gerhard-Wulff-Allee 73
14802 Cuxhaven",Jena,Madagaskar,bohnbachgertraut@yahoo.de,Unknown,Sachsen,97771,1.0,2021-02-07,1.8,2021-02-07,1.8
1100,VacHomeClass-1,VacHomeZone-1,82.0,11880,Cobblestone,Gravel,Reverse Pie,Flat,Trash|Gas|Water|Electricity,Interior lot,No Slope,RNH 17,Proximity to Restaurants,Apartment,Contemporary,7,5,1981,1983,Gable,Rolled Roofing,Brick,Natural Stone,206.0,3,3,Combined footing,4.0,No Sunlight,BrightWall Paneling,1271,Furnace,3,Yes,NM Cable,1601,0,1601,2,0,3,1,3,7,1,TA,Attached,Wood Sheathing,2,478,3,Paved,0,0,0,0,No Fence,4,2009,Reverse Mortgage,Shortsale,130316.0,N,Y,2021-11-24,45171130,"Schleichallee 893
44747 Dessau",Regensburg,St. Vincent und die Grenadinen,thieskenan@googlemail.com,M,Hamburg,47226,87.0,2021-11-30,4.7,2021-11-30,4.7
1101,VacHomeClass-2,VacHomeZone-1,60.0,8400,Cobblestone,Gravel,Pie,Slope,Trash|Gas|Water|Electricity,Interior lot,No Slope,RNH 19,Proximity to School,Apartment,Contemporary,2,5,1924,1957,Gable,Rolled Roofing,Wood Shingle,Manmade Stone,0.0,3,3,Combined footing,3.0,No Sunlight,Foamax,290,Furnace,3,No,Armored Cable,438,0,438,1,0,1,1,2,3,0,,Detached,Metal Panels,1,246,3,Only Gravel,0,0,0,0,No Fence,1,2009,Down payment assistance,Regular,49806.0,N,Y,2021-01-24,84491787,"Jo-Hiller-Platz 24
25763 Olpe",Eisenach,Mauretanien,hoevelsofie@yahoo.de,Unknown,Schleswig-Holstein,50412,54.0,2021-04-03,4.1,2021-04-03,4.1
1102,VacHomeClass-1,VacHomeZone-1,61.0,9758,Cobblestone,Gravel,Reverse Pie,Flat,Trash|Gas|Water|Electricity,Interior lot,No Slope,NAmes,Proximity to School,Apartment,Contemporary,5,5,1976,1977,Gable,Rolled Roofing,Horizontal Wood,Manmade Stone,0.0,3,3,Combined footing,3.0,No Sunlight,CleanSpace Wall System,950,Furnace,3,Yes,NM Cable,950,0,950,1,0,3,1,3,5,0,,Detached,Metal Panels,1,280,3,Paved,0,0,0,0,No Fence,7,2007,Down payment assistance,Regular,99191.0,N,N,2021-02-05,9070479,"Benedikt-Eimer-Gasse 478
17966 Saarlouis",Hofgeismar,Sri Lanka,oderwaldlilian@holsten.net,F,Bayern,92247,80.0,2021-06-13,1.4,2021-06-13,1.4
1103,VacHomeClass-1,VacHomeZone-1,70.0,7000,Cobblestone,Gravel,Pie,Flat,Trash|Gas|Water|Electricity,Interior lot,No Slope,NAmes,Proximity to School,Apartment,Contemporary,5,7,1962,2008,Gable,Rolled Roofing,Wood Shingle,Natural Stone,45.0,3,3,Combined footing,3.0,No Sunlight,Foamax,1010,Furnace,5,Yes,NM Cable,1134,0,1134,1,0,2,1,3,6,0,,Attached,Wood Sheathing,1,254,3,Paved,0,0,0,0,Metal Fences,4,2007,Down payment assistance,Foreclosure,112056.0,Y,N,2021-08-01,49743975,"Andree-Pechel-Gasse 78
31846 Wolfach",Dinslaken,Afghanistan,elisabetwalter@holt.net,M,Sachsen-Anhalt,85888,18.0,2021-08-22,2.4,2021-08-22,2.4
1104,VacHomeClass-1,VacHomeZone-1,79.0,8910,Cobblestone,Gravel,Pie,Flat,Trash|Gas|Water|Electricity,Corner lot,No Slope,NAmes,Proximity to School,Apartment,Contemporary,6,6,1961,1965,Sawtooth,Rolled Roofing,Vertical Wood,Manmade Stone,0.0,3,3,Combined footing,3.0,Small Windows,BrightWall Paneling,655,Furnace,5,Yes,NM Cable,1194,0,1194,1,0,3,1,3,6,1,Fa,Breezeway,DryWall,2,539,3,Paved,0,0,0,0,No Fence,7,2006,Down payment assistance,Regular,132391.0,Y,N,2021-12-16,82500139,"Karl-Heinrich-Koch-Allee 7
34954 Neubrandenburg",Hansestadttralsund,Liechtenstein,drudolph@hotmail.de,M,Bremen,17762,80.0,2021-04-19,1.8,2021-04-19,1.8
1105,VacHomeClass-13,VacHomeZone-2,24.0,2016,Cobblestone,Gravel,Pie,Flat,Trash|Gas|Water|Electricity,Interior lot,No Slope,RNH 3,Proximity to School,SingleFamilyHome,Bungalow,5,5,1974,1977,Gable,Rolled Roofing,Horizontal Wood,Natural Stone,304.0,3,3,Combined footing,3.0,No Sunlight,Dry Wall,630,Furnace,3,Yes,NM Cable,630,672,1302,2,1,3,1,3,6,0,,Detached,Metal Panels,2,440,3,Paved,0,0,0,0,No Fence,4,2007,Down payment assistance,Regular,87986.0,N,N,2021-09-21,36634996,"Lars-Jockel-Weg 54
54846 Schrobenhausen",Delitzsch,Kamerun,opieper@aol.de,F,Schleswig-Holstein,82150,57.0,2021-09-17,3.0,2021-09-17,3.0
1106,VacHomeClass-6,VacHomeZone-1,98.0,12256,Cobblestone,Gravel,Reverse Pie,Flat,Trash|Gas|Water|Electricity,Corner lot,No Slope,RNH 14,Proximity to School,Apartment,Bungalow,8,5,1997,2003,Gable,Rolled Roofing,Horizontal Wood,Natural Stone,362.0,4,3,Individual footing,5.0,Large Windows,ZenWall Panels,1463,Furnace,5,Yes,NM Cable,1500,1122,2622,2,1,3,1,4,9,2,TA,Attached,Wood Sheathing,2,712,3,Paved,186,0,0,0,No Fence,4,2010,Down payment assistance,Regular,269756.0,Y,Y,2021-10-03,20334574,"Nuran-Seip-Allee 18
11267 Fulda",Aue,Sonderverwaltungszone Hongkong,kreinkonstanze@drubin.net,Unknown,Baden-Württemberg,23521,7.0,2021-02-26,1.1,2021-02-26,1.1
1107,VacHomeClass-1,VacHomeZone-1,114.0,10357,Cobblestone,Gravel,Reverse Pie,Flat,Trash|Gas|Water|Electricity,Corner lot,No Slope,RNH 21,Proximity to Hospital,Apartment,Contemporary,7,5,1991,1995,Sawtooth,Rolled Roofing,Horizontal Wood,Manmade Stone,0.0,4,3,Individual footing,4.0,Small Windows,ZenWall Panels,910,Furnace,4,Yes,NM Cable,1442,0,1442,2,0,3,1,4,6,1,TA,Attached,DryWall,2,719,3,Paved,0,0,0,0,No Fence,5,2007,Down payment assistance,Regular,149323.0,Y,Y,2021-11-29,35488538,"Lena-Salz-Weg 0
92755 Borna",Kaiserslautern,Turks- und Caicosinseln,nbeier@gmail.com,M,Nordrhein-Westfalen,11202,86.0,2021-05-12,3.7,2021-05-12,3.7
1108,VacHomeClass-6,VacHomeZone-1,168.0,23257,Cobblestone,Gravel,Irregular Lots,High Level,Trash|Gas|Water|Electricity,Cul-de-sac,No Slope,RNH 9,Proximity to School,Apartment,Bungalow,7,5,2011,2011,Gable,Rolled Roofing,Board Batten,Manmade Stone,0.0,4,3,Individual footing,5.0,No Sunlight,Dry Wall,868,Furnace,5,Yes,NM Cable,887,1134,2021,2,1,3,1,4,9,1,Gd,Breezeway,Wood Sheathing,2,422,3,Paved,0,0,0,0,No Fence,9,2006,Government-backed programs,Distress Sale,228027.75,Y,Y,2021-02-21,58469866,"Mälzerallee 4
39856 Demmin",Mellrichstadt,Slowenien,maritgrein-groth@yahoo.de,M,Berlin,74957,80.0,2021-11-25,2.3,2021-11-25,2.3
1109,VacHomeClass-6,VacHomeZone-1,,8063,Cobblestone,Gravel,Pie,Flat,Trash|Gas|Water|Electricity,Interior lot,No Slope,RNH 9,Proximity to School,Apartment,Bungalow,6,5,2005,2007,Gable,Rolled Roofing,Board Batten,Manmade Stone,0.0,3,3,Individual footing,4.0,No Sunlight,Dry Wall,924,Furnace,5,Yes,NM Cable,948,742,1690,2,1,3,1,3,7,1,TA,Attached,Wood Sheathing,2,463,3,Paved,100,0,0,0,No Fence,11,2007,Down payment assistance,Shortsale,150236.0,N,N,2021-01-31,57279091,"Sagerstr. 5/4
13511 Staffelstein",Roth,Gabun,ljubica85@warmer.com,Unknown,Nordrhein-Westfalen,12605,98.0,2021-05-26,4.4,2021-05-26,4.4
1110,VacHomeClass-1,VacHomeZone-1,107.0,11362,Cobblestone,Gravel,Reverse Pie,Flat,Trash|Gas|Water|Electricity,Interior lot,No Slope,RNH 16,Proximity to School,Apartment,Contemporary,8,5,2008,2015,Gable,Rolled Roofing,Log Wood,Manmade Panels,42.0,4,3,Individual footing,5.0,Small Windows,ZenWall Panels,1836,Furnace,5,Yes,NM Cable,1836,0,1836,2,0,3,1,4,7,1,Gd,Attached,DryWall,3,862,3,Paved,125,0,0,0,No Fence,3,2009,Down payment assistance,Regular,232406.0,N,N,2021-12-18,84760098,"Schlosserallee 341
51928 Bad Mergentheim",Sonneberg,Tunesien,zpatberg@rust.com,F,Berlin,35647,65.0,2021-07-31,2.7,2021-07-31,2.7
1111,VacHomeClass-6,VacHomeZone-1,,8000,Cobblestone,Gravel,Pie,Flat,Trash|Gas|Water|Electricity,Interior lot,No Slope,RNH 9,Proximity to School,Apartment,Bungalow,6,5,1998,2003,Gable,Rolled Roofing,Horizontal Wood,Manmade Stone,0.0,3,3,Individual footing,4.0,No Sunlight,ZenWall Panels,773,Furnace,4,Yes,NM Cable,773,885,1658,2,1,3,1,3,8,1,TA,Attached,DryWall,2,431,3,Paved,224,0,0,0,No Fence,6,2008,Down payment assistance,Regular,156046.0,Y,N,2021-07-27,41768990,"Ullmannstraße 88
19890 Füssen",Hildburghausen,Südafrika,antonia46@patberg.de,M,Sachsen,94234,61.0,2021-06-05,1.1,2021-06-05,1.1
1112,VacHomeClass-6,VacHomeZone-1,80.0,10480,Cobblestone,Gravel,Pie,Flat,Trash|Gas|Water|Electricity,Interior lot,No Slope,RNH 17,Proximity to School,Apartment,Bungalow,7,6,1981,1984,Sawtooth,Rolled Roofing,Brick,Natural Stone,660.0,3,3,Combined footing,3.0,No Sunlight,BrightWall Paneling,803,Furnace,3,Yes,NM Cable,1098,866,1964,2,1,4,1,3,8,1,Gd,Attached,Wood Sheathing,2,483,3,Paved,0,0,0,0,No Fence,9,2008,Down payment assistance,Regular,170156.0,N,N,2021-01-31,75822262,"Beerstraße 45
00162 Donaueschingen",Gräfenhainichen,Portugal,hans-otto32@googlemail.com,F,Sachsen,50733,17.0,2021-01-02,1.5,2021-01-02,1.5
1113,VacHomeClass-1,VacHomeZone-1,73.0,7100,Cobblestone,Gravel,Reverse Pie,Flat,Trash|Gas|Water|Electricity,Corner lot,No Slope,NAmes,Proximity to School,Apartment,Contemporary,5,7,1961,1961,Gable,Rolled Roofing,Vinyl,Manmade Stone,0.0,3,3,Combined footing,3.0,No Sunlight,ZenWall Panels,816,Furnace,3,Yes,Underground Feeder Cable,816,0,816,1,0,2,1,3,5,0,,Detached,Metal Panels,1,308,3,Paved,0,0,0,0,No Fence,7,2006,Down payment assistance,Regular,107823.0,Y,Y,2021-01-04,20113667,"Gertraud-Trommler-Allee 71
13189 Altentreptow",Waren,Demokratische Republik Kongo,zmende@hertrampf.net,F,Baden-Württemberg,18134,39.0,2021-10-09,2.4,2021-10-09,2.4
1114,VacHomeClass-1,VacHomeZone-1,66.0,8923,Cobblestone,Gravel,Pie,Flat,Trash|Gas|Water|Electricity,Interior lot,No Slope,NAmes,Proximity to School,Apartment,Contemporary,5,7,1955,2013,Gable,Rolled Roofing,Wood Shingle,Manmade Stone,0.0,3,3,Combined footing,3.0,No Sunlight,CleanSpace Wall System,1008,Furnace,4,Yes,NM Cable,1008,0,1008,1,0,2,1,4,6,0,,Attached,Metal Panels,1,240,3,Paved,0,0,0,0,No Fence,5,2007,Down payment assistance,Regular,111641.0,N,N,2021-09-13,58544150,"Kreuselgasse 4/9
17176 Altentreptow",Rehau,Lesotho,dseifert@bolander.com,F,Hessen,45075,37.0,2021-07-31,1.8,2021-07-31,1.8
1115,VacHomeClass-1,VacHomeZone-1,90.0,5400,Cobblestone,Gravel,Pie,Flat,Trash|Gas|Water|Electricity,Interior lot,No Slope,RNH 18,Proximity to School,Apartment,Contemporary,5,7,1955,2007,Gable,Rolled Roofing,Log Wood,Manmade Stone,0.0,3,4,Combined footing,3.0,No Sunlight,Foamax,833,Furnace,5,Yes,NM Cable,833,0,833,1,0,2,1,4,4,0,,Detached,Metal Panels,1,326,3,Paved,0,0,0,0,Vinyl Fences,8,2006,Down payment assistance,Regular,97116.0,N,Y,2021-04-28,60153883,"Römerweg 503
91150 Bad Mergentheim",Siegen,Malawi,fredklingelhoefer@mueller.net,F,Nordrhein-Westfalen,73916,37.0,2021-10-30,3.1,2021-10-30,3.1
1116,VacHomeClass-1,VacHomeZone-1,93.0,12085,Cobblestone,Gravel,Pie,Flat,Trash|Gas|Water|Electricity,Interior lot,No Slope,RNH 16,Proximity to School,Apartment,Contemporary,8,5,2011,2015,Sawtooth,Rolled Roofing,Board Batten,Manmade Panels,328.0,4,3,Individual footing,5.0,No Sunlight,ZenWall Panels,1734,Furnace,5,Yes,NM Cable,1734,0,1734,2,0,3,1,5,7,1,Gd,Attached,Wood Sheathing,3,928,3,Paved,0,0,0,0,No Fence,11,2007,Government-backed programs,Distress Sale,263946.0,N,N,2021-02-07,82014292,"Alma-Hande-Platz 800
42970 Saulgau",Weißenfels,Honduras,hans-henning49@googlemail.com,M,Schleswig-Holstein,93119,52.0,2021-02-09,3.0,2021-02-09,3.0
1117,VacHomeClass-9,VacHomeZone-1,,7750,Cobblestone,Gravel,Pie,Flat,Trash|Gas|Water|Electricity,Interior lot,No Slope,RNH 9,Proximity to School,Apartment,Spanish,8,5,2006,2006,Sawtooth,Rolled Roofing,Board Batten,Manmade Stone,0.0,4,3,Individual footing,4.0,No Sunlight,ZenWall Panels,408,Furnace,5,Yes,NM Cable,779,640,1419,2,1,3,1,4,7,1,TA,Breezeway,DryWall,2,527,3,Paved,120,0,0,0,No Fence,3,2009,Down payment assistance,Regular,152809.0,Y,N,2021-11-18,98135257,"Evangelos-Klemt-Platz 0
69196 Königs Wusterhausen",Marktheidenfeld,Panama,froht@gmail.com,Unknown,Hessen,31044,54.0,2021-04-06,1.2,2021-04-06,1.2
1118,VacHomeClass-1,VacHomeZone-1,57.0,9764,Cobblestone,Gravel,Reverse Pie,Flat,Trash|Gas|Water|Electricity,T-intersection,No Slope,RNH 20,Proximity to Hospital,Apartment,Contemporary,5,7,1970,2010,Gable,Rolled Roofing,Board Batten,Manmade Stone,0.0,3,3,Combined footing,3.0,No Sunlight,CleanSpace Wall System,894,Furnace,5,Yes,NM Cable,894,0,894,1,0,3,1,4,5,0,,Attached,Wood Sheathing,2,450,3,Paved,0,0,0,0,No Fence,5,2008,Down payment assistance,Regular,107906.0,Y,Y,2021-03-01,65901403,"Josefine-Weitzel-Straße 66
12336 Heinsberg",Kassel,Nördliche Marianen,heidi93@gertz.net,Unknown,Sachsen-Anhalt,10630,47.0,2021-06-22,2.2,2021-06-22,2.2
1119,VacHomeClass-9,VacHomeZone-1,85.0,13825,Cobblestone,Gravel,Pie,Flat,Trash|Gas|Water|Electricity,Interior lot,No Slope,RNH 20,Proximity to School,Apartment,Spanish,5,6,1963,1996,Gable,Rolled Roofing,Log Wood,Manmade Stone,0.0,3,4,Combined footing,3.0,No Sunlight,Dry Wall,533,Furnace,3,Yes,NM Cable,1021,580,1601,1,0,3,1,3,6,0,,Breezeway,Wood Sheathing,1,300,3,Paved,280,0,0,0,No Fence,12,2008,Down payment assistance,Regular,116206.0,Y,N,2021-04-18,29578061,"Dussen vangasse 158
98970 Holzminden",Berlin,Mikronesien,zklapp@gmx.de,F,Saarland,89533,92.0,2021-06-30,3.2,2021-06-30,3.2
1120,VacHomeClass-1,VacHomeZone-1,70.0,7560,Cobblestone,Gravel,Pie,Flat,Trash|Gas|Water|Electricity,Interior lot,No Slope,NAmes,Proximity to School,Apartment,Contemporary,5,5,1960,1968,Gable,Rolled Roofing,Vertical Wood,Manmade Stone,0.0,3,3,Combined footing,3.0,No Sunlight,Basement to Beautiful Panels,1040,Furnace,3,Yes,Underground Feeder Cable,1040,0,1040,1,0,3,1,3,6,0,,Attached,Wood Sheathing,1,286,3,Paved,140,0,0,0,Wood Fences,7,2006,Down payment assistance,Regular,110977.0,Y,N,2021-07-24,62790369,"Gumprichstraße 7/2
32882 Biedenkopf",Herford,Libyen,mohauptgertraud@gmail.com,F,Bayern,95138,99.0,2021-06-20,1.8,2021-06-20,1.8
1121,VacHomeClass-2,VacHomeZone-2,59.0,8263,Cobblestone,Gravel,Pie,Slope,Trash|Gas|Water|Electricity,Interior lot,Little Slope,RNH 10,Proximity to School,Apartment,Contemporary,6,5,1921,1952,Gable,Rolled Roofing,Vertical Wood,Manmade Stone,0.0,3,3,Strip foundation,3.0,No Sunlight,Dry Wall,1012,Furnace,3,Yes,Underground Feeder Cable,1012,0,1012,1,0,2,1,3,6,1,Gd,Detached,Metal Panels,1,308,3,Paved,0,0,0,0,Vinyl Fences,5,2007,Down payment assistance,Regular,98278.0,Y,Y,2021-03-28,83482113,"Lissi-Kade-Ring 9
97024 Eisenach",Oschatz,Zypern,mkaul@franke.com,M,Saarland,33906,53.0,2021-05-27,1.1,2021-05-27,1.1
1122,VacHomeClass-1,VacHomeZone-1,84.0,10084,Cobblestone,Gravel,Pie,Flat,Trash|Gas|Water|Electricity,Interior lot,No Slope,RNH 6,Proximity to School,Apartment,Contemporary,7,5,2009,2012,Gable,Rolled Roofing,Board Batten,Natural Stone,196.0,4,3,Individual footing,4.0,Large Windows,ZenWall Panels,1552,Furnace,5,Yes,NM Cable,1552,0,1552,2,0,3,1,4,7,0,,Attached,Wood Sheathing,3,782,3,Paved,144,0,0,0,No Fence,7,2006,Government-backed programs,Distress Sale,176713.0,N,Y,2021-02-08,45034862,"Vittorio-Gehringer-Allee 26
52028 Bützow",Schwabmünchen,Japan,luisefoerster@gmail.com,Unknown,Mecklenburg-Vorpommern,41896,2.0,2021-02-09,3.1,2021-02-09,3.1
1123,VacHomeClass-1,VacHomeZone-1,,8926,Cobblestone,Gravel,Reverse Pie,Flat,Trash|Gas|Water|Electricity,Corner lot,No Slope,RNH 8,Proximity to School,Apartment,Contemporary,4,3,1961,1964,Gable,Rolled Roofing,Concrete,Manmade Stone,0.0,3,3,Combined footing,3.0,No Sunlight,Dry Wall,672,Furnace,5,Yes,Underground Feeder Cable,960,0,960,1,0,3,1,3,5,0,,Barns,Metal Panels,1,288,3,Paved,64,0,0,0,Vinyl Fences,10,2009,Reverse Mortgage,Shortsale,92966.0,N,N,2021-05-20,82800796,"Sorgatzring 0/8
67192 Melsungen",Zschopau,Spanien,birnbaumresi@ullmann.de,Unknown,Thüringen,49874,66.0,2021-09-02,4.3,2021-09-02,4.3
1124,VacHomeClass-1,VacHomeZone-1,50.0,9405,Cobblestone,Gravel,Pie,Flat,Trash|Gas|Water|Electricity,Interior lot,No Slope,RNH 8,Proximity to School,Apartment,Contemporary,5,9,1948,2012,Sawtooth,Rolled Roofing,Board Batten,Manmade Stone,0.0,3,5,Combined footing,3.0,No Sunlight,Dry Wall,698,Furnace,5,Yes,NM Cable,698,0,698,1,0,2,1,3,4,0,,No Garage,Unfinished,0,0,0,Paved,0,0,0,0,No Fence,6,2009,Down payment assistance,Regular,97946.0,N,Y,2021-03-22,29350186,"Ralf-Dieter-Langern-Platz 6
01098 Weimar",Osterburg,Mali,umuelichen@schlosser.de,M,Brandenburg,34643,1.0,2021-04-10,4.3,2021-04-10,4.3
1125,VacHomeClass-9,VacHomeZone-1,,9125,Cobblestone,Gravel,Reverse Pie,Flat,Trash|Gas|Water|Electricity,Interior lot,No Slope,RNH 9,Proximity to School,Apartment,Spanish,7,5,1993,1994,Gable,Rolled Roofing,Horizontal Wood,Natural Stone,170.0,3,3,Individual footing,4.0,No Sunlight,Dry Wall,384,Furnace,4,Yes,NM Cable,812,670,1482,2,1,3,1,4,7,1,TA,Attached,DryWall,2,392,3,Paved,100,0,0,0,No Fence,7,2007,Down payment assistance,Regular,136043.0,N,N,2021-09-22,34172032,"Valeri-Ladeck-Gasse 9/5
37126 Mettmann",Zossen,Guinea-Bissau,pecheljanette@web.de,M,Brandenburg,69341,87.0,2021-06-29,3.2,2021-06-29,3.2
1126,VacHomeClass-1,VacHomeZone-1,60.0,10434,Cobblestone,Gravel,Pie,Flat,Trash|Gas|Water|Electricity,Interior lot,No Slope,NAmes,Proximity to School,Apartment,Contemporary,4,5,1957,1963,Gable,Rolled Roofing,Brick,Manmade Stone,0.0,3,3,Combined footing,3.0,No Sunlight,Dry Wall,1005,Furnace,3,Yes,NM Cable,1005,0,1005,1,0,2,1,2,5,1,TA,Detached,Metal Panels,2,672,2,Paved,0,0,0,0,No Fence,11,2009,Down payment assistance,Regular,95456.0,Y,Y,2021-05-18,23968967,"Leon-Süßebier-Allee 7
60735 Kitzingen",Hildesheim,Ghana,elfie79@wirth.net,M,Rheinland-Pfalz,67769,93.0,2021-06-15,1.9,2021-06-15,1.9
1127,VacHomeClass-12,VacHomeZone-1,53.0,3684,Cobblestone,Gravel,Pie,Flat,Trash|Gas|Water|Electricity,Interior lot,No Slope,RNH 1,Proximity to School,SingleFamilyHome,Contemporary,7,5,2008,2013,Sawtooth,Rolled Roofing,Board Batten,Natural Stone,130.0,4,3,Individual footing,4.0,No Sunlight,Dry Wall,1373,Furnace,5,Yes,NM Cable,1555,0,1555,2,0,2,1,4,7,1,TA,Attached,DryWall,3,660,3,Paved,143,0,0,0,No Fence,6,2009,Down payment assistance,Regular,144426.0,N,N,2021-12-24,67758555,"Mühleweg 9
09471 Einbeck",Wolgast,Ecuador,monique09@giess.de,Unknown,Bayern,95832,5.0,2021-06-13,2.4,2021-06-13,2.4
1128,VacHomeClass-1,VacHomeZone-1,182.0,14572,Cobblestone,Gravel,Irregular Lots,Flat,Trash|Gas|Water|Electricity,Corner lot,No Slope,RNH 9,Proximity to School,Apartment,Contemporary,7,5,2005,2007,Sawtooth,Rolled Roofing,Board Batten,Manmade Stone,0.0,4,3,Individual footing,4.0,Large Windows,ZenWall Panels,1530,Furnace,5,Yes,NM Cable,1530,0,1530,2,0,3,1,4,7,1,Gd,Attached,DryWall,3,630,3,Paved,144,0,0,0,No Fence,11,2007,Down payment assistance,Foreclosure,214976.0,Y,N,2021-05-18,92500129,"Faustplatz 81
59511 Bernburg",Eichstätt,St. Helena,hedwignerger@jacob.com,Unknown,Bremen,29080,5.0,2021-05-15,3.7,2021-05-15,3.7
1129,VacHomeClass-6,VacHomeZone-1,59.0,11796,Cobblestone,Gravel,Reverse Pie,Flat,Trash|Gas|Water|Electricity,Interior lot,No Slope,RNH 9,Proximity to School,Apartment,Bungalow,7,5,2008,2010,Gable,Rolled Roofing,Board Batten,Manmade Stone,0.0,4,3,Individual footing,4.0,Large Windows,Dry Wall,847,Furnace,5,Yes,NM Cable,847,1112,1959,2,1,4,1,4,8,1,Gd,Breezeway,DryWall,2,434,3,Paved,100,0,0,0,No Fence,7,2007,Down payment assistance,Regular,178456.0,Y,Y,2021-12-04,43869336,"Anastasios-Davids-Weg 15
83411 Sondershausen",Freising,Kuba,birgittrosenow@mosemann.de,M,Rheinland-Pfalz,81694,16.0,2021-09-02,4.4,2021-09-02,4.4
1130,VacHomeClass-11,VacHomeZone-2,60.0,7200,Cobblestone,Concrete,Pie,Flat,Trash|Gas|Water|Electricity,Interior lot,No Slope,RNH 18,Proximity to School,Townhome,Georgian,5,5,1982,1986,Gable,Rolled Roofing,Log Wood,Natural Stone,180.0,3,3,Combined footing,4.0,French Doors,ZenWall Panels,936,Furnace,3,Yes,NM Cable,936,0,936,1,0,2,1,3,4,0,,Detached,Metal Panels,2,672,3,Paved,49,0,0,0,No Fence,8,2007,Down payment assistance,Regular,116206.0,Y,Y,2021-11-23,90092374,"Ritterring 1
75234 Dinkelsbühl",Cuxhaven,Republik Moldau,zschweitzer@pergande.com,F,Thüringen,80029,4.0,2021-05-14,3.2,2021-05-14,3.2
1131,VacHomeClass-5,VacHomeZone-1,65.0,7804,Cobblestone,Gravel,Pie,Flat,Trash|Gas|Water|Electricity,Interior lot,No Slope,RNH 19,Proximity to School,Apartment,Craftsman,4,3,1932,1956,Gable,Rolled Roofing,Vinyl,Manmade Stone,0.0,3,3,Strip foundation,3.0,No Sunlight,CleanSpace Wall System,1122,Furnace,3,Yes,NM Cable,1328,653,1981,2,0,4,1,4,7,2,TA,Detached,Metal Panels,2,576,3,Paved,431,0,0,0,Vinyl Fences,12,2009,Down payment assistance,Regular,112056.0,N,N,2021-02-12,468527,"Dierk-Knappe-Straße 0
27280 Meißen",Jülich,Sierra Leone,spruschke@textor.com,Unknown,Berlin,34104,69.0,2021-03-14,2.7,2021-03-14,2.7
1132,VacHomeClass-1,VacHomeZone-1,63.0,10712,Cobblestone,Gravel,Pie,Flat,Trash|Gas|Water|Electricity,Interior lot,No Slope,RNH 12,Proximity to School,Apartment,Contemporary,5,5,1993,1996,Gable,Rolled Roofing,Horizontal Wood,Manmade Stone,0.0,3,3,Individual footing,4.0,Small Windows,CleanSpace Wall System,974,Furnace,3,Yes,NM Cable,974,0,974,1,0,3,1,3,5,0,,No Garage,Unfinished,0,0,0,Paved,0,0,0,0,Vinyl Fences,9,2007,All Cash,Shortsale,77611.0,Y,N,2021-05-17,40502359,"Pärtzeltplatz 4
43635 Koblenz",Neunburg vorm Wald,Algerien,heinz-joachim48@huhn.com,F,Hamburg,91727,66.0,2021-05-06,1.5,2021-05-06,1.5
1133,VacHomeClass-7,VacHomeZone-2,90.0,9900,Cobblestone,Gravel,Pie,Flat,Trash|Gas|Water|Electricity,Interior lot,No Slope,RNH 18,Proximity to School,Apartment,Bungalow,6,4,1881,1952,Gable,Rolled Roofing,Wood Shingle,Manmade Stone,0.0,3,3,Strip foundation,3.0,Small Windows,Dry Wall,1008,Boiler,3,Yes,NM Cable,1178,1032,2210,2,0,5,1,2,8,0,,Detached,Metal Panels,1,205,2,Only Gravel,0,0,0,0,No Fence,5,2007,Down payment assistance,Regular,97531.0,Y,N,2021-04-22,7381140,"Bolnbachstr. 1
34164 Iserlohn",Kusel,Salomonen,christa93@roemer.de,M,Sachsen,66368,48.0,2021-07-04,3.3,2021-07-04,3.3
1134,VacHomeClass-6,VacHomeZone-1,80.0,9828,Cobblestone,Gravel,Reverse Pie,Flat,Trash|Gas|Water|Electricity,Interior lot,No Slope,RNH 21,Proximity to School,Apartment,Bungalow,8,5,2000,2001,Gable,Rolled Roofing,Board Batten,Manmade Stone,0.0,4,3,Individual footing,4.0,No Sunlight,ZenWall Panels,1128,Furnace,5,Yes,NM Cable,1142,878,2020,2,1,3,1,4,8,1,TA,Attached,Wood Sheathing,2,466,3,Paved,0,0,0,0,No Fence,6,2009,Down payment assistance,Regular,198791.0,N,Y,2021-09-08,82385996,"Gudrun-Benthin-Weg 9/2
78816 Brandenburg",Perleberg,Nicaragua,jacobi-jaeckeledeltrud@pruschke.net,Unknown,Brandenburg,9260,40.0,2021-01-09,1.7,2021-01-09,1.7
1135,VacHomeClass-6,VacHomeZone-1,57.0,8773,Cobblestone,Gravel,Reverse Pie,High Level,Trash|Gas|Water|Electricity,Interior lot,No Slope,RNH 9,Proximity to School,Apartment,Bungalow,6,5,2001,1999,Gable,Rolled Roofing,Board Batten,Manmade Stone,0.0,3,3,Individual footing,4.0,Large Windows,Dry Wall,916,Furnace,4,Yes,NM Cable,916,684,1600,2,1,3,1,3,7,1,TA,Attached,DryWall,2,460,3,Paved,100,0,0,0,No Fence,8,2007,Down payment assistance,Regular,140276.0,Y,N,2021-04-01,90543814,"Jacobi Jäckelstr. 230
48470 Soltau",Melle,Serbien und Montenegro,josefa26@web.de,M,Baden-Württemberg,44322,10.0,2021-10-11,2.3,2021-10-11,2.3
1136,VacHomeClass-2,VacHomeZone-2,60.0,6180,Cobblestone,Gravel,Pie,Flat,Trash|Gas|Water|Electricity,Corner lot,No Slope,RNH 4,Proximity to School,Apartment,Contemporary,6,5,1927,1956,Gable,Rolled Roofing,Wood Shingle,Manmade Stone,0.0,3,3,Strip foundation,3.0,No Sunlight,Dry Wall,960,Furnace,3,No,NM Cable,986,0,986,1,0,2,1,3,5,1,Gd,Detached,Metal Panels,1,180,3,Paved,0,0,0,0,No Fence,5,2007,Down payment assistance,Regular,84666.0,Y,N,2021-11-01,58923542,"Alena-Eberhardt-Straße 13
46739 Nauen",Lübz,Katar,witold29@biggen.org,Unknown,Mecklenburg-Vorpommern,33022,74.0,2021-11-14,4.9,2021-11-14,4.9
1137,VacHomeClass-5,VacHomeZone-1,80.0,9600,Cobblestone,Gravel,Pie,Flat,Trash|Gas|Water|Electricity,Interior lot,No Slope,NAmes,Proximity to School,Apartment,Craftsman,6,5,1955,1957,Gable,Rolled Roofing,Board Batten,Manmade Stone,0.0,3,3,Combined footing,3.0,No Sunlight,CleanSpace Wall System,1032,Furnace,3,Yes,Underground Feeder Cable,1032,220,1252,1,0,3,1,3,6,0,,Attached,Metal Panels,1,288,3,Paved,0,0,0,0,No Fence,4,2008,Down payment assistance,Shortsale,98776.0,Y,Y,2021-01-18,81402137,"Margarita-Salz-Allee 67
44639 Bad Langensalza",Siegen,Lesotho,rseidel@jopich.de,M,Hessen,84897,60.0,2021-05-09,2.0,2021-05-09,2.0
1138,VacHomeClass-5,VacHomeZone-1,54.0,6342,Cobblestone,Gravel,Pie,Flat,Trash|Gas|Water|Electricity,Interior lot,No Slope,RNH 20,Proximity to Hospital,Apartment,Craftsman,5,8,1878,2002,Gable,Rolled Roofing,Board Batten,Manmade Stone,0.0,3,4,Combined footing,3.0,No Sunlight,Dry Wall,780,Furnace,4,No,NM Cable,780,240,1020,1,0,2,1,3,6,0,,No Garage,Unfinished,0,0,0,Only Gravel,0,0,0,0,No Fence,5,2010,Down payment assistance,Regular,78026.0,Y,Y,2021-10-27,38969126,"Stephan-Heintze-Straße 735
05718 Celle",Kamenz,Fidschi,annaliese62@jacobi.com,Unknown,Schleswig-Holstein,77782,46.0,2021-07-10,4.7,2021-07-10,4.7
1139,VacHomeClass-1,VacHomeZone-1,,9819,Cobblestone,Gravel,Reverse Pie,Flat,Trash|Gas|Water|Electricity,Interior lot,Little Slope,RNH 12,Proximity to School,Apartment,Contemporary,6,5,1980,1980,Gable,Rolled Roofing,Brick,Manmade Stone,0.0,3,3,Individual footing,3.0,French Doors,BrightWall Paneling,1567,Furnace,3,Yes,NM Cable,1567,0,1567,2,0,2,1,4,5,2,TA,Attached,Wood Sheathing,2,714,3,Paved,264,0,0,0,No Fence,5,2009,Down payment assistance,Regular,162686.0,N,N,2021-08-10,57763125,"Weinhagegasse 29
10151 Wanzleben",Sebnitz,Estland,ndussen-van@web.de,M,Schleswig-Holstein,22485,35.0,2021-11-04,4.5,2021-11-04,4.5
1140,VacHomeClass-2,VacHomeZone-1,98.0,8731,Cobblestone,Gravel,Reverse Pie,Flat,Trash|Gas|Water|Electricity,Interior lot,No Slope,RNH 4,Proximity to School,Apartment,Contemporary,5,5,1925,1956,Gable,Rolled Roofing,Fiber cement,Manmade Stone,0.0,3,2,Strip foundation,3.0,No Sunlight,CleanSpace Wall System,915,Furnace,3,Yes,NM Cable,1167,0,1167,1,0,3,1,3,6,1,Gd,Detached,Metal Panels,2,495,3,Paved,0,0,0,0,No Fence,5,2007,Down payment assistance,Regular,119526.0,Y,Y,2021-06-18,25156461,"Ramona-Lindau-Straße 5
99059 Belzig",Melsungen,Guam,miroslawa83@kensy.com,Unknown,Saarland,43170,44.0,2021-01-05,2.9,2021-01-05,2.9
1141,VacHomeClass-1,VacHomeZone-1,60.0,7350,Cobblestone,Gravel,Pie,Flat,Trash|Gas|Water|Electricity,Corner lot,No Slope,NAmes,Proximity to School,Apartment,Contemporary,5,7,1954,1957,Gable,Rolled Roofing,Horizontal Wood,Manmade Stone,0.0,3,3,Combined footing,3.0,Small Windows,BrightWall Paneling,952,Furnace,3,Yes,NM Cable,952,0,952,1,0,2,1,3,4,0,,Detached,Metal Panels,2,840,3,Paved,0,0,0,0,No Fence,6,2008,Reverse Mortgage,Shortsale,115376.0,N,Y,2021-11-26,85817876,"Sabrina-Bohlander-Gasse 0/3
80817 Hainichen",Querfurt,Marokko,katyzirme@googlemail.com,M,Schleswig-Holstein,81439,67.0,2021-03-21,1.7,2021-03-21,1.7
1142,VacHomeClass-6,VacHomeZone-1,,10304,Cobblestone,Gravel,Reverse Pie,Flat,Trash|Gas|Water|Electricity,Cul-de-sac,No Slope,RNH 17,Proximity to Park,Apartment,Bungalow,5,7,1981,1980,Gable,Rolled Roofing,Brick,Natural Stone,44.0,3,4,Combined footing,3.0,No Sunlight,BrightWall Paneling,780,Furnace,5,Yes,NM Cable,1088,780,1868,2,1,4,1,4,9,1,TA,Attached,Metal Panels,2,484,3,Paved,448,0,0,0,No Fence,10,2009,Down payment assistance,Regular,163931.0,Y,N,2021-04-14,85735484,"Jorge-Kambs-Ring 4/8
02397 Cuxhaven",Bad Kissingen,Serbien und Montenegro,mrohleder@aol.de,F,Sachsen-Anhalt,13201,99.0,2021-02-21,1.8,2021-02-21,1.8
1143,VacHomeClass-6,VacHomeZone-1,77.0,9965,Cobblestone,Gravel,Pie,Flat,Trash|Gas|Water|Electricity,Interior lot,No Slope,RNH 6,Proximity to School,Apartment,Bungalow,8,5,2010,2015,Sawtooth,Rolled Roofing,Board Batten,Manmade Panels,340.0,4,3,Individual footing,5.0,French Doors,ZenWall Panels,1466,Furnace,5,Yes,NM Cable,1466,1362,2828,3,0,4,1,4,11,1,TA,Breezeway,Wood Sheathing,3,1052,3,Paved,125,0,0,0,No Fence,4,2007,Government-backed programs,Distress Sale,352648.1,Y,Y,2021-12-01,79292092,"Ortwin-Trubin-Platz 8
27898 Mühlhausen",Kleve,Mikronesien,guentheroderwald@ring.net,F,Mecklenburg-Vorpommern,51260,15.0,2021-09-27,4.9,2021-09-27,4.9
1144,VacHomeClass-1,VacHomeZone-1,,9000,Cobblestone,Gravel,Pie,Flat,Trash|Gas|Water|Electricity,Interior lot,No Slope,RNH 20,Proximity to School,Apartment,Contemporary,5,3,1963,1966,Gable,Rolled Roofing,Wood Shingle,Manmade Stone,0.0,3,3,Combined footing,3.0,No Sunlight,ZenWall Panels,1006,Furnace,3,Yes,NM Cable,1006,0,1006,1,0,3,1,3,5,0,,No Garage,Unfinished,0,0,0,Paved,0,0,0,0,No Fence,7,2008,Down payment assistance,Regular,66406.0,Y,N,2021-06-23,43471270,"Weihmannplatz 4
56018 Grafenau",Wetzlar,Puerto Rico,halbers@hofmann.de,F,Bremen,98693,78.0,2021-04-19,2.1,2021-04-19,2.1
1145,VacHomeClass-15,VacHomeZone-1,60.0,12180,Cobblestone,Gravel,Pie,Flat,Trash|Gas|Water|Electricity,Interior lot,No Slope,RNH 8,Proximity to School,Condo,Craftsman,4,4,1946,1956,Gable,Rolled Roofing,Log Wood,Manmade Stone,0.0,3,2,Strip foundation,4.0,No Sunlight,CleanSpace Wall System,672,Heat Pump,2,No,Underground Feeder Cable,672,252,924,1,0,2,1,2,5,0,,Detached,Metal Panels,1,280,3,Paved,0,0,0,0,Vinyl Fences,7,2010,Down payment assistance,Regular,66406.0,N,N,2021-12-09,49577822,"Rohledergasse 26
76363 Bautzen",Wolfach,Niederländische Antillen,ulfruppert@yahoo.de,M,Bayern,72479,72.0,2021-06-16,1.8,2021-06-16,1.8
1146,VacHomeClass-5,VacHomeZone-2,52.0,6240,Cobblestone,Gravel,Pie,Flat,Trash|Gas|Water|Electricity,Interior lot,No Slope,RNH 4,Proximity to School,Apartment,Craftsman,5,6,1933,1957,Gable,Rolled Roofing,Log Wood,Manmade Stone,0.0,3,3,Strip foundation,3.0,No Sunlight,Dry Wall,1042,Furnace,5,Yes,NM Cable,1042,534,1576,1,0,3,1,3,8,1,Gd,Detached,Metal Panels,1,225,3,Paved,0,0,0,0,No Fence,8,2006,Down payment assistance,Foreclosure,123676.0,Y,N,2021-05-09,46043870,"Nergerstraße 5
56441 Reutlingen",Kelheim,Falklandinseln,mdippel@radisch.org,Unknown,Niedersachsen,30716,98.0,2021-07-05,3.0,2021-07-05,3.0
1147,VacHomeClass-1,VacHomeZone-1,,11200,Cobblestone,Gravel,Pie,Flat,Trash|Gas|Water|Electricity,Interior lot,No Slope,RNH 21,Proximity to School,Apartment,Contemporary,6,5,1986,1990,Gable,Rolled Roofing,Wood Shingle,Natural Stone,85.0,4,3,Combined footing,4.0,No Sunlight,ZenWall Panels,1298,Furnace,3,Yes,NM Cable,1298,0,1298,2,0,3,1,4,5,1,TA,Attached,Metal Panels,2,403,3,Paved,165,0,0,0,No Fence,5,2006,Down payment assistance,Regular,149406.0,N,N,2021-07-12,80381105,"Justine-Hartung-Weg 5
48462 Germersheim",Pfaffenhofen an der Ilm,Liechtenstein,beyermonja@heinz.com,M,Sachsen,22415,2.0,2021-03-18,3.6,2021-03-18,3.6
1148,VacHomeClass-7,VacHomeZone-1,75.0,12000,Cobblestone,Gravel,Pie,Slope,Trash|Gas|Water|Electricity,Interior lot,No Slope,RNH 7,Proximity to School,Apartment,Bungalow,7,7,1945,1956,Gable,Rolled Roofing,Log Wood,Manmade Stone,0.0,3,3,Combined footing,3.0,No Sunlight,Foamax,704,Furnace,5,Yes,NM Cable,860,704,1564,1,1,3,1,2,7,1,Gd,Attached,Metal Panels,1,234,3,Paved,0,0,0,0,No Fence,7,2009,Down payment assistance,Regular,144841.0,Y,Y,2021-09-18,6434892,"Nermin-Jacob-Gasse 7
94855 Reutlingen",Grimma,Salomonen,birgittahornig@gmail.com,Unknown,Hessen,85491,98.0,2021-06-24,3.1,2021-06-24,3.1
1149,VacHomeClass-5,VacHomeZone-2,,5700,Cobblestone,Gravel,Pie,Flat,Trash|Gas|Water|Electricity,Interior lot,No Slope,RNH 18,Proximity to School,Apartment,Craftsman,7,7,1930,1956,Gable,Rolled Roofing,Wood Shingle,Manmade Stone,0.0,3,3,Individual footing,3.0,No Sunlight,Dry Wall,572,Furnace,3,Yes,NM Cable,572,539,1111,1,0,2,1,3,5,1,Gd,Detached,Metal Panels,1,288,3,Paved,0,0,0,0,No Fence,8,2008,Down payment assistance,Regular,97033.0,N,N,2021-04-05,30841772,"Isabella-Scholtz-Straße 7/7
04124 Anklam",Mayen,Singapur,jolanda81@googlemail.com,Unknown,Berlin,97152,95.0,2021-01-16,1.5,2021-01-16,1.5
1150,VacHomeClass-7,VacHomeZone-2,50.0,9000,Cobblestone,Gravel,Pie,Flat,Trash|Gas|Water|Electricity,Interior lot,No Slope,RNH 18,Proximity to Gym,Apartment,Bungalow,7,9,1925,1996,Sawtooth,Rolled Roofing,Board Batten,Manmade Stone,0.0,3,4,Individual footing,3.0,No Sunlight,BrightWall Paneling,650,Furnace,5,Yes,NM Cable,832,650,1482,1,0,3,1,3,7,0,,Detached,Metal Panels,2,324,3,Paved,0,0,0,0,No Fence,7,2009,Down payment assistance,Regular,118696.0,N,N,2021-10-22,124515,"Sepp-Jacobi Jäckel-Ring 527
94400 Neubrandenburg",Hersbruck,Äthiopien,ortrudhaering@caspar.net,M,Hessen,90178,17.0,2021-05-28,4.6,2021-05-28,4.6
1151,VacHomeClass-1,VacHomeZone-1,57.0,8280,Cobblestone,Gravel,Reverse Pie,Flat,Trash|Gas|Water|Electricity,Interior lot,No Slope,NAmes,Proximity to School,Apartment,Contemporary,6,5,1951,1959,Gable,Rolled Roofing,Vertical Wood,Manmade Stone,0.0,3,3,Combined footing,3.0,No Sunlight,Dry Wall,932,Furnace,5,Yes,Underground Feeder Cable,932,0,932,1,0,2,1,4,4,1,Gd,Attached,Metal Panels,1,306,3,Paved,0,0,0,0,Composite Fences,11,2007,Down payment assistance,Regular,102926.0,N,N,2021-02-07,22246783,"Ullmannplatz 4/6
02437 Ilmenau",Worbis,Irland,claudius22@hoevel.net,Unknown,Sachsen-Anhalt,29265,27.0,2021-10-31,2.4,2021-10-31,2.4
1152,VacHomeClass-1,VacHomeZone-1,134.0,17755,Cobblestone,Gravel,Pie,Flat,Trash|Gas|Water|Electricity,Interior lot,No Slope,RNH 8,Proximity to School,Apartment,Contemporary,5,4,1964,1969,Gable,Rolled Roofing,Horizontal Wood,Natural Stone,132.0,3,3,Combined footing,3.0,No Sunlight,CleanSpace Wall System,1466,Furnace,3,Yes,NM Cable,1466,0,1466,1,1,3,1,2,6,2,Gd,Attached,DryWall,2,528,3,Paved,0,0,0,0,No Fence,11,2006,Down payment assistance,Regular,124423.0,Y,Y,2021-07-30,29965472,"van der Dussenweg 0/4
70829 Pinneberg",Eberswalde,Libyen,tzahn@kitzmann.de,F,Hessen,40770,28.0,2021-07-08,4.8,2021-07-08,4.8
1153,VacHomeClass-1,VacHomeZone-1,90.0,14115,Cobblestone,Gravel,Reverse Pie,Flat,Trash|Gas|Water|Electricity,Interior lot,No Slope,RNH 7,Proximity to School,Apartment,Contemporary,6,7,1960,2011,Gable,Rolled Roofing,Concrete,Manmade Stone,0.0,3,3,Individual footing,3.0,No Sunlight,BrightWall Paneling,1073,Furnace,5,Yes,NM Cable,1811,0,1811,1,0,2,1,5,6,1,Gd,Attached,DryWall,2,470,3,Paved,0,0,0,0,No Fence,7,2006,Down payment assistance,Shortsale,190906.0,Y,N,2021-02-07,85449268,"Beierallee 90
09004 Eisenhüttenstadt",Lübeck,Französisch-Polynesien,vhande@yahoo.de,F,Hamburg,18599,42.0,2021-01-01,4.4,2021-01-01,4.4
1154,VacHomeClass-2,VacHomeZone-2,,5890,Cobblestone,Gravel,Pie,Flat,Trash|Gas|Water|Electricity,Corner lot,No Slope,RNH 10,Proximity to School,Apartment,Contemporary,6,8,1935,2010,Gable,Rolled Roofing,Wood Shingle,Manmade Stone,0.0,4,4,Strip foundation,3.0,Large Windows,BrightWall Paneling,816,Furnace,5,Yes,NM Cable,816,0,816,1,0,2,1,3,5,0,,Detached,Metal Panels,1,432,3,Paved,0,0,0,0,No Fence,6,2008,Down payment assistance,Regular,100021.0,N,N,2021-06-03,13235734,"Kuschplatz 7/6
42412 Hansestadttralsund",Herzberg,Martinique,utaesche@hotmail.de,Unknown,Rheinland-Pfalz,12108,69.0,2021-09-19,4.2,2021-09-19,4.2
1155,VacHomeClass-6,VacHomeZone-1,,13700,Cobblestone,Gravel,Reverse Pie,Flat,Trash|Gas|Water|Electricity,Interior lot,No Slope,NAmes,Proximity to School,Apartment,Bungalow,7,6,1967,1991,Gable,Rolled Roofing,Board Batten,Manmade Panels,288.0,3,3,Combined footing,3.0,French Doors,BrightWall Paneling,864,Furnace,3,Yes,NM Cable,902,918,1820,1,2,4,1,4,8,2,Gd,Attached,Metal Panels,2,492,3,Paved,60,0,0,0,Composite Fences,5,2008,Down payment assistance,Regular,167500.0,Y,N,2021-05-19,30342590,"Peer-Pruschke-Weg 717
62665 Rathenow",Illertissen,Puerto Rico,lwiek@googlemail.com,Unknown,Saarland,59988,34.0,2021-06-04,4.6,2021-06-04,4.6
1156,VacHomeClass-1,VacHomeZone-1,90.0,10768,Cobblestone,Gravel,Reverse Pie,Flat,Trash|Gas|Water|Electricity,Corner lot,No Slope,RNH 25,Proximity to School,Apartment,Contemporary,5,8,1980,2009,Gable,Rolled Roofing,Brick,Manmade Stone,0.0,4,4,Combined footing,4.0,French Doors,BrightWall Paneling,1437,Furnace,3,Yes,NM Cable,1437,0,1437,2,0,3,1,4,6,1,Fa,Attached,Wood Sheathing,2,528,3,Paved,0,0,0,0,No Fence,7,2007,Down payment assistance,Regular,180946.0,Y,Y,2021-04-25,95994406,"Pohlring 37
49267 Gifhorn",Badibling,Argentinien,bbudig@gute.net,M,Hamburg,37137,15.0,2021-10-05,3.7,2021-10-05,3.7
1157,VacHomeClass-9,VacHomeZone-1,85.0,9350,Cobblestone,Gravel,Pie,Flat,Trash|Gas|Water|Electricity,Interior lot,No Slope,NAmes,Proximity to School,Apartment,Spanish,5,8,1966,2003,Gable,Rolled Roofing,Vertical Wood,Manmade Stone,0.0,3,4,Individual footing,3.0,French Doors,BrightWall Paneling,1219,Furnace,4,Yes,NM Cable,1265,0,1265,2,0,3,1,4,6,1,Gd,Attached,Wood Sheathing,2,502,3,Paved,0,96,0,0,Vinyl Fences,10,2008,Down payment assistance,Regular,149323.0,Y,N,2021-07-24,67589494,"Wenke-Nette-Allee 2/7
68172 Apolda",Lemgo,Dschibuti,irosenow@hotmail.de,Unknown,Hessen,19765,70.0,2021-08-01,3.4,2021-08-01,3.4
1158,VacHomeClass-12,VacHomeZone-1,34.0,5001,Cobblestone,Gravel,Reverse Pie,Flat,Trash|Gas|Water|Electricity,Interior lot,No Slope,RNH 16,Proximity to School,MultiFamilyHome,Contemporary,7,5,2010,2014,Gable,Rolled Roofing,Board Batten,Manmade Panels,166.0,4,3,Individual footing,4.0,No Sunlight,ZenWall Panels,1314,Furnace,5,Yes,NM Cable,1314,0,1314,2,0,2,1,4,6,1,Gd,Attached,Wood Sheathing,2,626,3,Paved,172,0,0,0,No Fence,7,2009,Down payment assistance,Regular,190906.0,N,N,2021-08-22,82541958,"Bärbel-Wilms-Gasse 083
14618 Neuruppin",Jüterbog,Färöer,birgitta27@web.de,Unknown,Sachsen,8818,97.0,2021-06-12,2.5,2021-06-12,2.5
1159,VacHomeClass-1,VacHomeZone-1,92.0,11932,Cobblestone,Gravel,Pie,Flat,Trash|Gas|Water|Electricity,T-intersection,No Slope,RNH 22,Proximity to Hospital,Apartment,Contemporary,8,5,2012,2012,Gable,Rolled Roofing,Board Batten,Manmade Panels,186.0,4,3,Individual footing,4.0,No Sunlight,Dry Wall,1580,Furnace,5,Yes,NM Cable,1580,0,1580,2,0,3,1,4,7,0,,Attached,Wood Sheathing,3,830,3,Paved,0,0,0,0,No Fence,6,2008,Rent-to-own,Distress Sale,195162.24,Y,Y,2021-11-08,30722033,"Jockelring 6/4
18688 Herzberg",Gunzenhausen,Nepal,gertraudedobes@web.de,M,Sachsen,13682,53.0,2021-01-15,4.7,2021-01-15,4.7
1160,VacHomeClass-6,VacHomeZone-1,76.0,9120,Cobblestone,Gravel,Pie,Flat,Trash|Gas|Water|Electricity,Interior lot,No Slope,RNH 17,Proximity to School,Apartment,Bungalow,6,6,1975,1980,Sawtooth,Rolled Roofing,Horizontal Wood,Natural Stone,270.0,4,3,Combined footing,3.0,No Sunlight,BrightWall Paneling,901,Furnace,3,Yes,NM Cable,943,933,1876,2,1,4,1,4,8,1,TA,Attached,Wood Sheathing,2,540,4,Paved,0,0,0,0,No Fence,7,2008,Down payment assistance,Regular,153556.0,Y,N,2021-02-04,46715890,"Weihmannplatz 9/5
76208 Vohenstrauß",Apolda,Chile,nroerricht@dietz.com,F,Bayern,88885,14.0,2021-06-21,3.1,2021-06-21,3.1
1161,VacHomeClass-13,VacHomeZone-1,24.0,2280,Cobblestone,Gravel,Pie,Flat,Trash|Gas|Water|Electricity,Interior lot,No Slope,RNH 15,Proximity to School,MultiFamilyHome,Bungalow,6,5,1979,1988,Gable,Rolled Roofing,Brick,Manmade Stone,0.0,3,3,Combined footing,4.0,No Sunlight,BrightWall Paneling,855,Furnace,2,Yes,NM Cable,855,601,1456,2,1,3,1,3,7,1,TA,Attached,Metal Panels,2,440,3,Paved,26,0,0,0,No Fence,7,2010,Down payment assistance,Regular,121186.0,Y,N,2021-06-14,82577681,"Metzgasse 48
39008 Malchin",Wismar,Svalbard und Jan Mayen,christa-maria12@googlemail.com,M,Niedersachsen,94901,1.0,2021-09-22,2.5,2021-09-22,2.5
1162,VacHomeClass-1,VacHomeZone-1,,14778,Cobblestone,Gravel,Reverse Pie,Low Level,Trash|Gas|Water|Electricity,Cul-de-sac,No Slope,RNH 7,Proximity to Park,Apartment,Contemporary,6,7,1959,2016,Sawtooth,Rolled Roofing,Horizontal Wood,Natural Stone,72.0,4,3,Combined footing,3.0,No Sunlight,CleanSpace Wall System,1296,Furnace,5,Yes,NM Cable,1640,0,1640,1,0,3,1,4,7,1,Gd,Detached,Metal Panels,2,924,3,Paved,108,216,0,0,No Fence,11,2008,Down payment assistance,Regular,185926.0,Y,Y,2021-03-08,15737021,"Kösterplatz 60
52036 Kitzingen",Fürstenfeldbruck,Malaysia,alena76@web.de,Unknown,Schleswig-Holstein,13249,43.0,2021-03-31,4.0,2021-03-31,4.0
1163,VacHomeClass-1,VacHomeZone-1,109.0,8724,Cobblestone,Gravel,Pie,Flat,Trash|Gas|Water|Electricity,Interior lot,No Slope,RNH 20,Proximity to School,Apartment,Contemporary,5,5,1970,1975,Gable,Rolled Roofing,Board Batten,Manmade Stone,0.0,3,3,Combined footing,4.0,No Sunlight,CleanSpace Wall System,894,Furnace,4,Yes,NM Cable,894,0,894,1,0,3,1,3,5,1,Po,Attached,DryWall,2,450,3,Paved,0,0,0,0,No Fence,5,2007,Down payment assistance,Regular,107076.0,N,N,2021-04-26,126540,"Dörschnerweg 5
93500 Eckernförde",Hünfeld,Panama,mitschkevolker@jacobi.de,Unknown,Baden-Württemberg,26027,89.0,2021-08-31,3.2,2021-08-31,3.2
1164,VacHomeClass-11,VacHomeZone-1,60.0,12900,Cobblestone,Gravel,Pie,Flat,Trash|Gas|Water|Electricity,Interior lot,No Slope,RNH 20,Proximity to Hospital,Townhome,Georgian,4,4,1970,1976,Gable,Rolled Roofing,Brick,Manmade Stone,0.0,3,3,Combined footing,4.0,Large Windows,ZenWall Panels,1198,Furnace,3,Yes,NM Cable,1258,0,1258,0,2,0,2,3,6,0,,Carports,Metal Panels,2,400,2,Paved,120,0,0,0,No Fence,1,2008,Down payment assistance,Foreclosure,90441.97,Y,Y,2021-12-24,63853247,"Girschnerstr. 82
64285 Celle",Büsingen am Hochrhein,Réunion,wesackveli@wagner.com,Unknown,Brandenburg,36792,87.0,2021-03-13,4.1,2021-03-13,4.1
1165,VacHomeClass-9,VacHomeZone-1,,16157,Cobblestone,Gravel,Reverse Pie,Flat,Trash|Gas|Water|Electricity,T-intersection,No Slope,RNH 25,Proximity to Hospital,Apartment,Spanish,5,7,1981,1983,Gable,Rolled Roofing,Brick,Manmade Stone,0.0,3,3,Individual footing,4.0,French Doors,BrightWall Paneling,1360,Furnace,5,Yes,NM Cable,1432,0,1432,1,1,2,1,4,5,1,TA,Attached,Metal Panels,2,588,3,Paved,168,0,0,0,No Fence,6,2007,Down payment assistance,Regular,161026.0,N,N,2021-05-28,46172167,"Langernstraße 868
90327 Weißwasser",Burg,Griechenland,danieleboucsein@aol.de,M,Brandenburg,89698,2.0,2021-10-29,1.2,2021-10-29,1.2
1166,VacHomeClass-1,VacHomeZone-1,79.0,9541,Cobblestone,Gravel,Reverse Pie,Flat,Trash|Gas|Water|Electricity,Interior lot,No Slope,RNH 16,Proximity to School,Apartment,Contemporary,7,5,2010,2014,Gable,Rolled Roofing,Board Batten,Manmade Panels,268.0,4,3,Individual footing,4.0,No Sunlight,Dry Wall,1502,Furnace,5,Yes,NM Cable,1502,0,1502,2,0,3,1,4,7,0,,Attached,Wood Sheathing,2,644,3,Paved,0,0,0,0,No Fence,9,2009,Government-backed programs,Distress Sale,193537.1,Y,Y,2021-10-03,8967251,"Geiselplatz 08
94699 Kehl",Gräfenhainichen,Palau,erol34@web.de,Unknown,Hessen,73793,83.0,2021-08-23,1.3,2021-08-23,1.3
1167,VacHomeClass-1,VacHomeZone-1,64.0,10475,Cobblestone,Gravel,Reverse Pie,Flat,Trash|Gas|Water|Electricity,Corner lot,No Slope,RNH 6,Proximity to School,Apartment,Contemporary,8,5,2010,2018,Gable,Rolled Roofing,Board Batten,Manmade Panels,72.0,4,3,Individual footing,4.0,Large Windows,Dry Wall,1694,Furnace,5,Yes,NM Cable,1694,0,1694,2,0,3,1,4,7,0,,Attached,Wood Sheathing,3,776,3,Paved,160,0,0,0,No Fence,2,2010,Down payment assistance,Regular,203646.5,Y,Y,2021-11-14,3244258,"Jäntschweg 924
28817 Erfurt",Mühldorf am Inn,Dominica,gtlustek@googlemail.com,M,Hamburg,79053,98.0,2021-09-10,2.0,2021-09-10,2.0
1168,VacHomeClass-6,VacHomeZone-1,58.0,10852,Cobblestone,Gravel,Reverse Pie,Flat,Trash|Gas|Water|Electricity,Interior lot,No Slope,RNH 9,Proximity to Restaurants,Apartment,Bungalow,6,5,2003,2008,Gable,Rolled Roofing,Board Batten,Manmade Stone,0.0,3,3,Individual footing,4.0,No Sunlight,ZenWall Panels,959,Furnace,5,Yes,NM Cable,959,712,1671,2,1,3,1,3,7,1,TA,Attached,DryWall,2,472,3,Paved,0,0,0,0,No Fence,2,2006,Down payment assistance,Regular,143596.0,N,Y,2021-01-24,97839828,"Deborah-Holsten-Weg 5/2
16130 Peine",Lemgo,Panama,bluemelsigrid@gmx.de,F,Sachsen-Anhalt,29395,35.0,2021-09-12,4.6,2021-09-12,4.6
1169,VacHomeClass-7,VacHomeZone-1,120.0,13728,Cobblestone,Gravel,Pie,Flat,Trash|Gas|Water|Electricity,Corner lot,No Slope,RNH 8,Proximity to School,Apartment,Bungalow,6,7,1940,1992,Sawtooth,Rolled Roofing,Fiber cement,Manmade Stone,0.0,3,3,Combined footing,3.0,No Sunlight,Foamax,1127,Furnace,5,Yes,NM Cable,1236,872,2108,2,0,4,1,4,7,2,TA,Barns,Metal Panels,2,540,3,Paved,0,0,0,0,No Fence,7,2008,Down payment assistance,Regular,195056.0,N,Y,2021-12-02,43424115,"Schwitalallee 824
65401 Pößneck",Hohenmölsen,Saudi-Arabien,anetaritter@googlemail.com,Unknown,Baden-Württemberg,96353,3.0,2021-03-11,3.6,2021-03-11,3.6
1170,VacHomeClass-6,VacHomeZone-1,118.0,35760,Cobblestone,Gravel,Reverse Pie,Flat,Trash|Gas|Water|Electricity,Cul-de-sac,No Slope,RNH 14,Proximity to School,Apartment,Bungalow,10,5,1999,2002,Sawtooth,Rolled Roofing,Horizontal Wood,Natural Stone,1378.0,4,4,Individual footing,5.0,French Doors,ZenWall Panels,1930,Furnace,5,Yes,NM Cable,1831,1796,3627,3,1,4,1,4,10,1,TA,Attached,DryWall,3,807,3,Paved,361,0,0,0,No Fence,7,2006,Down payment assistance,Regular,518756.0,Y,N,2021-11-16,42973522,"Kensyweg 886
74195 Ebersberg",Rehau,Botsuana,drubklara@googlemail.com,Unknown,Saarland,74831,39.0,2021-06-21,3.8,2021-06-21,3.8
1171,VacHomeClass-9,VacHomeZone-1,76.0,9880,Cobblestone,Gravel,Pie,Flat,Trash|Gas|Water|Electricity,Interior lot,No Slope,RNH 12,Proximity to School,Apartment,Spanish,6,6,1981,1983,Gable,Rolled Roofing,Brick,Manmade Stone,0.0,3,3,Combined footing,3.0,Large Windows,BrightWall Paneling,1096,Furnace,3,Yes,NM Cable,1118,0,1118,1,0,3,1,3,6,1,Po,Attached,DryWall,1,358,3,Paved,203,0,576,4,Composite Fences,7,2008,Down payment assistance,Regular,141936.0,Y,Y,2021-11-18,20933050,"Lisbeth-Eberhardt-Straße 7
03591 Bad Freienwalde",Ahaus,Bosnien und Herzegowina,scheibekaren@soeding.de,F,Hamburg,55833,54.0,2021-01-15,2.7,2021-01-15,2.7
1172,VacHomeClass-1,VacHomeZone-1,76.0,9120,Cobblestone,Gravel,Pie,Flat,Trash|Gas|Water|Electricity,Interior lot,No Slope,NAmes,Proximity to School,Apartment,Contemporary,6,6,1959,1961,Sawtooth,Rolled Roofing,Log Wood,Manmade Stone,0.0,3,3,Combined footing,3.0,No Sunlight,BrightWall Paneling,1261,Furnace,5,Yes,NM Cable,1261,0,1261,1,0,3,1,3,6,1,TA,Attached,Wood Sheathing,2,433,3,Paved,0,0,0,0,No Fence,11,2008,Down payment assistance,Regular,135296.0,N,N,2021-07-24,18840353,"Kobeltallee 31
52447 Neuss",Weißenfels,Tadschikistan,yschleich@heser.org,M,Thüringen,59330,45.0,2021-03-03,1.1,2021-03-03,1.1
1173,VacHomeClass-13,VacHomeZone-5,35.0,4017,Cobblestone,Cobblestone,Reverse Pie,Flat,Trash|Gas|Water|Electricity,Interior lot,No Slope,RNH 22,Proximity to School,SingleFamilyHome,Bungalow,7,5,2008,2012,Gable,Rolled Roofing,Log Wood,Manmade Stone,0.0,4,3,Individual footing,4.0,No Sunlight,Dry Wall,625,Furnace,5,Yes,NM Cable,625,625,1250,2,1,2,1,4,5,0,,Detached,DryWall,2,625,3,Paved,0,0,0,0,No Fence,3,2008,Down payment assistance,Regular,142683.0,Y,N,2021-05-12,86189170,"Karzring 526
14993 Eilenburg",Wittstock,Montserrat,martinaneuschaefer@trupp.com,Unknown,Mecklenburg-Vorpommern,33908,83.0,2021-07-03,3.4,2021-07-03,3.4
1174,VacHomeClass-5,VacHomeZone-1,138.0,18030,Cobblestone,Gravel,Reverse Pie,Slope,Trash|Gas|Water|Electricity,Interior lot,No Slope,RNH 5,Proximity to School,Apartment,Craftsman,5,6,1948,1999,Gable,Rolled Roofing,Log Wood,Manmade Stone,0.0,3,3,Combined footing,3.0,No Sunlight,Foamax,1598,Furnace,3,Yes,NM Cable,1636,971,3086,3,0,3,1,5,12,1,Gd,No Garage,Unfinished,0,0,0,Paved,122,0,0,0,Vinyl Fences,3,2007,Down payment assistance,Regular,166421.0,N,Y,2021-10-02,13610753,"Geiselring 4/2
38305 Büsingen am Hochrhein",Sebnitz,Indien,kordula84@krebs.com,M,Mecklenburg-Vorpommern,49722,84.0,2021-04-28,4.0,2021-04-28,4.0
1175,VacHomeClass-7,VacHomeZone-1,80.0,16560,Cobblestone,Gravel,Reverse Pie,Flat,Trash|Gas|Water|Electricity,Interior lot,No Slope,RNH 7,Proximity to School,Apartment,Bungalow,6,8,1934,1956,Gable,Rolled Roofing,Wood Shingle,Manmade Stone,0.0,3,3,Strip foundation,4.0,No Sunlight,Foamax,952,Furnace,3,Yes,NM Cable,1170,1175,2345,2,1,4,1,3,9,1,Gd,Detached,Metal Panels,2,360,3,Paved,0,0,0,0,No Fence,7,2006,Down payment assistance,Regular,198376.0,N,N,2021-12-10,47330511,"Ilona-Römer-Straße 106
28159 Kelheim",Viersen,Libanon,ejopich@gmail.com,M,Hamburg,92408,8.0,2021-08-16,3.5,2021-08-16,3.5
1176,VacHomeClass-5,VacHomeZone-1,85.0,10678,Cobblestone,Gravel,Pie,Flat,Trash|Gas|Water|Electricity,Interior lot,No Slope,RNH 14,Proximity to School,Apartment,Craftsman,8,5,1995,2006,Sawtooth,Rolled Roofing,Horizontal Wood,Natural Stone,337.0,4,3,Individual footing,4.0,No Sunlight,ZenWall Panels,1683,Furnace,5,Yes,NM Cable,2129,743,2872,2,1,4,1,4,9,1,TA,Attached,DryWall,2,541,3,Paved,0,0,0,0,No Fence,4,2007,Down payment assistance,Regular,236556.0,Y,Y,2021-11-25,95426082,"Haasestr. 3
88146 Passau",Lübben,Suriname,cornelius39@plath.de,Unknown,Hessen,84821,57.0,2021-10-23,4.1,2021-10-23,4.1
1177,VacHomeClass-1,VacHomeZone-1,37.0,6951,Cobblestone,Gravel,Reverse Pie,Flat,Trash|Gas|Water|Electricity,Cul-de-sac,No Slope,RNH 12,Proximity to School,Apartment,Contemporary,5,5,1985,1990,Gable,Rolled Roofing,Horizontal Wood,Manmade Stone,0.0,3,3,Combined footing,3.0,No Sunlight,BrightWall Paneling,876,Furnace,3,Yes,NM Cable,923,0,923,1,0,3,1,3,5,0,,Attached,Metal Panels,1,264,3,Paved,362,0,0,0,Vinyl Fences,10,2008,Down payment assistance,Regular,99191.0,N,Y,2021-12-01,53434036,"Kabusplatz 0/5
77263 Helmstedt",Ludwigsburg,Nicaragua,cseifert@reinhardt.org,F,Rheinland-Pfalz,75311,57.0,2021-01-24,3.3,2021-01-24,3.3
1178,VacHomeClass-5,VacHomeZone-2,,3950,Cobblestone,Concrete,Pie,Slope,Trash|Gas|Water|Electricity,Interior lot,No Slope,RNH 18,Proximity to Gym,Apartment,Craftsman,6,8,1927,2008,Gable,Rolled Roofing,Log Wood,Manmade Stone,0.0,3,3,Combined footing,3.0,No Sunlight,Foamax,818,Furnace,3,Yes,NM Cable,818,406,1224,1,0,3,1,3,5,0,,Detached,Metal Panels,1,210,3,Only Gravel,0,0,0,0,No Fence,12,2009,Down payment assistance,Regular,95456.0,Y,Y,2021-04-24,24247399,"Bianca-Zirme-Weg 221
61946 Dessau",Paderborn,Ukraine,julian06@gmx.de,Unknown,Berlin,63353,76.0,2021-12-28,4.4,2021-12-28,4.4
1179,VacHomeClass-5,VacHomeZone-1,54.0,7681,Cobblestone,Gravel,Reverse Pie,Flat,Trash|Gas|Water|Electricity,T-intersection,No Slope,RNH 7,Proximity to School,Apartment,Craftsman,5,6,1923,1959,Gable,Rolled Roofing,Wood Shingle,Manmade Stone,0.0,3,3,Strip foundation,3.0,No Sunlight,Dry Wall,731,Furnace,5,Yes,NM Cable,820,523,1343,1,1,3,1,3,7,1,Gd,Detached,Metal Panels,1,186,2,Paved,192,0,0,0,No Fence,7,2009,Down payment assistance,Regular,128573.0,N,N,2021-07-12,42422433,"Rudolphweg 0
87487 Miltenberg",Darmstadt,Sonderverwaltungszone Hongkong,xscholtz@gmx.de,Unknown,Sachsen-Anhalt,36155,2.0,2021-08-01,2.6,2021-08-01,2.6
1180,VacHomeClass-1,VacHomeZone-1,77.0,8335,Cobblestone,Gravel,Pie,Flat,Trash|Gas|Water|Electricity,Corner lot,No Slope,RNH 8,Proximity to School,Apartment,Contemporary,5,5,1956,1960,Gable,Rolled Roofing,Wood Shingle,Manmade Stone,0.0,3,3,Pile foundation,,,,0,Furnace,4,Yes,NM Cable,1124,0,1124,1,0,3,1,3,5,1,Gd,No Garage,Unfinished,0,0,0,Only Gravel,0,0,0,0,No Fence,4,2006,Down payment assistance,Regular,77196.0,Y,N,2021-07-06,23186651,"Jose-Speer-Allee 1/5
68088 Badoberan",Niesky,Vatikanstadt,antonie37@hotmail.de,Unknown,Sachsen,72959,40.0,2021-12-07,1.6,2021-12-07,1.6
1181,VacHomeClass-6,VacHomeZone-1,,11170,Cobblestone,Gravel,Rectangular,Flat,Trash|Gas|Water|Electricity,Corner lot,No Slope,RNH 24,Proximity to School,Apartment,Bungalow,7,5,1992,1998,Gable,Rolled Roofing,Log Wood,Manmade Stone,0.0,3,3,Raft foundation,4.0,No Sunlight,Basement to Beautiful Panels,1216,Furnace,5,Yes,NM Cable,1298,1216,2514,2,1,4,1,3,8,0,,Attached,DryWall,2,693,3,Paved,0,0,0,0,Composite Fences,4,2006,Down payment assistance,Regular,207506.0,Y,Y,2021-09-08,81305452,"Edith-Adolph-Straße 511
60198 Wittenberg",Moers,Haiti,brudersonja@googlemail.com,M,Schleswig-Holstein,62505,51.0,2021-01-16,1.1,2021-01-16,1.1
1182,VacHomeClass-12,VacHomeZone-2,64.0,5587,Cobblestone,Gravel,Reverse Pie,High Level,Trash|Gas|Water|Electricity,Interior lot,Little Slope,RNH 7,Proximity to School,SingleFamilyHome,Contemporary,8,5,2012,2015,Sawtooth,Rolled Roofing,Metal,Manmade Panels,186.0,5,3,Individual footing,5.0,French Doors,ZenWall Panels,1600,Furnace,5,Yes,NM Cable,1652,0,1652,2,0,2,1,4,5,1,Gd,Attached,DryWall,2,482,3,Paved,162,153,0,0,No Fence,11,2008,Government-backed programs,Distress Sale,325781.0,Y,Y,2021-06-04,42079200,"Marie-Luise-Buchholz-Straße 1
04750 Erding",Göttingen,Tunesien,jbachmann@bohnbach.com,F,Mecklenburg-Vorpommern,85528,75.0,2021-05-24,1.4,2021-05-24,1.4
1183,VacHomeClass-6,VacHomeZone-1,160.0,15623,Cobblestone,Gravel,Reverse Pie,Flat,Trash|Gas|Water|Electricity,Corner lot,No Slope,RNH 14,Proximity to School,Apartment,Bungalow,10,5,2000,2000,Sawtooth,Rolled Roofing,Wood Shingle,Manmade Stone,0.0,4,3,Individual footing,5.0,Large Windows,ZenWall Panels,2396,Furnace,5,Yes,NM Cable,2411,2065,4476,3,1,4,1,5,10,2,TA,Attached,DryWall,3,813,3,Paved,171,0,555,5,Vinyl Fences,7,2007,Down payment assistance,Shortsale,618356.0,Y,Y,2021-12-02,41568248,"Juliane-Liebelt-Weg 3
78961 Dinslaken",Regensburg,Äußeres Ozeanien,roehrdanzhelen@yahoo.de,M,Sachsen-Anhalt,85224,70.0,2021-04-30,1.0,2021-04-30,1.0
1184,VacHomeClass-2,VacHomeZone-1,60.0,10800,Cobblestone,Concrete,Pie,Flat,Trash|Gas|Water|Electricity,Interior lot,No Slope,RNH 18,Proximity to School,Apartment,Contemporary,5,6,1924,1958,Sawtooth,Rolled Roofing,Fiber cement,Manmade Stone,0.0,3,3,Strip foundation,3.0,No Sunlight,Foamax,1120,Furnace,5,Yes,NM Cable,1130,0,1130,1,0,2,1,3,5,1,Gd,Detached,Metal Panels,2,720,3,Paved,229,0,0,0,No Fence,6,2006,Down payment assistance,Regular,99606.0,Y,N,2021-11-07,84371843,"Wilhelm-Birnbaum-Gasse 84
46565 Füssen",Parchim,Malediven,hthies@aol.de,F,Mecklenburg-Vorpommern,33572,56.0,2021-01-13,1.2,2021-01-13,1.2
1185,VacHomeClass-1,VacHomeZone-1,50.0,35133,Concrete,Gravel,Pie,Flat,Trash|Gas|Water|Electricity,Interior lot,Little Slope,RNH 24,Proximity to School,Apartment,Contemporary,5,4,1966,1968,Sawtooth,Rolled Roofing,Log Wood,Natural Stone,226.0,3,3,Combined footing,3.0,French Doors,Foamax,1572,Furnace,4,Yes,NM Cable,1572,0,1572,1,1,3,1,3,5,2,TA,Portable,Wood Sheathing,3,995,3,Paved,0,0,0,0,No Fence,5,2007,Down payment assistance,Regular,154967.0,N,Y,2021-01-27,95666891,"Hoffmanngasse 3/9
09834 Reutlingen",Königs Wusterhausen,Kanada,ljudmila12@linke.de,Unknown,Niedersachsen,80056,31.0,2021-12-06,2.7,2021-12-06,2.7
1186,VacHomeClass-5,VacHomeZone-1,60.0,9738,Cobblestone,Gravel,Pie,Flat,Trash|Gas|Water|Electricity,Interior lot,No Slope,RNH 8,Proximity to School,Apartment,Craftsman,5,7,1928,1953,Gable,Rolled Roofing,Concrete,Manmade Stone,0.0,3,4,Strip foundation,3.0,No Sunlight,CleanSpace Wall System,784,Furnace,4,Yes,NM Cable,949,272,1221,1,0,4,1,3,7,0,,Attached,Metal Panels,1,392,3,Paved,0,0,0,0,No Fence,3,2006,Down payment assistance,Regular,87073.0,N,N,2021-07-27,84093608,"Benita-Reichmann-Allee 437
66939 Germersheim",Aachen,Puerto Rico,blanka97@gmx.de,Unknown,Nordrhein-Westfalen,30937,35.0,2021-09-10,1.9,2021-09-10,1.9
1187,VacHomeClass-15,VacHomeZone-1,107.0,10615,Cobblestone,Gravel,Reverse Pie,Slope,Trash|Gas|Water|Electricity,Corner lot,Little Slope,RNH 18,Proximity to Gym,Condo,Bungalow,3,5,1902,1975,Gable,Rolled Roofing,Horizontal Wood,Manmade Stone,0.0,3,3,Combined footing,2.0,Small Windows,CleanSpace Wall System,978,Furnace,3,Yes,NM Cable,1014,685,1699,2,0,3,2,3,7,0,,Carports,Metal Panels,2,420,2,Paved,0,0,0,0,No Fence,8,2009,Down payment assistance,Shortsale,78856.0,N,N,2021-04-22,57953106,"Gunpfstraße 9
52427 Crailsheim",Herzberg,Montserrat,klaudia98@heidrich.de,F,Saarland,47779,54.0,2021-02-24,1.8,2021-02-24,1.8
1188,VacHomeClass-1,VacHomeZone-1,89.0,12461,Cobblestone,Gravel,Pie,Flat,Trash|Gas|Water|Electricity,Corner lot,No Slope,RNH 14,Proximity to School,Apartment,Contemporary,8,5,1998,1999,Gable,Rolled Roofing,Glass,Manmade Stone,0.0,4,3,Individual footing,4.0,No Sunlight,ZenWall Panels,1624,Furnace,5,Yes,NM Cable,1624,0,1624,2,0,2,1,4,5,1,Fa,Attached,Wood Sheathing,3,757,3,Paved,0,0,0,0,Composite Fences,7,2006,Down payment assistance,Regular,217466.0,Y,N,2021-06-10,71052427,"Dorota-Speer-Ring 759
21972 Ingolstadt",Lichtenfels,Guyana,carstenraphael@aol.de,Unknown,Berlin,1388,91.0,2021-02-22,1.1,2021-02-22,1.1
1189,VacHomeClass-6,VacHomeZone-1,68.0,8935,Cobblestone,Gravel,Reverse Pie,Flat,Trash|Gas|Water|Electricity,Interior lot,No Slope,RNH 6,Proximity to School,Apartment,Bungalow,7,5,2003,2006,Gable,Rolled Roofing,Board Batten,Natural Stone,95.0,4,3,Individual footing,4.0,No Sunlight,Dry Wall,831,Furnace,5,Yes,NM Cable,831,829,1660,2,1,3,1,4,7,0,,Attached,Wood Sheathing,2,493,3,Paved,144,0,0,0,No Fence,7,2009,Down payment assistance,Regular,161856.0,N,N,2021-09-18,90038990,"Röhrichtgasse 631
92272 Ribnitz-Damgarten",Waldmünchen,Libanon,miguelgeisel@bender.com,M,Schleswig-Holstein,61550,26.0,2021-10-03,1.9,2021-10-03,1.9
1190,VacHomeClass-6,VacHomeZone-1,60.0,7500,Cobblestone,Gravel,Pie,Flat,Trash|Gas|Water|Electricity,Interior lot,No Slope,RNH 9,Proximity to School,Apartment,Bungalow,7,5,2003,2007,Gable,Rolled Roofing,Board Batten,Manmade Stone,0.0,3,3,Individual footing,3.0,No Sunlight,Dry Wall,994,Furnace,4,Yes,NM Cable,1028,776,1804,2,1,3,1,4,7,1,TA,Attached,DryWall,2,442,3,Paved,140,0,0,0,No Fence,6,2010,Down payment assistance,Regular,156876.0,Y,Y,2021-07-02,42593263,"Ottoallee 17
26429 Ilmenau",Forchheim,Taiwan,carolinkuhl@segebahn.org,Unknown,Sachsen,87854,3.0,2021-10-29,1.3,2021-10-29,1.3
1191,VacHomeClass-15,VacHomeZone-1,,32463,Cobblestone,Gravel,Pie,Low Level,Trash|Gas|Water|Electricity,Interior lot,Little Slope,RNH 12,Proximity to School,Condo,Contemporary,4,4,1962,1981,Gable,Rolled Roofing,Log Wood,Manmade Panels,149.0,3,4,Combined footing,3.0,Large Windows,CleanSpace Wall System,1249,Furnace,5,Yes,NM Cable,1622,0,1622,1,0,3,1,3,7,1,TA,Portable,DryWall,4,1356,3,Paved,439,0,0,0,No Fence,3,2007,Down payment assistance,Regular,139446.0,Y,Y,2021-11-21,34540695,"Manja-Scheibe-Allee 2
41842 Norden",Bremen,Russische Föderation,xscholl@gmail.com,Unknown,Brandenburg,51649,17.0,2021-11-15,1.7,2021-11-15,1.7
1192,VacHomeClass-13,VacHomeZone-5,24.0,2645,Cobblestone,Cobblestone,Pie,Flat,Trash|Gas|Water|Electricity,Interior lot,No Slope,RNH 22,Proximity to School,MultiFamilyHome,Bungalow,8,5,2001,2006,Gable,Rolled Roofing,Log Wood,Natural Stone,456.0,4,3,Individual footing,4.0,No Sunlight,Dry Wall,776,Furnace,5,Yes,NM Cable,764,677,1441,2,1,2,1,4,5,0,,Detached,Metal Panels,2,492,3,Paved,206,0,0,0,No Fence,11,2007,Down payment assistance,Regular,144426.0,N,N,2021-10-20,52806957,"Mina-Naser-Gasse 79
14437 Jena",Marienberg,Türkei,mitschkenuray@roehricht.de,M,Brandenburg,26650,20.0,2021-06-18,1.1,2021-06-18,1.1
1193,VacHomeClass-5,VacHomeZone-2,60.0,9600,Cobblestone,Concrete,Pie,Flat,Trash|Gas|Water|Electricity,Interior lot,No Slope,RNH 18,Proximity to School,Apartment,Craftsman,5,8,1930,1997,Curved,Rolled Roofing,Board Batten,Manmade Stone,0.0,3,3,Individual footing,3.0,Small Windows,Dry Wall,702,Furnace,4,Yes,NM Cable,842,630,1472,1,0,3,1,4,6,0,,Detached,Metal Panels,1,250,3,Partially Gravel,0,0,0,0,Wood Fences,7,2007,Down payment assistance,Regular,103756.0,N,N,2021-08-06,90390913,"Zimmergasse 558
63642 Meppen",Nordhausen,Sierra Leone,kklingelhoefer@schinke.org,M,Hamburg,79396,78.0,2021-07-03,4.8,2021-07-03,4.8
1194,VacHomeClass-12,VacHomeZone-2,,4500,Cobblestone,Gravel,Pie,Flat,Trash|Gas|Water|Electricity,T-intersection,No Slope,RNH 12,Proximity to School,SingleFamilyHome,Contemporary,6,5,2001,2001,Sawtooth,Rolled Roofing,Board Batten,Natural Stone,425.0,3,3,Individual footing,5.0,No Sunlight,ZenWall Panels,1224,Furnace,5,Yes,NM Cable,1224,0,1224,2,0,2,1,3,5,0,,Attached,DryWall,2,402,3,Paved,0,0,0,0,No Fence,6,2009,Down payment assistance,Regular,136956.0,Y,Y,2021-05-10,72923887,"Herma-Krein-Straße 1
71809 Gerolzhofen",Northeim,Äquatorialguinea,irmingard29@hellwig.de,M,Bremen,18773,33.0,2021-10-10,2.8,2021-10-10,2.8
1195,VacHomeClass-6,VacHomeZone-1,80.0,9364,Cobblestone,Gravel,Pie,Flat,Trash|Gas|Water|Electricity,Corner lot,No Slope,RNH 20,Proximity to School,Apartment,Bungalow,6,7,1974,1976,Gable,Rolled Roofing,Horizontal Wood,Manmade Panels,143.0,3,3,Combined footing,3.0,No Sunlight,BrightWall Paneling,663,Furnace,3,Yes,NM Cable,663,689,1352,1,1,4,1,3,7,0,,Attached,DryWall,1,299,3,Paved,379,0,0,0,Vinyl Fences,3,2010,Down payment assistance,Regular,131146.0,N,Y,2021-10-07,81822843,"Wilmsring 8/9
28236 Sangerhausen",Nabburg,Syrien,ljubica78@staude.de,F,Baden-Württemberg,71312,19.0,2021-02-09,2.5,2021-02-09,2.5
1196,VacHomeClass-6,VacHomeZone-1,51.0,8029,Cobblestone,Gravel,Reverse Pie,Flat,Trash|Gas|Water|Electricity,Interior lot,No Slope,RNH 9,Proximity to School,Apartment,Bungalow,6,5,2006,2012,Gable,Rolled Roofing,Board Batten,Manmade Stone,0.0,3,3,Individual footing,4.0,No Sunlight,Dry Wall,728,Furnace,5,Yes,NM Cable,728,728,1456,2,1,3,1,4,8,0,,Attached,DryWall,2,400,3,Paved,100,0,0,0,No Fence,7,2008,Down payment assistance,Regular,146086.0,Y,Y,2021-05-14,11802730,"Adlerstraße 3/2
33836 Hansestadttralsund",Tecklenburg,Äquatorialguinea,hans-christianbruder@girschner.com,Unknown,Saarland,2762,59.0,2021-10-11,4.8,2021-10-11,4.8
1197,VacHomeClass-6,VacHomeZone-1,58.0,14054,Cobblestone,Gravel,Reverse Pie,Flat,Trash|Gas|Water|Electricity,Interior lot,No Slope,RNH 9,Proximity to School,Apartment,Bungalow,7,5,2010,2013,Gable,Rolled Roofing,Board Batten,Manmade Stone,0.0,4,3,Individual footing,4.0,Large Windows,Dry Wall,879,Furnace,5,Yes,NM Cable,879,984,1863,2,1,4,1,4,9,1,Gd,Breezeway,DryWall,3,660,3,Paved,100,0,0,0,No Fence,11,2006,Government-backed programs,Distress Sale,181950.3,Y,N,2021-09-11,90911620,"Bärerring 7/5
40315 Starnberg",Nauen,Sonderverwaltungszone Hongkong,ojaehn@anders.com,M,Hessen,89878,70.0,2021-02-20,1.8,2021-02-20,1.8
1198,VacHomeClass-8,VacHomeZone-2,65.0,8850,Cobblestone,Gravel,Reverse Pie,Slope,Trash|Gas|Water|Electricity,Corner lot,No Slope,RNH 18,Proximity to School,Apartment,Modern,7,6,1920,1954,Gable,Rolled Roofing,Log Wood,Manmade Stone,0.0,3,3,Strip foundation,3.0,No Sunlight,Dry Wall,815,Furnace,5,Yes,NM Cable,815,875,1690,1,0,3,1,3,7,1,Gd,Detached,Metal Panels,1,225,3,Paved,0,0,0,0,No Fence,7,2006,Regular Mortgage,Regular,119526.0,N,Y,2021-08-30,39419613,"Albersgasse 6
88034 Borken",Zerbst,Vietnam,wieslaw26@hartmann.net,Unknown,Mecklenburg-Vorpommern,66659,46.0,2021-01-14,2.1,2021-01-14,2.1
1199,VacHomeClass-1,VacHomeZone-1,70.0,9100,Cobblestone,Gravel,Pie,Flat,Trash|Gas|Water|Electricity,Interior lot,No Slope,RNH 6,Proximity to School,Apartment,Contemporary,7,5,2002,2005,Gable,Rolled Roofing,Board Batten,Manmade Stone,0.0,4,3,Individual footing,4.0,No Sunlight,Dry Wall,1212,Furnace,5,Yes,NM Cable,1212,0,1212,2,0,3,1,4,6,0,,Attached,Wood Sheathing,2,573,3,Paved,356,0,0,0,No Fence,6,2009,Down payment assistance,Regular,147746.0,Y,N,2021-07-03,41237465,"Xenia-Nohlmans-Straße 2/7
92653 Fallingbostel",Strasburg,Neuseeland,gretl81@gmx.de,F,Rheinland-Pfalz,39054,52.0,2021-10-11,4.5,2021-10-11,4.5
1200,VacHomeClass-1,VacHomeZone-1,75.0,11235,Cobblestone,Gravel,Pie,Flat,Trash|Gas|Water|Electricity,Interior lot,No Slope,RNH 20,Proximity to School,Apartment,Contemporary,4,5,1965,1988,Gable,Rolled Roofing,Horizontal Wood,Natural Stone,51.0,3,3,Combined footing,3.0,No Sunlight,Foamax,1051,Furnace,4,Yes,NM Cable,1382,0,1382,1,1,3,1,3,6,1,Po,Attached,Metal Panels,2,459,3,Paved,0,0,0,0,No Fence,10,2006,Down payment assistance,Regular,122846.0,Y,Y,2021-05-20,1967579,"Diether-Weitzel-Ring 45
55657 Worbis",Wertingen,Lettland,georg38@mans.de,F,Schleswig-Holstein,79412,97.0,2021-07-25,3.8,2021-07-25,3.8
1201,VacHomeClass-1,VacHomeZone-1,71.0,9353,Cobblestone,Gravel,Pie,Flat,Trash|Gas|Water|Electricity,Interior lot,No Slope,NAmes,Proximity to School,Apartment,Contemporary,4,5,1975,1975,Gable,Rolled Roofing,Log Wood,Manmade Stone,0.0,3,3,Combined footing,3.0,No Sunlight,Dry Wall,864,Furnace,4,Yes,NM Cable,864,0,864,1,0,3,1,3,5,0,,Attached,Metal Panels,1,280,3,Paved,0,0,0,0,No Fence,7,2006,All Cash,Shortsale,96327.5,N,N,2021-01-19,24954662,"Gerdi-Benthin-Ring 2/4
86138 Kulmbach",Duderstadt,Syrien,inga36@drewes.de,F,Mecklenburg-Vorpommern,44660,61.0,2021-09-29,4.4,2021-09-29,4.4
1202,VacHomeClass-6,VacHomeZone-1,80.0,10400,Cobblestone,Gravel,Pie,Flat,Trash|Gas|Water|Electricity,Corner lot,No Slope,RNH 6,Proximity to School,Apartment,Bungalow,7,5,2001,2005,Gable,Rolled Roofing,Board Batten,Manmade Stone,0.0,3,3,Individual footing,4.0,Large Windows,Dry Wall,866,Furnace,5,Yes,NM Cable,866,913,1779,2,1,3,1,4,6,0,,Attached,Wood Sheathing,2,546,3,Paved,198,0,0,0,No Fence,3,2009,Down payment assistance,Regular,164263.0,Y,N,2021-09-14,17829434,"Egon-Rohleder-Allee 7
16494 Jena",Nauen,Bolivien,dietrichweiss@gotthard.com,Unknown,Baden-Württemberg,50885,76.0,2021-04-05,1.2,2021-04-05,1.2
1203,VacHomeClass-5,VacHomeZone-2,50.0,6000,Cobblestone,Gravel,Pie,Flat,Trash|Gas|Water|Electricity,Corner lot,No Slope,RNH 4,Proximity to School,Apartment,Craftsman,5,8,1929,2004,Gable,Rolled Roofing,Wood Shingle,Manmade Stone,0.0,3,3,Strip foundation,3.0,No Sunlight,Dry Wall,884,Furnace,5,Yes,NM Cable,884,464,1348,1,0,3,1,3,5,1,Fa,Detached,Metal Panels,1,216,3,Only Gravel,0,0,0,0,No Fence,5,2009,Down payment assistance,Regular,97116.0,N,N,2021-05-30,27689394,"Kochstr. 752
39058 Halberstadt",Zschopau,Tansania,valentin88@gmail.com,F,Brandenburg,77103,89.0,2021-08-23,4.5,2021-08-23,4.5
1204,VacHomeClass-1,VacHomeZone-1,75.0,9750,Cobblestone,Gravel,Pie,Flat,Trash|Gas|Water|Electricity,Interior lot,No Slope,RNH 6,Proximity to School,Apartment,Contemporary,7,5,2004,2007,Gable,Rolled Roofing,Board Batten,Natural Stone,171.0,4,3,Individual footing,4.0,No Sunlight,Dry Wall,1630,Furnace,5,Yes,NM Cable,1630,0,1630,2,0,3,1,4,6,1,TA,Attached,Metal Panels,2,451,3,Paved,74,0,0,0,No Fence,10,2009,Down payment assistance,Regular,176796.0,N,Y,2021-07-29,158916,"Hakan-Hendriks-Straße 5
13862 Brilon",Herzberg,Nordmazedonien,iljakiller@hotmail.de,Unknown,Berlin,99521,84.0,2021-10-13,3.5,2021-10-13,3.5
1205,VacHomeClass-1,VacHomeZone-1,78.0,10140,Cobblestone,Gravel,Pie,Flat,Trash|Gas|Water|Electricity,Interior lot,No Slope,RNH 17,Proximity to School,Apartment,Contemporary,5,6,1979,1979,Gable,Rolled Roofing,Horizontal Wood,Manmade Stone,0.0,3,3,Combined footing,4.0,No Sunlight,BrightWall Paneling,1056,Furnace,5,Yes,NM Cable,1074,0,1074,1,1,3,1,3,6,0,,Attached,Wood Sheathing,2,495,3,Paved,0,0,0,0,Vinyl Fences,7,2006,Down payment assistance,Regular,127411.0,N,N,2021-06-08,72513873,"Rustgasse 376
54223 Nauen",Wolmirstedt,Japan,weissviktor@aol.de,Unknown,Baden-Württemberg,60676,63.0,2021-07-16,3.0,2021-07-16,3.0
1206,VacHomeClass-1,VacHomeZone-1,90.0,14684,Cobblestone,Gravel,Reverse Pie,Flat,Trash|Gas|Water|Electricity,Cul-de-sac,No Slope,RNH 21,Proximity to School,Apartment,Contemporary,7,7,1992,1994,Sawtooth,Rolled Roofing,Horizontal Wood,Natural Stone,234.0,4,3,Combined footing,4.0,Small Windows,BrightWall Paneling,2158,Furnace,4,Yes,NM Cable,2196,0,2196,2,0,3,1,4,7,1,TA,Attached,Wood Sheathing,3,701,3,Paved,84,0,0,0,No Fence,6,2009,Down payment assistance,Regular,225683.0,Y,Y,2021-04-18,58180358,"Textorallee 093
79214 Saarlouis",Saarbrücken,Französisch-Polynesien,tomas17@yahoo.de,M,Thüringen,95486,64.0,2021-01-04,1.2,2021-01-04,1.2
1207,VacHomeClass-1,VacHomeZone-4,,8900,Cobblestone,Gravel,Pie,Flat,Trash|Gas|Water|Electricity,Interior lot,No Slope,RNH 21,Proximity to School,Apartment,Contemporary,4,4,1969,1973,Gable,Rolled Roofing,Horizontal Wood,Manmade Stone,0.0,3,3,Combined footing,3.0,No Sunlight,Foamax,1056,Furnace,3,Yes,NM Cable,1056,0,1056,1,0,2,1,3,5,0,,Detached,Metal Panels,1,384,3,Paved,0,0,0,0,Vinyl Fences,11,2006,Down payment assistance,Regular,88816.0,N,Y,2021-08-30,43104901,"Frank-Döhn-Gasse 4/7
95312 Gelnhausen",Neunburg vorm Wald,Chile,hubertinegotthard@auch.de,Unknown,Bayern,49543,12.0,2021-04-11,2.2,2021-04-11,2.2
1208,VacHomeClass-1,VacHomeZone-1,70.0,9135,Cobblestone,Gravel,Pie,Flat,Trash|Gas|Water|Electricity,Interior lot,No Slope,RNH 6,Proximity to School,Apartment,Contemporary,6,5,2005,2007,Gable,Rolled Roofing,Board Batten,Natural Stone,120.0,4,3,Individual footing,4.0,Large Windows,ZenWall Panels,1682,Furnace,5,Yes,NM Cable,1700,0,1700,2,0,3,1,4,7,0,,Attached,Wood Sheathing,2,544,3,Paved,192,0,0,0,No Fence,5,2006,Down payment assistance,Regular,166006.0,Y,Y,2021-12-04,81515257,"Hermann-Stadelmann-Weg 704
26424 Ahaus",Burglengenfeld,Westsahara,mariannadavids@googlemail.com,Unknown,Thüringen,30000,19.0,2021-03-14,1.7,2021-03-14,1.7
1209,VacHomeClass-1,VacHomeZone-1,70.0,7763,Cobblestone,Gravel,Pie,Flat,Trash|Gas|Water|Electricity,Interior lot,No Slope,NAmes,Proximity to School,Apartment,Contemporary,5,7,1965,1983,Gable,Rolled Roofing,Log Wood,Manmade Stone,0.0,3,4,Combined footing,3.0,No Sunlight,Foamax,931,Furnace,3,Yes,NM Cable,1283,0,1283,1,0,3,1,3,6,0,,Detached,Metal Panels,2,506,3,Paved,0,0,0,0,No Fence,10,2008,Down payment assistance,Regular,116206.0,Y,Y,2021-08-31,91141620,"Dimitrios-Kambs-Allee 6
86515 Ansbach",Dieburg,Färöer,nicolai44@aol.de,F,Bremen,73134,1.0,2021-10-13,4.2,2021-10-13,4.2
1210,VacHomeClass-1,VacHomeZone-1,85.0,10182,Cobblestone,Gravel,Reverse Pie,Flat,Trash|Gas|Water|Electricity,Cul-de-sac,No Slope,RNH 22,Proximity to Theatre,Apartment,Contemporary,8,5,2011,2014,Sawtooth,Rolled Roofing,Board Batten,Manmade Panels,420.0,4,3,Individual footing,5.0,Small Windows,ZenWall Panels,1660,Furnace,5,Yes,NM Cable,1660,0,1660,2,0,3,1,4,8,1,Gd,Attached,Wood Sheathing,2,500,3,Paved,322,0,0,0,No Fence,5,2006,Government-backed programs,Distress Sale,240706.0,Y,N,2021-03-09,58230251,"Bonbachstr. 8
64011 Greifswald",Wolfratshausen,Ruanda,elisabetetzold@striebitz.net,M,Brandenburg,56234,93.0,2021-04-18,3.2,2021-04-18,3.2
1211,VacHomeClass-6,VacHomeZone-1,70.0,11218,Cobblestone,Gravel,Pie,Flat,Trash|Gas|Water|Electricity,Interior lot,No Slope,RNH 21,Proximity to School,Apartment,Bungalow,6,5,1995,1995,Gable,Rolled Roofing,Wood Shingle,Manmade Stone,0.0,4,3,Individual footing,4.0,No Sunlight,Dry Wall,1055,Furnace,5,Yes,NM Cable,1055,790,1845,2,1,3,1,4,8,1,TA,Attached,Wood Sheathing,2,462,3,Paved,635,0,0,0,Composite Fences,5,2010,Down payment assistance,Regular,156876.0,Y,N,2021-01-20,76579035,"Schomberallee 65
16537 Rostock",Zschopau,Litauen,isasteckel@budig.de,Unknown,Baden-Württemberg,60201,83.0,2021-12-05,1.2,2021-12-05,1.2
1212,VacHomeClass-5,VacHomeZone-1,152.0,12134,Cobblestone,Gravel,Reverse Pie,Slope,Trash|Gas|Water|Electricity,Interior lot,Little Slope,RNH 9,Proximity to School,Apartment,Craftsman,8,7,1993,2009,Gable,Rolled Roofing,Wood Shingle,Manmade Stone,0.0,4,3,Raft foundation,4.0,Large Windows,ZenWall Panels,559,Furnace,4,Yes,NM Cable,1080,672,1752,2,0,4,1,3,8,0,,Barns,Wood Sheathing,2,492,3,Paved,325,0,0,0,No Fence,6,2010,Down payment assistance,Regular,136126.0,Y,Y,2021-10-31,81902217,"Korinna-Wohlgemut-Straße 5/0
82147 Kemnath",Bad Mergentheim,Dominica,wilma59@reising.de,M,Rheinland-Pfalz,25610,44.0,2021-12-23,3.5,2021-12-23,3.5
1213,VacHomeClass-2,VacHomeZone-1,50.0,9340,Cobblestone,Gravel,Pie,Flat,Trash|Gas|Water|Electricity,Interior lot,No Slope,RNH 8,Proximity to School,Apartment,Contemporary,4,6,1945,1957,Sawtooth,Rolled Roofing,Log Wood,Manmade Stone,0.0,3,3,Combined footing,3.0,No Sunlight,Foamax,672,Furnace,3,Yes,NM Cable,672,0,672,1,0,2,1,3,4,0,,Attached,Metal Panels,1,234,3,Only Gravel,0,0,0,0,No Fence,8,2009,Down payment assistance,Regular,93796.0,Y,N,2021-06-18,76457326,"Rolf-Dieter-Renner-Straße 8
42620 Neustrelitz",Werdau,Taiwan,gustavheydrich@gmx.de,F,Brandenburg,78973,89.0,2021-03-19,1.8,2021-03-19,1.8
1214,VacHomeClass-9,VacHomeZone-1,,10246,Cobblestone,Gravel,Reverse Pie,Flat,Trash|Gas|Water|Electricity,Cul-de-sac,No Slope,RNH 20,Proximity to School,Apartment,Spanish,4,9,1968,2010,Gable,Rolled Roofing,Board Batten,Manmade Stone,0.0,3,4,Combined footing,3.0,Large Windows,ZenWall Panels,648,Furnace,5,Yes,NM Cable,960,0,960,0,0,0,1,3,3,0,,Attached,Metal Panels,1,364,3,Paved,88,0,0,0,No Fence,5,2006,Down payment assistance,Regular,120356.0,N,N,2021-07-01,58414651,"Rudolphweg 7/6
16203 Kehl",Zerbst,Philippinen,korneliuszaenker@weiss.com,M,Berlin,69857,8.0,2021-11-05,4.2,2021-11-05,4.2
1215,VacHomeClass-10,VacHomeZone-1,69.0,10205,Cobblestone,Gravel,Reverse Pie,Flat,Trash|Gas|Water|Electricity,Interior lot,No Slope,NAmes,Proximity to School,Apartment,Georgian,5,5,1963,1965,Gable,Rolled Roofing,Log Wood,Manmade Stone,0.0,3,3,Combined footing,3.0,Large Windows,CleanSpace Wall System,925,Furnace,3,Yes,NM Cable,999,0,999,1,0,3,1,3,6,0,,Attached,Metal Panels,1,300,3,Paved,150,0,0,0,No Fence,5,2006,Down payment assistance,Regular,111641.0,N,Y,2021-10-03,70105353,"Wolf-Bien-Allee 66
29451 Wismar",Kemnath,Algerien,zcarsten@aol.de,Unknown,Hamburg,35173,31.0,2021-09-03,3.5,2021-09-03,3.5
1216,VacHomeClass-1,VacHomeZone-1,99.0,7094,Cobblestone,Gravel,Reverse Pie,Flat,Trash|Gas|Water|Electricity,Interior lot,No Slope,RNH 20,Proximity to School,Apartment,Contemporary,5,5,1968,1972,Gable,Rolled Roofing,Board Batten,Manmade Stone,0.0,3,3,Combined footing,3.0,No Sunlight,Foamax,894,Furnace,3,Yes,NM Cable,894,0,894,1,0,3,1,3,5,0,,Detached,Wood Sheathing,1,384,3,Paved,0,0,0,0,Vinyl Fences,5,2007,Down payment assistance,Regular,103756.0,N,N,2021-07-19,5217052,"Ramona-Söding-Ring 2/9
59343 Mainburg",Mühlhausen,Kamerun,hbachmann@nerger.net,Unknown,Brandenburg,35113,57.0,2021-03-15,1.9,2021-03-15,1.9
1217,VacHomeClass-11,VacHomeZone-2,68.0,8930,Cobblestone,Gravel,Pie,Flat,Trash|Gas|Water|Electricity,Interior lot,No Slope,RNH 20,Proximity to Dance Club,Townhome,Craftsman,6,5,1979,1983,Gable,Rolled Roofing,Board Batten,Manmade Stone,0.0,3,3,Pile foundation,,,,0,Furnace,3,Yes,NM Cable,1318,584,1902,2,0,4,2,3,8,0,,Attached,Metal Panels,2,539,3,Paved,0,0,0,0,No Fence,4,2010,Down payment assistance,Regular,92966.0,Y,Y,2021-12-22,3278154,"Wendelin-Gierschner-Ring 01
81260 Neustrelitz",Bamberg,Liechtenstein,baldurkoch-ii@aol.de,M,Nordrhein-Westfalen,769,99.0,2021-09-18,2.5,2021-09-18,2.5
1218,VacHomeClass-1,VacHomeZone-5,72.0,8640,Cobblestone,Gravel,Pie,Flat,Trash|Gas|Water|Electricity,Interior lot,No Slope,RNH 22,Proximity to School,Apartment,Contemporary,8,5,2011,2016,Gable,Rolled Roofing,Metal,Manmade Panels,72.0,4,3,Individual footing,4.0,Small Windows,ZenWall Panels,1300,Furnace,5,Yes,NM Cable,1314,0,1314,2,0,3,1,4,6,0,,Attached,Wood Sheathing,2,552,3,Paved,135,0,0,0,No Fence,9,2009,Government-backed programs,Distress Sale,190454.48,Y,Y,2021-07-17,67755912,"Müllerring 481
00972 Kemnath",Görlitz,Puerto Rico,fredi72@web.de,F,Niedersachsen,83426,36.0,2021-11-07,4.1,2021-11-07,4.1
1219,VacHomeClass-5,VacHomeZone-2,52.0,6240,Cobblestone,Gravel,Pie,Flat,Trash|Gas|Water|Electricity,Interior lot,No Slope,RNH 4,Proximity to School,Apartment,Craftsman,4,5,1952,1955,Gable,Rolled Roofing,Concrete,Manmade Stone,0.0,3,3,Pile foundation,,,,0,Furnace,4,No,NM Cable,672,240,912,1,0,2,1,3,3,0,,No Garage,Unfinished,0,0,0,Only Gravel,0,0,0,0,No Fence,7,2006,Down payment assistance,Regular,66821.0,N,N,2021-12-25,14771408,"Silke-Karz-Ring 27
01269 Aurich",Aschaffenburg,Bangladesch,janinebluemel@gmx.de,M,Bremen,88856,19.0,2021-04-17,4.8,2021-04-17,4.8
1220,VacHomeClass-13,VacHomeZone-2,21.0,1680,Cobblestone,Gravel,Pie,Flat,Trash|Gas|Water|Electricity,Interior lot,No Slope,RNH 3,Proximity to School,MultiFamilyHome,Bungalow,6,5,1974,1978,Gable,Rolled Roofing,Metal,Natural Stone,236.0,3,3,Combined footing,3.0,No Sunlight,Dry Wall,672,Furnace,3,Yes,NM Cable,672,546,1218,1,1,3,1,3,7,0,,No Garage,Unfinished,0,0,0,Only Gravel,201,0,0,0,No Fence,4,2006,Down payment assistance,Shortsale,75951.0,Y,N,2021-04-29,76344503,"Beckergasse 9
76409 Pinneberg",Lüdinghausen,Kap Verde,klemmthoralf@keudel.de,M,Bremen,99642,15.0,2021-05-19,1.5,2021-05-19,1.5
1221,VacHomeClass-1,VacHomeZone-1,66.0,7800,Cobblestone,Gravel,Reverse Pie,Flat,Trash|Gas|Water|Electricity,Interior lot,No Slope,NAmes,Proximity to School,Apartment,Contemporary,5,5,1967,1967,Gable,Rolled Roofing,Wood Shingle,Manmade Stone,0.0,3,3,Combined footing,3.0,No Sunlight,Foamax,912,Furnace,3,Yes,NM Cable,912,0,912,1,0,2,1,3,5,0,,Attached,Metal Panels,1,288,3,Paved,0,0,0,0,No Fence,11,2006,Down payment assistance,Shortsale,95456.0,Y,N,2021-05-21,80016472,"Eckbauergasse 050
05745 Brand",Paderborn,Mauretanien,nkranz@gmx.de,M,Sachsen,51794,75.0,2021-03-31,4.0,2021-03-31,4.0
1222,VacHomeClass-1,VacHomeZone-1,55.0,8250,Cobblestone,Gravel,Pie,Flat,Trash|Gas|Water|Electricity,Interior lot,No Slope,RNH 20,Proximity to Hospital,Apartment,Contemporary,5,5,1971,1975,Sawtooth,Rolled Roofing,Horizontal Wood,Manmade Stone,0.0,3,3,Combined footing,3.0,No Sunlight,CleanSpace Wall System,952,Furnace,5,Yes,NM Cable,1211,0,1211,1,0,3,1,3,5,1,TA,Attached,Metal Panels,1,322,3,Paved,0,0,0,0,No Fence,8,2008,Down payment assistance,Regular,111226.0,N,N,2021-01-13,21487354,"Elma-Jockel-Platz 17
72878 Berchtesgaden",Strausberg,Australien,gitte63@otto.org,F,Saarland,36384,14.0,2021-10-22,4.8,2021-10-22,4.8
1223,VacHomeClass-5,VacHomeZone-1,78.0,10496,Cobblestone,Gravel,Pie,Flat,Trash|Gas|Water|Electricity,Interior lot,No Slope,NAmes,Proximity to Gym,Apartment,Craftsman,6,6,1953,1958,Gable,Rolled Roofing,Wood Shingle,Natural Stone,320.0,3,3,Combined footing,3.0,Small Windows,Foamax,1040,Furnace,5,Yes,NM Cable,1168,678,1846,2,0,3,1,3,7,1,Gd,Attached,Metal Panels,1,315,3,Paved,0,0,0,0,Wood Fences,1,2007,Down payment assistance,Regular,118696.0,N,Y,2021-07-15,64646602,"Kösterstraße 4
15013 Wertingen",Düren,Japan,ebecker@googlemail.com,Unknown,Rheinland-Pfalz,42762,3.0,2021-04-15,2.4,2021-04-15,2.4
1224,VacHomeClass-1,VacHomeZone-1,89.0,10680,Cobblestone,Gravel,Pie,Flat,Trash|Gas|Water|Electricity,Interior lot,No Slope,NAmes,Proximity to School,Apartment,Contemporary,5,3,1956,1956,Sawtooth,Rolled Roofing,Wood Shingle,Natural Stone,44.0,3,3,Combined footing,3.0,No Sunlight,Basement to Beautiful Panels,2136,Furnace,3,No,Underground Feeder Cable,2136,0,2136,2,0,4,1,3,7,0,,Detached,Metal Panels,2,528,3,Paved,0,0,0,0,Vinyl Fences,10,2006,Down payment assistance,Regular,114463.0,Y,N,2021-11-18,34381328,"Dirk-Boucsein-Straße 71
36009 Pinneberg",Darmstadt,Seychellen,heini74@gmx.de,F,Hessen,42752,94.0,2021-01-19,3.1,2021-01-19,3.1
1225,VacHomeClass-6,VacHomeZone-1,60.0,15384,Cobblestone,Gravel,Reverse Pie,Flat,Trash|Gas|Water|Electricity,Interior lot,No Slope,RNH 9,Proximity to Restaurants,Apartment,Bungalow,7,5,2005,2008,Gable,Rolled Roofing,Board Batten,Manmade Stone,0.0,4,3,Individual footing,4.0,Large Windows,ZenWall Panels,788,Furnace,5,Yes,NM Cable,788,702,1490,2,1,3,1,4,8,1,Gd,Attached,DryWall,2,388,3,Paved,100,0,0,0,No Fence,2,2008,Down payment assistance,Regular,152726.0,N,N,2021-03-07,90077791,"Ilija-Möchlichen-Straße 7/0
23521 Aachen",Grevenbroich,Grönland,hans-helmut50@gmx.de,M,Hamburg,35719,24.0,2021-05-11,4.0,2021-05-11,4.0
1226,VacHomeClass-9,VacHomeZone-1,65.0,10482,Cobblestone,Gravel,Pie,Flat,Trash|Gas|Water|Electricity,Interior lot,No Slope,NAmes,Proximity to School,Apartment,Spanish,6,8,1960,1966,Sawtooth,Rolled Roofing,Board Batten,Natural Stone,63.0,3,4,Combined footing,3.0,Large Windows,ZenWall Panels,588,Furnace,5,Yes,NM Cable,1138,0,1138,1,0,3,1,3,6,0,,Attached,Wood Sheathing,1,264,3,Paved,224,0,0,0,Metal Fences,6,2007,Down payment assistance,Regular,120356.0,N,Y,2021-04-02,59782087,"Gerhardt-Dippel-Platz 42
22508 Geldern",Königs Wusterhausen,Vereinigte Staaten,wallizimmer@gmail.com,M,Rheinland-Pfalz,39991,74.0,2021-10-28,3.3,2021-10-28,3.3
1227,VacHomeClass-6,VacHomeZone-1,86.0,14598,Cobblestone,Gravel,Reverse Pie,Flat,Trash|Gas|Water|Electricity,Cul-de-sac,No Slope,RNH 22,Proximity to Hospital,Apartment,Bungalow,6,5,2008,2013,Gable,Rolled Roofing,Board Batten,Manmade Panels,74.0,4,3,Individual footing,4.0,Small Windows,Dry Wall,894,Furnace,5,Yes,NM Cable,894,1039,1933,2,1,4,1,4,9,1,Gd,Breezeway,DryWall,3,668,3,Paved,100,0,0,0,No Fence,1,2008,Down payment assistance,Regular,177626.0,Y,N,2021-07-21,73904748,"Isabell-Kroker-Allee 0/5
85218 Northeim",Hannover,Tunesien,ekkehard80@holt.com,F,Bayern,74314,92.0,2021-09-12,2.4,2021-09-12,2.4
1228,VacHomeClass-1,VacHomeZone-1,72.0,8872,Cobblestone,Gravel,Pie,Flat,Trash|Gas|Water|Electricity,Corner lot,No Slope,NAmes,Proximity to School,Apartment,Contemporary,5,8,1968,2017,Gable,Rolled Roofing,Board Batten,Natural Stone,300.0,3,3,Combined footing,3.0,No Sunlight,BrightWall Paneling,912,Furnace,5,Yes,NM Cable,912,0,912,1,0,2,1,4,5,0,,Detached,Metal Panels,2,576,3,Paved,0,0,0,0,No Fence,12,2008,Down payment assistance,Regular,122016.0,Y,N,2021-07-21,66499046,"Mirjam-Schacht-Gasse 65
81126 Fulda",Wolfach,Sri Lanka,almuthknappe@roemer.org,F,Sachsen-Anhalt,82207,16.0,2021-05-24,1.2,2021-05-24,1.2
1229,VacHomeClass-12,VacHomeZone-1,65.0,8769,Cobblestone,Gravel,Pie,Flat,Trash|Gas|Water|Electricity,Corner lot,No Slope,RNH 16,Proximity to School,SingleFamilyHome,Contemporary,9,5,2013,2015,Sawtooth,Rolled Roofing,Log Wood,Natural Stone,766.0,5,3,Individual footing,5.0,No Sunlight,ZenWall Panels,1702,Furnace,5,Yes,NM Cable,1702,0,1702,1,1,1,1,5,7,1,Gd,Attached,DryWall,3,1052,3,Paved,0,0,0,0,No Fence,10,2008,Government-backed programs,Distress Sale,304860.02,N,Y,2021-03-03,36839117,"Junitzweg 04
14754 Aachen",Nördlingen,Rumänien,lklingelhoefer@yahoo.de,M,Hamburg,37236,41.0,2021-07-13,2.9,2021-07-13,2.9
1230,VacHomeClass-9,VacHomeZone-1,70.0,7910,Cobblestone,Gravel,Pie,Flat,Trash|Gas|Water|Electricity,Interior lot,No Slope,NAmes,Proximity to School,Apartment,Spanish,5,5,1962,1968,Sawtooth,Rolled Roofing,Vertical Wood,Manmade Stone,0.0,3,3,Combined footing,3.0,No Sunlight,BrightWall Paneling,1075,Furnace,4,Yes,NM Cable,1507,0,1507,2,0,4,1,3,7,0,,Barns,Metal Panels,1,404,3,Paved,0,0,0,0,Wood Fences,8,2008,Down payment assistance,Regular,105416.0,Y,Y,2021-02-14,50682195,"Barkholzstraße 882
78724 Stadtroda",Ludwigsburg,Namibia,gertzralph@googlemail.com,F,Sachsen,48852,62.0,2021-08-25,1.6,2021-08-25,1.6
1231,VacHomeClass-11,VacHomeZone-1,,18890,Cobblestone,Gravel,Reverse Pie,Flat,Trash|Gas|Water|Electricity,Interior lot,No Slope,RNH 20,Proximity to Hospital,Townhome,Craftsman,5,5,1978,1984,Sawtooth,Rolled Roofing,Brick,Manmade Stone,1.0,3,3,Combined footing,4.0,No Sunlight,ZenWall Panels,1361,Furnace,5,Yes,NM Cable,1361,1259,2620,2,2,4,2,3,12,1,TA,Breezeway,Wood Sheathing,2,600,3,Only Gravel,155,0,0,0,No Fence,8,2007,Down payment assistance,Regular,157706.0,N,Y,2021-09-21,51237684,"Carmelo-Graf-Straße 9/1
87877 Euskirchen",Neu-Ulm,Tonga,scholllotte@yahoo.de,M,Rheinland-Pfalz,48074,73.0,2021-04-21,1.4,2021-04-21,1.4
1232,VacHomeClass-11,VacHomeZone-1,70.0,7728,Cobblestone,Gravel,Pie,Flat,Trash|Gas|Water|Electricity,Interior lot,No Slope,NAmes,Proximity to School,Townhome,Spanish,5,6,1964,1966,Sawtooth,Rolled Roofing,Wood Shingle,Natural Stone,120.0,3,3,Combined footing,3.0,Large Windows,BrightWall Paneling,1106,Furnace,3,Yes,NM Cable,1190,0,1190,1,0,3,1,3,6,0,,Attached,Metal Panels,2,540,3,Paved,0,0,0,0,Wood Fences,5,2006,Down payment assistance,Regular,109981.0,Y,Y,2021-02-10,3216866,"Stumpfallee 10
80096 Bad Mergentheim",Erfurt,Guatemala,gscheuermann@aol.de,M,Mecklenburg-Vorpommern,22098,30.0,2021-01-03,1.9,2021-01-03,1.9
1233,VacHomeClass-11,VacHomeZone-1,70.0,9842,Cobblestone,Gravel,Pie,Flat,Trash|Gas|Water|Electricity,T-intersection,No Slope,NAmes,Proximity to School,Townhome,Contemporary,4,5,1965,1965,Gable,Rolled Roofing,Horizontal Wood,Manmade Stone,0.0,3,3,Pile foundation,,,,0,Furnace,3,Yes,NM Cable,1224,0,1224,2,0,2,2,3,6,0,,Carports,Metal Panels,2,462,3,Paved,0,0,0,0,No Fence,3,2007,Down payment assistance,Regular,84500.0,Y,N,2021-03-16,52946837,"Ismet-Kobelt-Weg 4
94663 Uffenheim",Füssen,Heard- und McDonald-Inseln,elsadippel@weller.de,F,Sachsen-Anhalt,21615,16.0,2021-03-03,3.2,2021-03-03,3.2
1234,VacHomeClass-1,VacHomeZone-1,,12160,Cobblestone,Gravel,Reverse Pie,Flat,Trash|Gas|Water|Electricity,Interior lot,No Slope,NAmes,Proximity to School,Apartment,Contemporary,5,5,1962,1962,Sawtooth,Rolled Roofing,Brick,Natural Stone,180.0,3,3,Combined footing,3.0,No Sunlight,Foamax,1188,Furnace,2,Yes,NM Cable,1188,0,1188,1,0,3,1,3,6,0,,Attached,Wood Sheathing,2,531,3,Paved,0,0,0,0,Vinyl Fences,5,2010,Reverse Mortgage,Shortsale,117866.0,N,Y,2021-09-05,91202260,"Langestr. 10
84702 Neubrandenburg",Weimar,Uganda,dowerginga@gmx.de,M,Hessen,63176,89.0,2021-12-12,4.3,2021-12-12,4.3
1235,VacHomeClass-7,VacHomeZone-4,55.0,8525,Cobblestone,Gravel,Pie,Slope,Trash|Gas|Water|Electricity,Interior lot,No Slope,RNH 19,Proximity to School,Apartment,Bungalow,5,6,1912,1955,Gable,Rolled Roofing,Log Wood,Manmade Stone,0.0,3,3,Individual footing,3.0,Large Windows,Dry Wall,940,Furnace,3,No,Underground Feeder Cable,1024,940,1964,1,1,4,1,3,7,0,,No Garage,Unfinished,0,0,0,Only Gravel,0,0,0,0,No Fence,11,2008,Down payment assistance,Shortsale,107906.0,N,Y,2021-11-14,10908440,"Bauerstraße 65
04875 Naila",Oberviechtach,Russische Föderation,flora43@web.de,F,Schleswig-Holstein,59795,10.0,2021-08-15,2.0,2021-08-15,2.0
1236,VacHomeClass-7,VacHomeZone-1,96.0,13132,Cobblestone,Gravel,Pie,Flat,Trash|Gas|Water|Electricity,Interior lot,No Slope,RNH 7,Proximity to School,Apartment,Bungalow,5,5,1919,1957,Gable,Rolled Roofing,Wood Shingle,Manmade Stone,0.0,3,3,Strip foundation,4.0,Small Windows,Dry Wall,747,Furnace,4,Yes,Armored Cable,892,892,1784,1,1,4,1,3,9,0,,Detached,Metal Panels,1,180,2,Only Gravel,203,0,0,0,No Fence,7,2006,Down payment assistance,Regular,115282.21,N,Y,2021-08-27,38287152,"Kreinweg 70
15969 Pegnitz",Oschatz,Pakistan,telsemetz@faust.com,M,Thüringen,53346,10.0,2021-09-07,2.7,2021-09-07,2.7
1237,VacHomeClass-13,VacHomeZone-1,36.0,2628,Cobblestone,Gravel,Pie,Flat,Trash|Gas|Water|Electricity,Interior lot,No Slope,RNH 16,Proximity to School,MultiFamilyHome,Bungalow,7,5,2007,2011,Gable,Rolled Roofing,Board Batten,Manmade Panels,106.0,4,3,Individual footing,4.0,No Sunlight,Dry Wall,764,Furnace,5,Yes,NM Cable,764,862,1626,2,1,2,1,4,6,0,,Breezeway,Wood Sheathing,2,474,3,Paved,0,0,0,0,No Fence,6,2010,Down payment assistance,Regular,145671.0,Y,N,2021-10-04,47695962,"Benthinstraße 351
92181 Sangerhausen",Sömmerda,Frankreich,curt03@geissler.com,M,Rheinland-Pfalz,71243,47.0,2021-12-07,4.9,2021-12-07,4.9
1238,VacHomeClass-6,VacHomeZone-1,41.0,12393,Cobblestone,Gravel,Rectangular,Flat,Trash|Gas|Water|Electricity,T-intersection,No Slope,RNH 6,Proximity to School,Apartment,Bungalow,7,5,2005,2011,Gable,Rolled Roofing,Board Batten,Manmade Stone,0.0,4,3,Individual footing,4.0,No Sunlight,Dry Wall,847,Furnace,5,Yes,NM Cable,847,1101,1948,2,1,4,1,4,8,1,Gd,Breezeway,DryWall,2,434,3,Paved,100,0,0,0,No Fence,9,2006,Down payment assistance,Regular,161856.0,Y,N,2021-03-29,52546648,"Trudi-Metz-Gasse 123
33073 Niesky",Groß-Gerau,Singapur,tlustekcatrin@biggen.com,M,Thüringen,38919,38.0,2021-08-29,3.5,2021-08-29,3.5
1239,VacHomeClass-1,VacHomeZone-1,63.0,13072,Cobblestone,Gravel,Pie,Flat,Trash|Gas|Water|Electricity,Interior lot,No Slope,RNH 21,Proximity to Dance Club,Apartment,Contemporary,6,5,2008,2009,Gable,Rolled Roofing,Board Batten,Manmade Stone,0.0,4,3,Individual footing,4.0,No Sunlight,Dry Wall,1141,Furnace,5,Yes,NM Cable,1141,0,1141,1,1,3,1,3,6,0,,Detached,Metal Panels,2,484,3,Paved,0,0,0,0,No Fence,3,2006,Down payment assistance,Shortsale,118281.0,N,N,2021-08-14,14500442,"Karoline-Ebert-Gasse 85
32691 Schweinfurt",Eutin,Palästinensische Gebiete,celal97@yahoo.de,M,Nordrhein-Westfalen,97356,4.0,2021-05-22,1.0,2021-05-22,1.0
1240,VacHomeClass-1,VacHomeZone-1,64.0,9037,Cobblestone,Gravel,Reverse Pie,High Level,Trash|Gas|Water|Electricity,Interior lot,No Slope,RNH 24,Proximity to School,Apartment,Contemporary,8,5,2010,2012,Sawtooth,Rolled Roofing,Board Batten,Natural Stone,32.0,4,3,Individual footing,4.0,Large Windows,ZenWall Panels,1476,Furnace,5,Yes,NM Cable,1484,0,1484,2,0,2,1,5,6,1,Gd,Attached,Wood Sheathing,2,472,3,Paved,120,0,0,0,No Fence,12,2007,Down payment assistance,Regular,220703.0,N,Y,2021-01-08,11159575,"Sorgatzallee 4
34061 Bersenbrück",Holzminden,Tschad,aschulz@hendriks.com,M,Thüringen,62730,98.0,2021-06-12,3.2,2021-06-12,3.2
1241,VacHomeClass-6,VacHomeZone-1,65.0,8158,Cobblestone,Gravel,Pie,Flat,Trash|Gas|Water|Electricity,Interior lot,No Slope,RNH 6,Proximity to School,Apartment,Bungalow,7,5,2005,2009,Gable,Rolled Roofing,Board Batten,Natural Stone,252.0,4,3,Individual footing,4.0,No Sunlight,ZenWall Panels,884,Furnace,5,Yes,NM Cable,884,884,1768,2,1,3,1,4,8,0,,Attached,Wood Sheathing,2,543,3,Paved,0,0,0,0,No Fence,7,2008,Down payment assistance,Regular,186673.0,Y,Y,2021-11-18,83003639,"Gerlachgasse 0/3
22305 Fürstenwalde",Viersen,Niue,mikhailpechel@seifert.com,M,Nordrhein-Westfalen,85735,83.0,2021-07-06,2.6,2021-07-06,2.6
1242,VacHomeClass-1,VacHomeZone-1,83.0,9849,Cobblestone,Gravel,Pie,Flat,Trash|Gas|Water|Electricity,Interior lot,No Slope,RNH 22,Proximity to School,Apartment,Contemporary,7,6,2012,2013,Sawtooth,Rolled Roofing,Board Batten,Manmade Panels,0.0,4,3,Individual footing,4.0,Large Windows,Dry Wall,1689,Furnace,5,Yes,NM Cable,1689,0,1689,2,0,3,1,4,7,0,,Attached,Wood Sheathing,3,954,3,Paved,0,0,0,0,No Fence,6,2007,Government-backed programs,Distress Sale,206118.24,N,Y,2021-04-20,91634122,"Seifertplatz 81
58666 Herzberg",Rothenburg ob der Tauber,Sudan,burkhard81@web.de,Unknown,Bremen,13927,45.0,2021-10-24,1.3,2021-10-24,1.3
1243,VacHomeClass-10,VacHomeZone-1,85.0,10625,Cobblestone,Gravel,Pie,Flat,Trash|Gas|Water|Electricity,Interior lot,No Slope,RNH 17,Proximity to School,Apartment,Georgian,7,6,1979,1982,Gable,Rolled Roofing,Brick,Natural Stone,81.0,3,3,Combined footing,4.0,French Doors,ZenWall Panels,1053,Furnace,3,Yes,NM Cable,1173,0,1173,2,0,3,1,4,6,2,TA,Attached,Wood Sheathing,2,528,3,Paved,0,0,0,0,Vinyl Fences,1,2010,Down payment assistance,Foreclosure,141106.0,N,Y,2021-06-23,84241160,"Zobelweg 53
06229 Großenhain",Geldern,Jersey,kristin65@hotmail.de,Unknown,Berlin,11134,14.0,2021-08-27,4.6,2021-08-27,4.6
1244,VacHomeClass-1,VacHomeZone-1,107.0,13891,Cobblestone,Gravel,Pie,Flat,Trash|Gas|Water|Electricity,Interior lot,No Slope,RNH 16,Proximity to School,Apartment,Contemporary,10,5,2007,2011,Gable,Rolled Roofing,Board Batten,,,5,3,Individual footing,5.0,French Doors,ZenWall Panels,2076,Furnace,5,Yes,NM Cable,2076,0,2076,2,1,2,1,5,7,1,Gd,Attached,DryWall,3,850,3,Paved,216,0,0,0,No Fence,9,2006,Government-backed programs,Distress Sale,385956.0,Y,N,2021-07-03,93056793,"Truppgasse 1/8
25223 Zerbst",Grimma,Kiribati,denisfliegner@gmail.com,F,Niedersachsen,96730,75.0,2021-10-22,4.2,2021-10-22,4.2
1245,VacHomeClass-7,VacHomeZone-1,,11435,Cobblestone,Gravel,Reverse Pie,High Level,Trash|Gas|Water|Electricity,Corner lot,Little Slope,RNH 7,Proximity to School,Apartment,Bungalow,8,7,1930,1955,Gable,Rolled Roofing,Vertical Wood,Manmade Stone,0.0,3,3,Individual footing,4.0,No Sunlight,Dry Wall,792,Furnace,2,Yes,NM Cable,792,725,1517,1,0,3,1,4,7,2,Gd,Detached,Metal Panels,2,400,3,Paved,0,0,0,0,No Fence,6,2006,Down payment assistance,Regular,190906.0,Y,N,2021-03-28,11560289,"Ingmar-Kambs-Weg 55
29467 Grimmen",Rottweil,Deutschland,antoinette46@gmail.com,M,Bayern,37595,22.0,2021-03-01,4.6,2021-03-01,4.6
1246,VacHomeClass-9,VacHomeZone-1,78.0,12090,Cobblestone,Gravel,Pie,Flat,Trash|Gas|Water|Electricity,Interior lot,No Slope,RNH 17,Proximity to School,Apartment,Spanish,6,7,1986,2009,Sawtooth,Rolled Roofing,Board Batten,Natural Stone,74.0,3,3,Combined footing,4.0,No Sunlight,Dry Wall,585,Furnace,5,Yes,NM Cable,1140,728,1868,3,1,3,1,3,7,1,TA,Breezeway,DryWall,2,477,3,Paved,268,0,0,0,No Fence,1,2007,Down payment assistance,Shortsale,147746.0,N,Y,2021-05-26,62155830,"Rabea-Gotthard-Gasse 2
44053 Rockenhausen",Quedlinburg,Angola,nermin10@gute.com,M,Saarland,70045,7.0,2021-06-22,2.4,2021-06-22,2.4
1247,VacHomeClass-6,VacHomeZone-5,65.0,8125,Cobblestone,Gravel,Pie,Flat,Trash|Gas|Water|Electricity,Interior lot,No Slope,RNH 22,Proximity to School,Apartment,Bungalow,7,5,2010,2011,Gable,Rolled Roofing,Board Batten,Manmade Stone,0.0,4,3,Individual footing,4.0,No Sunlight,Dry Wall,756,Furnace,5,Yes,NM Cable,756,797,1553,2,1,3,1,4,6,0,,Attached,Wood Sheathing,2,615,3,Paved,0,0,0,0,No Fence,3,2006,Government-backed programs,Distress Sale,154801.0,Y,N,2021-05-25,95162607,"Rudolph-Scheibe-Straße 0
18695 Schongau",Hohenstein-Ernstthal,Katar,muellerhans-eberhard@tschentscher.com,F,Saarland,33551,79.0,2021-01-25,2.9,2021-01-25,2.9
1248,VacHomeClass-9,VacHomeZone-1,,12328,Cobblestone,Gravel,Reverse Pie,Flat,Trash|Gas|Water|Electricity,Interior lot,No Slope,RNH 12,Proximity to School,Apartment,Spanish,6,5,1980,1984,Gable,Rolled Roofing,Horizontal Wood,Natural Stone,335.0,3,3,Combined footing,3.0,Large Windows,ZenWall Panels,1012,Furnace,3,Yes,NM Cable,1034,0,1034,1,0,3,1,3,6,0,,Attached,Metal Panels,3,888,3,Paved,0,0,0,0,No Fence,5,2010,Down payment assistance,Regular,141023.0,N,Y,2021-08-29,77338945,"Hübelallee 5/1
58094 Kelheim",Belzig,Kenia,oda85@maelzer.com,F,Berlin,20793,60.0,2021-01-01,3.2,2021-01-01,3.2
1249,VacHomeClass-8,VacHomeZone-2,60.0,9600,Cobblestone,Concrete,Pie,Flat,Trash|Gas|Water|Electricity,Interior lot,No Slope,RNH 18,Proximity to School,Apartment,Modern,6,5,1920,1955,Gable,Rolled Roofing,Concrete,Manmade Stone,0.0,3,3,Strip foundation,4.0,No Sunlight,Foamax,735,Radiant Heating,2,No,NM Cable,1134,924,2058,1,1,3,1,3,8,1,Gd,Detached,Metal Panels,2,396,2,Partially Gravel,0,0,0,0,No Fence,4,2008,Down payment assistance,Regular,107491.0,Y,N,2021-08-30,83647437,"Beerallee 261
11303 Düren",Bremervörde,Neuseeland,fabiangiess@hotmail.de,Unknown,Saarland,40158,37.0,2021-02-08,2.4,2021-02-08,2.4
1250,VacHomeClass-1,VacHomeZone-1,60.0,7200,Cobblestone,Gravel,Pie,Flat,Trash|Gas|Water|Electricity,Interior lot,No Slope,NAmes,Proximity to School,Apartment,Contemporary,5,7,1955,1957,Gable,Rolled Roofing,Log Wood,Manmade Stone,0.0,3,3,Combined footing,3.0,No Sunlight,CleanSpace Wall System,876,Furnace,3,Yes,NM Cable,988,0,988,1,0,3,1,3,6,0,,Attached,Metal Panels,1,276,3,Paved,0,0,0,0,No Fence,5,2007,Down payment assistance,Regular,98776.0,Y,N,2021-08-05,91368942,"Florence-Bolnbach-Allee 3
02077 Ebersberg",Plauen,Guinea-Bissau,steinbergalicia@yahoo.de,Unknown,Hamburg,61810,5.0,2021-03-10,4.4,2021-03-10,4.4
1251,VacHomeClass-1,VacHomeZone-1,93.0,11160,Cobblestone,Gravel,Pie,Flat,Trash|Gas|Water|Electricity,Corner lot,No Slope,NAmes,Proximity to School,Apartment,Contemporary,7,5,1972,1977,Sawtooth,Rolled Roofing,Vertical Wood,Manmade Stone,0.0,4,3,Combined footing,3.0,No Sunlight,BrightWall Paneling,2110,Furnace,5,Yes,NM Cable,2110,0,2110,2,1,3,1,5,8,2,TA,Attached,DryWall,2,522,3,Paved,0,0,0,0,No Fence,4,2010,Down payment assistance,Regular,202526.0,N,Y,2021-02-04,81703722,"Kraushaarallee 807
82429 Anklam",Marktheidenfeld,Antarktis,marlisbudig@hotmail.de,Unknown,Baden-Württemberg,19021,34.0,2021-07-22,4.5,2021-07-22,4.5
1252,VacHomeClass-12,VacHomeZone-1,,3136,Cobblestone,Gravel,Reverse Pie,Flat,Trash|Gas|Water|Electricity,Corner lot,No Slope,RNH 16,Proximity to School,SingleFamilyHome,Contemporary,7,5,2004,2011,Gable,Rolled Roofing,Board Batten,Manmade Panels,163.0,4,3,Individual footing,4.0,No Sunlight,Dry Wall,1405,Furnace,5,Yes,NM Cable,1405,0,1405,2,0,2,1,4,6,1,Gd,Attached,Wood Sheathing,2,478,3,Paved,148,0,0,0,No Fence,3,2006,Down payment assistance,Regular,142558.5,N,Y,2021-04-17,92771871,"Metzgasse 3
07746 Werdau",Werdau,Kaimaninseln,hzimmer@gmail.com,M,Berlin,31519,53.0,2021-07-29,4.7,2021-07-29,4.7
1253,VacHomeClass-1,VacHomeZone-1,62.0,9858,Cobblestone,Gravel,Pie,Flat,Trash|Gas|Water|Electricity,Interior lot,No Slope,RNH 12,Proximity to School,Apartment,Contemporary,5,6,1972,1973,Gable,Rolled Roofing,Horizontal Wood,Manmade Stone,0.0,3,3,Combined footing,3.0,No Sunlight,CleanSpace Wall System,864,Furnace,3,Yes,NM Cable,874,0,874,1,0,3,1,3,5,0,,Attached,Wood Sheathing,1,288,3,Paved,33,0,0,0,Wood Fences,11,2009,Down payment assistance,Regular,107906.0,Y,Y,2021-11-04,44212544,"Heinz-Schüler-Platz 89
02737 Fallingbostel",Roth,Chile,schlosserbirthe@aol.de,F,Nordrhein-Westfalen,78639,60.0,2021-06-30,1.4,2021-06-30,1.4
1254,VacHomeClass-6,VacHomeZone-1,,17542,Cobblestone,Gravel,Reverse Pie,Flat,Trash|Gas|Water|Electricity,Interior lot,No Slope,RNH 25,Proximity to School,Apartment,Bungalow,7,7,1975,2008,Gable,Rolled Roofing,Wood Shingle,Manmade Stone,0.0,4,3,Combined footing,3.0,French Doors,Basement to Beautiful Panels,1192,Furnace,3,Yes,NM Cable,1516,651,2167,2,1,3,1,4,9,2,Gd,Attached,Wood Sheathing,2,518,3,Paved,220,0,0,0,Vinyl Fences,7,2007,Down payment assistance,Regular,244026.0,N,N,2021-05-20,64444062,"Hans-Reising-Ring 2
49955 Schwabmünchen",Neu-Ulm,Benin,alexanders@ebert.com,F,Brandenburg,63857,78.0,2021-08-24,3.4,2021-08-24,3.4
1255,VacHomeClass-6,VacHomeZone-1,60.0,6931,Cobblestone,Gravel,Pie,Flat,Trash|Gas|Water|Electricity,Interior lot,No Slope,RNH 8,Proximity to School,Apartment,Bungalow,7,5,2005,2011,Gable,Rolled Roofing,Board Batten,Manmade Panels,92.0,4,3,Individual footing,4.0,No Sunlight,Dry Wall,746,Furnace,5,Yes,NM Cable,760,896,1656,2,1,3,1,4,7,1,Gd,Breezeway,DryWall,2,397,3,Paved,178,0,0,0,No Fence,7,2008,Down payment assistance,Regular,137288.0,Y,Y,2021-04-23,67043262,"Hiltraud-Haase-Allee 9
91217 Naila",Luckenwalde,St. Vincent und die Grenadinen,zpoelitz@gmail.com,M,Sachsen,67411,81.0,2021-04-09,3.6,2021-04-09,3.6
1256,VacHomeClass-5,VacHomeZone-2,52.0,6240,Cobblestone,Gravel,Pie,Flat,Trash|Gas|Water|Electricity,Interior lot,No Slope,RNH 4,Proximity to School,Apartment,Craftsman,6,6,1934,1955,Gable,Rolled Roofing,Wood Shingle,Manmade Stone,0.0,3,3,Strip foundation,3.0,No Sunlight,Basement to Beautiful Panels,884,Furnace,3,Yes,Underground Feeder Cable,959,408,1367,1,0,3,1,3,6,1,Gd,Detached,Metal Panels,1,560,3,Paved,0,0,0,0,No Fence,11,2007,Down payment assistance,Regular,105831.0,Y,N,2021-01-17,15039033,"Huhnring 978
96792 Merseburg",Recklinghausen,Aruba,attila85@mitschke.com,M,Baden-Württemberg,67939,26.0,2021-08-25,1.7,2021-08-25,1.7
1257,VacHomeClass-1,VacHomeZone-1,91.0,14303,Cobblestone,Gravel,Reverse Pie,Flat,Trash|Gas|Water|Electricity,Corner lot,No Slope,RNH 14,Proximity to School,Apartment,Contemporary,8,5,1996,2000,Sawtooth,Rolled Roofing,Horizontal Wood,Natural Stone,554.0,4,3,Individual footing,4.0,French Doors,ZenWall Panels,1986,Furnace,5,Yes,NM Cable,1987,0,1987,2,0,2,1,4,7,1,TA,Attached,DryWall,2,691,3,Paved,262,0,0,0,No Fence,8,2008,Down payment assistance,Regular,250251.0,N,Y,2021-11-27,83291210,"Marijan-Fritsch-Allee 13
00714 Moers",Mettmann,Palästinensische Gebiete,ruthmeister@yahoo.de,M,Berlin,66667,33.0,2021-09-08,2.6,2021-09-08,2.6
1258,VacHomeClass-2,VacHomeZone-1,56.0,4060,Cobblestone,Gravel,Pie,Flat,Trash|Gas|Water|Electricity,Corner lot,No Slope,RNH 8,Proximity to Hospital,Apartment,Contemporary,5,8,1924,1957,Gable,Rolled Roofing,Wood Shingle,Manmade Stone,0.0,3,3,Individual footing,2.0,No Sunlight,Dry Wall,864,Furnace,5,Yes,NM Cable,864,0,864,1,0,2,1,3,4,0,,No Garage,Unfinished,0,0,0,Paved,0,0,0,0,No Fence,7,2009,Down payment assistance,Regular,82923.0,N,Y,2021-01-01,1550238,"Wencke-Wilmsen-Gasse 40
33853 Niesky",Ochsenfurt,Togo,wagenknechtmark@hotmail.de,F,Berlin,49115,45.0,2021-04-16,4.0,2021-04-16,4.0
1259,VacHomeClass-9,VacHomeZone-1,59.0,9587,Cobblestone,Gravel,Reverse Pie,Flat,Trash|Gas|Water|Electricity,Interior lot,No Slope,RNH 9,Proximity to School,Apartment,Spanish,7,5,2009,2014,Gable,Rolled Roofing,Board Batten,Manmade Panels,182.0,4,3,Individual footing,4.0,French Doors,ZenWall Panels,856,Furnace,5,Yes,NM Cable,1166,0,1166,2,0,2,1,4,5,0,,Attached,DryWall,2,400,3,Paved,212,0,0,0,No Fence,7,2008,Down payment assistance,Regular,157706.0,N,N,2021-10-25,45098260,"Antonio-Rust-Ring 84
88217 Hainichen",Pasewalk,Serbien,jasmin74@aol.de,F,Baden-Württemberg,76759,57.0,2021-01-09,4.8,2021-01-09,4.8
1260,VacHomeClass-1,VacHomeZone-1,65.0,9750,Cobblestone,Gravel,Pie,Flat,Trash|Gas|Water|Electricity,T-intersection,No Slope,NAmes,Proximity to School,Apartment,Contemporary,6,8,1971,1973,Gable,Rolled Roofing,Horizontal Wood,Manmade Stone,0.0,3,3,Combined footing,4.0,No Sunlight,BrightWall Paneling,1054,Furnace,4,Yes,NM Cable,1054,0,1054,1,1,3,1,3,6,0,,Attached,Metal Panels,2,460,3,Paved,180,0,0,0,No Fence,7,2008,Down payment assistance,Regular,125336.0,N,Y,2021-11-04,68588977,"Geißlerstr. 474
30852 Dessau",Wolmirstedt,Mauritius,constanze00@striebitz.org,Unknown,Hessen,2682,21.0,2021-02-03,3.0,2021-02-03,3.0
1261,VacHomeClass-6,VacHomeZone-1,,24682,Cobblestone,Gravel,Irregular Lots,Flat,Trash|Gas|Water|Electricity,Cul-de-sac,No Slope,RNH 9,Proximity to Restaurants,Apartment,Bungalow,6,5,2002,2004,Gable,Rolled Roofing,Board Batten,Manmade Stone,0.0,3,3,Individual footing,4.0,No Sunlight,Dry Wall,841,Furnace,5,Yes,NM Cable,892,783,1675,2,1,3,1,3,7,1,TA,Breezeway,DryWall,2,502,3,Paved,0,0,0,0,No Fence,6,2009,Down payment assistance,Regular,150236.0,Y,N,2021-05-15,79626187,"Hentschelgasse 6/1
35832 Hildburghausen",Lüneburg,Vietnam,mansguenter@stadelmann.org,F,Niedersachsen,27148,5.0,2021-01-12,4.6,2021-01-12,4.6
1262,VacHomeClass-1,VacHomeZone-1,80.0,9600,Cobblestone,Gravel,Pie,Flat,Trash|Gas|Water|Electricity,Interior lot,No Slope,NAmes,Proximity to School,Apartment,Contemporary,5,6,1960,1962,Sawtooth,Rolled Roofing,Log Wood,Manmade Stone,0.0,3,3,Combined footing,3.0,No Sunlight,Foamax,1050,Furnace,4,Yes,NM Cable,1050,0,1050,1,0,2,1,3,5,0,,Attached,Metal Panels,1,338,3,Paved,0,0,0,0,No Fence,6,2009,Down payment assistance,Regular,106993.0,Y,N,2021-11-12,92165045,"Pieperweg 1/2
36376 Döbeln",Havelberg,Peru,muehlehans-ulrich@googlemail.com,M,Bremen,95104,62.0,2021-07-27,3.8,2021-07-27,3.8
1263,VacHomeClass-5,VacHomeZone-1,,11250,Cobblestone,Gravel,Pie,Flat,Trash|Gas|Water|Electricity,Interior lot,No Slope,RNH 5,Proximity to School,Apartment,Craftsman,4,5,1960,1998,Gable,Rolled Roofing,Wood Shingle,Manmade Stone,0.0,3,3,Combined footing,3.0,Large Windows,Dry Wall,1104,Furnace,5,Yes,Underground Feeder Cable,1104,684,1788,1,0,5,1,3,8,2,TA,Attached,Metal Panels,1,304,3,Paved,120,0,0,0,No Fence,11,2009,Down payment assistance,Regular,134051.0,N,Y,2021-03-03,7797224,"Löfflergasse 2
98786 Schlüchtern",Mayen,Bulgarien,klaus-juergenrust@yahoo.de,M,Thüringen,19189,70.0,2021-07-03,4.8,2021-07-03,4.8
1264,VacHomeClass-7,VacHomeZone-1,60.0,13515,Cobblestone,Cobblestone,Pie,Flat,Trash|Gas|Water|Electricity,Interior lot,No Slope,RNH 4,Proximity to School,Apartment,Bungalow,6,6,1922,1956,Curved,Rolled Roofing,Wood Shingle,Manmade Stone,0.0,3,3,Individual footing,3.0,No Sunlight,Dry Wall,764,Furnace,5,Yes,Underground Feeder Cable,1060,764,1824,1,0,3,1,3,8,1,Gd,Detached,Metal Panels,2,520,3,Only Gravel,0,0,0,0,Composite Fences,7,2007,Down payment assistance,Regular,149821.0,N,Y,2021-10-08,29095483,"Dowergweg 3/0
84773 Lüdenscheid",Mellrichstadt,Amerikanische Jungferninseln,wagnerkordula@gmail.com,M,Sachsen-Anhalt,19938,79.0,2021-10-16,4.9,2021-10-16,4.9
1265,VacHomeClass-12,VacHomeZone-4,34.0,4060,Cobblestone,Gravel,Pie,Flat,Trash|Gas|Water|Electricity,Interior lot,No Slope,NAmes,Proximity to School,SingleFamilyHome,Contemporary,6,5,1999,2005,Gable,Rolled Roofing,Log Wood,Manmade Stone,0.0,4,3,Individual footing,4.0,No Sunlight,ZenWall Panels,1405,Furnace,5,Yes,NM Cable,1337,0,1337,2,0,2,1,4,5,0,,Attached,DryWall,2,511,3,Paved,144,0,0,0,No Fence,8,2008,Reverse Mortgage,Shortsale,150236.0,N,N,2021-10-15,60157140,"Gotthardstraße 4
11556 Demmin",Steinfurt,Nicaragua,fredy05@kusch.com,M,Hamburg,40731,75.0,2021-03-13,1.9,2021-03-13,1.9
1266,VacHomeClass-13,VacHomeZone-5,35.0,3735,Cobblestone,Gravel,Pie,Flat,Trash|Gas|Water|Electricity,Key lot,No Slope,RNH 22,Proximity to School,SingleFamilyHome,Bungalow,7,5,2002,2007,Sawtooth,Rolled Roofing,Log Wood,Natural Stone,218.0,4,3,Individual footing,4.0,No Sunlight,ZenWall Panels,691,Furnace,5,Yes,NM Cable,713,739,1452,2,1,3,1,4,6,0,,Detached,Metal Panels,2,506,3,Paved,0,0,0,0,No Fence,3,2006,Down payment assistance,Regular,152643.0,N,N,2021-03-30,74642175,"Anni-Spieß-Allee 455
83792 Hainichen",Günzburg,Tunesien,daniela51@aol.de,M,Sachsen-Anhalt,70624,79.0,2021-05-19,2.4,2021-05-19,2.4
1267,VacHomeClass-15,VacHomeZone-2,60.0,10120,Cobblestone,Gravel,Reverse Pie,Slope,Trash|Gas|Water|Electricity,Interior lot,No Slope,RNH 18,Proximity to Hospital,Condo,Modern,7,4,1915,1955,Sawtooth,Rolled Roofing,Wood Shingle,Manmade Stone,0.0,2,3,Combined footing,3.0,No Sunlight,Dry Wall,925,Furnace,3,No,Armored Cable,964,925,1889,1,1,4,2,3,9,1,Gd,Detached,Metal Panels,1,308,3,Only Gravel,0,0,0,0,Vinyl Fences,1,2007,Down payment assistance,Regular,101266.0,Y,N,2021-07-02,74496464,"Gutknechtring 57
62745 Calw",Lichtenfels,Französisch-Guayana,elisestumpf@holt.net,F,Thüringen,30575,42.0,2021-06-17,1.3,2021-06-17,1.3
1268,VacHomeClass-1,VacHomeZone-1,89.0,13214,Cobblestone,Gravel,Reverse Pie,High Level,Trash|Gas|Water|Electricity,Interior lot,No Slope,RNH 24,Proximity to School,Apartment,Contemporary,9,5,2011,2013,Sawtooth,Rolled Roofing,Fiber cement,Manmade Stone,0.0,5,3,Individual footing,5.0,French Doors,Dry Wall,2002,Furnace,5,Yes,NM Cable,2018,0,2018,2,0,3,1,5,10,1,Gd,Attached,DryWall,3,746,3,Paved,144,0,0,0,No Fence,5,2010,Down payment assistance,Regular,314161.0,Y,N,2021-05-14,92633940,"Budigring 103
84457 Siegen",Peine,Guam,sibilla88@gmx.de,M,Rheinland-Pfalz,98367,81.0,2021-02-07,2.9,2021-02-07,2.9
1269,VacHomeClass-5,VacHomeZone-1,,14100,Cobblestone,Gravel,Reverse Pie,Flat,Trash|Gas|Water|Electricity,Interior lot,Little Slope,RNH 7,Proximity to School,Apartment,Craftsman,8,9,1939,2000,Gable,Rolled Roofing,Fiber cement,Natural Stone,632.0,3,4,Combined footing,3.0,Small Windows,Foamax,728,Furnace,5,Yes,NM Cable,1968,1479,3447,3,1,4,1,4,11,2,Gd,Breezeway,Metal Panels,3,1014,3,Paved,314,0,0,0,Wood Fences,5,2008,Down payment assistance,Regular,316236.0,Y,N,2021-04-02,75225179,"Langeplatz 97
75833 Freising",Meißen,Norfolkinsel,lehmanndavid@tlustek.org,M,Berlin,56413,90.0,2021-06-25,2.7,2021-06-25,2.7
1270,VacHomeClass-5,VacHomeZone-1,78.0,11344,Cobblestone,Gravel,Pie,Flat,Trash|Gas|Water|Electricity,Interior lot,No Slope,NAmes,Proximity to Hospital,Apartment,Craftsman,5,5,1961,1966,Gable,Rolled Roofing,Log Wood,Natural Stone,180.0,3,3,Combined footing,3.0,No Sunlight,CleanSpace Wall System,874,Boiler,3,Yes,Underground Feeder Cable,874,650,1524,1,1,3,1,3,7,0,,Attached,Metal Panels,1,315,3,Paved,0,0,0,0,Wood Fences,7,2007,Down payment assistance,Regular,119526.0,N,N,2021-12-02,17338479,"Jäntschweg 7
50177 Sangerhausen",Biedenkopf,Südgeorgien und die Südlichen Sandwichinseln,joseph54@googlemail.com,Unknown,Mecklenburg-Vorpommern,32837,41.0,2021-05-03,4.2,2021-05-03,4.2
1271,VacHomeClass-3,VacHomeZone-1,,23595,Cobblestone,Gravel,Pie,Low Level,Trash|Gas|Water|Electricity,Interior lot,Severe Slope,RNH 5,Proximity to School,Apartment,Contemporary,7,6,1982,1984,Sawtooth,Asphalt Shingles,Brick,Manmade Stone,0.0,4,3,Individual footing,4.0,French Doors,ZenWall Panels,1332,Furnace,3,Yes,NM Cable,1332,192,1524,0,1,0,1,4,4,1,TA,Attached,DryWall,2,586,3,Paved,268,0,0,0,No Fence,4,2010,Down payment assistance,Regular,215806.0,Y,N,2021-05-10,87631463,"Killerring 941
00439 Sigmaringen",Kehl,Syrien,filizjunk@stolze.de,Unknown,Brandenburg,85557,13.0,2021-07-09,3.7,2021-07-09,3.7
1272,VacHomeClass-1,VacHomeZone-1,,9156,Cobblestone,Gravel,Reverse Pie,Flat,Trash|Gas|Water|Electricity,Interior lot,No Slope,RNH 17,Proximity to Park,Apartment,Contemporary,6,7,1972,1974,Sawtooth,Rolled Roofing,Vertical Wood,Manmade Stone,0.0,3,3,Combined footing,3.0,No Sunlight,Dry Wall,1489,Furnace,4,Yes,NM Cable,1489,0,1489,2,0,3,1,4,7,1,Gd,Attached,Wood Sheathing,2,462,3,Paved,0,0,0,0,No Fence,8,2009,Down payment assistance,Regular,154178.5,Y,N,2021-08-17,46188793,"Gierschnerring 9
18204 Eilenburg",Staßfurt,St. Martin,paertzeltalfonso@huhn.com,F,Mecklenburg-Vorpommern,20541,5.0,2021-05-13,2.0,2021-05-13,2.0
1273,VacHomeClass-1,VacHomeZone-1,,13526,Cobblestone,Gravel,Reverse Pie,Flat,Trash|Gas|Water|Electricity,Cul-de-sac,No Slope,RNH 20,Proximity to School,Apartment,Contemporary,5,6,1969,1972,Sawtooth,Rolled Roofing,Horizontal Wood,Natural Stone,114.0,3,3,Combined footing,3.0,No Sunlight,CleanSpace Wall System,935,Furnace,3,Yes,NM Cable,935,0,935,1,0,3,1,3,5,0,,Attached,Metal Panels,1,288,3,Paved,180,0,0,0,Vinyl Fences,11,2006,Down payment assistance,Regular,113716.0,N,N,2021-07-28,82963842,"Elfie-Scheibe-Weg 8/8
61784 Ribnitz-Damgarten",Vohenstrauß,Bermuda,roerrichtaugusta@aol.de,Unknown,Sachsen,6991,28.0,2021-05-21,3.6,2021-05-21,3.6
1274,VacHomeClass-9,VacHomeZone-1,124.0,11512,Cobblestone,Gravel,Reverse Pie,Flat,Trash|Gas|Water|Electricity,Corner lot,No Slope,RNH 8,Proximity to School,Apartment,Spanish,6,7,1962,2009,Gable,Rolled Roofing,Brick,Natural Stone,84.0,3,3,Combined footing,3.0,Large Windows,BrightWall Paneling,1019,Furnace,4,Yes,NM Cable,1357,0,1357,1,0,2,1,5,5,1,Gd,Barns,Wood Sheathing,1,312,3,Paved,0,0,0,0,Composite Fences,5,2008,Down payment assistance,Regular,146916.0,N,N,2021-05-16,23195752,"Mosemanngasse 3
32103 Weißwasser",Pinneberg,Senegal,niemeierbrian@rust.com,Unknown,Bayern,41728,76.0,2021-11-12,1.4,2021-11-12,1.4
1275,VacHomeClass-5,VacHomeZone-1,53.0,5362,Cobblestone,Gravel,Pie,Flat,Trash|Gas|Water|Electricity,Corner lot,No Slope,RNH 7,Proximity to School,Apartment,Craftsman,5,6,1912,2007,Gable,Rolled Roofing,Wood Shingle,Manmade Stone,0.0,3,3,Individual footing,3.0,No Sunlight,Dry Wall,661,Furnace,5,Yes,NM Cable,661,589,1250,2,0,3,1,3,8,1,Gd,Detached,Metal Panels,2,552,3,Paved,242,0,0,0,No Fence,11,2007,Down payment assistance,Regular,115376.0,N,N,2021-05-21,86522502,"Weihmannstraße 23
47919 Starnberg",Pasewalk,Bosnien und Herzegowina,mentzelabraham@yahoo.de,Unknown,Bayern,72382,75.0,2021-12-14,2.8,2021-12-14,2.8
1276,VacHomeClass-11,VacHomeZone-1,95.0,11345,Cobblestone,Gravel,Pie,Flat,Trash|Gas|Water|Electricity,Corner lot,No Slope,NAmes,Proximity to Hospital,Townhome,Bungalow,5,5,1949,1959,Gable,Concrete Tile,Concrete,Manmade Panels,567.0,3,3,Combined footing,3.0,No Sunlight,Foamax,928,Furnace,4,Yes,Underground Feeder Cable,928,992,1920,2,0,4,2,3,10,0,,Detached,Metal Panels,2,400,3,Paved,0,0,0,0,No Fence,7,2007,Down payment assistance,Regular,113716.0,Y,N,2021-12-16,96817889,"Wagnergasse 4/5
96134 Gelnhausen",Bad Mergentheim,Ghana,waehnerrena@googlemail.com,M,Schleswig-Holstein,97232,5.0,2021-02-24,2.1,2021-02-24,2.1
1277,VacHomeClass-6,VacHomeZone-1,,12936,Cobblestone,Gravel,Reverse Pie,Flat,Trash|Gas|Water|Electricity,Cul-de-sac,No Slope,RNH 17,Proximity to School,Apartment,Bungalow,6,6,1974,1978,Gable,Rolled Roofing,Horizontal Wood,Manmade Stone,0.0,3,3,Combined footing,3.0,No Sunlight,CleanSpace Wall System,723,Furnace,3,Yes,NM Cable,735,660,1395,1,1,3,1,3,6,1,TA,Attached,Metal Panels,2,497,3,Paved,294,0,0,0,No Fence,12,2009,Down payment assistance,Regular,134466.0,Y,N,2021-05-15,99901974,"Kazim-Schweitzer-Weg 22
76936 Illertissen",Gießen,Mali,werareuter@googlemail.com,M,Hamburg,7249,36.0,2021-12-29,3.3,2021-12-29,3.3
1278,VacHomeClass-9,VacHomeZone-1,,17871,Cobblestone,Gravel,Reverse Pie,Flat,Trash|Gas|Water|Electricity,Cul-de-sac,No Slope,RNH 17,Proximity to School,Apartment,Spanish,6,5,1968,1980,Gable,Rolled Roofing,Horizontal Wood,Natural Stone,359.0,3,3,Combined footing,4.0,Large Windows,BrightWall Paneling,1680,Furnace,2,Yes,NM Cable,1724,0,1724,1,1,3,1,3,7,1,Gd,Attached,Wood Sheathing,2,480,3,Paved,0,0,0,0,No Fence,6,2009,Down payment assistance,Regular,164263.0,N,Y,2021-11-07,56063899,"Seidelring 8/8
83374 Borna",Nabburg,Mauritius,olgaschinke@schaefer.net,Unknown,Sachsen-Anhalt,87679,20.0,2021-01-18,1.7,2021-01-18,1.7
1279,VacHomeClass-6,VacHomeZone-1,75.0,9473,Cobblestone,Gravel,Pie,Flat,Trash|Gas|Water|Electricity,Interior lot,No Slope,RNH 6,Proximity to School,Apartment,Bungalow,8,5,2003,2009,Gable,Rolled Roofing,Board Batten,,,4,3,Individual footing,4.0,No Sunlight,ZenWall Panels,1128,Furnace,5,Yes,NM Cable,1128,903,2031,2,1,3,1,4,7,1,Gd,Attached,Wood Sheathing,2,577,3,Paved,0,0,0,0,No Fence,3,2008,Down payment assistance,Regular,196716.0,N,Y,2021-12-08,57287140,"Hethurstraße 91
18854 Rathenow",Parchim,Isle of Man,etzoldbeatrix@ring.de,Unknown,Schleswig-Holstein,34439,79.0,2021-07-02,1.9,2021-07-02,1.9
1280,VacHomeClass-5,VacHomeZone-3,60.0,7500,Cobblestone,Gravel,Pie,Flat,Trash|Gas|Water|Electricity,Interior lot,No Slope,RNH 10,Proximity to School,Apartment,Craftsman,4,4,1925,1957,Gable,Rolled Roofing,Log Wood,Manmade Stone,0.0,3,4,Combined footing,3.0,No Sunlight,Dry Wall,698,Furnace,3,Yes,Underground Feeder Cable,698,430,1128,1,0,2,1,3,6,0,,Detached,Wood Sheathing,2,528,3,Paved,30,0,0,0,No Fence,4,2010,Reverse Mortgage,Shortsale,56778.0,Y,Y,2021-01-27,48699068,"Nikola-Dowerg-Straße 4/5
22022 Gerolzhofen",Staßfurt,Kambodscha,ybarkholz@cichorius.net,F,Hamburg,80725,33.0,2021-07-23,1.2,2021-07-23,1.2
1281,VacHomeClass-1,VacHomeZone-1,67.0,9808,Cobblestone,Gravel,Reverse Pie,Flat,Trash|Gas|Water|Electricity,Interior lot,No Slope,RNH 6,Proximity to School,Apartment,Contemporary,7,5,2003,2008,Gable,Rolled Roofing,Board Batten,Natural Stone,110.0,4,3,Individual footing,4.0,No Sunlight,ZenWall Panels,1573,Furnace,5,Yes,NM Cable,1573,0,1573,2,0,3,1,4,6,0,,Attached,Wood Sheathing,2,544,3,Paved,0,0,0,0,No Fence,3,2009,Down payment assistance,Regular,188416.0,Y,Y,2021-01-14,61188235,"Hakan-Pruschke-Gasse 799
99390 Goslar",Biedenkopf,Guatemala,harrobenthin@beyer.de,F,Sachsen,3426,62.0,2021-09-02,4.9,2021-09-02,4.9
1282,VacHomeClass-1,VacHomeZone-1,50.0,8049,Cobblestone,Gravel,Reverse Pie,Flat,Trash|Gas|Water|Electricity,Cul-de-sac,No Slope,RNH 24,Proximity to School,Apartment,Contemporary,7,5,1993,1996,Sawtooth,Rolled Roofing,Horizontal Wood,Natural Stone,54.0,3,3,Combined footing,4.0,No Sunlight,BrightWall Paneling,1309,Furnace,3,Yes,NM Cable,1339,0,1339,2,0,2,1,3,6,1,TA,Attached,DryWall,2,484,4,Paved,0,0,0,0,No Fence,7,2006,Down payment assistance,Regular,149406.0,N,N,2021-06-05,39090737,"Holtring 0/3
77845 Nürtingen",Nordhausen,Neukaledonien,nikolastiffel@hotmail.de,M,Brandenburg,8032,56.0,2021-02-22,3.1,2021-02-22,3.1
1283,VacHomeClass-1,VacHomeZone-1,61.0,8800,Cobblestone,Gravel,Reverse Pie,Flat,Trash|Gas|Water|Electricity,Interior lot,No Slope,RNH 6,Proximity to School,Apartment,Contemporary,5,7,1978,2013,Gable,Rolled Roofing,Horizontal Wood,Manmade Stone,0.0,3,3,Combined footing,4.0,Small Windows,Basement to Beautiful Panels,1040,Furnace,3,Yes,NM Cable,1040,0,1040,2,0,3,1,4,5,0,,Detached,Metal Panels,2,484,3,Paved,0,0,0,0,No Fence,9,2009,Down payment assistance,Regular,124921.0,N,N,2021-08-05,92608085,"Wilmsallee 5
91472 Burglengenfeld",Meppen,Slowakei,birte16@fechner.de,F,Sachsen,92475,6.0,2021-04-28,3.2,2021-04-28,3.2
1284,VacHomeClass-11,VacHomeZone-1,94.0,9400,Cobblestone,Gravel,Pie,Low Level,Trash|Gas|Water|Electricity,Corner lot,No Slope,RNH 12,Proximity to School,Townhome,Bungalow,6,5,1973,1975,Colonial,Rolled Roofing,Log Wood,Manmade Stone,0.0,3,3,Combined footing,3.0,Large Windows,Dry Wall,912,Furnace,3,Yes,NM Cable,912,912,1824,2,2,4,2,3,8,0,,No Garage,Unfinished,0,0,0,Paved,128,0,0,0,No Fence,4,2010,Down payment assistance,Regular,115376.0,N,Y,2021-08-07,17388726,"Ullmannring 248
41961 Amberg",Meißen,Kanada,werneckemarianna@kranz.org,M,Thüringen,25386,19.0,2021-12-09,4.5,2021-12-09,4.5
1285,VacHomeClass-5,VacHomeZone-1,50.0,9638,Cobblestone,Gravel,Pie,Flat,Trash|Gas|Water|Electricity,Interior lot,No Slope,RNH 19,Proximity to Hospital,Apartment,Craftsman,6,7,1924,1996,Gable,Rolled Roofing,Wood Shingle,Manmade Stone,0.0,3,3,Individual footing,3.0,No Sunlight,Dry Wall,804,Furnace,5,Yes,NM Cable,1699,748,2447,2,0,4,1,4,10,1,Gd,Detached,Metal Panels,1,336,3,Paved,272,0,0,0,No Fence,3,2010,Down payment assistance,Regular,140276.0,Y,Y,2021-01-03,39072252,"Eleonora-Scholl-Allee 90
80156 Germersheim",Backnang,Italien,moechlichenwiltrud@rudolph.com,M,Sachsen-Anhalt,50745,92.0,2021-01-17,3.1,2021-01-17,3.1
1286,VacHomeClass-5,VacHomeZone-2,50.0,6000,Cobblestone,Gravel,Pie,Flat,Trash|Gas|Water|Electricity,Interior lot,No Slope,RNH 4,Proximity to School,Apartment,Craftsman,6,6,1941,1959,Gable,Rolled Roofing,Log Wood,Manmade Stone,0.0,3,2,Combined footing,3.0,No Sunlight,Dry Wall,780,Furnace,5,Yes,Armored Cable,825,587,1412,1,0,4,1,3,6,1,Gd,Detached,Metal Panels,1,280,3,Paved,45,0,0,0,No Fence,5,2009,Down payment assistance,Regular,109981.0,Y,Y,2021-10-03,79700740,"Drubweg 7
09749 Borken",Bad Kreuznach,Martinique,kuehnertwilfried@becker.org,Unknown,Bayern,37493,20.0,2021-12-09,1.9,2021-12-09,1.9
1287,VacHomeClass-1,VacHomeZone-1,,9790,Cobblestone,Gravel,Pie,Flat,Trash|Gas|Water|Electricity,Interior lot,No Slope,RNH 17,Proximity to Hospital,Apartment,Contemporary,6,5,1964,1970,Sawtooth,Rolled Roofing,Horizontal Wood,Natural Stone,451.0,3,3,Combined footing,3.0,No Sunlight,BrightWall Paneling,1328,Furnace,3,Yes,NM Cable,1328,0,1328,1,1,3,1,3,6,2,Gd,Attached,Metal Panels,2,528,3,Paved,0,0,0,0,No Fence,6,2010,Down payment assistance,Regular,118696.0,N,N,2021-01-31,51344627,"Jäntschweg 53
40693 Weimar",Niesky,Kuba,klaus-peter58@ruppersberger.com,F,Hamburg,89878,72.0,2021-09-20,1.4,2021-09-20,1.4
1288,VacHomeClass-1,VacHomeZone-1,,36500,Cobblestone,Gravel,Reverse Pie,Low Level,Trash|Gas|Water|Electricity,Interior lot,Little Slope,RNH 5,Proximity to School,Apartment,Contemporary,5,5,1968,1972,Gable,Rolled Roofing,Wood Shingle,Concrete Panels,621.0,3,4,Combined footing,3.0,Large Windows,Foamax,1624,Furnace,2,Yes,NM Cable,1582,0,1582,2,0,4,1,3,7,0,,Attached,Metal Panels,2,390,3,Only Gravel,168,0,0,0,No Fence,6,2006,Down payment assistance,Regular,157706.0,Y,Y,2021-10-24,69656811,"Ackermannweg 7/8
83046 Rochlitz",Flöha,Fidschi,wendelin60@gmail.com,Unknown,Rheinland-Pfalz,50128,52.0,2021-09-13,3.9,2021-09-13,3.9
1289,VacHomeClass-12,VacHomeZone-1,40.0,5664,Cobblestone,Gravel,Reverse Pie,Flat,Trash|Gas|Water|Electricity,Interior lot,No Slope,RNH 23,Proximity to School,SingleFamilyHome,Contemporary,8,5,2005,2005,Gable,Rolled Roofing,Metal,Manmade Stone,0.0,4,3,Individual footing,4.0,No Sunlight,ZenWall Panels,1501,Furnace,5,Yes,NM Cable,1659,0,1659,2,0,2,1,5,5,1,Ex,Attached,DryWall,2,499,3,Paved,212,0,0,0,No Fence,10,2009,Down payment assistance,Regular,230746.0,N,Y,2021-11-12,50956166,"Ida-Rogge-Platz 8
93667 Hohenstein-Ernstthal",Dinkelsbühl,Katar,amirkarz@doering.com,F,Niedersachsen,90172,45.0,2021-05-22,2.0,2021-05-22,2.0
1290,VacHomeClass-6,VacHomeZone-1,86.0,11065,Cobblestone,Gravel,Reverse Pie,Flat,Trash|Gas|Water|Electricity,Interior lot,No Slope,RNH 16,Proximity to School,Apartment,Bungalow,8,5,2009,2010,Gable,Rolled Roofing,Board Batten,Manmade Panels,788.0,4,3,Individual footing,4.0,Small Windows,Dry Wall,1085,Furnace,5,Yes,NM Cable,1120,850,1970,2,1,3,1,5,8,1,Gd,Breezeway,DryWall,3,753,3,Paved,177,0,0,0,No Fence,10,2006,Government-backed programs,Distress Sale,233236.0,Y,Y,2021-03-10,15249104,"Truppplatz 80
56862 Stadtsteinach",Eutin,Brasilien,gabi09@googlemail.com,Unknown,Niedersachsen,85492,64.0,2021-09-13,4.6,2021-09-13,4.6
1291,VacHomeClass-9,VacHomeZone-1,,14112,Cobblestone,Gravel,Reverse Pie,Flat,Trash|Gas|Water|Electricity,Corner lot,No Slope,NAmes,Proximity to School,Apartment,Spanish,5,7,1967,1970,Sawtooth,Rolled Roofing,Wood Shingle,Natural Stone,86.0,3,3,Individual footing,3.0,Large Windows,ZenWall Panels,1152,Furnace,3,Yes,NM Cable,1152,0,1152,1,0,3,1,3,6,1,Gd,Attached,Wood Sheathing,2,484,3,Paved,227,0,0,0,No Fence,4,2010,Down payment assistance,Regular,149821.0,Y,N,2021-08-19,85416222,"Heydrichplatz 3/2
30355 Heinsberg",Chemnitz,Westsahara,jscheibe@gmx.de,F,Thüringen,41534,42.0,2021-06-07,2.1,2021-06-07,2.1
1292,VacHomeClass-13,VacHomeZone-2,21.0,1680,Cobblestone,Gravel,Pie,Flat,Trash|Gas|Water|Electricity,Interior lot,No Slope,RNH 3,Proximity to School,MultiFamilyHome,Bungalow,5,7,1977,1979,Gable,Rolled Roofing,Metal,Natural Stone,268.0,3,3,Combined footing,3.0,No Sunlight,BrightWall Paneling,630,Furnace,3,Yes,NM Cable,630,672,1302,2,1,3,1,3,6,0,,Detached,Metal Panels,1,264,3,Paved,185,0,0,0,No Fence,2,2009,Down payment assistance,Regular,99191.0,Y,N,2021-08-15,61398535,"Bruderstr. 193
97913 Gerolzhofen",Biedenkopf,Afghanistan,yvonne60@rogner.com,Unknown,Sachsen,29009,79.0,2021-06-12,3.7,2021-06-12,3.7
1293,VacHomeClass-7,VacHomeZone-2,60.0,6600,Cobblestone,Gravel,Pie,Flat,Trash|Gas|Water|Electricity,Corner lot,No Slope,RNH 18,Proximity to School,Apartment,Bungalow,5,4,1897,1972,Gable,Rolled Roofing,Wood Shingle,Manmade Stone,0.0,3,3,Drilled Shafts,3.0,No Sunlight,Dry Wall,994,Furnace,3,No,NM Cable,1378,994,2372,2,0,4,2,3,11,0,,Attached,Wood Sheathing,1,432,3,Paved,0,0,0,0,No Fence,12,2009,Down payment assistance,Regular,89231.0,N,Y,2021-07-26,76629655,"Tibor-Schwital-Gasse 72
79221 Lübeck",Badalzungen,Norfolkinsel,josephine57@sager.net,Unknown,Sachsen-Anhalt,64482,12.0,2021-06-17,4.6,2021-06-17,4.6
1294,VacHomeClass-6,VacHomeZone-1,78.0,10140,Cobblestone,Gravel,Pie,Flat,Trash|Gas|Water|Electricity,Interior lot,No Slope,RNH 17,Proximity to School,Apartment,Bungalow,7,5,1979,1983,Gable,Rolled Roofing,Horizontal Wood,Manmade Stone,0.0,3,3,Individual footing,4.0,No Sunlight,ZenWall Panels,832,Furnace,3,Yes,NM Cable,832,832,1664,2,1,4,1,3,8,1,TA,Attached,Wood Sheathing,2,528,3,Paved,0,0,0,0,Wood Fences,3,2006,Down payment assistance,Regular,135213.0,N,N,2021-09-06,45271441,"Francis-Paffrath-Allee 500
19214 Angermünde",Bruchsal,Chile,wfischer@koch.net,M,Rheinland-Pfalz,34042,43.0,2021-02-26,4.3,2021-02-26,4.3
1295,VacHomeClass-1,VacHomeZone-1,60.0,8172,Cobblestone,Gravel,Pie,Flat,Trash|Gas|Water|Electricity,Interior lot,No Slope,RNH 8,Proximity to School,Apartment,Contemporary,5,7,1957,1996,Sawtooth,Rolled Roofing,Vinyl,Manmade Stone,0.0,3,3,Combined footing,3.0,No Sunlight,Foamax,864,Furnace,3,Yes,NM Cable,864,0,864,1,0,2,1,3,5,0,,Detached,Metal Panels,2,572,3,Only Gravel,0,0,0,0,No Fence,4,2006,Down payment assistance,Regular,95456.0,N,N,2021-10-16,63162332,"Klaus Dieter-Otto-Gasse 5/8
84070 Nördlingen",Rochlitz,Swasiland,ezobel@aol.de,M,Sachsen-Anhalt,74573,11.0,2021-10-23,4.3,2021-10-23,4.3
1296,VacHomeClass-1,VacHomeZone-1,70.0,8400,Cobblestone,Gravel,Pie,Flat,Trash|Gas|Water|Electricity,Interior lot,No Slope,NAmes,Proximity to Hospital,Apartment,Contemporary,5,5,1970,1975,Sawtooth,Rolled Roofing,Horizontal Wood,Natural Stone,168.0,3,3,Combined footing,3.0,Large Windows,CleanSpace Wall System,1052,Furnace,4,Yes,NM Cable,1052,0,1052,1,1,3,1,3,5,0,,Attached,Wood Sheathing,1,288,3,Paved,356,0,0,0,Wood Fences,11,2006,Down payment assistance,Regular,114961.0,Y,N,2021-08-08,68611231,"Hanny-Gute-Straße 9
32578 Bayreuth",Lüneburg,Schweiz,rennerhans-dieter@karz.de,F,Brandenburg,192,2.0,2021-04-14,1.2,2021-04-14,1.2
1297,VacHomeClass-1,VacHomeZone-1,80.0,8700,Cobblestone,Gravel,Pie,Flat,Trash|Gas|Water|Electricity,Interior lot,No Slope,NAmes,Proximity to School,Apartment,Contemporary,5,6,1966,1968,Sawtooth,Rolled Roofing,Log Wood,Natural Stone,148.0,3,4,Combined footing,3.0,Small Windows,BrightWall Paneling,1120,Furnace,4,Yes,NM Cable,1128,0,1128,2,0,3,1,3,6,0,,Attached,Wood Sheathing,2,525,3,Paved,192,0,0,0,Vinyl Fences,12,2008,Down payment assistance,Regular,128656.0,Y,N,2021-10-24,17186957,"Salzstr. 04
04819 Hannover",Feuchtwangen,Nordmazedonien,kbeckmann@heser.com,M,Brandenburg,50953,32.0,2021-06-30,3.5,2021-06-30,3.5
1298,VacHomeClass-14,VacHomeZone-2,35.0,3675,Cobblestone,Gravel,Pie,Flat,Trash|Gas|Water|Electricity,Interior lot,No Slope,RNH 8,Proximity to School,SingleFamilyHome,Georgian,6,5,2007,2011,Gable,Rolled Roofing,Board Batten,Natural Stone,82.0,3,3,Individual footing,4.0,French Doors,ZenWall Panels,547,Furnace,4,Yes,NM Cable,1072,0,1072,2,0,2,1,3,5,0,,Barns,DryWall,2,525,3,Paved,0,0,0,0,No Fence,6,2006,Government-backed programs,Distress Sale,116206.0,Y,Y,2021-10-19,53088918,"Matthäistraße 1/7
07384 Tuttlingen",Regen,Syrien,henry87@hotmail.de,F,Nordrhein-Westfalen,67834,65.0,2021-04-24,4.5,2021-04-24,4.5
1299,VacHomeClass-6,VacHomeZone-1,313.0,63887,Cobblestone,Gravel,Irregular Lots,Slope,Trash|Gas|Water|Electricity,Corner lot,No Slope,RNH 8,Proximity to Hospital,Apartment,Bungalow,10,5,2011,2017,Sawtooth,Slate Shingles,Fiber cement,Manmade Panels,796.0,5,3,Individual footing,5.0,French Doors,ZenWall Panels,6110,Furnace,5,Yes,NM Cable,4692,950,5642,2,1,3,1,5,12,3,Gd,Attached,DryWall,2,1418,3,Paved,214,0,480,4,No Fence,1,2008,Government-backed programs,Distress Sale,132806.0,N,Y,2021-10-02,36355532,"Mendeweg 0/6
69081 Germersheim",Neustadtner Waldnaab,Finnland,fschlosser@nohlmans.com,F,Niedersachsen,26880,72.0,2021-04-06,2.7,2021-04-06,2.7
1300,VacHomeClass-1,VacHomeZone-1,75.0,7500,Cobblestone,Gravel,Pie,Flat,Trash|Gas|Water|Electricity,Interior lot,No Slope,NAmes,Proximity to School,Apartment,Contemporary,5,7,1963,2001,Sawtooth,Rolled Roofing,Vertical Wood,Manmade Stone,0.0,3,3,Combined footing,3.0,No Sunlight,Basement to Beautiful Panels,1246,Furnace,5,Yes,NM Cable,1246,0,1246,1,1,3,1,4,6,0,,Attached,Wood Sheathing,1,305,3,Paved,218,0,0,0,Composite Fences,5,2010,Down payment assistance,Regular,127826.0,Y,N,2021-10-05,54509818,"Claus-Dieter-Eberth-Gasse 53
53483 Freudenstadt",Eisleben,Lettland,kwende@doering.com,F,Berlin,42149,76.0,2021-02-19,3.3,2021-02-19,3.3
1301,VacHomeClass-6,VacHomeZone-1,,10762,Cobblestone,Gravel,Reverse Pie,Flat,Trash|Gas|Water|Electricity,Cul-de-sac,No Slope,RNH 9,Proximity to School,Apartment,Bungalow,7,5,2004,2004,Gable,Rolled Roofing,Board Batten,Manmade Stone,344.0,4,3,Individual footing,4.0,No Sunlight,ZenWall Panels,978,Furnace,5,Yes,NM Cable,1005,978,1983,2,1,3,1,4,9,1,TA,Attached,DryWall,2,490,3,Paved,0,0,0,0,No Fence,5,2009,Down payment assistance,Regular,186756.0,N,Y,2021-12-21,58276556,"Rädelallee 9
73365 Staffelstein",Mayen,Estland,karl-georg39@yahoo.de,F,Baden-Württemberg,25712,71.0,2021-07-13,2.1,2021-07-13,2.1
1302,VacHomeClass-7,VacHomeZone-1,,7500,Cobblestone,Gravel,Reverse Pie,Slope,Trash|Gas|Water|Electricity,Interior lot,No Slope,RNH 7,Proximity to School,Apartment,Bungalow,6,7,1945,1954,Gable,Rolled Roofing,Wood Shingle,Manmade Stone,0.0,3,3,Combined footing,3.0,No Sunlight,CleanSpace Wall System,771,Furnace,2,Yes,NM Cable,753,741,1494,1,0,3,1,4,7,2,Gd,Attached,Metal Panels,1,213,3,Partially Gravel,0,0,0,0,No Fence,11,2009,Down payment assistance,Regular,147331.0,Y,N,2021-11-04,76158940,"Ingmar-Stiffel-Straße 3/0
48200 Burg",Grimma,Südafrika,werawarmer@mueller.de,F,Rheinland-Pfalz,90736,88.0,2021-07-28,4.5,2021-07-28,4.5
1303,VacHomeClass-6,VacHomeZone-1,92.0,10120,Cobblestone,Gravel,Pie,Flat,Trash|Gas|Water|Electricity,Interior lot,No Slope,RNH 14,Proximity to School,Apartment,Bungalow,8,5,1999,2001,Sawtooth,Rolled Roofing,Board Batten,Natural Stone,391.0,4,3,Individual footing,4.0,No Sunlight,ZenWall Panels,1165,Furnace,5,Yes,NM Cable,1203,1323,2526,2,1,4,1,4,8,1,TA,Attached,Wood Sheathing,3,844,3,Paved,309,0,0,0,No Fence,12,2006,Down payment assistance,Regular,240706.0,N,Y,2021-02-24,61593602,"Jacobstr. 11
41589 Viersen",Wanzleben,Namibia,henni87@schuchhardt.de,M,Rheinland-Pfalz,99712,71.0,2021-03-09,1.5,2021-03-09,1.5
1304,VacHomeClass-1,VacHomeZone-1,73.0,8688,Cobblestone,Gravel,Pie,Flat,Trash|Gas|Water|Electricity,Interior lot,No Slope,RNH 22,Proximity to School,Apartment,Contemporary,7,5,2008,2010,Gable,Rolled Roofing,Board Batten,Natural Stone,228.0,4,3,Individual footing,4.0,Large Windows,Dry Wall,1616,Furnace,5,Yes,NM Cable,1616,0,1616,2,0,3,1,4,7,0,,Attached,Wood Sheathing,3,834,3,Paved,208,0,0,0,No Fence,4,2006,Down payment assistance,Regular,192566.0,N,Y,2021-05-07,54146945,"Oskar-Radisch-Allee 7/2
92980 Pritzwalk",Cuxhaven,Bouvetinsel,liebeltkonstantin@drubin.de,M,Sachsen-Anhalt,78080,7.0,2021-03-05,3.5,2021-03-05,3.5
1305,VacHomeClass-13,VacHomeZone-2,32.0,3363,Cobblestone,Gravel,Pie,Flat,Trash|Gas|Water|Electricity,Interior lot,No Slope,RNH 8,Proximity to School,SingleFamilyHome,Bungalow,7,5,2009,2009,Gable,Rolled Roofing,Board Batten,Manmade Panels,117.0,4,3,Individual footing,4.0,No Sunlight,Dry Wall,976,Furnace,5,Yes,NM Cable,976,732,1708,2,0,3,1,4,7,0,,Detached,Metal Panels,2,380,3,Paved,0,0,0,0,No Fence,4,2006,Down payment assistance,Regular,107906.0,N,Y,2021-04-21,41948354,"Tatiana-Sorgatz-Platz 2
56193 Sondershausen",Bruchsal,Slowakei,reinhilde19@googlemail.com,F,Brandenburg,4984,6.0,2021-09-15,1.1,2021-09-15,1.1
1306,VacHomeClass-1,VacHomeZone-1,108.0,13173,Cobblestone,Gravel,Reverse Pie,Flat,Trash|Gas|Water|Electricity,Corner lot,No Slope,RNH 16,Proximity to School,Apartment,Contemporary,9,5,2009,2016,Sawtooth,Rolled Roofing,Board Batten,Manmade Panels,300.0,4,3,Individual footing,5.0,No Sunlight,ZenWall Panels,1652,Furnace,5,Yes,NM Cable,1652,0,1652,2,0,2,1,5,6,2,Ex,Attached,DryWall,2,840,3,Paved,404,0,0,0,No Fence,11,2009,Down payment assistance,Regular,269756.0,N,Y,2021-01-25,30093263,"Kramerstr. 2
20236 Strausberg",Beeskow,China,marie-louise31@yahoo.de,F,Sachsen,62333,15.0,2021-05-28,3.5,2021-05-28,3.5
1307,VacHomeClass-12,VacHomeZone-1,48.0,6955,Cobblestone,Gravel,Reverse Pie,Flat,Trash|Gas|Water|Electricity,Interior lot,No Slope,RNH 16,Proximity to School,SingleFamilyHome,Contemporary,7,5,2007,2014,Gable,Rolled Roofing,Board Batten,Manmade Panels,94.0,4,3,Individual footing,4.0,No Sunlight,Dry Wall,1368,Furnace,5,Yes,NM Cable,1368,0,1368,2,0,2,1,4,6,1,Gd,Attached,Wood Sheathing,2,474,3,Paved,132,0,0,0,No Fence,9,2006,Government-backed programs,Distress Sale,168081.0,Y,Y,2021-11-15,1379631,"Philipp-Warmer-Platz 69
12554 Wittenberg",Ebermannstadt,Afghanistan,apollonia54@aol.de,M,Nordrhein-Westfalen,72564,19.0,2021-05-01,3.0,2021-05-01,3.0
1308,VacHomeClass-1,VacHomeZone-1,60.0,8072,Cobblestone,Gravel,Pie,Flat,Trash|Gas|Water|Electricity,Interior lot,No Slope,RNH 6,Proximity to School,Apartment,Contemporary,5,5,1997,2002,Gable,Rolled Roofing,Board Batten,Manmade Stone,0.0,3,4,Individual footing,4.0,No Sunlight,BrightWall Paneling,990,Furnace,5,Yes,NM Cable,990,0,990,1,0,3,1,3,5,0,,Detached,Metal Panels,2,480,3,Paved,0,0,0,0,No Fence,5,2009,Down payment assistance,Regular,114546.0,N,Y,2021-01-05,83646522,"Werneckeplatz 0/8
26256 Ilmenau",Klötze,Dominica,nkade@soelzer.de,Unknown,Saarland,52942,37.0,2021-03-15,3.2,2021-03-15,3.2
1309,VacHomeClass-1,VacHomeZone-2,100.0,12000,Cobblestone,Gravel,Pie,Flat,Trash|Gas|Water|Electricity,Interior lot,No Slope,RNH 18,Proximity to School,Apartment,Contemporary,5,7,1950,2008,Gable,Rolled Roofing,Log Wood,Manmade Stone,0.0,3,3,Combined footing,3.0,No Sunlight,ZenWall Panels,924,Furnace,5,Yes,NM Cable,1122,0,1122,1,0,2,1,4,6,0,,Attached,Metal Panels,2,528,3,Paved,0,0,0,0,Wood Fences,5,2008,Down payment assistance,Regular,122016.0,Y,Y,2021-09-18,55544221,"Dietzplatz 455
96040 Kleve",Büsingen am Hochrhein,Italien,kabuskaren@froehlich.de,Unknown,Baden-Württemberg,99787,43.0,2021-03-07,2.7,2021-03-07,2.7
1310,VacHomeClass-1,VacHomeZone-1,,7153,Cobblestone,Gravel,Pie,Flat,Trash|Gas|Water|Electricity,Interior lot,No Slope,RNH 21,Proximity to School,Apartment,Contemporary,6,5,1992,1994,Gable,Rolled Roofing,Horizontal Wood,Natural Stone,88.0,3,3,Combined footing,4.0,No Sunlight,ZenWall Panels,1278,Furnace,4,Yes,NM Cable,1294,0,1294,2,0,3,1,4,6,0,,Attached,Wood Sheathing,2,496,3,Paved,112,0,0,0,Wood Fences,6,2008,Down payment assistance,Regular,148742.0,N,N,2021-06-17,85325272,"Kathi-Sölzer-Ring 0
24359 Tübingen",Mainburg,Uganda,alicia10@hiller.de,M,Berlin,31041,20.0,2021-04-04,1.8,2021-04-04,1.8
1311,VacHomeClass-1,VacHomeZone-1,100.0,17500,Cobblestone,Gravel,Pie,Flat,Trash|Gas|Water|Electricity,Interior lot,No Slope,RNH 7,Proximity to Mall,Apartment,Contemporary,7,8,1964,2009,Gable,Rolled Roofing,Vertical Wood,Manmade Stone,0.0,4,4,Individual footing,4.0,Large Windows,ZenWall Panels,1902,Furnace,3,Yes,NM Cable,1902,0,1902,2,0,3,1,5,7,2,TA,Attached,DryWall,2,567,3,Paved,0,0,0,0,No Fence,5,2010,Down payment assistance,Regular,278056.0,Y,Y,2021-05-16,35992387,"Römergasse 9/6
62752 Wolmirstedt",Calw,Cookinseln,williheidrich@yahoo.de,F,Thüringen,46263,96.0,2021-12-14,3.1,2021-12-14,3.1
1312,VacHomeClass-1,VacHomeZone-1,68.0,8814,Cobblestone,Gravel,Pie,Flat,Trash|Gas|Water|Electricity,Interior lot,No Slope,RNH 6,Proximity to School,Apartment,Contemporary,7,5,2009,2010,Gable,Rolled Roofing,Board Batten,Natural Stone,80.0,4,3,Individual footing,4.0,No Sunlight,ZenWall Panels,1274,Furnace,5,Yes,NM Cable,1274,0,1274,2,0,3,1,4,6,0,,Attached,Wood Sheathing,2,508,3,Paved,264,0,0,0,No Fence,1,2007,Government-backed programs,Distress Sale,168496.0,N,N,2021-05-08,98484188,"Edmund-Rohleder-Allee 59
41114 Rudolstadt",Hechingen,Kasachstan,vchristoph@mueller.net,M,Baden-Württemberg,25132,4.0,2021-01-20,4.1,2021-01-20,4.1
1313,VacHomeClass-6,VacHomeZone-1,,9572,Cobblestone,Gravel,Reverse Pie,Flat,Trash|Gas|Water|Electricity,Interior lot,No Slope,RNH 14,Proximity to School,Apartment,Bungalow,8,5,1991,1997,Gable,Rolled Roofing,Wood Shingle,Natural Stone,336.0,4,3,Individual footing,5.0,No Sunlight,ZenWall Panels,1453,Furnace,5,Yes,NM Cable,1453,1357,2810,2,1,4,1,4,9,1,Ex,Attached,Wood Sheathing,2,750,4,Paved,500,0,0,0,No Fence,6,2007,Down payment assistance,Regular,250666.0,N,Y,2021-06-13,4565338,"Kurt-Bohnbach-Ring 247
14552 Prenzlau",Brand,Südgeorgien und die Südlichen Sandwichinseln,sieglindebutte@bauer.org,Unknown,Sachsen-Anhalt,24762,10.0,2021-06-01,4.7,2021-06-01,4.7
1314,VacHomeClass-6,VacHomeZone-1,108.0,14774,Cobblestone,Gravel,Reverse Pie,Flat,Trash|Gas|Water|Electricity,Corner lot,No Slope,RNH 14,Proximity to School,Apartment,Bungalow,9,5,2000,2005,Gable,Rolled Roofing,Board Batten,Natural Stone,165.0,4,3,Individual footing,4.0,No Sunlight,Dry Wall,1393,Furnace,5,Yes,NM Cable,1422,1177,2599,2,1,4,1,4,10,1,TA,Breezeway,DryWall,3,779,3,Paved,668,0,0,0,No Fence,5,2010,Down payment assistance,Regular,276535.44,N,Y,2021-08-03,46475275,"Fredi-Junk-Weg 832
64232 Paderborn",Bruchsal,Äthiopien,suseharloff@aol.de,F,Brandenburg,16554,96.0,2021-09-15,2.2,2021-09-15,2.2
1315,VacHomeClass-1,VacHomeZone-1,60.0,8190,Cobblestone,Gravel,Pie,Flat,Trash|Gas|Water|Electricity,Interior lot,No Slope,RNH 8,Proximity to School,Apartment,Contemporary,4,6,1958,1956,Sawtooth,Rolled Roofing,Wood Shingle,Manmade Stone,0.0,3,3,Combined footing,3.0,No Sunlight,Foamax,948,Furnace,5,Yes,NM Cable,948,0,948,1,0,3,1,3,5,1,TA,Detached,Metal Panels,1,280,3,Paved,0,0,0,0,No Fence,10,2007,Down payment assistance,Regular,98776.0,N,Y,2021-08-21,32703900,"Beierstr. 384
39094 Rostock",Kleve,Kanada,erik00@mosemann.org,F,Mecklenburg-Vorpommern,29839,24.0,2021-01-23,1.2,2021-01-23,1.2
1316,VacHomeClass-6,VacHomeZone-1,85.0,11075,Cobblestone,Gravel,Pie,Flat,Trash|Gas|Water|Electricity,Interior lot,No Slope,NAmes,Proximity to School,Apartment,Bungalow,6,5,1970,1972,Gable,Rolled Roofing,Horizontal Wood,Manmade Stone,0.0,3,3,Combined footing,2.0,Small Windows,BrightWall Paneling,952,Furnace,3,Yes,NM Cable,1092,1020,2112,2,1,4,1,3,9,2,Gd,Attached,Metal Panels,2,576,3,Paved,280,0,0,0,No Fence,6,2008,Down payment assistance,Regular,171733.0,N,N,2021-03-26,98756087,"Fechnerallee 30
43324 Eichstätt",Weißwasser,Deutschland,anne-kathrinkuehnert@etzold.net,Unknown,Thüringen,95015,44.0,2021-09-03,1.6,2021-09-03,1.6
1317,VacHomeClass-1,VacHomeZone-1,61.0,10226,Cobblestone,Gravel,Reverse Pie,Flat,Trash|Gas|Water|Electricity,Interior lot,No Slope,RNH 6,Proximity to School,Apartment,Contemporary,8,5,2013,2016,Gable,Rolled Roofing,Board Batten,Manmade Panels,270.0,4,3,Individual footing,5.0,French Doors,Dry Wall,1622,Furnace,5,Yes,NM Cable,1630,0,1630,2,0,3,1,5,8,1,Gd,Attached,Wood Sheathing,3,860,3,Paved,172,0,0,0,No Fence,1,2009,Down payment assistance,Regular,245265.19,Y,N,2021-09-14,35917052,"Eckhardt-Otto-Allee 82
08660 Eisenach",Eisenach,Katar,emeyer@vogt.org,Unknown,Rheinland-Pfalz,26986,62.0,2021-08-24,1.4,2021-08-24,1.4
1318,VacHomeClass-12,VacHomeZone-5,47.0,4230,Cobblestone,Cobblestone,Pie,Flat,Trash|Gas|Water|Electricity,Corner lot,No Slope,RNH 22,Proximity to School,SingleFamilyHome,Contemporary,7,5,2010,2016,Gable,Rolled Roofing,Board Batten,Manmade Stone,0.0,4,3,Individual footing,5.0,No Sunlight,Dry Wall,1352,Furnace,5,Yes,NM Cable,1352,0,1352,2,0,2,1,4,5,1,Gd,Attached,Wood Sheathing,2,466,3,Paved,0,0,0,0,No Fence,4,2007,Government-backed programs,Distress Sale,173393.0,Y,N,2021-05-29,95808970,"Gina-Gorlitz-Gasse 04
76874 Bautzen",Rosenheim,Nepal,iris86@faust.de,M,Schleswig-Holstein,47601,31.0,2021-02-01,1.3,2021-02-01,1.3
1319,VacHomeClass-1,VacHomeZone-1,,14781,Cobblestone,Gravel,Rectangular,Flat,Trash|Gas|Water|Electricity,Cul-de-sac,No Slope,RNH 6,Proximity to School,Apartment,Contemporary,8,5,2003,2010,Sawtooth,Rolled Roofing,Board Batten,Natural Stone,178.0,4,3,Individual footing,4.0,French Doors,Dry Wall,1753,Furnace,5,Yes,NM Cable,1787,0,1787,2,0,3,1,4,7,1,TA,Attached,Wood Sheathing,3,748,3,Paved,198,0,0,0,No Fence,8,2006,Down payment assistance,Regular,228256.0,Y,Y,2021-05-28,63775099,"Heinzstraße 1
72735 Großenhain",Wetzlar,Turkmenistan,gunda66@web.de,Unknown,Brandenburg,23374,39.0,2021-11-28,3.6,2021-11-28,3.6
1320,VacHomeClass-1,VacHomeZone-1,75.0,10215,Cobblestone,Gravel,Pie,Slope,Trash|Gas|Water|Electricity,Interior lot,No Slope,RNH 8,Proximity to School,Apartment,Contemporary,4,5,1955,1959,Sawtooth,Rolled Roofing,Wood Shingle,Natural Stone,132.0,3,3,Individual footing,3.0,No Sunlight,BrightWall Paneling,864,Furnace,5,Yes,NM Cable,948,0,948,1,0,3,1,3,5,0,,Attached,Metal Panels,1,248,3,Paved,0,0,0,0,No Fence,2,2007,Down payment assistance,Regular,92136.0,N,N,2021-02-13,59245346,"Ladeckallee 9/2
05079 Duderstadt",Schmölln,St. Helena,dweitzel@wilmsen.net,Unknown,Hamburg,67459,59.0,2021-12-17,2.8,2021-12-17,2.8
1321,VacHomeClass-1,VacHomeZone-1,70.0,8400,Cobblestone,Gravel,Pie,Flat,Trash|Gas|Water|Electricity,Interior lot,No Slope,NAmes,Proximity to School,Apartment,Contemporary,6,3,1961,1964,Sawtooth,Rolled Roofing,Vertical Wood,Manmade Stone,0.0,3,3,Combined footing,3.0,No Sunlight,BrightWall Paneling,1478,Furnace,4,Yes,NM Cable,1478,0,1478,1,1,3,1,3,6,2,Gd,Attached,Wood Sheathing,2,442,3,Paved,114,0,0,0,No Fence,6,2009,Down payment assistance,Regular,129901.0,N,N,2021-09-03,62422871,"Gotthard-Bohlander-Ring 592
30510 Celle",Jüterbog,Guyana,boris74@weihmann.de,F,Nordrhein-Westfalen,98503,4.0,2021-06-25,3.5,2021-06-25,3.5
1322,VacHomeClass-1,VacHomeZone-1,,6627,Cobblestone,Gravel,Reverse Pie,Flat,Trash|Gas|Water|Electricity,Corner lot,No Slope,RNH 4,Proximity to Hospital,Apartment,Contemporary,3,6,1953,1956,Sawtooth,Rolled Roofing,Board Batten,Manmade Stone,0.0,3,3,Combined footing,,,,0,Baseboard Heaters,3,No,NM Cable,720,0,720,1,0,2,1,3,4,0,,Detached,Metal Panels,1,287,3,Paved,0,0,0,0,No Fence,7,2008,Down payment assistance,Regular,60181.0,N,N,2021-01-06,61359987,"Hermighausenstraße 7
71058 Kleve",Jessen,Somalia,marlen70@jacob.org,M,Sachsen,91281,44.0,2021-09-01,2.6,2021-09-01,2.6
1323,VacHomeClass-6,VacHomeZone-1,107.0,10186,Cobblestone,Gravel,Reverse Pie,Flat,Trash|Gas|Water|Electricity,Interior lot,No Slope,RNH 14,Proximity to School,Apartment,Bungalow,7,5,1996,2000,Gable,Rolled Roofing,Horizontal Wood,Manmade Stone,0.0,4,3,Individual footing,4.0,No Sunlight,ZenWall Panels,750,Furnace,5,Yes,NM Cable,1061,862,1923,2,1,3,1,4,8,1,TA,Attached,Wood Sheathing,2,564,3,Paved,240,0,0,0,No Fence,6,2010,Down payment assistance,Regular,157706.0,Y,N,2021-08-27,99606268,"Serge-Bolzmann-Platz 2/3
34641 Delitzsch",Wiedenbrück,Thailand,hettnerleyla@gmx.de,M,Hessen,86304,74.0,2021-04-12,2.2,2021-04-12,2.2
1324,VacHomeClass-2,VacHomeZone-1,50.0,5330,Cobblestone,Gravel,Pie,High Level,Trash|Gas|Water|Electricity,Interior lot,No Slope,RNH 4,Proximity to School,Apartment,Contemporary,4,7,1942,1956,Sawtooth,Rolled Roofing,Board Batten,Manmade Stone,0.0,2,3,Combined footing,3.0,No Sunlight,Basement to Beautiful Panels,420,Furnace,4,Yes,NM Cable,708,0,708,1,0,2,1,2,5,0,,No Garage,Unfinished,0,0,0,Paved,164,0,0,0,No Fence,12,2009,Down payment assistance,Regular,68481.0,N,N,2021-12-27,21624162,"Gertraud-Haering-Gasse 9
71299 Delitzsch",Altötting,Costa Rica,elenore84@gmx.de,Unknown,Sachsen-Anhalt,32845,6.0,2021-11-17,1.3,2021-11-17,1.3
1325,VacHomeClass-1,VacHomeZone-1,75.0,9986,Cobblestone,Gravel,Pie,Flat,Trash|Gas|Water|Electricity,Interior lot,No Slope,RNH 22,Proximity to School,Apartment,Contemporary,8,5,2009,2015,Gable,Rolled Roofing,Board Batten,Natural Stone,428.0,4,3,Individual footing,5.0,Large Windows,Dry Wall,1795,Furnace,5,Yes,NM Cable,1795,0,1795,2,0,2,1,4,7,1,Gd,Attached,Wood Sheathing,3,895,3,Paved,0,0,0,0,No Fence,2,2007,Government-backed programs,Distress Sale,122016.0,N,Y,2021-01-18,90971488,"Wiekgasse 0/0
51392 Wolfratshausen",Wetzlar,Bulgarien,renementzel@langern.com,F,Hamburg,83111,84.0,2021-09-05,3.7,2021-09-05,3.7
1326,VacHomeClass-2,VacHomeZone-2,40.0,3636,Cobblestone,Gravel,Pie,Flat,Trash|Gas|Water|Electricity,Interior lot,No Slope,RNH 10,Proximity to School,Apartment,Contemporary,4,4,1924,1956,Gable,Rolled Roofing,Concrete,Manmade Stone,0.0,3,3,Strip foundation,3.0,No Sunlight,Dry Wall,796,Furnace,2,No,NM Cable,796,0,796,1,0,2,1,3,5,0,,No Garage,Unfinished,0,0,0,Only Gravel,0,0,0,0,Vinyl Fences,1,2008,Down payment assistance,Regular,45656.0,N,N,2021-01-10,78507913,"Gerard-Niemeier-Allee 77
23357 Ludwigslust",Helmstedt,Litauen,birgerortmann@junitz.de,Unknown,Nordrhein-Westfalen,52177,11.0,2021-12-04,1.5,2021-12-04,1.5
1327,VacHomeClass-2,VacHomeZone-4,70.0,4270,Cobblestone,Gravel,Pie,Slope,Trash|Gas|Water|Electricity,Interior lot,Little Slope,RNH 8,Proximity to School,Apartment,Contemporary,3,6,1936,2015,Gable,Rolled Roofing,Log Wood,Manmade Stone,0.0,3,3,Strip foundation,3.0,No Sunlight,Foamax,544,Furnace,5,Yes,NM Cable,774,0,774,1,0,3,1,4,6,0,,No Garage,Unfinished,0,0,0,Paved,0,0,0,0,No Fence,5,2007,Down payment assistance,Regular,65576.0,Y,N,2021-10-30,18634471,"Wieland-Bolander-Weg 2/5
02071 Schongau",Saarlouis,Sierra Leone,yschuster@kostolzin.de,M,Hessen,9456,51.0,2021-07-20,4.4,2021-07-20,4.4
1328,VacHomeClass-1,VacHomeZone-1,60.0,6600,Cobblestone,Gravel,Pie,Flat,Trash|Gas|Water|Electricity,Interior lot,No Slope,RNH 12,Proximity to School,Apartment,Contemporary,5,9,1986,2011,Gable,Rolled Roofing,Board Batten,Manmade Stone,0.0,4,4,Combined footing,3.0,No Sunlight,BrightWall Paneling,816,Furnace,5,Yes,NM Cable,816,0,816,1,0,3,1,4,5,1,Ex,Attached,Metal Panels,1,264,3,Paved,0,0,0,0,Vinyl Fences,10,2008,Down payment assistance,Regular,108321.0,Y,N,2021-12-02,32355642,"Jockelstr. 6
67613 Bützow",Regensburg,San Marino,burkhardschacht@baerer.de,Unknown,Sachsen,47450,63.0,2021-06-28,1.2,2021-06-28,1.2
1329,VacHomeClass-5,VacHomeZone-2,60.0,10440,Cobblestone,Concrete,Pie,Flat,Trash|Gas|Water|Electricity,Corner lot,No Slope,RNH 18,Proximity to School,Apartment,Craftsman,6,7,1924,1957,Gable,Rolled Roofing,Vertical Wood,Manmade Stone,0.0,4,4,Strip foundation,4.0,No Sunlight,Basement to Beautiful Panels,1510,Boiler,5,Yes,NM Cable,1584,1208,2792,2,0,5,1,3,8,2,TA,Detached,Metal Panels,2,520,2,Paved,0,0,0,0,Vinyl Fences,6,2008,Down payment assistance,Regular,212486.0,Y,N,2021-10-29,57352817,"Röhrichtallee 2/6
92224 Burglengenfeld",Neustadt am Rübenberge,Deutschland,andreashahn@werner.de,F,Bayern,43858,49.0,2021-05-16,2.7,2021-05-16,2.7
1330,VacHomeClass-6,VacHomeZone-1,63.0,9084,Cobblestone,Gravel,Reverse Pie,Flat,Trash|Gas|Water|Electricity,Interior lot,No Slope,RNH 9,Proximity to School,Apartment,Bungalow,7,5,1999,2005,Sawtooth,Rolled Roofing,Board Batten,Manmade Stone,0.0,3,3,Individual footing,4.0,No Sunlight,Dry Wall,935,Furnace,4,Yes,NM Cable,955,677,1632,2,1,3,1,3,8,1,TA,Attached,DryWall,2,462,3,Paved,0,0,0,0,No Fence,6,2006,Down payment assistance,Regular,146501.0,Y,Y,2021-10-22,90209369,"Gerhart-Gute-Straße 19
98739 Grevenbroich",Hohenmölsen,Antigua und Barbuda,kerstintroest@kreusel.com,F,Bremen,6878,15.0,2021-03-29,2.1,2021-03-29,2.1
1331,VacHomeClass-1,VacHomeZone-1,85.0,10000,Cobblestone,Gravel,Pie,Flat,Trash|Gas|Water|Electricity,Interior lot,No Slope,RNH 22,Proximity to School,Apartment,Contemporary,8,5,2007,2011,Sawtooth,Rolled Roofing,Board Batten,Manmade Panels,410.0,4,3,Individual footing,4.0,Large Windows,Dry Wall,1588,Furnace,5,Yes,NM Cable,1588,0,1588,2,0,3,1,4,7,1,Gd,Attached,Wood Sheathing,3,825,3,Paved,144,0,0,0,No Fence,12,2007,Down payment assistance,Regular,188416.0,N,Y,2021-10-24,10272343,"Benderallee 88
61977 Ludwigsburg",Kulmbach,Niederländische Antillen,beatewulf@roemer.de,M,Berlin,48057,19.0,2021-02-18,4.6,2021-02-18,4.6
1332,VacHomeClass-9,VacHomeZone-1,55.0,10780,Cobblestone,Gravel,Reverse Pie,Flat,Trash|Gas|Water|Electricity,Interior lot,No Slope,RNH 6,Proximity to School,Apartment,Spanish,5,5,1978,1982,Gable,Rolled Roofing,Log Wood,Manmade Stone,0.0,3,3,Combined footing,3.0,Large Windows,BrightWall Paneling,911,Furnace,4,Yes,NM Cable,954,0,954,1,0,3,1,3,6,0,,Detached,Metal Panels,2,576,3,Paved,0,0,0,0,No Fence,7,2006,Down payment assistance,Regular,109981.0,N,N,2021-10-29,45242939,"Frieda-Mielcarek-Straße 197
83936 Strasburg",Brilon,Palau,silvana19@gmx.de,F,Bremen,69900,50.0,2021-02-08,3.3,2021-02-08,3.3
1333,VacHomeClass-1,VacHomeZone-1,67.0,8877,Cobblestone,Gravel,Pie,Flat,Trash|Gas|Water|Electricity,Interior lot,Little Slope,RNH 8,Proximity to School,Apartment,Contemporary,4,6,1939,1964,Gable,Rolled Roofing,Log Wood,Manmade Stone,0.0,3,3,Combined footing,3.0,Small Windows,BrightWall Paneling,816,Furnace,5,Yes,NM Cable,816,0,816,1,0,2,1,3,3,1,Gd,Detached,Metal Panels,1,288,2,Paved,0,0,0,0,No Fence,5,2009,Down payment assistance,Regular,83006.0,N,N,2021-02-16,72692974,"Timm-Eberhardt-Straße 832
09467 Großenhain",Dieburg,Dschibuti,kmohaupt@googlemail.com,M,Berlin,8934,7.0,2021-02-17,3.2,2021-02-17,3.2
1334,VacHomeClass-5,VacHomeZone-2,60.0,7200,Cobblestone,Gravel,Pie,Flat,Trash|Gas|Water|Electricity,Corner lot,No Slope,RNH 10,Proximity to School,Apartment,Craftsman,5,6,1941,2001,Gable,Rolled Roofing,Wood Shingle,Manmade Stone,0.0,3,3,Combined footing,3.0,No Sunlight,Dry Wall,803,Furnace,5,Yes,NM Cable,803,557,1360,1,1,2,1,4,6,0,,Detached,Metal Panels,1,297,3,Paved,0,0,0,0,Vinyl Fences,7,2006,Down payment assistance,Regular,104171.0,Y,N,2021-01-23,31660495,"Ismail-Reuter-Gasse 58
39799 Scheinfeld",Hofgeismar,Spanien,raymondfliegner@googlemail.com,F,Rheinland-Pfalz,96722,40.0,2021-03-19,2.9,2021-03-19,2.9
1335,VacHomeClass-13,VacHomeZone-2,24.0,2368,Cobblestone,Gravel,Pie,Flat,Trash|Gas|Water|Electricity,Interior lot,No Slope,RNH 3,Proximity to School,SingleFamilyHome,Bungalow,5,6,1975,1976,Gable,Rolled Roofing,Horizontal Wood,Manmade Stone,312.0,3,3,Combined footing,3.0,No Sunlight,Basement to Beautiful Panels,765,Furnace,3,Yes,NM Cable,765,600,1365,1,1,3,1,3,7,0,,Attached,Metal Panels,2,440,3,Paved,0,0,0,0,No Fence,5,2009,Down payment assistance,Regular,103756.0,Y,Y,2021-11-13,82054779,"Döringplatz 59
30282 Eichstätt",Melle,Wallis und Futuna,ronnystroh@flantz.com,Unknown,Saarland,52329,72.0,2021-08-01,3.7,2021-08-01,3.7
1336,VacHomeClass-1,VacHomeZone-1,80.0,9650,Cobblestone,Gravel,Pie,Flat,Trash|Gas|Water|Electricity,Interior lot,No Slope,RNH 17,Proximity to School,Apartment,Contemporary,6,5,1979,1984,Gable,Rolled Roofing,Brick,Natural Stone,360.0,3,3,Combined footing,4.0,No Sunlight,BrightWall Paneling,1350,Furnace,3,Yes,NM Cable,1334,0,1334,2,0,2,1,3,6,1,TA,Attached,Wood Sheathing,2,630,3,Paved,0,0,0,0,No Fence,4,2009,Down payment assistance,Regular,139363.0,N,N,2021-03-18,86365833,"Manja-Peukert-Ring 0/6
62079 Rudolstadt",Darmstadt,Komoren,johannjunk@hermighausen.com,F,Sachsen-Anhalt,57794,32.0,2021-12-01,3.9,2021-12-01,3.9
1337,VacHomeClass-11,VacHomeZone-1,87.0,9246,Cobblestone,Gravel,Reverse Pie,Flat,Trash|Gas|Water|Electricity,Interior lot,No Slope,RNH 17,Proximity to Hospital,Townhome,Contemporary,5,5,1978,1980,Gable,Rolled Roofing,Brick,Natural Stone,564.0,3,3,Combined footing,3.0,No Sunlight,Dry Wall,1656,Furnace,3,Yes,NM Cable,1656,0,1656,2,0,4,2,3,8,0,,Detached,Metal Panels,2,506,3,Paved,0,0,0,0,No Fence,11,2008,Down payment assistance,Regular,112056.0,Y,N,2021-07-10,42715061,"Jesselring 9/8
57870 Rastatt",Göppingen,Frankreich,rositarosemann@kraushaar.de,Unknown,Mecklenburg-Vorpommern,1815,69.0,2021-09-05,4.8,2021-09-05,4.8
1338,VacHomeClass-2,VacHomeZone-2,153.0,4118,Cobblestone,Concrete,Reverse Pie,Slope,Trash|Gas|Water|Electricity,Corner lot,Little Slope,RNH 18,Proximity to Hospital,Apartment,Contemporary,4,4,1943,1953,Gable,Rolled Roofing,Wood Shingle,Manmade Stone,0.0,3,3,Combined footing,3.0,No Sunlight,Dry Wall,693,Heat Pump,2,No,Underground Feeder Cable,693,0,693,1,0,2,1,2,4,0,,No Garage,Unfinished,0,0,0,Only Gravel,0,0,0,0,No Fence,3,2006,Down payment assistance,Regular,43581.0,N,Y,2021-04-22,87299403,"Hendrik-Huhn-Straße 7
51406 Schongau",Guben,Taiwan,fschweitzer@web.de,Unknown,Schleswig-Holstein,10300,37.0,2021-09-15,3.4,2021-09-15,3.4
1339,VacHomeClass-6,VacHomeZone-1,95.0,13450,Cobblestone,Gravel,Reverse Pie,Flat,Trash|Gas|Water|Electricity,Corner lot,No Slope,RNH 6,Proximity to School,Apartment,Bungalow,7,5,2003,2004,Gable,Rolled Roofing,Board Batten,Manmade Stone,0.0,4,3,Individual footing,4.0,No Sunlight,ZenWall Panels,916,Furnace,5,Yes,NM Cable,920,941,1861,2,1,3,1,4,8,0,,Breezeway,Wood Sheathing,2,492,3,Paved,146,0,0,0,No Fence,6,2006,Down payment assistance,Regular,166006.0,N,N,2021-06-28,29871193,"Losekannstraße 5
50132 Grevesmühlen",Eisenberg,Sudan,hessfabian@aol.de,F,Saarland,98828,64.0,2021-01-08,2.4,2021-01-08,2.4
1340,VacHomeClass-1,VacHomeZone-1,120.0,9560,Cobblestone,Gravel,Reverse Pie,Flat,Trash|Gas|Water|Electricity,Corner lot,No Slope,RNH 6,Proximity to School,Apartment,Contemporary,5,7,1973,1975,Sawtooth,Rolled Roofing,Log Wood,Manmade Stone,0.0,3,4,Combined footing,3.0,Small Windows,Foamax,864,Furnace,5,Yes,NM Cable,864,0,864,1,0,3,1,3,5,0,,Attached,Wood Sheathing,1,288,3,Paved,0,0,0,0,No Fence,6,2006,Down payment assistance,Regular,106661.0,N,N,2021-01-21,50557240,"Schmidtkeplatz 626
24221 Einbeck",Borken,Montenegro,netteeckard@aol.de,Unknown,Thüringen,7207,42.0,2021-03-18,1.4,2021-03-18,1.4
1341,VacHomeClass-1,VacHomeZone-1,70.0,8294,Cobblestone,Gravel,Pie,Flat,Trash|Gas|Water|Electricity,Interior lot,No Slope,NAmes,Proximity to School,Apartment,Contemporary,4,5,1975,1977,Gable,Rolled Roofing,Log Wood,Manmade Stone,0.0,3,3,Combined footing,3.0,No Sunlight,Dry Wall,858,Furnace,3,Yes,NM Cable,872,0,872,1,0,3,1,3,5,0,,Detached,Metal Panels,4,480,3,Paved,0,0,0,0,Wood Fences,6,2007,Down payment assistance,Regular,102096.0,Y,Y,2021-10-25,86258357,"Misichergasse 14
93585 Königs Wusterhausen",Tuttlingen,Simbabwe,doehnhenrike@herrmann.de,F,Thüringen,21554,73.0,2021-06-20,2.1,2021-06-20,2.1
1342,VacHomeClass-1,VacHomeZone-1,66.0,13695,Cobblestone,Gravel,Pie,Flat,Trash|Gas|Water|Electricity,Interior lot,No Slope,RNH 21,Proximity to Dance Club,Apartment,Contemporary,6,5,2004,2010,Gable,Rolled Roofing,Board Batten,Manmade Stone,0.0,3,3,Individual footing,4.0,No Sunlight,ZenWall Panels,1114,Furnace,5,Yes,NM Cable,1114,0,1114,1,0,3,1,4,6,0,,Detached,Metal Panels,2,576,3,Paved,0,0,0,0,No Fence,7,2008,Down payment assistance,Regular,128656.0,N,N,2021-08-29,37822163,"Veli-Hermann-Straße 0/0
16306 Rothenburg ob der Tauber",Genthin,Mexiko,monja91@googlemail.com,Unknown,Berlin,5710,26.0,2021-01-19,4.8,2021-01-19,4.8
1343,VacHomeClass-6,VacHomeZone-1,,9375,Cobblestone,Gravel,Pie,Flat,Trash|Gas|Water|Electricity,Interior lot,No Slope,RNH 6,Proximity to School,Apartment,Bungalow,8,5,2003,2010,Gable,Rolled Roofing,Board Batten,Natural Stone,149.0,4,3,Individual footing,4.0,No Sunlight,Dry Wall,1284,Furnace,5,Yes,NM Cable,1284,885,2169,2,1,3,1,4,7,1,Gd,Attached,Wood Sheathing,2,647,3,Paved,192,0,0,0,No Fence,8,2007,Down payment assistance,Regular,189661.0,N,Y,2021-11-10,75101299,"Nikolas-Gutknecht-Weg 825
10342 Helmstedt",Dieburg,Katar,trappgotthard@renner.de,F,Bayern,32778,71.0,2021-07-25,4.6,2021-07-25,4.6
1344,VacHomeClass-5,VacHomeZone-1,57.0,7558,Cobblestone,Gravel,Pie,Slope,Trash|Gas|Water|Electricity,Interior lot,No Slope,RNH 7,Proximity to School,Apartment,Craftsman,6,6,1929,1955,Gable,Rolled Roofing,Vertical Wood,Manmade Stone,0.0,3,3,Strip foundation,3.0,No Sunlight,Dry Wall,896,Furnace,4,Yes,NM Cable,1172,741,1913,1,1,3,1,3,9,1,TA,Detached,Metal Panels,2,342,2,Paved,0,0,0,0,No Fence,3,2009,Down payment assistance,Regular,146916.0,N,Y,2021-03-04,64415185,"Reinhardtallee 6
59576 Perleberg",Monschau,Albanien,hoefigfrancesco@trupp.com,M,Hamburg,32598,88.0,2021-05-04,3.3,2021-05-04,3.3
1345,VacHomeClass-6,VacHomeZone-1,85.0,11103,Cobblestone,Gravel,Reverse Pie,Flat,Trash|Gas|Water|Electricity,Corner lot,No Slope,RNH 6,Proximity to School,Apartment,Bungalow,7,5,2010,2013,Gable,Rolled Roofing,Board Batten,Manmade Stone,0.0,4,3,Individual footing,4.0,No Sunlight,Dry Wall,728,Furnace,5,Yes,NM Cable,728,728,1456,2,1,3,1,4,8,1,TA,Attached,DryWall,2,440,3,Paved,0,0,0,0,No Fence,7,2007,Government-backed programs,Distress Sale,129349.05,N,Y,2021-06-06,18102635,"Isabell-Paffrath-Weg 48
17340 Olpe",Berlin,Haiti,irina17@aol.de,F,Baden-Württemberg,16285,82.0,2021-05-09,4.2,2021-05-09,4.2
1346,VacHomeClass-2,VacHomeZone-2,50.0,6000,Cobblestone,Gravel,Pie,Flat,Trash|Gas|Water|Electricity,Interior lot,No Slope,RNH 18,Proximity to School,Apartment,Contemporary,4,4,1922,1956,Sawtooth,Rolled Roofing,Log Wood,Manmade Stone,0.0,3,3,Individual footing,3.0,No Sunlight,BrightWall Paneling,960,Furnace,4,Yes,Underground Feeder Cable,960,0,960,1,0,2,1,2,5,0,,Detached,Metal Panels,1,308,3,Paved,0,0,0,0,No Fence,7,2007,Down payment assistance,Regular,90061.0,Y,Y,2021-03-22,33755960,"Karzgasse 76
15854 Eutin",Calau,Lesotho,ffroehlich@hendriks.de,M,Bayern,77791,11.0,2021-07-21,1.7,2021-07-21,1.7
1347,VacHomeClass-1,VacHomeZone-1,,20781,Cobblestone,Gravel,Rectangular,Flat,Trash|Gas|Water|Electricity,Cul-de-sac,No Slope,RNH 17,Proximity to Park,Apartment,Contemporary,7,7,1972,2010,Sawtooth,Rolled Roofing,Vertical Wood,Manmade Stone,0.0,3,3,Combined footing,3.0,No Sunlight,CleanSpace Wall System,1568,Furnace,3,Yes,NM Cable,2156,0,2156,2,0,3,1,3,9,1,Gd,Attached,Wood Sheathing,2,508,4,Paved,0,290,0,0,No Fence,6,2006,Down payment assistance,Regular,217881.0,N,Y,2021-01-21,96323090,"Schenkstr. 97
92816 Neu-Ulm",Coburg,Kambodscha,tloeffler@web.de,Unknown,Berlin,81943,4.0,2021-11-10,2.0,2021-11-10,2.0
1348,VacHomeClass-1,VacHomeZone-1,93.0,15306,Cobblestone,Gravel,Reverse Pie,High Level,Trash|Gas|Water|Electricity,Corner lot,No Slope,RNH 24,Proximity to School,Apartment,Contemporary,8,5,2007,2014,Gable,Rolled Roofing,Board Batten,Manmade Panels,100.0,4,3,Individual footing,5.0,French Doors,ZenWall Panels,1732,Furnace,5,Yes,NM Cable,1776,0,1776,2,0,3,1,4,7,1,Gd,Attached,DryWall,3,712,3,Paved,0,0,0,0,No Fence,5,2007,Government-backed programs,Distress Sale,235280.29,Y,Y,2021-01-14,21329838,"Jenny-Klemm-Straße 93
49686 Neu-Ulm",Gransee,Bahrain,rgeisler@gmx.de,M,Baden-Württemberg,72336,28.0,2021-02-02,1.2,2021-02-02,1.2
1349,VacHomeClass-1,VacHomeZone-1,,16196,Cobblestone,Gravel,Irregular Lots,Low Level,Trash|Gas|Water|Electricity,Interior lot,No Slope,RNH 21,Proximity to School,Apartment,Contemporary,7,5,1999,2003,Gable,Rolled Roofing,Board Batten,Manmade Stone,0.0,4,3,Individual footing,4.0,French Doors,ZenWall Panels,1482,Furnace,5,Yes,NM Cable,1494,0,1494,2,0,3,1,4,5,1,Fa,Attached,Wood Sheathing,2,514,3,Paved,402,0,0,0,No Fence,8,2007,Down payment assistance,Regular,178456.0,N,N,2021-02-26,46153258,"Karzstr. 7
80536 Eggenfelden",Kassel,Bulgarien,ariane20@roehrdanz.com,Unknown,Bremen,13241,17.0,2021-10-25,1.0,2021-10-25,1.0
1350,VacHomeClass-7,VacHomeZone-2,50.0,5250,Cobblestone,Cobblestone,Pie,Flat,Trash|Gas|Water|Electricity,Interior lot,No Slope,RNH 18,Proximity to School,Apartment,Bungalow,8,5,1873,1995,Gable,Rolled Roofing,Log Wood,Manmade Stone,0.0,3,4,Strip foundation,3.0,No Sunlight,Basement to Beautiful Panels,684,Radiant Heating,2,No,NM Cable,938,1215,2358,2,0,4,1,3,8,0,,No Garage,Unfinished,0,0,0,Paved,0,0,0,0,No Fence,12,2008,Down payment assistance,Regular,101266.0,N,Y,2021-03-13,49112795,"Kargeplatz 32
34491 Flöha",Hildburghausen,Neuseeland,hannobender@googlemail.com,M,Hamburg,49438,99.0,2021-05-05,3.3,2021-05-05,3.3
1351,VacHomeClass-11,VacHomeZone-1,91.0,11643,Cobblestone,Gravel,Pie,Flat,Trash|Gas|Water|Electricity,Interior lot,No Slope,NAmes,Proximity to Gym,Townhome,Bungalow,5,5,1974,1975,Gable,Rolled Roofing,Log Wood,Natural Stone,368.0,3,3,Combined footing,3.0,No Sunlight,Basement to Beautiful Panels,1248,Furnace,3,Yes,NM Cable,1338,1296,2634,2,2,6,2,3,12,0,,Detached,Metal Panels,4,968,3,Paved,0,0,0,0,No Fence,8,2009,Down payment assistance,Regular,166006.0,Y,Y,2021-10-28,86932141,"Stadelmannstraße 4
09750 Kemnath",Dresden,Tansania,vreinhardt@drubin.net,Unknown,Niedersachsen,8086,93.0,2021-10-25,1.0,2021-10-25,1.0
1352,VacHomeClass-6,VacHomeZone-1,70.0,9247,Cobblestone,Gravel,Reverse Pie,Flat,Trash|Gas|Water|Electricity,Interior lot,No Slope,NAmes,Proximity to School,Apartment,Bungalow,6,6,1965,1969,Gable,Rolled Roofing,Horizontal Wood,Natural Stone,318.0,3,3,Combined footing,3.0,No Sunlight,Foamax,858,Furnace,5,Yes,NM Cable,858,858,1716,1,1,4,1,3,8,1,Gd,Attached,DryWall,2,490,3,Paved,0,0,0,0,No Fence,3,2008,Down payment assistance,Regular,141936.0,Y,N,2021-03-21,1012880,"Marianne-Geisel-Ring 656
05112 Neuss",Hainichen,Australien,valerij97@kambs.com,M,Sachsen,91172,91.0,2021-10-22,2.2,2021-10-22,2.2
1353,VacHomeClass-5,VacHomeZone-2,50.0,6000,Cobblestone,Gravel,Pie,Flat,Trash|Gas|Water|Electricity,Interior lot,No Slope,RNH 4,Proximity to School,Apartment,Craftsman,6,9,1941,2008,Gable,Rolled Roofing,Log Wood,Manmade Stone,0.0,4,3,Strip foundation,3.0,No Sunlight,Dry Wall,698,Furnace,3,Yes,NM Cable,786,390,1176,1,0,2,1,3,4,0,,Detached,Metal Panels,2,624,3,Only Gravel,210,0,0,0,No Fence,7,2009,Down payment assistance,Regular,111973.0,Y,Y,2021-09-20,42590149,"Alexej-Eimer-Straße 0
52767 Rochlitz",Bautzen,Amerikanisch-Samoa,thiesfreddy@hotmail.de,M,Brandenburg,24578,80.0,2021-12-14,3.6,2021-12-14,3.6
1354,VacHomeClass-5,VacHomeZone-1,56.0,14720,Cobblestone,Gravel,Reverse Pie,Flat,Trash|Gas|Water|Electricity,Cul-de-sac,No Slope,RNH 14,Proximity to School,Apartment,Craftsman,8,5,1996,2003,Sawtooth,Rolled Roofing,Board Batten,Natural Stone,579.0,4,3,Individual footing,4.0,Large Windows,ZenWall Panels,2033,Furnace,5,Yes,NM Cable,2053,1185,3238,2,1,4,1,4,9,1,Ex,Attached,DryWall,3,666,3,Paved,283,0,0,0,No Fence,3,2010,Down payment assistance,Regular,340306.0,N,Y,2021-12-17,6112271,"Heinz-Otto-Mosemann-Platz 08
70036 Lüdenscheid",Seelow,Kongo,wandakostolzin@gmail.com,Unknown,Hessen,23183,94.0,2021-09-10,3.6,2021-09-10,3.6
1355,VacHomeClass-6,VacHomeZone-1,,10316,Cobblestone,Gravel,Reverse Pie,Flat,Trash|Gas|Water|Electricity,Interior lot,No Slope,RNH 6,Proximity to School,Apartment,Bungalow,7,5,2003,2006,Gable,Rolled Roofing,Board Batten,Manmade Stone,0.0,4,3,Individual footing,4.0,No Sunlight,ZenWall Panels,992,Furnace,5,Yes,NM Cable,992,873,1865,2,1,3,1,4,7,1,TA,Attached,Wood Sheathing,3,839,3,Paved,0,0,0,0,No Fence,6,2008,Down payment assistance,Regular,195056.0,N,Y,2021-01-04,23150386,"Jüttnerring 3
71742 Gadebusch",Hildburghausen,Brasilien,hans-martingierschner@web.de,Unknown,Sachsen-Anhalt,12385,11.0,2021-03-23,4.0,2021-03-23,4.0
1356,VacHomeClass-9,VacHomeZone-1,102.0,10192,Cobblestone,Gravel,Reverse Pie,Flat,Trash|Gas|Water|Electricity,Interior lot,No Slope,RNH 17,Proximity to School,Apartment,Spanish,7,6,1973,2000,Gable,Rolled Roofing,Log Wood,Natural Stone,143.0,3,3,Combined footing,3.0,No Sunlight,Dry Wall,570,Furnace,4,Yes,NM Cable,1222,698,1920,3,0,4,1,4,8,1,TA,Attached,Wood Sheathing,2,487,3,Paved,0,0,0,0,Composite Fences,9,2006,Down payment assistance,Regular,141106.0,N,N,2021-01-31,54342590,"Mia-Henschel-Ring 33
64151 Heinsberg",Husum,Sudan,finkevolker@gorlitz.de,Unknown,Berlin,58425,23.0,2021-08-20,2.9,2021-08-20,2.9
1357,VacHomeClass-1,VacHomeZone-1,,9477,Cobblestone,Gravel,Pie,Flat,Trash|Gas|Water|Electricity,Corner lot,No Slope,NAmes,Proximity to School,Apartment,Contemporary,5,5,1971,1976,Gable,Rolled Roofing,Horizontal Wood,Natural Stone,65.0,3,3,Combined footing,3.0,No Sunlight,Foamax,864,Furnace,3,Yes,NM Cable,892,0,892,1,0,3,1,3,5,0,,Attached,Wood Sheathing,1,264,3,Paved,0,0,0,0,Wood Fences,10,2008,Down payment assistance,Regular,91306.0,N,N,2021-10-13,13015930,"Zorbachallee 2
75604 Badalzungen",Chemnitz,Slowakei,thieslouis@weller.com,M,Schleswig-Holstein,28958,48.0,2021-01-03,4.0,2021-01-03,4.0
1358,VacHomeClass-1,VacHomeZone-1,,12537,Cobblestone,Gravel,Reverse Pie,Flat,Trash|Gas|Water|Electricity,Cul-de-sac,No Slope,NAmes,Proximity to School,Apartment,Contemporary,5,6,1974,2015,Gable,Rolled Roofing,Board Batten,Manmade Stone,0.0,3,3,Combined footing,3.0,No Sunlight,ZenWall Panels,1078,Furnace,5,Yes,NM Cable,1078,0,1078,1,1,3,1,3,6,1,Fa,Attached,DryWall,2,500,3,Paved,0,0,0,0,No Fence,4,2010,Down payment assistance,Regular,124423.0,Y,N,2021-09-22,98889594,"Marion-Schinke-Allee 083
84465 Wolmirstedt",Kleve,Somalia,losekannreinhold@doehn.de,M,Nordrhein-Westfalen,52121,4.0,2021-06-11,2.3,2021-06-11,2.3
1359,VacHomeClass-13,VacHomeZone-5,,2117,Cobblestone,Gravel,Pie,Flat,Trash|Gas|Water|Electricity,Interior lot,No Slope,RNH 22,Proximity to School,MultiFamilyHome,Bungalow,6,5,2005,2008,Gable,Rolled Roofing,Log Wood,Natural Stone,216.0,4,3,Individual footing,4.0,No Sunlight,ZenWall Panels,756,Furnace,5,Yes,NM Cable,769,804,1573,2,1,3,1,4,5,0,,Detached,Metal Panels,2,440,3,Paved,0,0,0,0,No Fence,6,2010,Down payment assistance,Regular,147331.0,Y,N,2021-06-24,6018481,"Mudestr. 922
74395 Sankt Goar",Amberg,Armenien,theresejohann@roht.com,M,Nordrhein-Westfalen,47723,9.0,2021-01-25,2.5,2021-01-25,2.5
1360,VacHomeClass-1,VacHomeZone-1,129.0,16737,Cobblestone,Gravel,Pie,Flat,Trash|Gas|Water|Electricity,Key lot,No Slope,RNH 16,Proximity to School,Apartment,Contemporary,9,5,2005,2011,Sawtooth,Rolled Roofing,Board Batten,Natural Stone,66.0,4,3,Individual footing,5.0,Large Windows,ZenWall Panels,1980,Furnace,5,Yes,NM Cable,1980,0,1980,2,0,3,1,5,8,1,Gd,Attached,DryWall,3,770,3,Paved,194,0,0,0,No Fence,9,2006,Down payment assistance,Regular,261456.0,N,N,2021-02-27,45319303,"Ebertweg 3
13600 Rottweil",Aachen,Nepal,rohtrose@lehmann.de,M,Thüringen,88507,77.0,2021-10-19,3.4,2021-10-19,3.4
1361,VacHomeClass-7,VacHomeZone-1,51.0,9842,Cobblestone,Gravel,Pie,Flat,Trash|Gas|Water|Electricity,Interior lot,No Slope,RNH 19,Proximity to Hospital,Apartment,Bungalow,5,6,1923,2004,Gable,Rolled Roofing,Log Wood,Manmade Stone,0.0,3,3,Strip foundation,3.0,No Sunlight,Dry Wall,612,Furnace,5,Yes,NM Cable,990,1611,2601,3,1,4,1,3,8,0,,Breezeway,Wood Sheathing,2,621,3,Paved,183,0,0,0,No Fence,5,2008,Down payment assistance,Regular,156876.0,Y,Y,2021-08-05,23400917,"Miesweg 4
41031 Rottweil",Stadtroda,Chile,carl-heinz23@rust.net,M,Baden-Württemberg,777,72.0,2021-10-29,4.5,2021-10-29,4.5
1362,VacHomeClass-1,VacHomeZone-1,124.0,16158,Cobblestone,Gravel,Reverse Pie,Low Level,Trash|Gas|Water|Electricity,Interior lot,Little Slope,RNH 23,Proximity to School,Apartment,Contemporary,7,5,2008,2010,Sawtooth,Rolled Roofing,Board Batten,Manmade Panels,16.0,4,3,Individual footing,5.0,Large Windows,BrightWall Paneling,1530,Furnace,5,Yes,NM Cable,1530,0,1530,2,0,3,1,4,7,1,Gd,Attached,DryWall,2,430,3,Paved,168,0,0,0,No Fence,6,2009,Down payment assistance,Regular,215806.0,N,Y,2021-08-20,86893565,"Suse-Pieper-Platz 675
29007 Forst",Badibling,Serbien,bonbachjames@hotmail.de,Unknown,Mecklenburg-Vorpommern,98541,25.0,2021-07-23,4.7,2021-07-23,4.7
1363,VacHomeClass-5,VacHomeZone-1,,12513,Cobblestone,Gravel,Reverse Pie,Flat,Trash|Gas|Water|Electricity,T-intersection,No Slope,NAmes,Proximity to Hospital,Apartment,Craftsman,4,4,1922,2012,Gable,Rolled Roofing,Board Batten,Manmade Stone,0.0,3,4,Strip foundation,3.0,No Sunlight,Dry Wall,715,Furnace,4,Yes,NM Cable,1281,457,1738,2,0,4,1,3,7,1,Gd,Attached,Metal Panels,1,368,3,Paved,55,0,0,0,No Fence,6,2009,Down payment assistance,Regular,87073.0,Y,Y,2021-04-26,74002894,"Verena-Mude-Allee 6/4
59560 Kaiserslautern",Quedlinburg,Tansania,andrewhess@hotmail.de,Unknown,Rheinland-Pfalz,51709,4.0,2021-05-09,3.8,2021-05-09,3.8
1364,VacHomeClass-6,VacHomeZone-1,73.0,8499,Cobblestone,Gravel,Reverse Pie,Flat,Trash|Gas|Water|Electricity,Interior lot,No Slope,RNH 9,Proximity to School,Apartment,Bungalow,6,5,2011,2012,Gable,Rolled Roofing,Board Batten,Manmade Stone,0.0,3,3,Individual footing,4.0,No Sunlight,Dry Wall,616,Furnace,5,Yes,NM Cable,616,796,1412,2,1,3,1,4,6,1,Gd,Breezeway,DryWall,2,432,3,Paved,0,0,0,0,No Fence,3,2007,Government-backed programs,Distress Sale,130259.56,N,Y,2021-05-10,56157833,"Hans-Josef-Heinrich-Straße 12
61573 Uelzen",Lüdinghausen,Weihnachtsinsel,annitasuessebier@scholtz.com,Unknown,Hessen,27595,90.0,2021-12-04,3.7,2021-12-04,3.7
1365,VacHomeClass-13,VacHomeZone-5,30.0,3180,Cobblestone,Cobblestone,Pie,Flat,Trash|Gas|Water|Electricity,Interior lot,No Slope,RNH 22,Proximity to School,SingleFamilyHome,Bungalow,7,5,2010,2013,Gable,Rolled Roofing,Log Wood,Manmade Stone,0.0,4,3,Individual footing,4.0,No Sunlight,Dry Wall,600,Furnace,5,Yes,NM Cable,520,600,1200,2,1,2,1,4,4,0,,Detached,Wood Sheathing,2,480,3,Paved,0,0,0,0,No Fence,4,2006,Down payment assistance,Shortsale,119652.16,N,N,2021-06-06,13128845,"Rennerstr. 685
52822 Lüdinghausen",Oberviechtach,Malawi,mirjamklemt@gmail.com,Unknown,Brandenburg,98628,40.0,2021-11-04,3.6,2021-11-04,3.6
1366,VacHomeClass-6,VacHomeZone-5,,7500,Cobblestone,Gravel,Pie,Flat,Trash|Gas|Water|Electricity,Interior lot,No Slope,RNH 22,Proximity to School,Apartment,Bungalow,7,5,2003,2005,Gable,Rolled Roofing,Board Batten,Manmade Stone,0.0,4,3,Individual footing,4.0,No Sunlight,ZenWall Panels,814,Furnace,5,Yes,NM Cable,814,860,1674,2,1,3,1,4,7,0,,Attached,Wood Sheathing,2,663,3,Paved,0,0,0,0,No Fence,1,2010,Down payment assistance,Regular,179286.0,N,N,2021-04-21,8667199,"Lena-Fritsch-Ring 15
50252 Bernburg",Leipziger Land,Marokko,eugeniahahn@googlemail.com,Unknown,Schleswig-Holstein,56732,18.0,2021-09-18,3.6,2021-09-18,3.6
1367,VacHomeClass-6,VacHomeZone-1,68.0,9179,Cobblestone,Gravel,Reverse Pie,Flat,Trash|Gas|Water|Electricity,Interior lot,No Slope,RNH 6,Proximity to School,Apartment,Bungalow,7,5,2004,2005,Gable,Rolled Roofing,Board Batten,Natural Stone,158.0,4,3,Individual footing,4.0,No Sunlight,ZenWall Panels,873,Furnace,5,Yes,NM Cable,882,908,1790,2,1,3,1,4,7,0,,Attached,Wood Sheathing,2,588,3,Paved,0,0,0,0,No Fence,6,2008,Down payment assistance,Shortsale,160196.0,N,N,2021-03-01,45074493,"Heinrichring 2
63083 Saarlouis",Gadebusch,Brasilien,hanna56@aol.de,M,Bremen,17941,14.0,2021-12-14,3.0,2021-12-14,3.0
1368,VacHomeClass-13,VacHomeZone-2,41.0,2665,Cobblestone,Gravel,Pie,Flat,Trash|Gas|Water|Electricity,Interior lot,No Slope,RNH 11,Proximity to School,SingleFamilyHome,Bungalow,5,6,1978,1983,Gable,Rolled Roofing,Metal,Manmade Stone,0.0,3,3,Individual footing,3.0,No Sunlight,BrightWall Paneling,757,Furnace,5,Yes,NM Cable,925,550,1475,2,0,4,1,3,6,1,TA,Attached,Wood Sheathing,1,336,3,Paved,104,0,0,0,No Fence,7,2006,Down payment assistance,Regular,105416.0,N,N,2021-03-17,10595824,"Hartungstr. 83
33204 Haldensleben",Leipziger Land,Belgien,boernergaetano@stiffel.com,Unknown,Mecklenburg-Vorpommern,68177,54.0,2021-03-25,4.4,2021-03-25,4.4
1369,VacHomeClass-12,VacHomeZone-2,,4435,Cobblestone,Gravel,Pie,Flat,Trash|Gas|Water|Electricity,Interior lot,No Slope,RNH 6,Proximity to School,SingleFamilyHome,Contemporary,6,5,2008,2009,Gable,Rolled Roofing,Board Batten,Natural Stone,170.0,4,3,Individual footing,4.0,Large Windows,ZenWall Panels,848,Furnace,5,Yes,NM Cable,848,0,848,1,0,1,1,4,4,0,,Attached,DryWall,2,420,3,Paved,140,0,0,0,No Fence,6,2009,Down payment assistance,Regular,119526.0,N,N,2021-10-13,86274647,"Budigweg 8
46192 Oschatz",Burglengenfeld,Albanien,solveig96@yahoo.de,M,Baden-Württemberg,22441,23.0,2021-06-06,4.2,2021-06-06,4.2
1370,VacHomeClass-1,VacHomeZone-1,48.0,10635,Cobblestone,Gravel,Rectangular,Flat,Trash|Gas|Water|Electricity,T-intersection,No Slope,RNH 6,Proximity to School,Apartment,Contemporary,8,5,2006,2007,Sawtooth,Rolled Roofing,Board Batten,Natural Stone,171.0,4,3,Individual footing,4.0,Large Windows,CleanSpace Wall System,1657,Furnace,5,Yes,NM Cable,1668,0,1668,2,0,3,1,4,8,1,TA,Attached,DryWall,2,502,3,Paved,0,0,0,0,No Fence,5,2010,Down payment assistance,Regular,192566.0,N,N,2021-04-18,94936414,"Henschelstr. 000
37779 Mellrichstadt",Schongau,Samoa,timmkuehnert@gmail.com,Unknown,Saarland,88603,41.0,2021-12-24,2.7,2021-12-24,2.7
1371,VacHomeClass-5,VacHomeZone-1,90.0,5400,Cobblestone,Gravel,Pie,Flat,Trash|Gas|Water|Electricity,Corner lot,No Slope,RNH 18,Proximity to Gym,Apartment,Craftsman,4,6,1924,1958,Gable,Rolled Roofing,Steel log,Manmade Stone,0.0,2,3,Individual footing,3.0,No Sunlight,BrightWall Paneling,840,Furnace,5,Yes,NM Cable,840,534,1374,1,0,2,1,3,6,0,,Detached,DryWall,1,338,3,Paved,0,0,0,0,No Fence,10,2009,Down payment assistance,Regular,87156.0,N,Y,2021-06-12,63628555,"Harold-Reichmann-Allee 842
84079 Jessen",Olpe,Nauru,almutjessel@seifert.com,F,Hamburg,43254,56.0,2021-03-15,2.9,2021-03-15,2.9
1372,VacHomeClass-9,VacHomeZone-1,80.0,9600,Cobblestone,Gravel,Pie,Flat,Trash|Gas|Water|Electricity,Interior lot,No Slope,NAmes,Proximity to School,Apartment,Spanish,6,6,1960,2002,Sawtooth,Rolled Roofing,Concrete,Manmade Stone,0.0,3,3,Combined footing,3.0,Large Windows,CleanSpace Wall System,992,Furnace,4,Yes,NM Cable,1661,0,1661,1,0,3,1,4,8,1,TA,Breezeway,Wood Sheathing,1,377,3,Paved,0,0,0,0,Vinyl Fences,10,2008,Down payment assistance,Regular,137371.0,Y,N,2021-02-05,52220760,"Abram-Fechner-Allee 957
84040 Hettstedt",Hagenow,Sri Lanka,jockelgisela@scholz.de,F,Thüringen,83274,55.0,2021-12-26,2.1,2021-12-26,2.1
1373,VacHomeClass-6,VacHomeZone-1,75.0,9750,Cobblestone,Gravel,Pie,Flat,Trash|Gas|Water|Electricity,Corner lot,No Slope,RNH 6,Proximity to School,Apartment,Bungalow,7,6,2002,2004,Gable,Rolled Roofing,Board Batten,Manmade Stone,0.0,3,3,Individual footing,4.0,Large Windows,ZenWall Panels,1108,Furnace,5,Yes,NM Cable,1108,989,2097,2,1,3,1,4,8,1,TA,Detached,Wood Sheathing,2,583,3,Paved,253,0,0,0,No Fence,6,2006,Down payment assistance,Regular,227675.0,N,N,2021-01-08,53738820,"Raphaela-Mühle-Allee 755
18517 Lichtenfels",Chemnitz,Kroatien,tschentschermarie@gnatz.org,Unknown,Berlin,34011,41.0,2021-12-04,3.8,2021-12-04,3.8
1374,VacHomeClass-1,VacHomeZone-1,,11400,Cobblestone,Gravel,Pie,Flat,Trash|Gas|Water|Electricity,Interior lot,No Slope,RNH 14,Proximity to School,Apartment,Contemporary,10,5,2002,2008,Sawtooth,Rolled Roofing,Board Batten,Natural Stone,705.0,5,3,Individual footing,5.0,French Doors,ZenWall Panels,2633,Furnace,5,Yes,NM Cable,2633,0,2633,2,1,2,1,5,8,2,Gd,Attached,Wood Sheathing,3,804,3,Paved,314,0,0,0,No Fence,3,2007,Down payment assistance,Regular,387201.0,Y,Y,2021-08-24,81813285,"Arnd-Mühle-Platz 88
85761 Görlitz",Grevesmühlen,Guinea,gundi75@hartmann.de,F,Bremen,85693,34.0,2021-11-23,2.9,2021-11-23,2.9
1375,VacHomeClass-6,VacHomeZone-5,85.0,10625,Cobblestone,Gravel,Pie,Flat,Trash|Gas|Water|Electricity,Interior lot,No Slope,RNH 22,Proximity to School,Apartment,Bungalow,7,5,2010,2011,Gable,Rolled Roofing,Metal,Manmade Stone,0.0,4,3,Individual footing,4.0,No Sunlight,Dry Wall,1026,Furnace,5,Yes,NM Cable,1026,932,1958,2,1,3,1,4,9,1,Gd,Attached,DryWall,3,936,3,Paved,154,0,0,0,No Fence,7,2008,Down payment assistance,Regular,207506.0,N,Y,2021-01-26,70042764,"Veronica-Roskoth-Gasse 58
03233 Viersen",Mühlhausen,Mongolei,jfroehlich@aol.de,F,Schleswig-Holstein,19548,23.0,2021-11-28,2.7,2021-11-28,2.7
1376,VacHomeClass-1,VacHomeZone-1,89.0,10991,Cobblestone,Gravel,Reverse Pie,High Level,Trash|Gas|Water|Electricity,Interior lot,No Slope,RNH 24,Proximity to School,Apartment,Contemporary,8,5,2012,2010,Gable,Rolled Roofing,Board Batten,Natural Stone,80.0,4,3,Individual footing,4.0,French Doors,Dry Wall,1571,Furnace,5,Yes,NM Cable,1571,0,1571,2,0,3,1,4,7,1,Gd,Attached,DryWall,3,722,3,Paved,100,0,0,0,No Fence,12,2007,Government-backed programs,Distress Sale,198376.0,Y,Y,2021-08-05,26155913,"Manuel-Textor-Platz 827
36506 Bützow",Plauen,Togo,ingetraud35@gmail.com,F,Bayern,25077,49.0,2021-02-17,4.3,2021-02-17,4.3
1377,VacHomeClass-2,VacHomeZone-1,52.0,6292,Cobblestone,Gravel,Pie,Slope,Trash|Gas|Water|Electricity,Interior lot,No Slope,RNH 19,Proximity to School,Apartment,Contemporary,6,5,1931,1958,Gable,Rolled Roofing,Wood Shingle,Manmade Stone,0.0,3,3,Strip foundation,4.0,Small Windows,Foamax,768,Furnace,3,No,NM Cable,790,0,790,1,0,2,1,3,4,0,,Detached,Metal Panels,1,160,2,Paved,0,0,0,0,No Fence,4,2008,Down payment assistance,Regular,75536.0,Y,Y,2021-03-30,56606980,"Röhrdanzstraße 126
98535 Luckenwalde",Bremervörde,Mexiko,kirstin95@aol.de,F,Nordrhein-Westfalen,88470,76.0,2021-06-18,2.1,2021-06-18,2.1
1378,VacHomeClass-5,VacHomeZone-1,60.0,10998,Cobblestone,Concrete,Pie,Flat,Trash|Gas|Water|Electricity,Interior lot,No Slope,RNH 8,Proximity to School,Apartment,Craftsman,5,5,1944,1963,Gable,Rolled Roofing,Wood Shingle,Manmade Stone,0.0,3,3,Combined footing,3.0,No Sunlight,Basement to Beautiful Panels,984,Furnace,5,Yes,NM Cable,984,620,1604,2,0,3,1,3,6,0,,Detached,Metal Panels,2,660,3,Paved,0,0,0,0,No Fence,7,2009,Down payment assistance,Regular,97116.0,N,N,2021-08-25,33629629,"Jaqueline-Tlustek-Ring 8
22099 Regensburg",Rudolstadt,Libanon,klaus-dieter94@fechner.de,Unknown,Rheinland-Pfalz,2837,50.0,2021-11-24,1.8,2021-11-24,1.8
1379,VacHomeClass-13,VacHomeZone-2,21.0,1953,Cobblestone,Gravel,Pie,Flat,Trash|Gas|Water|Electricity,Interior lot,No Slope,RNH 3,Proximity to School,MultiFamilyHome,Bungalow,6,5,1975,1978,Gable,Rolled Roofing,Horizontal Wood,Natural Stone,408.0,3,3,Combined footing,3.0,No Sunlight,CleanSpace Wall System,483,Furnace,3,Yes,NM Cable,483,504,987,1,1,2,1,3,5,0,,Detached,Metal Panels,1,264,3,Paved,72,0,0,0,No Fence,6,2006,Down payment assistance,Regular,68896.0,N,Y,2021-06-29,83863615,"Claas-Schomber-Gasse 693
25757 Sonneberg",Schwäbisch Gmünd,Malawi,mansgunther@googlemail.com,M,Mecklenburg-Vorpommern,8986,59.0,2021-01-15,1.1,2021-01-15,1.1
1380,VacHomeClass-9,VacHomeZone-1,73.0,9735,Cobblestone,Gravel,Pie,Flat,Trash|Gas|Water|Electricity,Interior lot,No Slope,RNH 24,Proximity to School,Apartment,Spanish,5,5,2009,2013,Gable,Rolled Roofing,Board Batten,Manmade Stone,0.0,3,3,Individual footing,4.0,No Sunlight,Dry Wall,384,Furnace,4,Yes,,754,640,1394,2,1,3,1,4,7,0,,Breezeway,DryWall,2,400,3,Paved,100,0,0,0,No Fence,5,2008,Down payment assistance,Regular,139031.0,N,N,2021-03-04,31437134,"Abram-Drewes-Platz 9/9
82930 Klötze",Niesky,Ägypten,melita23@loewer.net,F,Bremen,93982,82.0,2021-12-09,2.2,2021-12-09,2.2
1381,VacHomeClass-2,VacHomeZone-1,45.0,8212,Cobblestone,Concrete,Pie,Flat,Trash|Gas|Water|Electricity,Interior lot,No Slope,RNH 8,Proximity to School,Apartment,Contemporary,3,3,1915,1958,Gable,Rolled Roofing,Fiber cement,Manmade Stone,0.0,3,2,Strip foundation,3.0,No Sunlight,Foamax,864,Furnace,3,No,Armored Cable,864,0,864,1,0,2,1,3,5,0,,Detached,Metal Panels,1,200,3,Paved,0,0,0,0,No Fence,6,2010,Down payment assistance,Regular,48561.0,N,Y,2021-08-28,75166571,"Margarete-Junitz-Weg 0/3
40399 Einbeck",Bersenbrück,Deutschland,luisagnatz@yahoo.de,F,Saarland,85347,28.0,2021-08-07,2.5,2021-08-07,2.5
1382,VacHomeClass-1,VacHomeZone-1,,12925,Cobblestone,Gravel,Reverse Pie,Flat,Trash|Gas|Water|Electricity,Corner lot,No Slope,NAmes,Proximity to School,Apartment,Contemporary,6,7,1971,1978,Gable,Rolled Roofing,Vertical Wood,Manmade Stone,0.0,3,3,Combined footing,3.0,Small Windows,CleanSpace Wall System,1205,Furnace,5,Yes,NM Cable,2117,0,2117,2,1,4,1,3,7,2,Gd,Attached,DryWall,2,550,3,Paved,0,0,0,0,No Fence,5,2008,Down payment assistance,Regular,197131.0,N,N,2021-04-26,27692493,"Hillerweg 71
08354 Grimmen",Lippstadt,Island,cmetz@siering.org,Unknown,Hessen,23817,22.0,2021-05-23,1.1,2021-05-23,1.1
1383,VacHomeClass-7,VacHomeZone-2,60.0,7200,Cobblestone,Gravel,Pie,Flat,Trash|Gas|Water|Electricity,Corner lot,No Slope,RNH 18,Proximity to School,Apartment,Bungalow,7,7,1925,1957,Sawtooth,Rolled Roofing,Wood Shingle,Manmade Stone,0.0,3,3,Strip foundation,2.0,No Sunlight,Dry Wall,596,Furnace,5,Yes,NM Cable,998,764,1762,1,1,4,1,4,8,0,,Detached,Metal Panels,2,576,3,Only Gravel,36,0,0,0,No Fence,10,2006,Down payment assistance,Regular,130316.0,N,N,2021-09-26,45709173,"Käthi-Gerlach-Weg 19
64919 Weißwasser",Moers,Guinea,moechlichenchristine@kallert.com,Unknown,Bayern,66258,98.0,2021-05-27,4.2,2021-05-27,4.2
1384,VacHomeClass-2,VacHomeZone-1,,25339,Cobblestone,Gravel,Pie,Flat,Trash|Gas|Water|Electricity,Interior lot,No Slope,RNH 20,Proximity to School,Apartment,Contemporary,5,7,1919,2013,Gable,Rolled Roofing,Wood Shingle,Manmade Stone,0.0,3,4,Strip foundation,3.0,No Sunlight,Dry Wall,816,Furnace,5,Yes,NM Cable,1416,0,1416,2,0,3,1,4,7,0,,Attached,Metal Panels,2,576,3,Only Gravel,0,0,0,0,No Fence,8,2007,Down payment assistance,Regular,92966.0,N,N,2021-02-17,65317556,"Lidija-Schleich-Gasse 14
42703 Jülich",Hohenmölsen,Argentinien,trubindonata@gmx.de,Unknown,Hessen,76729,38.0,2021-05-11,2.9,2021-05-11,2.9
1385,VacHomeClass-5,VacHomeZone-1,60.0,9060,Cobblestone,Gravel,Pie,Flat,Trash|Gas|Water|Electricity,Interior lot,No Slope,RNH 8,Proximity to School,Apartment,Craftsman,6,5,1941,1957,Gable,Rolled Roofing,Vinyl,Manmade Stone,0.0,3,3,Strip foundation,3.0,Small Windows,Foamax,560,Furnace,3,Yes,NM Cable,698,560,1258,1,0,2,1,3,6,0,,Detached,Metal Panels,1,280,3,Partially Gravel,0,0,0,0,Vinyl Fences,10,2009,Down payment assistance,Regular,87156.0,Y,Y,2021-12-13,6599683,"Gerti-Hofmann-Ring 23
04383 Steinfurt",Hagenow,Mauritius,vbolnbach@klapp.de,F,Schleswig-Holstein,56918,31.0,2021-03-28,4.9,2021-03-28,4.9
1386,VacHomeClass-5,VacHomeZone-2,40.0,5436,Cobblestone,Gravel,Pie,Flat,Trash|Gas|Water|Electricity,Interior lot,No Slope,RNH 10,Proximity to School,Apartment,Craftsman,4,8,1924,2011,Gable,Rolled Roofing,Board Batten,Manmade Stone,0.0,3,4,Strip foundation,3.0,No Sunlight,CleanSpace Wall System,796,Furnace,4,Yes,NM Cable,796,358,1154,1,0,3,1,4,7,0,,Detached,Metal Panels,1,240,3,Only Gravel,0,0,0,0,Vinyl Fences,5,2010,Down payment assistance,Regular,104171.0,N,Y,2021-07-08,82511869,"Matthäiallee 7
39116 Ebermannstadt",Wolgast,Marshallinseln,dorina74@gmx.de,F,Hamburg,97816,45.0,2021-04-22,1.2,2021-04-22,1.2
1387,VacHomeClass-6,VacHomeZone-1,80.0,16692,Cobblestone,Gravel,Reverse Pie,Flat,Trash|Gas|Water|Electricity,Interior lot,No Slope,RNH 17,Proximity to Restaurants,Apartment,Bungalow,7,5,1982,1986,Gable,Rolled Roofing,Brick,Natural Stone,184.0,3,3,Combined footing,4.0,No Sunlight,CleanSpace Wall System,1392,Furnace,3,Yes,NM Cable,1392,1392,2784,3,1,5,1,4,12,2,TA,Attached,Wood Sheathing,2,564,3,Paved,0,0,519,2,Vinyl Fences,7,2006,Down payment assistance,Regular,207506.0,Y,N,2021-07-09,74748891,"Herrmannallee 59
53248 Kaiserslautern",Jessen,Aruba,andrew10@lehmann.de,F,Sachsen-Anhalt,2030,66.0,2021-06-12,1.3,2021-06-12,1.3
1388,VacHomeClass-5,VacHomeZone-2,60.0,8520,Cobblestone,Concrete,Pie,Flat,Trash|Gas|Water|Electricity,Interior lot,No Slope,RNH 18,Proximity to Gym,Apartment,Craftsman,6,7,1917,1954,Gable,Rolled Roofing,Fiber cement,Manmade Stone,0.0,3,4,Strip foundation,3.0,No Sunlight,Foamax,714,Boiler,3,No,NM Cable,1664,862,2526,2,0,5,1,4,10,1,Gd,Detached,Metal Panels,1,216,3,Paved,88,0,0,0,Wood Fences,8,2007,Adjustable Rates,Foreclosure,112886.0,N,N,2021-06-19,40487694,"Marko-Butte-Platz 0
74128 Eutin",Ueckermünde,Kuba,karl-georg55@trubin.de,M,Rheinland-Pfalz,28101,37.0,2021-10-06,2.2,2021-10-06,2.2
1389,VacHomeClass-1,VacHomeZone-1,42.0,14892,Cobblestone,Gravel,Reverse Pie,High Level,Trash|Gas|Water|Electricity,Cul-de-sac,No Slope,RNH 9,Proximity to School,Apartment,Contemporary,9,5,2010,2014,Gable,Rolled Roofing,Board Batten,Manmade Panels,160.0,5,3,Individual footing,5.0,French Doors,ZenWall Panels,1746,Furnace,5,Yes,NM Cable,1746,0,1746,2,0,3,1,5,7,2,Gd,Attached,DryWall,3,758,3,Paved,201,0,0,0,No Fence,10,2009,Down payment assistance,Regular,313331.0,Y,N,2021-12-11,13994426,"Nina-Sontag-Platz 2/3
87371 München",Neuruppin,Monaco,anita22@scholtz.de,F,Brandenburg,36313,20.0,2021-12-26,3.4,2021-12-26,3.4
1390,VacHomeClass-5,VacHomeZone-2,60.0,6000,Cobblestone,Gravel,Pie,Flat,Trash|Gas|Water|Electricity,Interior lot,No Slope,RNH 4,Proximity to School,Apartment,Craftsman,6,6,1943,1954,Gable,Rolled Roofing,Wood Shingle,Manmade Stone,0.0,3,4,Strip foundation,3.0,No Sunlight,BrightWall Paneling,735,Furnace,5,Yes,NM Cable,869,349,1218,1,0,3,1,3,6,1,Gd,Detached,Metal Panels,2,440,3,Paved,0,0,0,0,No Fence,3,2007,Down payment assistance,Regular,108736.0,Y,Y,2021-04-12,53278753,"Philipp-Wernecke-Weg 26
41500 Schmölln",Meppen,Israel,hpreiss@scholz.org,F,Sachsen-Anhalt,55066,54.0,2021-11-04,3.2,2021-11-04,3.2
1391,VacHomeClass-1,VacHomeZone-1,70.0,9100,Cobblestone,Gravel,Pie,Flat,Trash|Gas|Water|Electricity,Interior lot,No Slope,RNH 6,Proximity to School,Apartment,Contemporary,7,5,2005,2005,Gable,Rolled Roofing,Board Batten,Natural Stone,244.0,4,3,Individual footing,4.0,Large Windows,ZenWall Panels,1525,Furnace,5,Yes,NM Cable,1525,0,1525,2,0,3,1,4,6,0,,Attached,Wood Sheathing,2,541,3,Paved,219,0,0,0,No Fence,9,2006,Down payment assistance,Regular,195056.0,Y,N,2021-01-20,25331233,"Reinhilde-Döhn-Straße 2/0
66553 Paderborn",Duderstadt,Bouvetinsel,tatjanareuter@googlemail.com,F,Niedersachsen,41007,88.0,2021-06-23,3.8,2021-06-23,3.8
1392,VacHomeClass-11,VacHomeZone-1,65.0,8944,Cobblestone,Gravel,Pie,Flat,Trash|Gas|Water|Electricity,Interior lot,No Slope,NAmes,Proximity to School,Townhome,Contemporary,5,5,1969,1973,Gable,Rolled Roofing,Brick,Manmade Stone,0.0,3,3,Combined footing,3.0,No Sunlight,Dry Wall,1584,Furnace,3,Yes,NM Cable,1584,0,1584,2,0,4,2,3,8,0,,Detached,Metal Panels,3,792,3,Paved,0,0,0,0,No Fence,4,2009,Down payment assistance,Regular,102926.0,N,N,2021-05-19,97880431,"Roggeallee 4/1
68300 Bad Mergentheim",Geithain,Serbien und Montenegro,oswin61@aol.de,F,Niedersachsen,83907,80.0,2021-02-08,1.6,2021-02-08,1.6
1393,VacHomeClass-10,VacHomeZone-1,68.0,7838,Cobblestone,Gravel,Pie,Flat,Trash|Gas|Water|Electricity,Interior lot,No Slope,NAmes,Proximity to School,Apartment,Georgian,5,5,1970,1972,Gable,Rolled Roofing,Horizontal Wood,Manmade Stone,0.0,3,3,Combined footing,3.0,Large Windows,BrightWall Paneling,864,Furnace,3,Yes,NM Cable,900,0,900,1,0,3,1,3,6,1,Po,Attached,Wood Sheathing,1,288,3,Paved,175,0,0,0,Metal Fences,12,2006,Down payment assistance,Regular,102096.0,N,N,2021-06-05,64670270,"Heinz-Werner-Vogt-Weg 2/9
29862 Sigmaringen",Rottweil,Liberia,evelyn36@googlemail.com,F,Berlin,33156,34.0,2021-01-05,1.3,2021-01-05,1.3
1394,VacHomeClass-15,VacHomeZone-2,60.0,10800,Cobblestone,Cobblestone,Pie,Flat,Trash|Gas|Water|Electricity,Interior lot,No Slope,RNH 18,Proximity to School,Condo,Craftsman,6,7,1907,2007,Gable,Rolled Roofing,Wood Shingle,Manmade Stone,0.0,3,3,Strip foundation,2.0,No Sunlight,Dry Wall,482,Furnace,5,No,NM Cable,1221,691,1912,2,0,3,2,3,7,1,TA,Detached,Metal Panels,2,672,4,Paved,0,0,0,0,No Fence,4,2008,Down payment assistance,Regular,135296.0,Y,Y,2021-09-29,61569423,"Florence-Mies-Allee 22
30351 Mühlhausen",Tecklenburg,Sonderverwaltungszone Hongkong,marko05@mende.com,Unknown,Baden-Württemberg,64791,90.0,2021-05-14,4.3,2021-05-14,4.3
1395,VacHomeClass-12,VacHomeZone-1,53.0,4045,Cobblestone,Gravel,Pie,Flat,Trash|Gas|Water|Electricity,Interior lot,No Slope,RNH 1,Proximity to School,SingleFamilyHome,Contemporary,7,5,2007,2014,Sawtooth,Rolled Roofing,Board Batten,Natural Stone,45.0,4,3,Individual footing,4.0,Large Windows,ZenWall Panels,1356,Furnace,5,Yes,NM Cable,1500,0,1500,2,0,2,1,4,6,1,Gd,Attached,DryWall,3,648,3,Paved,161,0,0,0,No Fence,10,2006,Government-backed programs,Distress Sale,204665.74,N,Y,2021-10-13,88525457,"Hettnergasse 517
49612 Eisenberg",Saarbrücken,Mikronesien,hugo06@gmail.com,M,Saarland,45162,21.0,2021-11-08,3.6,2021-11-08,3.6
1396,VacHomeClass-6,VacHomeZone-1,88.0,12665,Cobblestone,Gravel,Reverse Pie,Flat,Trash|Gas|Water|Electricity,Interior lot,No Slope,RNH 24,Proximity to School,Apartment,Bungalow,8,5,2010,2015,Sawtooth,Rolled Roofing,Board Batten,Natural Stone,245.0,4,3,Individual footing,4.0,French Doors,Dry Wall,1094,Furnace,5,Yes,NM Cable,1133,1349,2482,2,1,4,1,4,9,1,Gd,Breezeway,DryWall,3,642,3,Paved,144,0,0,0,No Fence,2,2007,Down payment assistance,Regular,233412.79,N,Y,2021-04-06,29824014,"Weißring 486
46444 Weimar",Weißenfels,Litauen,wernercarmine@yahoo.de,Unknown,Brandenburg,6752,53.0,2021-08-17,1.5,2021-08-17,1.5
1397,VacHomeClass-1,VacHomeZone-1,,57200,Cobblestone,Gravel,Reverse Pie,Slope,Trash|Gas|Water|Electricity,Interior lot,Severe Slope,RNH 24,Proximity to School,Apartment,Contemporary,5,5,1951,1955,Gable,Rolled Roofing,Wood Shingle,Manmade Stone,0.0,3,3,Combined footing,3.0,Large Windows,CleanSpace Wall System,747,Furnace,3,Yes,NM Cable,1687,0,1687,1,0,3,1,3,7,2,TA,Detached,Metal Panels,2,572,3,Only Gravel,0,0,0,0,No Fence,6,2010,Down payment assistance,Regular,132806.0,N,N,2021-12-22,55311038,"Heserstr. 8
11123 Main-Höchst",Meißen,Tokelau,susannebarth@scholtz.com,Unknown,Sachsen-Anhalt,46680,5.0,2021-01-26,4.9,2021-01-26,4.9
1398,VacHomeClass-7,VacHomeZone-2,51.0,6120,Cobblestone,Gravel,Pie,Flat,Trash|Gas|Water|Electricity,Interior lot,No Slope,RNH 4,Proximity to School,Apartment,Bungalow,5,8,1924,2010,Gable,Rolled Roofing,Log Wood,Manmade Stone,0.0,3,3,Strip foundation,3.0,Small Windows,Dry Wall,939,Furnace,5,Yes,NM Cable,939,574,1513,1,1,4,1,3,8,0,,Detached,Metal Panels,1,180,2,Only Gravel,24,0,0,0,No Fence,5,2007,Down payment assistance,Regular,114131.0,Y,Y,2021-03-17,58846254,"Schmidtkeallee 056
68058 Saulgau",Erfurt,Ghana,rennerkathy@krein.de,Unknown,Schleswig-Holstein,58988,52.0,2021-07-11,3.3,2021-07-11,3.3
1399,VacHomeClass-5,VacHomeZone-1,60.0,7200,Cobblestone,Gravel,Pie,Flat,Trash|Gas|Water|Electricity,Interior lot,No Slope,NAmes,Proximity to School,Apartment,Craftsman,5,4,1951,1992,Gable,Rolled Roofing,Board Batten,Manmade Stone,0.0,3,3,Combined footing,3.0,No Sunlight,Foamax,1208,Furnace,4,Yes,Underground Feeder Cable,1136,768,1904,1,1,3,1,3,7,0,,Attached,Metal Panels,1,240,3,Paved,0,0,0,0,Composite Fences,5,2009,Down payment assistance,Regular,114546.0,N,Y,2021-07-10,12604500,"Juan-Scheuermann-Ring 5/7
58709 Aachen",Mellrichstadt,Falklandinseln,miguel28@aol.de,M,Brandenburg,47873,38.0,2021-05-29,1.5,2021-05-29,1.5
1400,VacHomeClass-5,VacHomeZone-1,51.0,6171,Cobblestone,Gravel,Pie,Flat,Trash|Gas|Water|Electricity,Interior lot,No Slope,RNH 19,Proximity to School,Apartment,Craftsman,6,6,1926,1996,Gable,Rolled Roofing,Vinyl,Manmade Stone,0.0,3,3,Strip foundation,3.0,No Sunlight,CleanSpace Wall System,976,Furnace,5,Yes,NM Cable,1160,448,1608,2,1,3,1,4,7,1,Gd,Detached,Metal Panels,1,216,2,Paved,147,0,0,0,Vinyl Fences,10,2009,Down payment assistance,Regular,114089.5,N,N,2021-03-18,80009863,"Rädelstraße 2
69223 Deggendorf",Pasewalk,Deutschland,orogge@aol.de,F,Hamburg,76438,55.0,2021-05-09,2.1,2021-05-09,2.1
1401,VacHomeClass-5,VacHomeZone-2,50.0,6000,Cobblestone,Gravel,Pie,Flat,Trash|Gas|Water|Electricity,Corner lot,No Slope,RNH 4,Proximity to School,Apartment,Craftsman,6,7,1934,1956,Gable,Rolled Roofing,Vinyl,Manmade Stone,0.0,3,3,Strip foundation,3.0,No Sunlight,Dry Wall,862,Furnace,3,Yes,NM Cable,950,208,1158,1,0,3,1,3,5,1,Gd,Breezeway,Wood Sheathing,1,208,3,Paved,0,0,0,0,No Fence,7,2008,Down payment assistance,Regular,99606.0,Y,N,2021-09-21,44165628,"Arnim-Pruschke-Ring 3/3
72202 Riesa",Altentreptow,Amerikanische Jungferninseln,esterloewer@gmx.de,F,Brandenburg,11695,32.0,2021-08-06,3.7,2021-08-06,3.7
1402,VacHomeClass-6,VacHomeZone-1,62.0,7415,Cobblestone,Gravel,Reverse Pie,Flat,Trash|Gas|Water|Electricity,Interior lot,No Slope,RNH 9,Proximity to School,Apartment,Bungalow,6,5,2005,2009,Gable,Rolled Roofing,Board Batten,Manmade Stone,0.0,3,3,Individual footing,3.0,No Sunlight,ZenWall Panels,839,Furnace,5,Yes,NM Cable,864,729,1593,2,1,3,1,3,8,1,TA,Attached,DryWall,2,398,3,Paved,100,0,0,0,No Fence,4,2008,Down payment assistance,Regular,160196.0,N,Y,2021-08-03,40878867,"Hans-Uwe-Heinrich-Straße 32
85421 Hofgeismar",Schwandorf,Réunion,vogtludwina@hoelzenbecher.org,Unknown,Brandenburg,641,19.0,2021-01-03,2.2,2021-01-03,2.2
1403,VacHomeClass-1,VacHomeZone-1,64.0,6762,Cobblestone,Gravel,Pie,Flat,Trash|Gas|Water|Electricity,Interior lot,No Slope,RNH 6,Proximity to School,Apartment,Contemporary,7,5,2010,2010,Gable,Rolled Roofing,Board Batten,Manmade Stone,0.0,4,3,Individual footing,4.0,Large Windows,Dry Wall,1286,Furnace,5,Yes,NM Cable,1294,0,1294,2,0,2,1,4,6,1,Gd,Attached,Wood Sheathing,2,662,3,Paved,168,0,0,0,No Fence,7,2006,Government-backed programs,Distress Sale,160925.56999999998,N,Y,2021-10-27,43715343,"Oswald-Hauffer-Gasse 49
84216 Plauen",Nauen,Honduras,liebeltkira@gmail.com,Unknown,Schleswig-Holstein,90479,56.0,2021-10-13,3.7,2021-10-13,3.7
1404,VacHomeClass-1,VacHomeZone-1,49.0,15256,Cobblestone,Gravel,Reverse Pie,Flat,Trash|Gas|Water|Electricity,Cul-de-sac,No Slope,RNH 22,Proximity to Restaurants,Apartment,Contemporary,8,5,2009,2013,Gable,Rolled Roofing,Board Batten,Manmade Panels,84.0,4,3,Individual footing,4.0,French Doors,ZenWall Panels,1485,Furnace,5,Yes,NM Cable,1464,0,1464,2,0,3,1,4,6,0,,Attached,Metal Panels,3,754,3,Paved,168,0,0,0,No Fence,8,2007,Down payment assistance,Regular,234831.26,Y,Y,2021-10-07,15846129,"Mentzelring 167
28692 Artern",Nauen,Sierra Leone,troestslawomir@stoll.com,Unknown,Thüringen,95788,58.0,2021-11-25,1.6,2021-11-25,1.6
1405,VacHomeClass-5,VacHomeZone-1,60.0,10410,Cobblestone,Concrete,Pie,Flat,Trash|Gas|Water|Electricity,Corner lot,No Slope,RNH 18,Proximity to Gym,Apartment,Craftsman,3,4,1917,1957,Gable,Rolled Roofing,Wood Shingle,Manmade Stone,0.0,3,3,Individual footing,3.0,No Sunlight,Dry Wall,672,Furnace,3,Yes,NM Cable,694,520,1214,1,0,3,1,3,6,0,,Detached,Metal Panels,3,936,3,Paved,216,0,0,0,Vinyl Fences,1,2006,Down payment assistance,Foreclosure,87156.0,N,N,2021-07-26,81487752,"Horst-Peter-Gunpf-Gasse 4
31241 Meißen",Demmin,Malta,saeuberlichgiorgio@loewer.com,Unknown,Bremen,72518,70.0,2021-11-15,3.7,2021-11-15,3.7
1406,VacHomeClass-12,VacHomeZone-2,44.0,3842,Cobblestone,Gravel,Reverse Pie,High Level,Trash|Gas|Water|Electricity,Interior lot,Little Slope,RNH 7,Proximity to School,SingleFamilyHome,Contemporary,8,5,2007,2012,Sawtooth,Rolled Roofing,Metal,Manmade Panels,174.0,4,3,Individual footing,5.0,French Doors,ZenWall Panels,1594,Furnace,5,Yes,NM Cable,1646,0,1646,2,0,2,1,4,5,1,Gd,Attached,DryWall,2,482,3,Paved,128,0,0,0,No Fence,1,2008,Down payment assistance,Regular,228256.0,N,N,2021-06-20,57187419,"Samira-Martin-Ring 1
23534 Göttingen",Pirmasens,Guatemala,cdoering@gmail.com,Unknown,Schleswig-Holstein,89654,10.0,2021-04-20,1.6,2021-04-20,1.6
1407,VacHomeClass-10,VacHomeZone-1,70.0,8445,Cobblestone,Gravel,Pie,Flat,Trash|Gas|Water|Electricity,Corner lot,No Slope,RNH 6,Proximity to School,Apartment,Georgian,5,7,1975,2015,Gable,Rolled Roofing,Horizontal Wood,Manmade Stone,0.0,3,3,Combined footing,4.0,Large Windows,ZenWall Panels,768,Furnace,3,Yes,NM Cable,768,0,768,1,0,2,1,3,5,0,,Detached,Metal Panels,2,396,3,Paved,58,0,0,0,Vinyl Fences,3,2009,Down payment assistance,Regular,110396.0,Y,Y,2021-08-09,36081073,"Claus-Hahn-Allee 079
71695 Tirschenreuth",Schweinfurt,Britisches Territorium im Indischen Ozean,hildaring@yahoo.de,F,Saarland,6631,60.0,2021-11-30,1.7,2021-11-30,1.7
1408,VacHomeClass-1,VacHomeZone-1,,8780,Cobblestone,Gravel,Reverse Pie,Flat,Trash|Gas|Water|Electricity,Corner lot,No Slope,RNH 12,Proximity to School,Apartment,Contemporary,5,5,1986,1989,Gable,Rolled Roofing,Horizontal Wood,Manmade Stone,0.0,3,3,Combined footing,3.0,No Sunlight,BrightWall Paneling,833,Furnace,5,Yes,NM Cable,833,0,833,1,0,3,1,3,5,0,,No Garage,Unfinished,0,0,0,Paved,0,0,0,0,Vinyl Fences,3,2009,Down payment assistance,Regular,92966.0,N,N,2021-06-26,89952856,"Hasan-Anders-Ring 8/0
25454 Soest",Osterode am Harz,Guatemala,dianewirth@stahr.de,M,Rheinland-Pfalz,65462,37.0,2021-11-11,1.2,2021-11-11,1.2
1409,VacHomeClass-7,VacHomeZone-2,60.0,7740,Cobblestone,Gravel,Pie,Flat,Trash|Gas|Water|Electricity,Interior lot,No Slope,RNH 18,Proximity to School,Apartment,Bungalow,4,7,1915,1956,Gable,Rolled Roofing,Board Batten,Manmade Stone,0.0,3,3,Combined footing,2.0,No Sunlight,Dry Wall,622,Furnace,4,Yes,NM Cable,741,622,1363,1,0,3,1,3,6,0,,Detached,Metal Panels,2,528,3,Paved,0,0,0,0,No Fence,6,2010,Down payment assistance,Regular,104171.0,N,N,2021-06-06,31989480,"Roswita-Schenk-Straße 7/7
87875 Neuruppin",Leipziger Land,Niederlande,giovanni95@heydrich.com,M,Baden-Württemberg,2189,43.0,2021-11-10,3.5,2021-11-10,3.5
1410,VacHomeClass-6,VacHomeZone-1,46.0,20544,Cobblestone,Gravel,Reverse Pie,Flat,Trash|Gas|Water|Electricity,Cul-de-sac,No Slope,RNH 17,Proximity to School,Apartment,Bungalow,7,6,1987,1996,Gable,Rolled Roofing,Brick,Natural Stone,123.0,3,4,Combined footing,4.0,No Sunlight,Dry Wall,791,Furnace,4,Yes,NM Cable,1236,857,2093,2,1,3,1,3,7,1,TA,Attached,DryWall,2,542,3,Paved,364,0,0,0,Vinyl Fences,11,2008,Down payment assistance,Regular,178456.0,Y,Y,2021-09-13,88525655,"Seifertring 42
67826 Rostock",Geithain,Bermuda,wolf-dieter85@googlemail.com,M,Rheinland-Pfalz,78673,50.0,2021-04-26,2.7,2021-04-26,2.7
1411,VacHomeClass-6,VacHomeZone-1,79.0,12420,Cobblestone,Gravel,Pie,Flat,Trash|Gas|Water|Electricity,Interior lot,No Slope,RNH 6,Proximity to School,Apartment,Bungalow,7,5,2003,2008,Gable,Rolled Roofing,Board Batten,Manmade Stone,0.0,4,3,Individual footing,4.0,No Sunlight,ZenWall Panels,944,Furnace,5,Yes,NM Cable,944,896,1840,2,1,3,1,4,6,0,,Attached,Wood Sheathing,2,622,3,Paved,0,0,0,0,No Fence,6,2009,Down payment assistance,Regular,190906.0,N,Y,2021-06-08,70303551,"Stumpfstraße 3/3
31030 Strasburg",Oschatz,Kirgisistan,resi86@heintze.com,F,Saarland,96455,9.0,2021-11-07,4.0,2021-11-07,4.0
1412,VacHomeClass-5,VacHomeZone-1,80.0,9600,Cobblestone,Gravel,Pie,Flat,Trash|Gas|Water|Electricity,Interior lot,No Slope,NAmes,Proximity to School,Apartment,Craftsman,6,8,1954,2010,Gable,Rolled Roofing,Board Batten,Manmade Stone,0.0,3,4,Combined footing,3.0,No Sunlight,CleanSpace Wall System,856,Furnace,5,Yes,NM Cable,1112,556,1668,1,1,3,1,3,6,0,,Attached,Metal Panels,1,271,3,Paved,0,0,0,0,Vinyl Fences,9,2009,Down payment assistance,Regular,116206.0,Y,N,2021-08-03,26392240,"Hannah-Franke-Weg 2
13769 Finsterwalde",Reutlingen,Namibia,reinhartoestrovsky@scholtz.de,M,Berlin,10375,75.0,2021-08-25,3.2,2021-08-25,3.2
1413,VacHomeClass-11,VacHomeZone-1,60.0,7200,Cobblestone,Gravel,Pie,Flat,Trash|Gas|Water|Electricity,Interior lot,No Slope,NAmes,Proximity to School,Townhome,Contemporary,4,5,1951,1957,Gable,Rolled Roofing,Vertical Wood,Manmade Stone,0.0,3,3,Pile foundation,,,,0,Hybrid Heating,2,No,Armored Cable,1040,0,1040,2,0,2,2,3,6,0,,Detached,Metal Panels,2,420,3,Paved,0,0,0,0,No Fence,6,2009,Down payment assistance,Regular,74706.0,N,Y,2021-12-07,69803314,"Segebahnstr. 4/2
41767 Säckingen",Anklam,Sonderverwaltungszone Hongkong,herlindekranz@trapp.com,M,Saarland,83615,93.0,2021-06-10,1.4,2021-06-10,1.4
1414,VacHomeClass-1,VacHomeZone-1,88.0,10994,Cobblestone,Gravel,Reverse Pie,Flat,Trash|Gas|Water|Electricity,Corner lot,No Slope,RNH 21,Proximity to School,Apartment,Contemporary,8,5,2006,2016,Gable,Rolled Roofing,Board Batten,Manmade Panels,366.0,4,3,Individual footing,4.0,No Sunlight,ZenWall Panels,1844,Furnace,5,Yes,NM Cable,1844,0,1844,2,0,2,1,4,7,1,Gd,Attached,DryWall,2,620,3,Paved,165,0,0,0,No Fence,9,2009,Reverse Mortgage,Shortsale,213316.0,Y,N,2021-01-05,67996681,"Thiesring 03
40912 Main-Höchst",Eckernförde,Republik Moldau,heinz-juergen84@gmx.de,M,Sachsen-Anhalt,55763,21.0,2021-11-27,2.9,2021-11-27,2.9
1415,VacHomeClass-5,VacHomeZone-1,64.0,13053,Cobblestone,Cobblestone,Pie,Slope,Trash|Gas|Water|Electricity,Interior lot,No Slope,RNH 4,Proximity to School,Apartment,Craftsman,6,7,1924,2006,Curved,Rolled Roofing,Wood Shingle,Manmade Stone,0.0,3,3,Strip foundation,3.0,No Sunlight,Dry Wall,833,Furnace,4,Yes,NM Cable,1053,795,1848,1,1,4,1,4,8,1,Gd,Detached,Metal Panels,2,370,3,Only Gravel,0,0,0,0,No Fence,6,2008,Down payment assistance,Regular,171816.0,Y,N,2021-07-23,29516278,"Beergasse 012
87535 Rathenow",Konstanz,Barbados,friedhold81@eckbauer.com,Unknown,Nordrhein-Westfalen,38564,8.0,2021-11-10,2.1,2021-11-10,2.1
1416,VacHomeClass-12,VacHomeZone-1,51.0,3635,Cobblestone,Gravel,Pie,Flat,Trash|Gas|Water|Electricity,Interior lot,No Slope,RNH 1,Proximity to School,SingleFamilyHome,Contemporary,7,5,2011,2010,Sawtooth,Rolled Roofing,Board Batten,Natural Stone,130.0,4,3,Individual footing,4.0,No Sunlight,BrightWall Paneling,1386,Furnace,5,Yes,NM Cable,1569,0,1569,2,0,1,1,4,7,1,TA,Attached,Wood Sheathing,3,660,3,Paved,143,0,0,0,No Fence,5,2009,Down payment assistance,Regular,146003.0,N,Y,2021-09-14,90437632,"Iwan-Textor-Weg 6
90495 Koblenz",Bad Brückenau,Marokko,guteliselotte@hotmail.de,Unknown,Schleswig-Holstein,79350,94.0,2021-06-13,4.8,2021-06-13,4.8
1417,VacHomeClass-15,VacHomeZone-2,60.0,11340,Cobblestone,Gravel,Pie,Flat,Trash|Gas|Water|Electricity,Interior lot,No Slope,RNH 18,Proximity to School,Condo,Bungalow,4,6,1889,1956,Gable,Rolled Roofing,Board Batten,Manmade Stone,0.0,3,3,Individual footing,3.0,No Sunlight,Dry Wall,777,Furnace,4,Yes,NM Cable,1246,1044,2290,2,0,4,2,3,11,0,,Detached,Metal Panels,2,560,3,Only Gravel,0,0,0,0,No Fence,4,2010,Down payment assistance,Regular,101681.0,N,Y,2021-09-14,69969584,"Ramon-Hecker-Platz 69
93491 Belzig",Zerbst,St. Martin,hoevelaysel@gmx.de,F,Brandenburg,55080,78.0,2021-09-07,2.6,2021-09-07,2.6
1418,VacHomeClass-6,VacHomeZone-1,,16545,Cobblestone,Gravel,Reverse Pie,Flat,Trash|Gas|Water|Electricity,Interior lot,No Slope,RNH 14,Proximity to School,Apartment,Bungalow,8,5,2002,2000,Gable,Rolled Roofing,Board Batten,Natural Stone,731.0,4,3,Individual footing,4.0,Small Windows,ZenWall Panels,1284,Furnace,5,Yes,NM Cable,1310,1140,2450,2,1,3,1,4,7,1,TA,Attached,DryWall,3,1069,3,Paved,0,0,0,0,No Fence,5,2009,Down payment assistance,Regular,282206.0,N,N,2021-02-25,4387909,"Weinholdring 9
47089 Großenhain",Artern,El Salvador,jolanta57@hotmail.de,F,Bayern,30571,26.0,2021-11-15,3.2,2021-11-15,3.2
1419,VacHomeClass-1,VacHomeZone-1,71.0,9204,Cobblestone,Gravel,Pie,Flat,Trash|Gas|Water|Electricity,Interior lot,No Slope,NAmes,Proximity to School,Apartment,Contemporary,5,5,1965,1970,Gable,Rolled Roofing,Horizontal Wood,Manmade Stone,0.0,3,3,Combined footing,3.0,No Sunlight,CleanSpace Wall System,1144,Furnace,3,Yes,NM Cable,1144,0,1144,1,1,3,1,3,6,0,,Detached,Metal Panels,1,336,3,Paved,0,0,0,0,No Fence,8,2008,Reverse Mortgage,Regular,102926.0,Y,Y,2021-04-03,32669534,"Frederik-Rosenow-Ring 9
43425 Bad Mergentheim",Sömmerda,Kamerun,urte92@googlemail.com,M,Thüringen,21572,12.0,2021-09-26,3.9,2021-09-26,3.9
1420,VacHomeClass-1,VacHomeZone-1,,16381,Cobblestone,Gravel,Reverse Pie,Flat,Trash|Gas|Water|Electricity,Interior lot,No Slope,RNH 7,Proximity to School,Apartment,Contemporary,6,5,1973,1975,Gable,Rolled Roofing,Brick,Natural Stone,312.0,4,4,Combined footing,3.0,Large Windows,Foamax,1844,Furnace,4,Yes,NM Cable,1844,0,1844,2,0,3,1,4,7,1,TA,Attached,Wood Sheathing,2,540,3,Paved,0,0,0,0,No Fence,12,2006,Down payment assistance,Regular,185096.0,N,N,2021-07-09,58404805,"Köhlergasse 3/7
61090 Hainichen",Neunburg vorm Wald,Sonderverwaltungszone Hongkong,ullrich13@salz.com,F,Hessen,12440,74.0,2021-03-07,1.1,2021-03-07,1.1
1421,VacHomeClass-6,VacHomeZone-1,90.0,11700,Cobblestone,Gravel,Pie,Flat,Trash|Gas|Water|Electricity,Corner lot,No Slope,RNH 17,Proximity to School,Apartment,Bungalow,6,6,1973,1975,Gable,Rolled Roofing,Horizontal Wood,Natural Stone,420.0,3,3,Combined footing,3.0,No Sunlight,BrightWall Paneling,708,Furnace,4,Yes,NM Cable,708,708,1416,2,1,3,1,3,7,1,TA,Attached,Wood Sheathing,2,776,3,Paved,0,0,0,0,No Fence,5,2006,Down payment assistance,Regular,149323.0,N,N,2021-08-12,3626719,"Mina-Patberg-Ring 08
60356 Mettmann",Chemnitz,Kroatien,hofmannheidelinde@gmail.com,Unknown,Mecklenburg-Vorpommern,24587,9.0,2021-04-05,1.3,2021-04-05,1.3
1422,VacHomeClass-12,VacHomeZone-1,53.0,4043,Cobblestone,Gravel,Pie,Flat,Trash|Gas|Water|Electricity,Interior lot,No Slope,RNH 15,Proximity to School,SingleFamilyHome,Contemporary,6,5,1980,1982,Gable,Rolled Roofing,Brick,Manmade Stone,0.0,3,3,Combined footing,4.0,No Sunlight,BrightWall Paneling,1069,Furnace,3,Yes,NM Cable,1069,0,1069,2,0,2,1,3,4,1,Fa,Attached,Wood Sheathing,2,440,3,Paved,0,0,0,0,No Fence,7,2010,Down payment assistance,Regular,105831.0,Y,Y,2021-01-18,25177565,"Orhan-Bloch-Platz 66
93725 Husum",Reutlingen,Afghanistan,petarzaenker@gmx.de,F,Bayern,39232,61.0,2021-07-05,2.0,2021-07-05,2.0
1423,VacHomeClass-12,VacHomeZone-2,37.0,4435,Cobblestone,Gravel,Pie,Flat,Trash|Gas|Water|Electricity,Interior lot,No Slope,RNH 6,Proximity to School,SingleFamilyHome,Contemporary,6,5,2004,2008,Gable,Rolled Roofing,Board Batten,Natural Stone,170.0,4,3,Individual footing,4.0,Large Windows,ZenWall Panels,848,Furnace,5,Yes,NM Cable,848,0,848,1,0,1,1,4,3,0,,Attached,DryWall,2,420,3,Paved,140,0,0,0,No Fence,3,2008,Down payment assistance,Regular,113301.0,Y,N,2021-09-10,16229198,"Klotzstraße 550
63206 Hammelburg",Anklam,Portugal,warmermagdalene@schaefer.de,M,Hamburg,52630,62.0,2021-11-05,4.5,2021-11-05,4.5
1424,VacHomeClass-9,VacHomeZone-1,,19690,Cobblestone,Gravel,Reverse Pie,Flat,Trash|Gas|Water|Electricity,Cul-de-sac,No Slope,RNH 8,Proximity to School,Apartment,Spanish,6,7,1968,1975,Dormer,Tar&Grv,Brick,Manmade Stone,0.0,4,4,Combined footing,4.0,Large Windows,Dry Wall,697,Furnace,3,Yes,NM Cable,1575,626,2201,2,0,4,1,4,8,1,Gd,Attached,Metal Panels,2,432,4,Paved,586,0,738,4,Composite Fences,8,2006,Down payment assistance,Foreclosure,228231.1,N,Y,2021-11-28,36303434,"Rita-Mohaupt-Gasse 3
17646 Erkelenz",Weißwasser,Afghanistan,ilhangirschner@gehringer.org,M,Rheinland-Pfalz,28863,85.0,2021-04-13,3.9,2021-04-13,3.9
1425,VacHomeClass-1,VacHomeZone-1,,9503,Cobblestone,Gravel,Pie,Flat,Trash|Gas|Water|Electricity,Interior lot,No Slope,NAmes,Proximity to School,Apartment,Contemporary,5,5,1960,1989,Sawtooth,Rolled Roofing,Horizontal Wood,Manmade Stone,0.0,3,3,Combined footing,3.0,No Sunlight,BrightWall Paneling,1024,Furnace,3,Yes,NM Cable,1344,0,1344,1,0,2,1,3,6,1,TA,Detached,Metal Panels,1,484,3,Paved,316,0,0,0,Wood Fences,6,2007,Down payment assistance,Regular,119526.0,N,N,2021-05-14,89948613,"Junckenstr. 3
81702 Saulgau",Miltenberg,Gibraltar,sgumprich@yahoo.de,M,Hamburg,79841,66.0,2021-04-09,4.8,2021-04-09,4.8
1426,VacHomeClass-1,VacHomeZone-1,80.0,10721,Cobblestone,Gravel,Reverse Pie,Flat,Trash|Gas|Water|Electricity,Interior lot,No Slope,NAmes,Proximity to School,Apartment,Contemporary,6,6,1961,1964,Sawtooth,Rolled Roofing,Horizontal Wood,Manmade Panels,243.0,4,3,Combined footing,3.0,No Sunlight,Dry Wall,1252,Furnace,5,Yes,NM Cable,1252,0,1252,1,0,3,1,4,7,0,,Detached,Metal Panels,2,528,3,Paved,0,0,0,0,No Fence,10,2008,Down payment assistance,Regular,117866.0,N,Y,2021-12-08,36046829,"Stahrweg 08
24935 Sankt Goar",Dessau,Antigua und Barbuda,lwernecke@radisch.net,Unknown,Baden-Württemberg,27201,74.0,2021-10-19,1.4,2021-10-19,1.4
1427,VacHomeClass-6,VacHomeZone-1,81.0,10944,Cobblestone,Gravel,Reverse Pie,Flat,Trash|Gas|Water|Electricity,Interior lot,No Slope,RNH 14,Proximity to School,Apartment,Bungalow,7,5,1999,1998,Gable,Rolled Roofing,Board Batten,Natural Stone,448.0,4,3,Individual footing,4.0,No Sunlight,ZenWall Panels,1223,Furnace,5,Yes,NM Cable,1223,904,2127,2,1,3,1,4,5,2,TA,Attached,Wood Sheathing,2,525,3,Paved,171,0,0,0,No Fence,8,2008,Down payment assistance,Regular,224936.0,N,N,2021-06-16,31819060,"Ann-Kathrin-Fliegner-Ring 017
71380 Neubrandenburg",Feuchtwangen,Malta,hilmamartin@hotmail.de,F,Niedersachsen,62179,20.0,2021-12-06,4.6,2021-12-06,4.6
1428,VacHomeClass-5,VacHomeZone-1,60.0,10930,Cobblestone,Concrete,Pie,Slope,Trash|Gas|Water|Electricity,Interior lot,No Slope,NAmes,Proximity to Gym,Apartment,Craftsman,5,6,1949,1953,Gable,Rolled Roofing,Log Wood,Manmade Stone,0.0,3,3,Combined footing,3.0,No Sunlight,CleanSpace Wall System,913,Furnace,3,Yes,Underground Feeder Cable,1048,510,1558,1,1,3,1,3,6,1,TA,Attached,Metal Panels,1,288,3,Paved,0,0,0,0,No Fence,4,2008,Down payment assistance,Regular,116206.0,N,Y,2021-05-10,27179635,"Fröhlichgasse 8/4
38309 Emmendingen",Dresden,Slowenien,karl-heinzhoelzenbecher@gmx.de,Unknown,Mecklenburg-Vorpommern,45115,39.0,2021-12-21,2.7,2021-12-21,2.7
1429,VacHomeClass-2,VacHomeZone-2,60.0,7200,Cobblestone,Gravel,Pie,Flat,Trash|Gas|Water|Electricity,Corner lot,No Slope,RNH 18,Proximity to School,Apartment,Contemporary,5,7,1944,2001,Gable,Rolled Roofing,Log Wood,Manmade Panels,294.0,3,4,Combined footing,3.0,No Sunlight,CleanSpace Wall System,788,Furnace,3,Yes,NM Cable,804,0,804,1,0,2,1,4,4,2,Gd,Attached,Metal Panels,1,240,3,Paved,0,0,0,0,Vinyl Fences,2,2010,Down payment assistance,Shortsale,98776.0,Y,N,2021-02-18,64272726,"Leander-Stey-Straße 1/3
97728 Bad Kreuznach",Roth,Äquatorialguinea,adavids@googlemail.com,M,Sachsen,11740,52.0,2021-01-06,4.5,2021-01-06,4.5
1430,VacHomeClass-1,VacHomeZone-1,,12546,Cobblestone,Gravel,Reverse Pie,Flat,Trash|Gas|Water|Electricity,Corner lot,No Slope,RNH 17,Proximity to School,Apartment,Contemporary,6,7,1983,1991,Gable,Rolled Roofing,Log Wood,Natural Stone,310.0,4,4,Combined footing,4.0,No Sunlight,CleanSpace Wall System,1440,Furnace,5,Yes,NM Cable,1440,0,1440,2,0,3,1,4,7,1,TA,Attached,DryWall,2,467,3,Paved,0,0,0,0,No Fence,4,2007,Down payment assistance,Regular,151813.0,N,N,2021-06-18,36236671,"Berndt-Stadelmann-Gasse 8/2
30092 Soltau",Teterow,Gambia,christophloewer@aol.de,Unknown,Niedersachsen,33912,77.0,2021-03-25,3.4,2021-03-25,3.4
1431,VacHomeClass-6,VacHomeZone-1,60.0,21930,Cobblestone,Gravel,Irregular Lots,Flat,Trash|Gas|Water|Electricity,Interior lot,No Slope,RNH 9,Proximity to Restaurants,Apartment,Bungalow,5,5,2006,2013,Gable,Rolled Roofing,Board Batten,Manmade Stone,0.0,4,3,Individual footing,4.0,Large Windows,Dry Wall,732,Furnace,5,Yes,NM Cable,734,1104,1838,2,1,4,1,3,7,1,Gd,Breezeway,DryWall,2,372,3,Paved,100,0,0,0,No Fence,7,2006,Down payment assistance,Regular,159482.19999999998,Y,N,2021-04-05,46223951,"Fischerring 8
45290 Mühldorf am Inn",Recklinghausen,Neuseeland,bergerfrancoise@stroh.de,M,Mecklenburg-Vorpommern,63242,61.0,2021-11-08,2.2,2021-11-08,2.2
1432,VacHomeClass-12,VacHomeZone-1,,4928,Cobblestone,Gravel,Reverse Pie,Flat,Trash|Gas|Water|Electricity,Interior lot,No Slope,RNH 15,Proximity to School,SingleFamilyHome,Contemporary,6,6,1980,1985,Gable,Rolled Roofing,Brick,Manmade Stone,0.0,3,3,Combined footing,4.0,No Sunlight,Basement to Beautiful Panels,958,Furnace,3,Yes,NM Cable,958,0,958,2,0,2,1,3,5,0,,Attached,Wood Sheathing,2,440,3,Paved,0,0,0,0,No Fence,10,2009,Down payment assistance,Regular,119318.5,Y,N,2021-10-05,51192990,"Zbigniew-Heser-Straße 49
18426 Stadtsteinach",Neubrandenburg,Schweden,haenelswen@gmail.com,F,Hessen,82270,12.0,2021-10-10,3.3,2021-10-10,3.3
1433,VacHomeClass-2,VacHomeZone-1,60.0,10800,Cobblestone,Concrete,Pie,Flat,Trash|Gas|Water|Electricity,Interior lot,No Slope,RNH 18,Proximity to School,Apartment,Contemporary,4,6,1930,2013,Gable,Rolled Roofing,Wood Shingle,Manmade Stone,0.0,3,3,Strip foundation,3.0,No Sunlight,Dry Wall,656,Furnace,3,Yes,NM Cable,968,0,968,2,0,4,1,3,5,0,,Detached,Metal Panels,1,216,2,Paved,0,0,0,0,No Fence,8,2007,Down payment assistance,Regular,53541.0,Y,N,2021-12-12,90139581,"Zahnring 4/4
36310 Bischofswerda",Stade,Oman,kirstinmangold@yahoo.de,M,Hamburg,23869,94.0,2021-11-11,1.5,2021-11-11,1.5
1434,VacHomeClass-6,VacHomeZone-1,93.0,10261,Cobblestone,Gravel,Reverse Pie,Flat,Trash|Gas|Water|Electricity,Interior lot,No Slope,RNH 9,Proximity to School,Apartment,Bungalow,6,5,2005,2006,Gable,Rolled Roofing,Board Batten,Natural Stone,318.0,3,3,Individual footing,4.0,No Sunlight,Dry Wall,936,Furnace,5,Yes,NM Cable,962,830,1792,2,1,3,1,3,8,1,TA,Attached,DryWall,2,451,3,Paved,0,0,0,0,No Fence,5,2008,Down payment assistance,Regular,154801.0,Y,N,2021-11-07,95464411,"Margrafstraße 25
92553 Freital",Siegen,Tschechische Republik,joanna08@gmail.com,Unknown,Hamburg,79483,32.0,2021-10-13,4.2,2021-10-13,4.2
1435,VacHomeClass-1,VacHomeZone-1,80.0,17400,Cobblestone,Gravel,Pie,Low Level,Trash|Gas|Water|Electricity,Interior lot,Little Slope,RNH 12,Proximity to School,Apartment,Contemporary,5,5,1980,1982,Gable,Rolled Roofing,Vertical Wood,Manmade Stone,0.0,3,3,Combined footing,3.0,No Sunlight,BrightWall Paneling,1126,Furnace,2,Yes,NM Cable,1126,0,1126,2,0,3,1,3,5,1,Gd,Attached,Wood Sheathing,2,484,3,Partially Gravel,295,0,0,0,No Fence,5,2006,Down payment assistance,Regular,132806.0,N,N,2021-10-26,64609362,"Jonas-Budig-Gasse 96
24501 Heinsberg",Roding,San Marino,tomschaefer@aol.de,F,Bremen,22883,2.0,2021-04-28,3.9,2021-04-28,3.9
1436,VacHomeClass-1,VacHomeZone-1,80.0,8400,Cobblestone,Gravel,Pie,Flat,Trash|Gas|Water|Electricity,Interior lot,No Slope,NAmes,Proximity to School,Apartment,Contemporary,6,9,1966,2010,Gable,Rolled Roofing,Wood Shingle,Natural Stone,237.0,4,4,Combined footing,3.0,No Sunlight,Dry Wall,1319,Furnace,3,Yes,NM Cable,1537,0,1537,1,1,3,1,4,7,1,Gd,Attached,Wood Sheathing,2,462,3,Paved,0,0,0,0,Composite Fences,7,2008,Reverse Mortgage,Shortsale,144426.0,Y,N,2021-09-05,6729875,"Tschentschergasse 895
20105 Gerolzhofen",Dinkelsbühl,Kuba,qhesse@davids.de,F,Rheinland-Pfalz,73735,58.0,2021-11-18,2.6,2021-11-18,2.6
1437,VacHomeClass-1,VacHomeZone-1,60.0,9000,Cobblestone,Gravel,Pie,Flat,Trash|Gas|Water|Electricity,T-intersection,No Slope,NAmes,Proximity to School,Apartment,Contemporary,4,6,1974,1979,Gable,Rolled Roofing,Horizontal Wood,Manmade Stone,0.0,3,3,Individual footing,3.0,No Sunlight,BrightWall Paneling,864,Furnace,3,Yes,NM Cable,864,0,864,1,0,3,1,3,5,0,,Detached,Metal Panels,2,528,3,Paved,0,0,0,0,Wood Fences,5,2007,Down payment assistance,Regular,100021.0,N,N,2021-11-19,34138724,"Walfried-Seifert-Straße 2/6
12923 Niesky",Mayen,Antigua und Barbuda,gilda76@googlemail.com,M,Mecklenburg-Vorpommern,54228,20.0,2021-01-11,1.2,2021-01-11,1.2
1438,VacHomeClass-1,VacHomeZone-1,96.0,12444,Cobblestone,Gravel,Pie,Flat,Trash|Gas|Water|Electricity,T-intersection,No Slope,RNH 16,Proximity to School,Apartment,Contemporary,8,5,2010,2013,Sawtooth,Rolled Roofing,Board Batten,Manmade Panels,426.0,5,3,Individual footing,5.0,Large Windows,ZenWall Panels,1932,Furnace,5,Yes,NM Cable,1932,0,1932,2,0,2,1,5,7,1,Gd,Attached,DryWall,3,774,3,Paved,0,304,0,0,No Fence,11,2008,Government-backed programs,Distress Sale,327538.11,N,N,2021-01-12,73540380,"Serge-Mülichen-Ring 1/3
17316 Nabburg",Badoberan,Albanien,xtlustek@budig.com,F,Bremen,98253,41.0,2021-12-26,4.6,2021-12-26,4.6
1439,VacHomeClass-1,VacHomeZone-2,90.0,7407,Cobblestone,Gravel,Pie,Flat,Trash|Gas|Water|Electricity,Interior lot,No Slope,RNH 18,Proximity to Gym,Apartment,Contemporary,6,7,1958,2001,Gable,Rolled Roofing,Log Wood,Manmade Stone,0.0,3,3,Combined footing,3.0,No Sunlight,ZenWall Panels,912,Furnace,3,Yes,Underground Feeder Cable,1236,0,1236,1,0,2,1,3,6,0,,Attached,Metal Panels,2,923,3,Paved,0,0,0,0,Vinyl Fences,4,2010,Down payment assistance,Regular,124257.0,N,Y,2021-12-24,41618448,"Jungferweg 9/8
66148 Neuss",Niesky,Puerto Rico,cillyschuchhardt@doehn.net,M,Mecklenburg-Vorpommern,34248,78.0,2021-01-31,1.9,2021-01-31,1.9
1440,VacHomeClass-6,VacHomeZone-1,80.0,11584,Cobblestone,Gravel,Pie,Flat,Trash|Gas|Water|Electricity,Interior lot,No Slope,RNH 17,Proximity to School,Apartment,Spanish,7,6,1984,1984,Sawtooth,Rolled Roofing,Horizontal Wood,Natural Stone,96.0,3,3,Combined footing,3.0,No Sunlight,ZenWall Panels,539,Furnace,3,Yes,NM Cable,1040,685,1725,2,1,3,1,3,6,1,TA,Attached,Wood Sheathing,2,550,3,Paved,0,0,0,0,No Fence,11,2007,Down payment assistance,Regular,163516.0,N,N,2021-01-22,6201531,"Vinko-Bauer-Platz 27
74205 München",Schwandorf,Gabun,gieseladavids@web.de,F,Mecklenburg-Vorpommern,64391,11.0,2021-04-08,1.3,2021-04-08,1.3
1441,VacHomeClass-7,VacHomeZone-1,79.0,11526,Cobblestone,Gravel,Reverse Pie,Slope,Trash|Gas|Water|Electricity,Interior lot,Little Slope,RNH 7,Proximity to School,Apartment,Ranch,6,7,1923,1999,Gable,Rolled Roofing,Log Wood,Manmade Stone,0.0,3,3,Strip foundation,5.0,No Sunlight,Dry Wall,588,Furnace,2,Yes,NM Cable,1423,748,2555,2,0,3,1,3,11,1,Gd,Detached,DryWall,2,672,3,Paved,431,0,0,0,No Fence,9,2008,Down payment assistance,Regular,158536.0,N,Y,2021-08-17,3642573,"Wähnerallee 8/7
61573 Demmin",Hannoversch Münden,Tonga,helmuthtroest@auch.de,F,Rheinland-Pfalz,66053,15.0,2021-05-06,4.8,2021-05-06,4.8
1442,VacHomeClass-12,VacHomeZone-2,,4426,Cobblestone,Gravel,Pie,Flat,Trash|Gas|Water|Electricity,Interior lot,No Slope,RNH 6,Proximity to School,SingleFamilyHome,Contemporary,6,5,2007,2014,Gable,Rolled Roofing,Board Batten,Natural Stone,147.0,4,3,Individual footing,4.0,Large Windows,ZenWall Panels,848,Furnace,5,Yes,NM Cable,848,0,848,1,0,1,1,4,3,1,TA,Attached,Wood Sheathing,2,420,3,Paved,149,0,0,0,No Fence,5,2008,Down payment assistance,Regular,123925.0,Y,Y,2021-03-23,94474831,"Agata-Losekann-Ring 399
94991 Staffelstein",Pegnitz,Simbabwe,hoelzenbecherhansjoachim@trapp.org,M,Bayern,84637,56.0,2021-10-06,1.2,2021-10-06,1.2
1443,VacHomeClass-6,VacHomeZone-5,85.0,11003,Cobblestone,Gravel,Pie,Flat,Trash|Gas|Water|Electricity,Interior lot,No Slope,RNH 22,Proximity to School,Apartment,Bungalow,10,5,2011,2013,Gable,Rolled Roofing,Board Batten,Manmade Panels,160.0,5,3,Individual footing,5.0,Large Windows,ZenWall Panels,1017,Furnace,5,Yes,NM Cable,1026,981,2007,2,1,3,1,5,10,1,Ex,Attached,DryWall,3,812,3,Paved,168,0,0,0,No Fence,4,2009,Down payment assistance,Regular,257306.0,Y,Y,2021-11-07,9354746,"Massimo-Hein-Platz 92
96446 Helmstedt",Roding,Botsuana,mthies@beyer.de,F,Berlin,78572,52.0,2021-11-11,2.9,2021-11-11,2.9
1444,VacHomeClass-2,VacHomeZone-1,,8854,Cobblestone,Gravel,Pie,Flat,Trash|Gas|Water|Electricity,Interior lot,No Slope,RNH 4,Proximity to School,Apartment,Colonial,6,6,1919,1954,Gable,Rolled Roofing,Wood Shingle,Manmade Stone,0.0,3,3,Strip foundation,3.0,No Sunlight,Dry Wall,952,Heat Pump,2,No,Armored Cable,952,0,952,1,0,2,1,2,4,1,Gd,Detached,Metal Panels,1,192,2,Partially Gravel,0,0,0,0,No Fence,5,2009,Down payment assistance,Regular,100436.0,Y,Y,2021-04-09,88052335,"Oderwaldallee 7/5
03642 Wernigerode",Belzig,Kaimaninseln,erdal80@aumann.com,M,Niedersachsen,61727,26.0,2021-08-17,1.7,2021-08-17,1.7
1445,VacHomeClass-1,VacHomeZone-1,63.0,8500,Cobblestone,Gravel,Pie,Flat,Trash|Gas|Water|Electricity,T-intersection,No Slope,RNH 6,Proximity to School,Apartment,Contemporary,7,5,2009,2009,Gable,Rolled Roofing,Board Batten,Natural Stone,106.0,4,3,Individual footing,4.0,Large Windows,Dry Wall,1422,Furnace,5,Yes,NM Cable,1422,0,1422,2,0,3,1,4,7,0,,Attached,Wood Sheathing,2,626,3,Paved,192,0,0,0,No Fence,11,2007,Down payment assistance,Regular,149074.0,N,Y,2021-11-25,89316153,"Scholzallee 3/4
01541 Klötze",Geldern,Spanien,szimmer@groettner.com,F,Hessen,2870,55.0,2021-10-29,3.3,2021-10-29,3.3
1446,VacHomeClass-10,VacHomeZone-1,70.0,8400,Cobblestone,Gravel,Pie,Flat,Trash|Gas|Water|Electricity,Interior lot,No Slope,RNH 20,Proximity to School,Apartment,Georgian,6,5,1970,1971,Gable,Rolled Roofing,Board Batten,Manmade Stone,0.0,3,3,Combined footing,3.0,French Doors,Basement to Beautiful Panels,814,Furnace,4,Yes,NM Cable,913,0,913,1,0,3,1,3,6,0,,Detached,Metal Panels,1,240,3,Paved,0,0,0,0,No Fence,5,2007,Down payment assistance,Regular,107076.0,Y,Y,2021-07-09,25915266,"Grazyna-Thies-Straße 6/1
89509 Aurich",Staffelstein,Lettland,necatihess@gmail.com,Unknown,Berlin,4933,26.0,2021-07-28,1.7,2021-07-28,1.7
1447,VacHomeClass-1,VacHomeZone-1,,26142,Cobblestone,Gravel,Reverse Pie,Flat,Trash|Gas|Water|Electricity,Cul-de-sac,No Slope,RNH 12,Proximity to School,Apartment,Contemporary,5,7,1967,1969,Gable,Rolled Roofing,Horizontal Wood,Natural Stone,189.0,3,3,Combined footing,3.0,No Sunlight,Foamax,1188,Furnace,3,Yes,NM Cable,1188,0,1188,1,0,3,1,3,6,0,,Attached,Metal Panels,1,312,3,Partially Gravel,261,0,0,0,No Fence,4,2010,Down payment assistance,Regular,131063.0,Y,N,2021-10-21,15991928,"Hethurplatz 1
28333 Vilsbiburg",Geldern,Weihnachtsinsel,thekla55@mitschke.com,F,Sachsen,34559,68.0,2021-01-29,1.0,2021-01-29,1.0
1448,VacHomeClass-6,VacHomeZone-1,80.0,10000,Cobblestone,Gravel,Pie,Flat,Trash|Gas|Water|Electricity,Interior lot,No Slope,RNH 6,Proximity to School,Apartment,Bungalow,8,5,1999,2001,Gable,Rolled Roofing,Board Batten,Natural Stone,438.0,4,3,Individual footing,4.0,No Sunlight,ZenWall Panels,1220,Furnace,5,Yes,NM Cable,1220,870,2090,2,1,3,1,4,8,1,TA,Attached,Wood Sheathing,2,556,3,Paved,0,0,0,0,No Fence,12,2007,Down payment assistance,Regular,199206.0,N,N,2021-07-15,9238046,"Junkengasse 4/7
41689 Dachau",Coburg,Niederländische Antillen,gertraut88@web.de,Unknown,Hessen,13989,28.0,2021-08-19,2.2,2021-08-19,2.2
1449,VacHomeClass-5,VacHomeZone-1,70.0,11767,Cobblestone,Gravel,Pie,Flat,Trash|Gas|Water|Electricity,Interior lot,No Slope,RNH 8,Proximity to School,Apartment,Bungalow,4,7,1911,2007,Gable,Rolled Roofing,Log Wood,Manmade Stone,0.0,3,3,Combined footing,2.0,No Sunlight,Dry Wall,560,Furnace,4,No,NM Cable,796,550,1346,1,1,2,1,3,6,0,,Detached,Metal Panels,1,384,2,Paved,168,0,0,0,Wood Fences,5,2007,Down payment assistance,Regular,92966.0,Y,N,2021-12-14,56099188,"Gutknechtallee 0
23953 Bautzen",Prenzlau,Mali,vhess@eberth.de,M,Hessen,15147,7.0,2021-07-11,2.8,2021-07-11,2.8
1450,VacHomeClass-14,VacHomeZone-2,21.0,1533,Cobblestone,Gravel,Pie,Flat,Trash|Gas|Water|Electricity,Interior lot,No Slope,RNH 11,Proximity to School,MultiFamilyHome,Georgian,5,7,1972,1976,Gable,Rolled Roofing,Metal,Manmade Stone,0.0,3,3,Combined footing,4.0,Large Windows,ZenWall Panels,630,Furnace,5,Yes,NM Cable,630,0,630,1,0,1,1,5,3,0,,No Garage,Unfinished,0,0,0,Paved,0,0,0,0,No Fence,8,2006,Down payment assistance,Shortsale,76366.0,Y,Y,2021-07-29,45718014,"Wagnergasse 154
61966 Stade",Soest,Pakistan,cputz@hotmail.de,M,Sachsen-Anhalt,19321,34.0,2021-04-23,1.2,2021-04-23,1.2
1451,VacHomeClass-11,VacHomeZone-1,60.0,9000,Cobblestone,Gravel,Pie,Flat,Trash|Gas|Water|Electricity,T-intersection,No Slope,NAmes,Proximity to School,Townhome,Bungalow,5,5,1976,1977,Gable,Rolled Roofing,Board Batten,Manmade Stone,0.0,3,3,Combined footing,4.0,No Sunlight,Dry Wall,896,Furnace,3,Yes,NM Cable,896,896,1792,2,2,4,2,3,8,0,,No Garage,Unfinished,0,0,0,Paved,32,0,0,0,No Fence,9,2009,Down payment assistance,Regular,112886.0,N,N,2021-07-30,63110739,"Langeplatz 046
52724 Passau",Waren,St. Martin,smeister@martin.de,F,Saarland,16546,39.0,2021-05-25,1.9,2021-05-25,1.9
1452,VacHomeClass-1,VacHomeZone-1,78.0,9262,Cobblestone,Gravel,Pie,Flat,Trash|Gas|Water|Electricity,Interior lot,No Slope,RNH 22,Proximity to School,Apartment,Contemporary,8,5,2010,2013,Gable,Rolled Roofing,Metal,Manmade Panels,194.0,4,3,Individual footing,4.0,No Sunlight,Dry Wall,1573,Furnace,5,Yes,NM Cable,1578,0,1578,2,0,3,1,5,7,1,Gd,Attached,DryWall,3,840,3,Paved,0,0,0,0,No Fence,5,2009,Government-backed programs,Distress Sale,238290.7,Y,N,2021-02-04,59724865,"Francesca-Kraushaar-Gasse 95
82772 Werdau",Ingolstadt,Kolumbien,wojciechmies@kraushaar.de,F,Saarland,70573,51.0,2021-05-10,3.8,2021-05-10,3.8
1453,VacHomeClass-14,VacHomeZone-2,35.0,3675,Cobblestone,Gravel,Pie,Flat,Trash|Gas|Water|Electricity,Interior lot,No Slope,RNH 8,Proximity to School,SingleFamilyHome,Spanish,5,5,2006,2014,Gable,Rolled Roofing,Board Batten,Natural Stone,80.0,3,3,Individual footing,4.0,French Doors,ZenWall Panels,547,Furnace,4,Yes,NM Cable,1072,0,1072,1,0,2,1,3,5,0,,Barns,DryWall,2,525,3,Paved,0,0,0,0,No Fence,5,2006,Down payment assistance,Regular,120356.0,N,N,2021-07-11,7140778,"Röhrdanzstraße 0/7
27979 Sigmaringen",Osterode am Harz,Saudi-Arabien,neureutherbrigitte@juettner.de,M,Nordrhein-Westfalen,28949,54.0,2021-11-04,2.9,2021-11-04,2.9
1454,VacHomeClass-1,VacHomeZone-1,90.0,17217,Cobblestone,Gravel,Pie,Flat,Trash|Gas|Water|Electricity,Interior lot,No Slope,RNH 12,Proximity to School,Apartment,Contemporary,5,5,2009,2011,Gable,Rolled Roofing,Board Batten,Manmade Stone,0.0,3,3,Individual footing,4.0,No Sunlight,Dry Wall,1140,Furnace,5,Yes,NM Cable,1140,0,1140,1,0,3,1,3,6,0,,No Garage,Unfinished,0,0,0,Paved,36,0,0,0,No Fence,7,2006,Down payment assistance,Shortsale,70141.0,N,Y,2021-04-22,42987598,"Wilhelm-Klapp-Straße 9
01573 Bergzabern",Füssen,Amerikanisch-Ozeanien,iraedel@aol.de,Unknown,Thüringen,71441,9.0,2021-04-28,1.9,2021-04-28,1.9
1455,VacHomeClass-1,VacHomeZone-5,62.0,7500,Cobblestone,Cobblestone,Pie,Flat,Trash|Gas|Water|Electricity,Interior lot,No Slope,RNH 22,Proximity to School,Apartment,Contemporary,7,5,2009,2012,Gable,Rolled Roofing,Board Batten,Manmade Stone,0.0,4,3,Individual footing,4.0,No Sunlight,ZenWall Panels,1221,Furnace,5,Yes,NM Cable,1221,0,1221,2,0,2,1,4,6,0,,Attached,Wood Sheathing,2,400,3,Paved,0,0,0,0,No Fence,10,2009,Down payment assistance,Regular,153556.0,N,N,2021-10-04,61303867,"Pergandestraße 157
61242 Regensburg",Peine,Isle of Man,kathleenzobel@doehn.de,F,Niedersachsen,70501,9.0,2021-06-10,3.1,2021-06-10,3.1
1456,VacHomeClass-6,VacHomeZone-1,62.0,7917,Cobblestone,Gravel,Pie,Flat,Trash|Gas|Water|Electricity,Interior lot,No Slope,RNH 9,Proximity to School,Apartment,Bungalow,6,5,2004,2006,Gable,Rolled Roofing,Board Batten,Manmade Stone,0.0,3,3,Individual footing,4.0,No Sunlight,Dry Wall,953,Furnace,5,Yes,NM Cable,953,694,1647,2,1,3,1,3,7,1,TA,Attached,Wood Sheathing,2,460,3,Paved,0,0,0,0,No Fence,8,2007,Down payment assistance,Regular,145256.0,N,Y,2021-09-15,21425578,"Guteplatz 1
74470 Hohenmölsen",Chemnitz,Isle of Man,erdal97@schuchhardt.de,F,Berlin,5310,61.0,2021-05-08,3.5,2021-05-08,3.5
1457,VacHomeClass-1,VacHomeZone-1,85.0,13175,Cobblestone,Gravel,Pie,Flat,Trash|Gas|Water|Electricity,Interior lot,No Slope,RNH 17,Proximity to School,Apartment,Contemporary,6,6,1983,1995,Gable,Rolled Roofing,Brick,Manmade Panels,119.0,3,3,Combined footing,4.0,No Sunlight,BrightWall Paneling,1542,Furnace,3,Yes,NM Cable,2073,0,2073,2,0,3,1,3,7,2,TA,Attached,Metal Panels,2,500,3,Paved,349,0,0,0,Vinyl Fences,2,2010,Down payment assistance,Regular,174306.0,N,Y,2021-04-22,69114847,"Fischergasse 3/3
37451 Hechingen",Flöha,Katar,kuehnertanna-luise@dippel.com,M,Sachsen-Anhalt,42804,31.0,2021-11-15,1.4,2021-11-15,1.4
1458,VacHomeClass-7,VacHomeZone-1,66.0,9042,Cobblestone,Gravel,Pie,Flat,Trash|Gas|Water|Electricity,Interior lot,No Slope,RNH 7,Proximity to School,Apartment,Bungalow,7,9,1944,2010,Gable,Rolled Roofing,Metal,Manmade Stone,0.0,5,4,Drilled Shafts,3.0,No Sunlight,ZenWall Panels,1152,Furnace,5,Yes,NM Cable,1188,1152,2340,2,0,4,1,4,9,2,Gd,Attached,Wood Sheathing,1,252,3,Paved,0,0,0,0,Composite Fences,5,2010,Down payment assistance,Regular,221201.0,Y,Y,2021-07-13,46752383,"Adina-Drewes-Gasse 6
44492 Apolda",Altötting,Svalbard und Jan Mayen,eminotto@gmail.com,Unknown,Hessen,1482,60.0,2021-08-08,2.5,2021-08-08,2.5
1459,VacHomeClass-1,VacHomeZone-1,68.0,9717,Cobblestone,Gravel,Pie,Flat,Trash|Gas|Water|Electricity,Interior lot,No Slope,NAmes,Proximity to School,Apartment,Contemporary,5,6,1951,1999,Sawtooth,Rolled Roofing,Log Wood,Manmade Stone,0.0,3,3,Combined footing,3.0,Small Windows,ZenWall Panels,1078,Furnace,4,Yes,Underground Feeder Cable,1078,0,1078,1,0,2,1,4,5,0,,Attached,Metal Panels,1,240,3,Paved,366,0,0,0,No Fence,4,2010,Down payment assistance,Regular,117969.75,Y,Y,2021-11-13,41700105,"Michaela-Bauer-Weg 0
29985 Genthin",Neustrelitz,Kuwait,sina70@karge.net,M,Rheinland-Pfalz,67129,62.0,2021-01-15,1.9,2021-01-15,1.9
1460,VacHomeClass-1,VacHomeZone-1,75.0,9937,Cobblestone,Gravel,Pie,Flat,Trash|Gas|Water|Electricity,Interior lot,No Slope,RNH 8,Proximity to School,Apartment,Contemporary,5,6,1968,1971,Gable,Rolled Roofing,Horizontal Wood,Manmade Stone,0.0,4,3,Combined footing,3.0,No Sunlight,CleanSpace Wall System,1256,Furnace,4,Yes,NM Cable,1256,0,1256,1,1,3,1,3,6,0,,Attached,DryWall,1,276,3,Paved,736,0,0,0,No Fence,6,2008,Down payment assistance,Regular,122431.0,N,N,2021-03-02,12928293,"Klemens-Kensy-Platz 64
06803 Norden",Lüdenscheid,Afghanistan,cornelius40@heuser.net,F,Nordrhein-Westfalen,22734,6.0,2021-12-20,4.0,2021-12-20,4.0
