Genre,Publisher,Publication Year,Book Title,User ID,User Location,Age Bin,Rating1,Rating2,Rating3
Science Fiction,"Benson, May and Perry",2017,World.,b49eefea-7e38-4c3d-af7c-877a1de0b0dc,South William,45-54,6,2,4
Science Fiction,"Benson, May and Perry",2017,World.,ab74874f-3430-4fa0-9c24-6dd15fcc3df0,Johnsonberg,18-24,2,5,3
Science Fiction,"Benson, May and Perry",2017,World.,ff48f3fc-03d8-4967-9363-ce33f94411bd,Wongtown,25-34,7,3,4
Science Fiction,"Benson, May and Perry",2017,World.,746a834c-118b-456e-8bc6-53bca3dad0f1,Port Gerald,Under 18,4,2,3
Science Fiction,"Benson, May and Perry",2017,World.,1f3ca49b-c565-4a84-9ce0-f96d88331a49,Christopherport,Under 18,4,5,1
Science Fiction,"Benson, May and Perry",2017,World.,5da8af4c-711d-4a86-88eb-9c3ed749ca8f,Barbaraport,25-34,3,4,2
Fiction,Hernandez and Sons,1987,Figure same.,fdf47cde-b2dc-4734-af00-6bbd6a851248,Port Toddshire,18-24,4,3,3
Fiction,Hernandez and Sons,1987,Figure same.,127e5768-e94a-449b-9e44-6cb1b6de0142,South Kevinburgh,25-34,5,3,4
Science Fiction,Thompson-Alvarado,2011,Another camera cost.,c20f98ec-b601-493c-90d1-73ab7c762895,Port Bryan,35-44,7,3,2
Science Fiction,Thompson-Alvarado,2011,Another camera cost.,1c32d6d4-ebc9-4ff2-b8fa-c1cbf83fa347,Brandyfort,18-24,10,2,1
Science Fiction,Thompson-Alvarado,2011,Another camera cost.,36239fa7-b33f-4693-bb50-3ac2d5695f6c,Halefurt,18-24,8,4,3
Science Fiction,Thompson-Alvarado,2011,Another camera cost.,2cbb645d-f1e4-45ce-a31f-a75cda40b8b6,North Joe,18-24,7,4,4
Science Fiction,Thompson-Alvarado,2011,Another camera cost.,3c225a88-ddb0-443b-81cd-3dec2c1060f1,New Danielle,35-44,10,2,3
Fantasy,Owens PLC,2009,Image expect increase.,69a346f0-eb3c-45d7-b1d4-8539e8bcf71d,New Walterberg,Under 18,5,5,4
Fantasy,Owens PLC,2009,Image expect increase.,7611eb0c-3832-423a-a151-49f83bb60051,Kevinport,Under 18,8,3,4
Fantasy,Owens PLC,2009,Image expect increase.,9b4cff0d-2533-41a6-8f17-786828aa2bbb,West Renee,Under 18,2,4,3
Fantasy,Owens PLC,2009,Image expect increase.,5cf28d3b-3cac-427a-b1bb-ac0d36421d55,Briggstown,25-34,3,4,5
Science Fiction,Snyder-Owens,2005,Note.,e80ab2d8-ab25-4a8d-aae6-888e9a08da32,Lake Bobby,25-34,6,5,5
Science Fiction,Snyder-Owens,2005,Note.,8a134e8b-0624-49ff-8c69-9b3486215ba2,Aaronport,55+,8,5,1
Science Fiction,Snyder-Owens,2005,Note.,e21bc0f2-f8f0-425a-9c8f-b9d8ebacfedc,South Yolandastad,35-44,7,4,3
Science Fiction,Snyder-Owens,2005,Note.,58af21a6-6b74-4b0c-9208-fea2358f16c3,Port Micheleshire,Under 18,10,3,3
Science Fiction,Snyder-Owens,2005,Note.,a4f4899f-4011-4316-b700-17b09f52891d,Bethanyland,25-34,6,1,2
Science Fiction,Snyder-Owens,2005,Note.,47d0e709-8dfe-4caf-91f4-b2828328a301,Port Dominiqueview,Under 18,10,3,3
Mystery,"Johnson, Williams and Hall",2015,Door accept concern say.,fb48cd74-cde9-404d-8b96-f74e4a5b7bdf,West Christinefurt,55+,9,4,4
Mystery,"Johnson, Williams and Hall",2015,Door accept concern say.,a7c4ff54-8ea0-4c28-ab53-744dbfb5c448,North Sarah,Under 18,7,3,2
Mystery,"Johnson, Williams and Hall",2015,Door accept concern say.,7ef12556-a2a9-4c0f-8daa-c8abc5c55702,West Ronald,18-24,9,4,1
Mystery,"Johnson, Williams and Hall",2015,Door accept concern say.,4c0438f6-f8dc-4d6c-b53a-194764980ca8,New Mariachester,45-54,7,4,1
Mystery,"Johnson, Williams and Hall",2015,Door accept concern say.,cc6e45fa-d2be-400c-8f42-0579d643d2b2,Johnsonside,55+,8,4,1
Mystery,"Johnson, Williams and Hall",2015,Door accept concern say.,3f371e08-d58f-4bd2-aa67-225dea0845ec,East Dana,Under 18,2,2,1
Mystery,"Johnson, Williams and Hall",2015,Door accept concern say.,4ff78ef6-8293-44bd-9128-76c7f3316cc8,West Jennifer,18-24,7,5,2
Mystery,"Johnson, Williams and Hall",2015,Door accept concern say.,ec254062-fd27-4603-959d-5376b6a9e1e5,Harrisville,18-24,6,4,4
Mystery,"Johnson, Williams and Hall",2015,Door accept concern say.,ded0f9f2-38db-4c82-8829-76c2efad31c5,West Denisemouth,25-34,9,2,3
Fantasy,"Patrick, Johnson and Harrison",1976,Understand support improve.,3b91e7db-021e-42ba-9c5f-124bd0357829,Port Cassandrafort,45-54,4,3,2
Fantasy,"Patrick, Johnson and Harrison",1976,Understand support improve.,b3b5912f-773a-4b00-8adc-58738f8ef922,North Michaelfort,25-34,7,3,2
Fantasy,"Patrick, Johnson and Harrison",1976,Understand support improve.,59b7bfef-89d7-45a1-b0ad-450b968af06d,Cannonburgh,Under 18,5,1,4
Fiction,Jenkins Inc,1968,Task learn beat.,0c8c7c93-1156-457a-868d-7f0fc1fc5af7,South Ericfurt,25-34,10,2,3
Fiction,Jenkins Inc,1968,Task learn beat.,272d795a-280e-46df-bdda-dcc578add905,East Joel,45-54,7,4,3
Fiction,Jenkins Inc,1968,Task learn beat.,b47751ec-cab1-48e1-8d8e-14b1f6cca6c8,Churchside,25-34,3,2,1
Fiction,Jenkins Inc,1968,Task learn beat.,d8a0123a-0768-478a-95e6-9aead0fb16a8,Bradleyburgh,Under 18,2,1,5
Fiction,Jenkins Inc,1968,Task learn beat.,bb1389c8-a181-4dab-90fa-481d613a0030,Lake Edward,45-54,6,3,5
Fiction,Jenkins Inc,1968,Task learn beat.,95e4844b-600d-4e82-b378-96af71b6bed0,New Jennifer,25-34,9,1,4
Science Fiction,"Hall, Dawson and Anderson",1986,Easy.,82eef427-3e99-4dd6-aea1-787b8a9ce877,Hillberg,35-44,4,1,3
Science Fiction,"Hall, Dawson and Anderson",1986,Easy.,a039b233-bc6c-4d8b-b51c-20e56e1779d5,North Lorichester,35-44,10,1,1
Science Fiction,"Hall, Dawson and Anderson",1986,Easy.,1426efe5-f6ec-41ad-afdf-7c9929eebeb7,Lake Sandra,55+,5,5,2
Science Fiction,"Hall, Dawson and Anderson",1986,Easy.,e5022d2a-9e6e-4c9b-b1fc-e00b31c3a184,Port Dawnfort,55+,8,1,1
Science Fiction,"Hall, Dawson and Anderson",1986,Easy.,8c5cca23-d0d8-4e9c-bddf-bccbe6344fa2,Patrickhaven,Under 18,4,5,5
Non-Fiction,Moreno Ltd,2010,Right government such.,991b232e-abdf-4986-8067-fba205b409e5,Burnsmouth,Under 18,9,5,2
Non-Fiction,Moreno Ltd,2010,Right government such.,6f71ab9f-30e3-4f1d-b9c0-826cb54897e1,Lake Bradley,35-44,9,3,4
Non-Fiction,Moreno Ltd,2010,Right government such.,9785cd77-eae4-48ea-a4f5-82eb622fd953,Carpenterburgh,55+,3,5,1
Non-Fiction,Moreno Ltd,2010,Right government such.,efe0c961-44f4-43a1-a191-7a165e6ace4d,Davisside,25-34,1,3,3
Mystery,Hurst PLC,2021,Brother.,d49d14fc-b642-4bfa-9534-7f312f07aefa,Brownside,18-24,2,5,3
Mystery,Hurst PLC,2021,Brother.,12070e48-5e3d-4c2a-885e-144965ecb30b,New Josephburgh,55+,10,1,2
Mystery,Hurst PLC,2021,Brother.,900c4f64-338e-460e-81e7-bcbca930248c,West Nicolefort,55+,4,3,3
Mystery,Hurst PLC,2021,Brother.,8966767d-2212-481d-8051-eb5586dd2340,Lake Kim,Under 18,8,1,4
Mystery,Hurst PLC,2021,Brother.,55305e39-9058-4612-a40c-f14e21ee6bef,Stevenshire,18-24,4,5,2
Mystery,Hurst PLC,2021,Brother.,d445ed68-c08a-4218-8c2b-9a8b33ee97f7,Port Christine,18-24,5,5,5
Science Fiction,"Hernandez, Jones and Lewis",2005,Government cut experience.,dc382361-d164-4736-a4aa-772580fe1342,Robertside,18-24,4,4,1
Science Fiction,"Hernandez, Jones and Lewis",2005,Government cut experience.,58e87130-cd0f-41b7-849c-bb049df56ca7,Katherineton,45-54,9,4,1
Non-Fiction,"Graves, Moody and Clay",1968,Top compare interview.,6f50575e-3ec0-4e0f-954c-c8fc8ca86e4f,Greenfurt,45-54,7,1,1
Non-Fiction,"Graves, Moody and Clay",1968,Top compare interview.,5260bb58-c041-444b-93f0-1ebb29067af5,Michelleburgh,25-34,9,3,4
Non-Fiction,"Graves, Moody and Clay",1968,Top compare interview.,209ba135-3a36-43e0-b6f6-7426deb03e8c,New Kara,18-24,1,2,2
Non-Fiction,"Graves, Moody and Clay",1968,Top compare interview.,16819dfb-a680-4a28-81a3-201ae4360a55,New Shawn,45-54,6,2,5
Non-Fiction,"Graves, Moody and Clay",1968,Top compare interview.,04e1334d-e826-4a9b-b720-a9115c8e0560,South Thomasbury,18-24,2,5,1
Non-Fiction,"Graves, Moody and Clay",1968,Top compare interview.,04d53e92-29a5-4d14-839b-362d23026695,Kimberlyborough,Under 18,2,3,3
Non-Fiction,"Graves, Moody and Clay",1968,Top compare interview.,d22d118c-c7d2-475c-a86b-09c541e177fd,Walshville,55+,5,2,3
Non-Fiction,"Graves, Moody and Clay",1968,Top compare interview.,e412662b-b0e0-4f17-b477-5d0d1bf98f56,West Shawn,Under 18,7,4,2
Non-Fiction,Freeman Group,2022,Similar manager.,973a17da-51c5-4cf8-9887-40641386670e,Ryanton,18-24,10,1,1
Non-Fiction,Freeman Group,2022,Similar manager.,35573b79-665f-4c85-9de7-0e9652894668,Shellychester,Under 18,2,2,3
Non-Fiction,Freeman Group,2022,Similar manager.,9886a89e-4560-451c-9e74-6bd2162d882a,Travisville,55+,5,5,3
Non-Fiction,Freeman Group,2022,Similar manager.,3e6f4c54-b0ed-4c27-b119-ebe1473da98c,Melissaside,45-54,6,4,1
Non-Fiction,Freeman Group,2022,Similar manager.,6ad414fb-0eeb-4e0c-b7f8-65b634b51bfc,Lake Heather,35-44,2,1,3
Non-Fiction,Hansen-Cordova,2022,Address leave cup.,64f78df7-0097-49cc-a84b-fc347d0d7a7f,West Danielburgh,25-34,9,4,4
Non-Fiction,Hansen-Cordova,2022,Address leave cup.,97f2d145-a47a-4951-90eb-a3edb6847480,East Nataliefort,35-44,6,1,2
Non-Fiction,Hansen-Cordova,2022,Address leave cup.,95d37574-8740-4ea7-b50c-3c5678f5362f,Jacksonshire,45-54,5,2,1
Science Fiction,Henderson LLC,1987,Heavy safe despite.,d494dfd4-8cf3-405c-97cf-152982ac6951,Garciabury,45-54,4,4,1
Science Fiction,Henderson LLC,1987,Heavy safe despite.,0c430c26-d42d-44b8-b194-de9f6834b6f5,Terriville,35-44,6,2,5
Science Fiction,Henderson LLC,1987,Heavy safe despite.,c0f66c45-e3bb-4451-bae0-7173bc7b35c9,North Amberberg,45-54,5,3,3
Science Fiction,Henderson LLC,1987,Heavy safe despite.,7167938f-d89f-4c14-86c6-e6374d53f7ae,Lake Davidberg,35-44,8,5,2
Science Fiction,Henderson LLC,1987,Heavy safe despite.,e1a53a8a-d407-4821-ba60-4389f2660fe5,Andreaton,25-34,5,3,4
Mystery,"Banks, Willis and Myers",1974,Rise poor.,376ff125-7d75-4e9f-94b0-851682045b54,Hutchinsonland,35-44,1,1,3
Mystery,"Banks, Willis and Myers",1974,Rise poor.,8182d2b2-e305-4c99-b790-51ffc263f68a,Downschester,18-24,6,4,3
Mystery,"Banks, Willis and Myers",1974,Rise poor.,500632e7-4b7e-4e28-a9f9-cb837936419a,Davisview,35-44,10,1,3
Mystery,"Banks, Willis and Myers",1974,Rise poor.,cb320187-8987-4fb5-94b5-4cdd73ef3748,Bryanmouth,45-54,6,4,1
Mystery,"Banks, Willis and Myers",1974,Rise poor.,e16d8966-012c-4f78-9d63-f66604d32529,Lewismouth,35-44,3,4,5
Mystery,"Banks, Willis and Myers",1974,Rise poor.,06550906-8a3e-4dd6-a4aa-da301e756bfb,Pamelaberg,25-34,2,5,1
Mystery,"Banks, Willis and Myers",1974,Rise poor.,778463b7-0a7d-4ee0-813a-0c32bbd90464,North Travis,45-54,5,1,1
Fantasy,"Madden, Hoover and Bruce",1962,Event little.,41567c6d-31cd-4f30-b0d9-eadf87636e39,Claytonstad,35-44,6,4,1
Fantasy,"Madden, Hoover and Bruce",1962,Event little.,06e657cf-42e3-4c80-abf8-2262b28e2794,North Julia,55+,1,3,3
Fantasy,"Madden, Hoover and Bruce",1962,Event little.,ba73937d-4de4-4dfc-bfc3-6af3bb299902,Marcborough,35-44,9,2,5
Non-Fiction,Reed-Odom,1957,Lawyer dark.,ff041461-3a8a-4549-8630-b58f93e80cd8,Griffithmouth,45-54,5,1,4
Non-Fiction,Reed-Odom,1957,Lawyer dark.,2e663329-c802-4860-872a-8eefb1fe23f3,North Jacobland,35-44,4,1,5
Non-Fiction,Reed-Odom,1957,Lawyer dark.,6bbb1532-9cb6-43cd-8f0a-06e480b27f94,North Rhonda,18-24,10,2,3
Non-Fiction,Reed-Odom,1957,Lawyer dark.,52d66aaa-ec34-4535-9946-42a557a157b9,Hallburgh,35-44,3,1,5
Non-Fiction,Reed-Odom,1957,Lawyer dark.,dc46ac93-889b-449c-b26d-c7de749693a2,Rodriguezview,Under 18,6,3,4
Non-Fiction,Reed-Odom,1957,Lawyer dark.,6b39d695-d437-4c32-933b-2f0b377cb195,Wallacehaven,Under 18,4,3,5
Non-Fiction,Reed-Odom,1957,Lawyer dark.,6792778d-03e2-40be-8f1c-f01826918a1f,East Scottborough,45-54,5,5,4
Non-Fiction,Reed-Odom,1957,Lawyer dark.,2a04079d-9a6e-440e-a720-9a759ef67ea3,Garybury,25-34,2,5,1
Non-Fiction,Reed-Odom,1957,Lawyer dark.,ae45857e-70a4-4e58-a9bc-cdee1d2dbc9b,Michaeltown,25-34,6,4,2
Non-Fiction,"Juarez, Castillo and Shepard",1975,If huge.,35e2b544-4ffe-4a68-a3e2-283fc2b912d5,New Michael,45-54,1,3,2
Non-Fiction,"Juarez, Castillo and Shepard",1975,If huge.,16066c27-5633-4051-9f70-9b3001e9581e,Kathymouth,45-54,10,5,1
Non-Fiction,"Juarez, Castillo and Shepard",1975,If huge.,89aa6fb0-9b71-4279-8ab0-fb75aaa28712,North Darin,45-54,5,5,1
Non-Fiction,"Juarez, Castillo and Shepard",1975,If huge.,061dcd66-e491-4d41-9a73-e3835ee3da58,South Wyattport,25-34,4,1,5
Non-Fiction,"Juarez, Castillo and Shepard",1975,If huge.,280cefea-e562-4eaa-87b2-88a16b9d18ea,Sullivanshire,18-24,3,1,2
Non-Fiction,"Juarez, Castillo and Shepard",1975,If huge.,5911387b-51c6-4f7d-9912-751e94689fc5,Mikaylaton,45-54,7,3,1
Non-Fiction,"Juarez, Castillo and Shepard",1975,If huge.,428df7c3-8244-42ea-aef8-52ab3aec3585,Smithshire,18-24,1,1,4
Non-Fiction,"Juarez, Castillo and Shepard",1975,If huge.,34ef645d-3735-432a-af7b-ac9a1d454dcf,North Debra,35-44,5,5,2
Non-Fiction,"Juarez, Castillo and Shepard",1975,If huge.,3c0f0784-bf5b-4aff-8143-2721f5f19f05,Stoneland,55+,3,4,5
Non-Fiction,"Juarez, Castillo and Shepard",1975,If huge.,fa995ae9-de27-4596-b76d-c4beeb8c8e83,North Amy,35-44,3,4,4
Fantasy,Logan-Hardy,1965,Trial though federal.,49869fb1-3b2c-4669-b103-135cbba09973,Angelaberg,18-24,6,2,3
Fantasy,Logan-Hardy,1965,Trial though federal.,20a92543-645d-460c-9e92-d9dc641c54f4,North Todd,35-44,3,2,3
Fantasy,Logan-Hardy,1965,Trial though federal.,28caaedb-b6f9-4139-8c73-88e278379393,Alexanderchester,35-44,10,3,4
Fantasy,Logan-Hardy,1965,Trial though federal.,911663ff-60f5-48be-a0d5-03ca283c6e03,North Susan,45-54,7,4,2
Fiction,Jackson-Walker,1959,Agent five.,5c46d303-f615-43dd-8efa-0e70e5f9aee4,Kimberlymouth,35-44,2,4,5
Fiction,Jackson-Walker,1959,Agent five.,647ad29f-bad2-4119-accb-e7e20afef28a,West Davidberg,45-54,5,1,4
Fiction,Jackson-Walker,1959,Agent five.,8b9bd9a6-8ba1-4f5c-be54-471767e490ad,North Sandrabury,25-34,5,5,2
Fiction,Jackson-Walker,1959,Agent five.,443acc7d-8b14-4e1c-a80e-3046c51b3ec2,Taylormouth,35-44,8,3,1
Fiction,Jackson-Walker,1959,Agent five.,ec4d5b9a-b2c2-4634-8f69-6a161f4fbd94,Lake Saratown,55+,10,5,4
Fiction,Jackson-Walker,1959,Agent five.,4f58ed41-ca75-4bab-8929-9249f016c3f4,Simpsonville,25-34,9,1,3
Fiction,Jackson-Walker,1959,Agent five.,4b25d6e6-47d1-409d-98b7-42c7573ba848,Knoxtown,55+,4,4,3
Fiction,Jackson-Walker,1959,Agent five.,30b4d3f6-75a8-498b-b951-46fd261d4362,Wardport,18-24,7,3,3
Mystery,"Clark, Murray and Reyes",1980,Media.,91966b26-39ab-404b-ad8f-5e75ffb2d23b,Lake Lisa,18-24,5,3,4
Mystery,"Clark, Murray and Reyes",1980,Media.,af647b8f-52cd-40f2-83b9-640b02447661,Barryfurt,Under 18,7,1,3
Mystery,"Clark, Murray and Reyes",1980,Media.,e511a6d6-ac0b-4e96-85bd-5191ba565cb9,Lake Ryanberg,45-54,9,1,1
Mystery,"Clark, Murray and Reyes",1980,Media.,e7fbfa9b-3c95-4a6d-aeb2-40455bea99be,South Katherineberg,35-44,7,2,2
Mystery,"Clark, Murray and Reyes",1980,Media.,f2c061bc-8e63-47f3-bc20-f4814a75c72c,North Kristenstad,45-54,6,4,3
Non-Fiction,"Anderson, Schultz and Burns",1956,Civil sea.,70aa15b4-38c7-4a2e-8554-50e0938b1458,West Veronicaburgh,35-44,6,3,1
Science Fiction,"Herman, Conner and Francis",1974,Outside see process.,7e14621f-974c-4128-8b7c-5d561a0c1c88,East Katieburgh,25-34,5,1,2
Science Fiction,"Herman, Conner and Francis",1974,Outside see process.,a8385195-3ef8-4773-bdb5-6e99ca84fe1d,East Lauren,25-34,2,4,2
Science Fiction,"Herman, Conner and Francis",1974,Outside see process.,182d3e3d-5016-4104-99e7-e55a6c6286a3,Lake Jessica,25-34,7,4,3
Science Fiction,"Herman, Conner and Francis",1974,Outside see process.,caeebef8-29c6-44bb-9fa9-b225c1d85f84,South Kelly,18-24,8,4,1
Science Fiction,"Herman, Conner and Francis",1974,Outside see process.,8560c76e-b342-4d0c-8357-1c952b09159e,West Heatherville,35-44,7,5,4
Science Fiction,"Herman, Conner and Francis",1974,Outside see process.,64fa3371-75b5-43dc-80c0-3a1f21ad1a11,Port Arthur,55+,3,1,3
Science Fiction,"Herman, Conner and Francis",1974,Outside see process.,43ac1993-f0f5-4e0c-938f-c90342426b75,Jenkinsshire,55+,8,4,5
Science Fiction,"Herman, Conner and Francis",1974,Outside see process.,6d877456-7dc5-4f3d-a97c-b9a3c5b498c1,West Crystal,35-44,7,1,5
Non-Fiction,Lewis-Santiago,2013,Hear they.,f533ee21-9e39-4e35-9480-0abef170a36d,Englishfort,45-54,3,5,4
Non-Fiction,Lewis-Santiago,2013,Hear they.,96ceb1fc-bef6-471b-839b-264518626cbc,New Kevin,Under 18,6,2,5
Non-Fiction,Lewis-Santiago,2013,Hear they.,5fcfe199-d298-43b9-88f7-0b7d47d5fb9a,Milesview,25-34,10,3,1
Fiction,Meyer-Moreno,2021,Between without.,b9494f03-4c1e-4727-a5f8-525b72f8affa,Port Christine,25-34,10,4,1
Fiction,Meyer-Moreno,2021,Between without.,28a3a9c5-89de-4216-bf9a-aa5fcec1af61,Port Mary,25-34,6,1,1
Fiction,Meyer-Moreno,2021,Between without.,a0ab9d95-f80a-4e79-98b9-c7ddc8f0c0d5,Lloydfurt,Under 18,1,1,2
Fiction,Meyer-Moreno,2021,Between without.,c385a3ab-d889-4193-b7e6-c0c6c6f7458e,Hawkinsshire,Under 18,6,3,3
Fiction,Meyer-Moreno,2021,Between without.,6b1ea90b-491a-4a08-9f7e-846d7e0facb9,Port James,18-24,5,4,2
Fiction,Meyer-Moreno,2021,Between without.,aebf94dc-8e3a-4de1-8095-531311e28789,Sullivanbury,45-54,9,2,4
Fiction,Meyer-Moreno,2021,Between without.,21997d92-5954-4609-bb1e-0981bdf8671f,Lake David,45-54,10,5,1
Fiction,Meyer-Moreno,2021,Between without.,c4887e67-9d26-40eb-a3ad-0139969e9286,South Sandraburgh,35-44,8,2,1
Science Fiction,Campbell Group,2015,Series great.,54abb75e-8b8e-4d80-bb88-da417be1d068,Gomezchester,Under 18,2,1,4
Science Fiction,Campbell Group,2015,Series great.,e0462f69-d281-481f-b925-258668f655e6,South Joshuahaven,35-44,6,1,5
Science Fiction,Campbell Group,2015,Series great.,d7681d95-9d30-43a7-aec8-7e5a5d1d5fa1,Antonioton,45-54,6,1,1
Science Fiction,Campbell Group,2015,Series great.,ca4a68c4-9a3f-4a98-a584-ccbd8b3dc04f,Dawsonberg,55+,8,4,4
Science Fiction,Campbell Group,2015,Series great.,4296af79-26ac-40d3-969f-f1abde587789,Nelsonview,Under 18,1,5,2
Science Fiction,Campbell Group,2015,Series great.,e68b76d5-f372-494c-8655-345c607f8211,South Jane,18-24,10,5,3
Fiction,"Cooper, Sims and Perez",1955,Half able along.,6af523ab-adf2-45fc-92ac-a40ee57f95ef,Andrewberg,35-44,8,4,5
Fiction,"Cooper, Sims and Perez",1955,Half able along.,a92c7c64-2a6c-4e23-a790-0d2db14a392c,Martinborough,25-34,1,2,1
Fiction,"Cooper, Sims and Perez",1955,Half able along.,24eb3bf4-26d2-4f82-b333-79e43320f44c,Howellborough,45-54,7,3,4
Mystery,Wilkinson Group,1982,Ready always response.,3f14fc93-1968-40d5-a364-80bce04026f0,New Coreytown,18-24,10,5,5
Mystery,Wilkinson Group,1982,Ready always response.,a6558e37-f586-4b34-a398-1864b4b79e29,Tranmouth,45-54,6,5,5
Mystery,Wilkinson Group,1982,Ready always response.,ac6bcd3d-939e-4562-8c5f-400803f4e745,Port Karenport,45-54,7,4,2
Mystery,Wilkinson Group,1982,Ready always response.,ceb2c233-2a39-403d-bb01-39740ba991bb,Taylorside,25-34,1,4,4
Mystery,Wilkinson Group,1982,Ready always response.,ea9c6dd8-5a8b-40fd-b212-82778d306046,Cooperfort,35-44,5,1,4
Mystery,Wilkinson Group,1982,Ready always response.,0f43bc84-c627-4c2e-8835-ee02a97cedb2,South Robert,18-24,4,2,3
Mystery,Wilkinson Group,1982,Ready always response.,482ddf9d-fadf-4a25-a87a-f4a535cd902f,Hayesport,55+,4,4,3
Mystery,Black-Hardy,2006,Six add rate.,87e8726e-d108-43b6-aec1-2786a07d7f42,New Mark,35-44,7,3,1
Mystery,Black-Hardy,2006,Six add rate.,d5ffaf49-5577-4c2c-9208-b6a985f1c89e,New Dawnberg,18-24,6,2,3
Mystery,Black-Hardy,2006,Six add rate.,8b1f2ec6-77ec-491d-bcd0-2771a62bad43,South Javier,55+,2,3,1
Mystery,Black-Hardy,2006,Six add rate.,c5970e04-0fe3-435c-be0b-a895ab8d7be6,Gonzalesville,55+,1,2,2
Mystery,Black-Hardy,2006,Six add rate.,5871049e-1519-4f04-88a4-23b87f4e867b,West Paigemouth,35-44,7,4,4
Mystery,Black-Hardy,2006,Six add rate.,9c20ceb7-18b3-4cd9-8bc2-41f1423ba1c3,Maddoxhaven,25-34,8,5,1
Mystery,Black-Hardy,2006,Six add rate.,2f2bb79b-d1ea-47cc-89a7-b41ec431f913,New Luischester,35-44,1,1,5
Mystery,Black-Hardy,2006,Six add rate.,ccd2cd45-7dbc-4ea4-8670-7eab087fb3d6,Avilaberg,45-54,4,2,3
Mystery,Black-Hardy,2006,Six add rate.,d3951a7c-b9d5-47cb-a550-072e0392f057,Millerland,18-24,8,4,1
Mystery,Black-Hardy,2006,Six add rate.,9b26adc2-fbdd-485f-933f-10183a4e0e3c,South Ashley,25-34,2,3,3
Mystery,Gaines Inc,1984,Step upon.,b34d5954-aaea-4106-8d55-a4b702494d75,Lake Davidland,Under 18,4,1,2
Mystery,Gaines Inc,1984,Step upon.,fc363f50-88c1-4bd6-8183-4e25b552e46c,Kaylabury,35-44,7,4,5
Mystery,Gaines Inc,1984,Step upon.,c170ccfc-d8af-4f0b-b325-293fe5ba1e02,Jamestown,35-44,1,2,3
Mystery,Gaines Inc,1984,Step upon.,b1553fdf-7ed6-4774-bf95-1c70ce494afc,Jacquelinemouth,55+,5,2,5
Non-Fiction,"Wood, Conway and Hampton",2001,Measure them.,702a9275-f271-43eb-8170-2626de5cf901,Port Laura,25-34,6,1,4
Non-Fiction,"Wood, Conway and Hampton",2001,Measure them.,8c28820b-3e49-4325-af9f-182da209c0f5,Karaburgh,45-54,7,2,4
Fiction,Harris Group,2003,Image task deal.,580302b2-114e-4f85-8fd4-0a30b39df51a,Wesleytown,25-34,1,2,2
Fiction,Harris Group,2003,Image task deal.,4c596cb7-9f2c-4e12-93aa-dc77feb138dc,West Sandraton,25-34,8,1,3
Science Fiction,Montoya and Sons,1991,Myself rise whatever.,42233299-3efb-4763-aebb-424e132e0a80,Lake Gregg,55+,8,4,1
Science Fiction,Montoya and Sons,1991,Myself rise whatever.,0d58ff92-b936-41e2-8bce-4640367006d8,East Joseph,35-44,4,4,2
Science Fiction,Montoya and Sons,1991,Myself rise whatever.,40e0df98-2a26-43b0-8b45-de32ea12ca93,Hesterville,55+,5,1,4
Science Fiction,Montoya and Sons,1991,Myself rise whatever.,4948f316-63b3-4a24-9126-1fdff3c0a55f,Christopherland,25-34,6,2,2
Science Fiction,Montoya and Sons,1991,Myself rise whatever.,259671f2-8926-451c-b578-c3995c10a855,North Garyborough,18-24,1,5,5
Science Fiction,Montoya and Sons,1991,Myself rise whatever.,99e7820e-483e-4cdd-924a-152d30f7a0e1,Lake Ronaldberg,18-24,2,3,1
Science Fiction,Montoya and Sons,1991,Myself rise whatever.,2039d15a-ee0c-4771-aba3-61aadf73160a,Mccluremouth,35-44,1,2,2
Science Fiction,Montoya and Sons,1991,Myself rise whatever.,3e90ef29-8083-4961-8fdd-4cf6866560eb,Williamsport,35-44,2,3,5
Fantasy,Russo-Smith,1983,Heavy model like.,e00bb786-fc67-40eb-8814-a8657e782ac3,Burgessstad,Under 18,4,1,4
Fantasy,Russo-Smith,1983,Heavy model like.,e713d7ef-4c17-4607-9ef0-43d85f9af2e0,Mitchellfurt,55+,2,5,1
Science Fiction,Rogers and Sons,1976,Boy specific.,10726240-c149-44f1-9ef8-cf12fd832791,East Bruce,25-34,3,4,4
Science Fiction,Rogers and Sons,1976,Boy specific.,dc6e501c-fb8f-48f3-81a9-80e5ae59fe23,East Mandymouth,18-24,3,1,5
Science Fiction,Rogers and Sons,1976,Boy specific.,ad0f4269-c3ae-48ff-8ba9-62c54b9822c9,East Nicoleshire,55+,1,1,2
Science Fiction,Rogers and Sons,1976,Boy specific.,033508dc-5170-4aae-85f1-279a533576b8,Mcfarlandhaven,18-24,3,1,4
Science Fiction,Rogers and Sons,1976,Boy specific.,17fc7d82-6496-497d-a83d-6ee93fd84787,Hurleyborough,25-34,7,5,5
Science Fiction,Rogers and Sons,1976,Boy specific.,8c70d4b7-5006-47b0-908f-59a9f5ccec5c,Estradamouth,18-24,7,4,4
Science Fiction,Rogers and Sons,1976,Boy specific.,00389db7-eed8-472f-bb29-58aeb0020a43,Terrishire,25-34,8,1,1
Science Fiction,Rogers and Sons,1976,Boy specific.,080bc137-5038-40b5-8be4-67d88956f754,North Mike,35-44,7,2,4
Science Fiction,Rogers and Sons,1976,Boy specific.,1a8a2915-b07f-4686-9d1f-78bf991dfa5f,Brownberg,45-54,5,5,5
Fantasy,Lopez-Cabrera,1988,Structure past front.,5f1809cb-b7b4-4055-90d0-8f95bcf25318,Kimberlychester,18-24,8,3,5
Fantasy,Lopez-Cabrera,1988,Structure past front.,4e4f729e-2795-4777-b755-5c72cb846a6d,New Olivia,25-34,10,5,3
Non-Fiction,Jones-Thompson,2011,Something job.,1a05a58e-11dd-41c4-9a30-c5a7c190d749,Brandyborough,55+,9,3,3
Non-Fiction,Jones-Thompson,2011,Something job.,f3adc2f6-936c-418c-817c-30bba7a80c71,North Jeffreyberg,Under 18,2,1,2
Non-Fiction,Jones-Thompson,2011,Something job.,915feff4-bce4-4a6c-936e-3c1f7097d7dc,New Ronald,25-34,6,5,1
Non-Fiction,Jones-Thompson,2011,Something job.,339e73f6-b254-4a0a-990e-a481c6ed0a07,Jennifertown,55+,8,4,3
Non-Fiction,Jones-Thompson,2011,Something job.,5f8b787c-7014-4b1e-98ab-f95f7a202c0b,North Lori,45-54,7,2,5
Non-Fiction,Jones-Thompson,2011,Something job.,40865287-1b6c-4a48-a07c-4a7b464a7eb6,South Cindy,35-44,2,1,4
Mystery,"Calderon, Kline and Davis",1971,Pull item.,cb7bf20b-c111-49cd-a924-4a5e0d5b319e,Port James,55+,7,5,3
Mystery,"Calderon, Kline and Davis",1971,Pull item.,da76cd2b-c399-4a3e-b37d-99444aed1a80,South Carrie,25-34,4,2,5
Mystery,"Calderon, Kline and Davis",1971,Pull item.,735259c2-db8f-4ddd-b861-9cf42c404d99,Juanville,55+,1,3,4
Mystery,"Calderon, Kline and Davis",1971,Pull item.,3c23af6a-143f-4e96-ab1e-69efbaa3a0cb,Lake Kyleberg,18-24,1,1,3
Mystery,"Calderon, Kline and Davis",1971,Pull item.,7c7768b6-2e67-43bc-9d34-434b8c9f91c8,East Patrick,45-54,6,3,3
Mystery,"Calderon, Kline and Davis",1971,Pull item.,77ec0923-7ec4-4466-909c-67507c7428d1,Wongburgh,45-54,3,4,4
Mystery,"Calderon, Kline and Davis",1971,Pull item.,f638891d-9f99-4136-a7d8-a39277d0c747,North Tylerstad,Under 18,8,4,4
Mystery,"Calderon, Kline and Davis",1971,Pull item.,35368511-2d89-44b4-90d1-daa69f54fcae,East Kayla,18-24,10,4,2
Mystery,Rivas LLC,1962,Determine.,efbe7b3a-9b73-4865-9c67-cd73fe85c302,Warnerton,Under 18,7,2,1
Mystery,Rivas LLC,1962,Determine.,8a4a5eb9-9708-4044-aa6f-d84e11e5d2d6,North Thomas,Under 18,5,3,5
Mystery,Rivas LLC,1962,Determine.,e3d60d23-66da-47a9-8371-fe0f20eb2999,West Sandramouth,18-24,8,4,1
Mystery,Rivas LLC,1962,Determine.,9d6dfa43-3eca-40e0-9f76-5ed302f993e6,Harristown,35-44,3,3,2
Mystery,Rivas LLC,1962,Determine.,837992e5-4735-41cc-8c2e-7c8e1c89b42e,Jimenezshire,18-24,6,4,1
Mystery,Rivas LLC,1962,Determine.,dd196bb2-44de-40fc-9119-204bee082f94,Blackfurt,45-54,2,4,1
Mystery,Rivas LLC,1962,Determine.,6417c9b7-b2f8-4ae7-9bd5-edca022491b1,Careyport,Under 18,8,3,2
Fiction,Dickson-Dalton,1957,Such worker hear.,311ef569-03d0-4a23-ac21-1a4bc6b8e33c,West Suzanneshire,Under 18,6,2,1
Fiction,"Hawkins, Aguirre and Ruiz",1994,Star forget.,140273de-7e53-4ee7-b375-d74203151e37,Washingtonport,35-44,5,3,5
Fiction,"Hawkins, Aguirre and Ruiz",1994,Star forget.,b97934c1-f5ad-4117-b4e4-90a09e2bb197,Jasonberg,25-34,9,1,1
Fiction,"Hawkins, Aguirre and Ruiz",1994,Star forget.,8fe723dd-3106-45ac-b928-4cc463c07fce,Lopezberg,45-54,6,4,2
Fiction,"Hawkins, Aguirre and Ruiz",1994,Star forget.,a3759b28-528e-4124-8913-38350c8ec75a,New Davidhaven,18-24,5,5,4
Fantasy,"Murphy, Gutierrez and Frost",2019,Customer instead painting.,bbd638f0-f348-4329-8bd6-1ca616f1c875,South Elizabeth,Under 18,6,2,5
Fantasy,"Murphy, Gutierrez and Frost",2019,Customer instead painting.,18f7de8a-cbb6-4d29-a7e8-b2d5c00f8606,South Catherineland,18-24,1,5,4
Fantasy,"Murphy, Gutierrez and Frost",2019,Customer instead painting.,b9ead05b-597c-4d45-ac3f-61ea14fbb7ab,New Sue,18-24,9,2,1
Fantasy,"Murphy, Gutierrez and Frost",2019,Customer instead painting.,cc25a68f-628a-4086-90b4-b115f61c210d,Santanaborough,35-44,10,3,4
Fantasy,"Murphy, Gutierrez and Frost",2019,Customer instead painting.,fe043ce4-27c7-45c7-ace6-b598b7a6db61,Ortizport,18-24,1,2,4
Fantasy,"Murphy, Gutierrez and Frost",2019,Customer instead painting.,b22d0bde-deb4-4d1c-9859-368a550a6ebf,Natalieberg,25-34,6,4,3
Fantasy,"Murphy, Gutierrez and Frost",2019,Customer instead painting.,186d28ad-9c48-4e44-8dfc-ce8ad45f8139,Lake Hannah,18-24,5,2,5
Fantasy,"Murphy, Gutierrez and Frost",2019,Customer instead painting.,e5157fa6-d438-4a6f-a288-300a5f756316,Hickmanview,55+,5,3,4
Fantasy,"Martinez, Marshall and Huerta",1993,Every task phone.,511477f3-cd78-4a4e-aada-aa4d2df5ca61,South Richardfort,18-24,7,4,2
Fantasy,"Martinez, Marshall and Huerta",1993,Every task phone.,71d4b6bc-b922-4fcd-8717-733fce14796d,West Katrina,Under 18,3,4,3
Fantasy,"Martinez, Marshall and Huerta",1993,Every task phone.,aa3ae306-6715-43cf-a182-0610aeb93f23,East Timothymouth,35-44,9,2,4
Fantasy,"Martinez, Marshall and Huerta",1993,Every task phone.,9cfea273-4f84-4521-b8c3-998e1bb5416f,New Veronicabury,25-34,9,2,3
Fantasy,"Martinez, Marshall and Huerta",1993,Every task phone.,4d77c54b-a82d-4797-a343-bedeb394968a,Walkershire,Under 18,9,2,2
Fantasy,"Martinez, Marshall and Huerta",1993,Every task phone.,5a190226-75e4-48f5-a84e-2b296a4d0e7f,Erinborough,45-54,2,1,4
Mystery,Sullivan-Mills,1994,Star per.,cfaa8427-33fe-4b15-aa25-a28c4258d92c,Sotochester,35-44,3,3,1
Mystery,Sullivan-Mills,1994,Star per.,6de11d6e-4bf4-4a54-a15c-cd50e75d388b,Lewisport,18-24,8,3,2
Mystery,Sullivan-Mills,1994,Star per.,60acc7e9-ce66-4fb4-b58b-e56f95804e5c,Lake Amandaland,Under 18,1,1,2
Mystery,Sullivan-Mills,1994,Star per.,098e6771-04bb-47d2-967c-973b5d8856f6,North Mark,55+,1,4,5
Mystery,Sullivan-Mills,1994,Star per.,6df2eabd-5867-4086-b5fb-02e7e2f1b03b,Port Albertshire,18-24,10,3,1
Mystery,Sullivan-Mills,1994,Star per.,dd66acba-fffc-4a91-83f8-442313be5be2,North Adam,45-54,8,4,2
Mystery,Sullivan-Mills,1994,Star per.,db063569-5156-4ab4-ac81-c639fba5132b,Ellisland,45-54,6,4,2
Non-Fiction,Cortez-Cortez,1996,Keep.,3c147cea-3d7d-4a12-970d-7fa21474b1a5,Kristamouth,25-34,2,1,2
Non-Fiction,Cortez-Cortez,1996,Keep.,99b6f907-3ca9-423e-9ba7-8e0abde0351b,Jessicaland,35-44,2,2,5
Non-Fiction,Cortez-Cortez,1996,Keep.,c1dcdea2-3a1b-498e-870d-e3bafe123ecc,Lauratown,18-24,6,5,2
Non-Fiction,Cortez-Cortez,1996,Keep.,902aaf11-a2db-434e-880d-aef90b5f3c20,Suareztown,55+,6,4,5
Non-Fiction,Cortez-Cortez,1996,Keep.,4af72e37-ec88-405c-99b1-71845fd32cf1,Ortegafurt,Under 18,7,2,4
Non-Fiction,Cortez-Cortez,1996,Keep.,5061781d-57eb-4e10-88f4-e199fd50dbab,Gonzalesfort,Under 18,5,4,1
Non-Fiction,Cortez-Cortez,1996,Keep.,3c8f9a4c-a3d3-45d5-a36c-9c09ec8a4c91,Port Damon,25-34,4,5,4
Non-Fiction,Cortez-Cortez,1996,Keep.,7689d2a4-1a47-4c40-a813-b24b09968e05,Portertown,45-54,8,1,1
Non-Fiction,Cortez-Cortez,1996,Keep.,16ef026a-1c1b-4efe-ac69-dca484ea6c5d,Port Elizabeth,18-24,9,1,4
Non-Fiction,Matthews Group,1970,Of like.,ef45dc1f-5111-45ce-a37a-c361ee2f185c,East Lisa,25-34,6,1,1
Non-Fiction,Matthews Group,1970,Of like.,1ecb7cdf-5725-416e-ba3a-490aeee32bd0,Greenstad,Under 18,3,3,1
Non-Fiction,Matthews Group,1970,Of like.,9a0dea9f-2ced-4c85-96a3-0211c656bb4a,Cooleyside,Under 18,3,3,3
Non-Fiction,Matthews Group,1970,Of like.,e5ea735e-0103-45cb-8d45-bebfca28e8c3,Andersonberg,35-44,7,4,4
Non-Fiction,Matthews Group,1970,Of like.,02a51822-8966-4a6e-ae5f-b68d1f191354,Kellyview,35-44,4,2,2
Non-Fiction,Matthews Group,1970,Of like.,ac675a72-e767-45e1-8c3f-2d98c2cdda3b,Andrewmouth,18-24,2,5,3
Non-Fiction,Matthews Group,1970,Of like.,f8ee46ac-71db-4d9a-8721-c0e837dc27db,Donnaton,35-44,6,1,4
Non-Fiction,Matthews Group,1970,Of like.,afe391a2-0207-479a-96d9-20dbc3168760,West Michellefort,35-44,3,5,5
Fantasy,Bowman LLC,1958,Professional customer.,40502bdf-4cf5-4d73-bfc2-5bafa5e31724,Port Mark,35-44,9,1,1
Fantasy,Bowman LLC,1958,Professional customer.,a06ac5ec-88ec-4af8-8227-54e21bf86ae3,West Sandraville,55+,1,2,5
Fantasy,Bowman LLC,1958,Professional customer.,7a106912-18ed-4755-90d4-9a60bac87fa7,Ryanfurt,Under 18,9,1,2
Fantasy,Bowman LLC,1958,Professional customer.,07770ac6-6210-4d64-93b1-25f163d60625,West Peggy,18-24,2,3,5
Fantasy,Bowman LLC,1958,Professional customer.,f6ffb74a-21a4-41e1-b1ea-11b3a1d8000c,East Yolanda,18-24,6,4,3
Fantasy,Bowman LLC,1958,Professional customer.,f730b5c3-b8fb-434a-9654-dd68af4de95e,New Kirstenshire,25-34,2,4,2
Fantasy,Bowman LLC,1958,Professional customer.,45428776-0acc-4d70-91cc-fba577ce9a9b,South Tinaport,25-34,1,1,5
Fantasy,Bowman LLC,1958,Professional customer.,0b4fc170-da75-4ef5-9865-271a5b6c53a2,Brianfort,35-44,5,3,3
Fantasy,Bowman LLC,1958,Professional customer.,acc07eee-d2f6-4b0a-b976-2686643fd3d1,North Brandon,55+,10,4,2
Fantasy,Beltran-Hammond,1973,Do drop be.,e1d87fad-629f-4c63-b261-fc8adb1ac29c,South Andrewview,Under 18,9,1,2
Fantasy,Beltran-Hammond,1973,Do drop be.,b945f13c-0d4a-41f7-b340-ab36cfddb61e,Markborough,55+,8,4,3
Fantasy,Beltran-Hammond,1973,Do drop be.,9969b561-725e-493b-b775-98d4b467c455,Port Walter,35-44,6,4,4
Fantasy,Beltran-Hammond,1973,Do drop be.,3924e0be-7088-4792-8234-0b93822b2d47,New Andrewhaven,18-24,6,3,4
Fantasy,Beltran-Hammond,1973,Do drop be.,4c90ee30-b92c-4bf3-885a-8b05bc6e11ac,East Jeffrey,35-44,10,2,1
Fantasy,Beltran-Hammond,1973,Do drop be.,8d95366a-181d-41b3-b069-e70bee1815bc,South Jenniferton,Under 18,9,4,2
Fantasy,Beltran-Hammond,1973,Do drop be.,1dddeecb-b493-432b-b8ed-84b4fec90aee,Wilsonbury,35-44,3,5,4
Fantasy,Beltran-Hammond,1973,Do drop be.,3c9f1c11-86d1-4aba-a80c-4bf1d6b38787,North Lawrence,Under 18,2,4,5
Fantasy,Beltran-Hammond,1973,Do drop be.,a4e7f652-e72e-4ecd-b463-e207dead8f12,Romeroview,25-34,10,3,4
Fantasy,Beltran-Hammond,1973,Do drop be.,1a59a7ec-b2a3-41e8-846f-b99c16892214,Lake David,55+,4,1,2
Fiction,"Shields, Becker and Martin",1953,Republican respond.,580b1e67-4b45-4a69-b25b-f6db896a2576,New Johnton,18-24,8,4,2
Fantasy,Wolf-Howard,1980,Return wife alone.,1fb67815-d197-44fa-a789-2541b87bafdc,Shellyside,Under 18,10,4,4
Fantasy,Wolf-Howard,1980,Return wife alone.,982a028f-388d-4ab4-be6b-cb4dacae2840,Matthewview,18-24,3,5,5
Fantasy,Wolf-Howard,1980,Return wife alone.,634398ee-9ad8-4081-8809-1332c78f6161,Dawsonfort,25-34,8,3,5
Fiction,"Murphy, Taylor and Martinez",1976,Boy someone author.,4f480b5c-dcff-4503-b9c2-9bdcb77bf776,New Cynthiaborough,55+,7,4,5
Fiction,"Murphy, Taylor and Martinez",1976,Boy someone author.,66cbcafe-97ce-4902-89d8-7dd94e787a8c,Josephhaven,35-44,9,2,5
Fiction,"Murphy, Taylor and Martinez",1976,Boy someone author.,ebc173bf-daf2-450e-b2f8-4281159eb680,Claudiaview,Under 18,7,5,1
Fiction,"Murphy, Taylor and Martinez",1976,Boy someone author.,5cefbd7a-b5f3-4857-a605-e32522a16053,Flemingbury,35-44,4,2,3
Fiction,"Murphy, Taylor and Martinez",1976,Boy someone author.,376c1e82-a841-43e0-a1b3-7f47fce175af,Josehaven,25-34,2,2,1
Fiction,"Murphy, Taylor and Martinez",1976,Boy someone author.,d8065aab-4560-49ea-9b51-81e109b14839,Reesestad,Under 18,7,5,4
Fantasy,Curtis LLC,1989,Happy yet talk.,c5142307-38fa-43bf-adcd-94b8849ad9df,Port Richardbury,Under 18,4,4,5
Fantasy,Arnold-Kline,1955,Body.,7860935c-bca7-47cf-9d5e-0fc445e7d912,North Patriciatown,25-34,9,3,3
Fantasy,Arnold-Kline,1955,Body.,df8cf95c-f214-4285-8433-06be78fb296a,Port Latoya,Under 18,2,3,2
Fantasy,Arnold-Kline,1955,Body.,c9ce847a-6d7c-4b0c-add7-f2065e712b85,East Ryanhaven,Under 18,5,4,2
Fantasy,Arnold-Kline,1955,Body.,a5c54847-18a2-419d-88ac-ac91fe5b0907,Andrewfurt,55+,2,2,2
Fantasy,Arnold-Kline,1955,Body.,1d9d1add-c1ed-4ad0-8584-8069515dc738,East Stephenfurt,Under 18,2,2,4
Mystery,Mccoy and Sons,1990,Us sport member.,28d35f70-e8f7-4a7a-85f6-1be6aefcf4b0,Whitakerborough,35-44,7,2,2
Mystery,Mccoy and Sons,1990,Us sport member.,b1e4bb25-165a-4c55-8bb0-cac918796d16,South Hannah,45-54,6,3,4
Mystery,Mccoy and Sons,1990,Us sport member.,ce20389f-ccb2-4a0c-9167-4ed52b5d078c,Kimberlyton,Under 18,3,1,1
Mystery,Mccoy and Sons,1990,Us sport member.,e6734c71-5f47-4128-84fd-dad473b5687e,New Shannonbury,55+,9,3,1
Mystery,Mccoy and Sons,1990,Us sport member.,def63d08-73e6-4bdf-bf70-767e66072cc2,Cameronhaven,45-54,4,1,4
Mystery,Mccoy and Sons,1990,Us sport member.,22832926-52ad-46bd-9fad-ca22d07a1665,Jeffberg,18-24,3,2,1
Mystery,Mccoy and Sons,1990,Us sport member.,d71aeaff-87bc-4060-9c4c-e2b159d06673,Haydenland,35-44,3,5,3
Mystery,Mccoy and Sons,1990,Us sport member.,6fab8d60-147e-4043-9684-23b0495dd0b4,West Williamhaven,Under 18,2,1,3
Mystery,Mccoy and Sons,1990,Us sport member.,5f69e870-c8f5-440d-8522-f9977a424bd9,East Coreyshire,Under 18,8,2,4
Fiction,Alexander-Martinez,2013,Strong.,40a71ac9-b09e-4bb1-98bc-31ca211d2933,South Kevinbury,25-34,7,5,4
Fiction,Alexander-Martinez,2013,Strong.,d9349b26-a64c-4271-a782-9c36adb9b618,Georgeborough,Under 18,9,2,1
Fiction,Alexander-Martinez,2013,Strong.,4430ba28-9402-422d-955c-295e4c5ce91e,Lake Sandra,45-54,3,1,3
Fantasy,Adams LLC,1982,Beyond policy.,fc4a5da5-da4c-4317-a8e6-d9388f3eb00e,Ortegafort,55+,10,4,5
Fantasy,Adams LLC,1982,Beyond policy.,5d71499e-7a97-4428-880a-89eeaeceb055,East Matthewfurt,25-34,8,2,5
Fantasy,Adams LLC,1982,Beyond policy.,3896244c-e649-496a-94b5-c93add71a0f4,Owensstad,45-54,9,5,1
Fantasy,Adams LLC,1982,Beyond policy.,d912ca9b-60ce-48ae-bf46-618ce95fbdfd,New Erinstad,Under 18,5,1,3
Fantasy,Adams LLC,1982,Beyond policy.,2a7ca8c6-644f-4c17-9df7-16e91ac4199a,North Nicole,45-54,2,5,4
Fantasy,Adams LLC,1982,Beyond policy.,1a2241ec-472e-44ad-b079-b2afb6edbfd6,Jamesburgh,35-44,3,3,2
Fantasy,Adams LLC,1982,Beyond policy.,32ff5ab6-f4db-4b4b-971c-fb23f7355a55,Port Sarah,35-44,8,1,5
Fantasy,Adams LLC,1982,Beyond policy.,0184ef59-d88c-4e39-9762-183b3d07739d,South Amandaburgh,18-24,9,4,3
Fantasy,Adams LLC,1982,Beyond policy.,3fbab488-17d4-4206-8cff-56174f073056,Sparksshire,55+,2,5,5
Fantasy,Adams LLC,1982,Beyond policy.,91f661df-0dcf-4f9a-8fa9-301bf992cd0f,New Keithfurt,25-34,8,3,3
Non-Fiction,"Sanders, Garner and Fuller",1988,Will walk range.,b7b01687-5d47-48e5-bab7-2ec24b84e9e1,Bradyshire,25-34,2,1,4
Mystery,Thomas-Sutton,1989,Support several.,30a2b441-5c82-496a-ac1e-16458ffdcf71,Morrismouth,18-24,7,4,5
Mystery,Thomas-Sutton,1989,Support several.,c5ead1aa-ca6c-4bad-b2a3-0c8ae34852e2,Santanahaven,25-34,2,2,4
Mystery,Thomas-Sutton,1989,Support several.,e97d1a29-d6d6-4f11-ae0d-1fb135484acf,West Markville,45-54,3,3,3
Mystery,Thomas-Sutton,1989,Support several.,614c701b-5bae-4fa1-acc4-e807ae7deebf,Richstad,18-24,1,5,2
Mystery,Thomas-Sutton,1989,Support several.,4a5ad509-d4b6-4814-8949-3b90f6fb3da4,Natashaton,Under 18,7,5,1
Mystery,Thomas-Sutton,1989,Support several.,036da6f0-c108-4185-a2a8-5db55982c9ab,Lake Leslie,55+,6,1,1
Mystery,Thomas-Sutton,1989,Support several.,0c226374-9306-4f5e-99ad-b0e1be6fe979,New Benjaminfurt,Under 18,6,2,1
Mystery,Thomas-Sutton,1989,Support several.,39016e96-147b-4496-b72b-60f698e38047,Robertoport,Under 18,9,5,5
Mystery,Thomas-Sutton,1989,Support several.,29c182b0-4cbc-4c07-85d4-797083c5cbe9,South Amy,25-34,6,2,5
Mystery,Thomas-Sutton,1989,Support several.,87bf4a05-c85b-4162-b90b-814a74b3ec87,Port Kimberlyfurt,18-24,9,3,1
Mystery,Reynolds LLC,1969,Budget car dinner.,21164806-4eb2-47ff-a502-07d8725041f2,Port Paul,Under 18,1,1,3
Mystery,Reynolds LLC,1969,Budget car dinner.,5a347dc2-740b-4df7-9ddb-9bb8f7d4761c,North Crystalchester,25-34,2,3,3
Fantasy,Yu-Sanchez,1970,Similar what.,ca7b0445-1bcb-49e0-a903-b442fe78c8e9,Stanleyshire,Under 18,5,2,2
Fantasy,Yu-Sanchez,1970,Similar what.,b1bb0ef7-faa0-4d77-be7b-723419974b56,East Joyfurt,55+,5,1,1
Fantasy,Yu-Sanchez,1970,Similar what.,2b818925-32be-46cd-8b57-ae0172c5b298,Warrenhaven,45-54,2,4,4
Fantasy,Yu-Sanchez,1970,Similar what.,1ff3456e-11b4-4819-a55a-cff383c6fea2,West Jason,Under 18,6,1,4
Science Fiction,Robinson Ltd,2001,Even expert throughout.,5ce0a3ed-dda6-4139-b99e-53b43a68de29,New Laurieland,45-54,1,1,5
Science Fiction,Robinson Ltd,2001,Even expert throughout.,7ddc2ff8-ea45-45fc-be42-b02c35c24667,Matthewburgh,55+,3,5,1
Science Fiction,Robinson Ltd,2001,Even expert throughout.,4499bce9-d91d-4443-84ac-d6cbeab44472,South Brian,25-34,1,3,1
Science Fiction,Robinson Ltd,2001,Even expert throughout.,2c85618b-404c-49e2-8481-b3d0228279b9,Robinport,45-54,2,3,5
Science Fiction,Robinson Ltd,2001,Even expert throughout.,ce630319-c865-437f-919b-a199e6d469e5,Timburgh,55+,2,3,2
Science Fiction,Robinson Ltd,2001,Even expert throughout.,2feca1cc-8d1d-401d-b3a5-d474510d69ed,West Bridgetstad,25-34,2,3,3
Science Fiction,Robinson Ltd,2001,Even expert throughout.,21426239-f8dc-4db1-ab5e-392a61d41d84,Nelsonside,45-54,10,3,1
Mystery,Rivera Inc,2023,Bit another suddenly but.,9f939b3f-f998-4723-a66b-13efe748811d,West Shelia,35-44,4,5,2
Mystery,Rivera Inc,2023,Bit another suddenly but.,261da542-efab-4fa2-bf5f-0e3ad2d2d337,Port Tiffany,25-34,10,2,5
Mystery,Rivera Inc,2023,Bit another suddenly but.,df2e495e-a024-430b-b283-0b536e43ff3a,Lake Kayla,55+,1,5,3
Mystery,Rivera Inc,2023,Bit another suddenly but.,7720dea6-a75f-4fd8-9e70-2875f591f157,Port Brian,18-24,8,5,1
Mystery,Rivera Inc,2023,Bit another suddenly but.,869a4d46-93a9-457a-b98a-c173ab6776f2,South Douglasshire,25-34,2,5,2
Science Fiction,Lang Inc,2008,Determine station.,ea41f488-042d-4ce0-ae81-6b7d8287c310,Port Roy,25-34,7,3,1
Science Fiction,Lang Inc,2008,Determine station.,41e387d5-fab3-4c48-828a-6d9cda147ac5,North Jenniferville,45-54,2,5,5
Science Fiction,Lang Inc,2008,Determine station.,77cb97e7-7e98-416b-9d57-9b7dc6dd9cd6,West Benjamin,35-44,7,4,3
Science Fiction,Lang Inc,2008,Determine station.,ca48df0c-67c8-4e68-ad71-49b43af04287,North Jerry,25-34,5,2,2
Science Fiction,Lang Inc,2008,Determine station.,1977d102-1cc3-4cd4-a18c-20ad07803e4f,Port Jacobland,55+,2,2,1
Science Fiction,Lang Inc,2008,Determine station.,c28180b0-c3b6-4a65-aaab-a0e22c96367d,Johnview,Under 18,2,4,2
Science Fiction,Lang Inc,2008,Determine station.,3af39195-e955-4795-a393-2500cc88f8c1,Marktown,35-44,6,4,4
Mystery,Hawkins-Glass,1955,Should account media.,b106b8cf-5996-4c0c-b601-3b82372dcf78,North Alfred,35-44,9,5,4
Fantasy,Campbell and Sons,1981,Too agent.,d9dee479-5867-4ae4-810b-c212631e2f03,Porterton,45-54,3,4,1
Fantasy,Campbell and Sons,1981,Too agent.,e8e234c2-dcfc-4500-9112-27364537229a,Garciatown,Under 18,5,4,2
Fantasy,Campbell and Sons,1981,Too agent.,9e77c8b7-bceb-447a-abe7-955649380707,Port Matthew,Under 18,4,1,4
Fantasy,Campbell and Sons,1981,Too agent.,7aa0c800-edcb-4ce0-af8d-20439b54b1e0,New Dianetown,18-24,4,4,3
Fantasy,Campbell and Sons,1981,Too agent.,b72b2bc3-722f-44a2-ba75-484f6f591bfc,Port Jessicabury,18-24,8,1,3
Fantasy,Campbell and Sons,1981,Too agent.,abc84c19-dd63-4381-8f7c-d1669ca785be,Evanberg,45-54,1,5,2
Mystery,"Ortiz, Hernandez and Figueroa",2002,Appear brother.,cb7897fd-9c71-4766-93fa-912ecc73a8cb,Lake Michelleshire,45-54,6,3,5
Mystery,"Ortiz, Hernandez and Figueroa",2002,Appear brother.,16caf428-77b8-43b9-af96-21bd7f58aee2,Paulfort,45-54,1,2,3
Fantasy,Howard-Smith,1957,Owner too girl.,6bf26904-0c61-4c8c-8238-62b53fa63d57,North Joshuaburgh,Under 18,7,3,4
Fantasy,Howard-Smith,1957,Owner too girl.,8123ed2b-dd78-4fbe-b09a-bef89ecbf67a,Lake Christopher,Under 18,9,1,2
Fantasy,Howard-Smith,1957,Owner too girl.,2a5e98b4-8512-49f5-b30b-8481715b5f22,Theresaborough,18-24,10,4,4
Fantasy,Howard-Smith,1957,Owner too girl.,946a6f0f-48e0-4759-a2ad-535730826a64,West Danielle,55+,10,5,2
Fantasy,Howard-Smith,1957,Owner too girl.,4019b55d-b70e-4551-aa91-e1e015801092,Jamesport,Under 18,3,1,1
Fantasy,Howard-Smith,1957,Owner too girl.,78ecdd63-1f70-4460-87ab-f324a242e36c,Michaelside,25-34,2,5,4
Fantasy,Howard-Smith,1957,Owner too girl.,c4c4337e-db6c-4565-af67-cf475fc2e3e5,Hawkinschester,Under 18,4,1,1
Fantasy,Howard-Smith,1957,Owner too girl.,28bc9aa2-759a-4942-a64f-ce321c2dc00a,Port Brianbury,55+,6,3,1
Fantasy,Howard-Smith,1957,Owner too girl.,3172908d-f9ee-4391-9ad2-b15cc7e3824f,South Scottborough,55+,10,2,3
Fantasy,Howard-Smith,1957,Owner too girl.,5b4e9e52-0ac3-415e-9f66-8df9ecfc2089,New Lisa,45-54,3,2,2
Science Fiction,Harris Ltd,2004,Reveal concern.,3da55398-5565-47bd-b74d-aba3956fafa2,Heatherport,45-54,1,5,5
Science Fiction,Harris Ltd,2004,Reveal concern.,492f4574-9249-48e4-a34f-c8916bf5111d,New Wesley,35-44,3,2,3
Science Fiction,Harris Ltd,2004,Reveal concern.,e488ea8e-c445-41c2-ba76-71d80591e467,Whiteborough,55+,3,3,5
Science Fiction,Harris Ltd,2004,Reveal concern.,c8447288-aa1d-44e8-8f7b-976fc6d7d3eb,Haleyfort,25-34,5,3,2
Science Fiction,Harris Ltd,2004,Reveal concern.,aa3ab1de-877a-4822-a1fb-d7bf51f2a4c3,Port Jackstad,35-44,10,5,2
Science Fiction,Harris Ltd,2004,Reveal concern.,124100cf-7afc-473b-8f70-fe5a1c179ced,East Kathleen,45-54,5,1,1
Science Fiction,Harris Ltd,2004,Reveal concern.,5a1a188f-b2cf-452c-bd9c-a7739c18418c,North Jeffreyfort,18-24,9,1,1
Science Fiction,Harris Ltd,2004,Reveal concern.,5a6c85a2-924c-4913-bbde-47b2d509cf19,East Mark,45-54,6,3,1
Science Fiction,Harris Ltd,2004,Reveal concern.,3a23e168-0192-4e52-93b2-a07cb07386f5,Anthonyhaven,Under 18,9,2,3
Science Fiction,Harris Ltd,2004,Reveal concern.,1d797ebf-7567-4ef0-b15b-a4b8b3b461e9,Jessicaton,55+,5,1,2
Non-Fiction,Wilson-Gallegos,1951,Time modern school.,c1865aad-7353-4855-bf78-d5affe3cb3d6,Port John,55+,4,4,2
Non-Fiction,Wilson-Gallegos,1951,Time modern school.,6f4d0887-693e-4481-b189-96c32b12928a,Huangmouth,18-24,8,4,3
Non-Fiction,Wilson-Gallegos,1951,Time modern school.,76c4beb9-e016-421f-87dc-4d35a3eafd7f,Tonybury,35-44,4,3,5
Non-Fiction,Wilson-Gallegos,1951,Time modern school.,2ef8b4c5-f109-4f4e-a829-73d0edda91dd,South Lori,35-44,7,4,5
Non-Fiction,Wilson-Gallegos,1951,Time modern school.,61d84190-2855-4144-96f0-217acdc3c4f3,North Aaron,Under 18,4,5,3
Non-Fiction,Wilson-Gallegos,1951,Time modern school.,ab3c6c13-c812-4d34-adf7-3ca212cbda37,North Nicoleside,55+,8,4,3
Non-Fiction,Wilson-Gallegos,1951,Time modern school.,3d7f5ea1-5be8-4cb7-949d-f9c9928a8c2b,Martinezview,45-54,10,4,1
Non-Fiction,Wilson-Gallegos,1951,Time modern school.,fa83fed6-7ce8-49df-9cf7-40ad1a69f341,West Debraland,25-34,1,5,4
Non-Fiction,Wilson-Gallegos,1951,Time modern school.,be69beb9-ede0-4514-b574-94ba6604d668,South Tammy,18-24,2,4,5
Fiction,"Mckenzie, Melton and Hunt",2014,Face reflect quality.,cb0a231a-8af9-4432-b7ff-2cf6452f29ce,North Travis,25-34,5,5,1
Fiction,"Mckenzie, Melton and Hunt",2014,Face reflect quality.,3403f74f-8286-4c89-b544-5507dd66e951,Crystalmouth,35-44,8,2,5
Fiction,"Mckenzie, Melton and Hunt",2014,Face reflect quality.,0ae54578-2046-4c40-8a10-29ae442982a8,Mccoychester,18-24,6,3,5
Fiction,"Mckenzie, Melton and Hunt",2014,Face reflect quality.,a0c5b7f4-7263-46cb-bd9d-1c647dce8882,North Elizabeth,45-54,10,2,2
Fiction,"Mckenzie, Melton and Hunt",2014,Face reflect quality.,3ddec6c0-cdf9-4879-a153-e977f6650ca9,North Tylerport,55+,5,2,4
Fiction,"Mckenzie, Melton and Hunt",2014,Face reflect quality.,717084ba-09a5-41af-9bbe-c9137346f831,Michaelton,18-24,1,3,5
Fiction,"Mckenzie, Melton and Hunt",2014,Face reflect quality.,4ee60470-5ba7-4b09-89de-6087e181e241,West Kimburgh,18-24,5,4,3
Fiction,"Mckenzie, Melton and Hunt",2014,Face reflect quality.,c24f445e-75e0-40fa-87dd-17c3dbec6af6,South Brandonberg,45-54,10,2,4
Fiction,"Mckenzie, Melton and Hunt",2014,Face reflect quality.,51896abe-719a-41c5-bb3e-5625570e338f,Mcdanielview,25-34,5,2,5
Fiction,"Mckenzie, Melton and Hunt",2014,Face reflect quality.,117b09a7-bcc5-4bd5-b56d-7dace3c1b4f8,South Sharonton,18-24,9,3,2
Non-Fiction,"Jennings, Hunt and Henderson",1962,Mention speak.,dd5c7eb9-723b-4f5e-98bb-d75a264fdf3d,North Lisa,Under 18,5,2,1
Non-Fiction,"Jennings, Hunt and Henderson",1962,Mention speak.,0682d7d2-14f6-4170-8517-9d06257283eb,Rhondaville,35-44,9,5,4
Non-Fiction,"Jennings, Hunt and Henderson",1962,Mention speak.,e86221d3-7673-4396-9cbb-58c2dd9b3434,North Amanda,45-54,4,1,2
Non-Fiction,"Jennings, Hunt and Henderson",1962,Mention speak.,cf4aa8b1-c79c-438f-a931-3f9a3d27fea1,New Meghan,Under 18,7,3,4
Fiction,Nicholson-Lopez,1996,She responsibility.,2713a964-282e-416d-a4e9-72a3bf3f3259,South Harold,35-44,1,3,5
Fiction,Nicholson-Lopez,1996,She responsibility.,e2ae32f7-7799-4f72-ba3e-1e8f70a4c582,West Elizabethton,55+,9,1,1
Fiction,Nicholson-Lopez,1996,She responsibility.,206eef8c-8fca-4c46-b025-ad7f1c1214d3,New Carolynport,25-34,6,5,4
Fiction,Nicholson-Lopez,1996,She responsibility.,16c405a2-6f9f-44f6-8746-f0c3ef177a8d,Harrisonmouth,Under 18,2,4,4
Fiction,Nicholson-Lopez,1996,She responsibility.,f939ecab-2039-4ed9-affb-0be07216b4a1,East Richard,Under 18,9,3,3
Fiction,Nicholson-Lopez,1996,She responsibility.,84b022b3-f906-410d-9732-1981a44fd91c,Mccartybury,Under 18,2,1,4
Fantasy,"Collins, Lee and Stanley",1959,Interesting four four.,4b4518c1-a0b0-4ff9-87c6-cb538f5729fa,North Blake,45-54,7,4,4
Fantasy,"Collins, Lee and Stanley",1959,Interesting four four.,0a9a24dd-1000-4cde-90d5-8f110c5efea6,New Valerieberg,35-44,3,2,4
Fantasy,"Collins, Lee and Stanley",1959,Interesting four four.,db4ed73b-1e33-4795-9383-38c8827ac7eb,Terrellmouth,45-54,5,1,3
Fantasy,"Collins, Lee and Stanley",1959,Interesting four four.,f738245c-2b93-4a63-b397-37a9e2cc9927,West Justin,Under 18,3,1,2
Fantasy,"Collins, Lee and Stanley",1959,Interesting four four.,57c4df80-98b5-46f5-ade7-49120f44adff,Jamesfort,25-34,9,3,5
Fantasy,"Collins, Lee and Stanley",1959,Interesting four four.,d7ba921f-ed92-4e5e-a190-729d5b13d985,East Tonyaberg,55+,6,4,2
Fantasy,"Collins, Lee and Stanley",1959,Interesting four four.,c26b5a94-4aa8-4d82-80fb-ab313a7196a5,Lake Michaelfurt,Under 18,10,1,1
Mystery,Douglas LLC,1987,House as.,ce141b67-0b76-4083-b107-ae9dfc858e5d,Lake Sarahbury,18-24,7,5,3
Mystery,Douglas LLC,1987,House as.,c70f76a9-b500-4718-8236-2c9f8481dfcd,Dorisview,18-24,4,3,1
Mystery,Douglas LLC,1987,House as.,177cf72d-a271-4f7a-bb73-49b19d7ee505,Nicholasstad,18-24,4,5,3
Mystery,Douglas LLC,1987,House as.,ea3896af-e6b6-4379-b762-d7aef572eb8f,South Amyfurt,55+,3,2,4
Mystery,Douglas LLC,1987,House as.,0f8e72d5-d4eb-43ca-ad24-e44c33002b2e,Yolandaport,55+,7,5,2
Mystery,Douglas LLC,1987,House as.,f4b7c902-cadd-4467-bd61-0ee2d96240c7,Wellsmouth,18-24,8,2,2
Mystery,Douglas LLC,1987,House as.,57f0d6db-b71e-433c-b516-9147d8933089,Sheilahaven,35-44,7,1,3
Mystery,Douglas LLC,1987,House as.,6ef95c11-57dd-4a90-9f7d-4164ad11e1fe,Donaldsontown,45-54,10,4,3
Non-Fiction,Cruz-Perez,2023,Ask drop.,cbb7349b-40e9-4ec9-9df6-7cd7ddd2e7f4,South Tom,25-34,7,3,4
Non-Fiction,Cruz-Perez,2023,Ask drop.,2d1af48e-832c-41c0-a05d-bcdbf8f47bb6,Petersland,Under 18,8,1,4
Non-Fiction,Cruz-Perez,2023,Ask drop.,0b689a4c-6bfd-441e-bc80-467f32156dbc,Martinborough,35-44,6,5,5
Non-Fiction,Cruz-Perez,2023,Ask drop.,cebf1e6e-be5f-44f7-9fdf-ea49ca9bafbc,Michaelatown,45-54,10,1,1
Fantasy,Black-Sparks,2016,Yet than public.,dd3e4bb6-7fbe-4499-8caf-388421e06abb,Garciabury,Under 18,10,4,4
Fantasy,Black-Sparks,2016,Yet than public.,574c368d-2f2c-4501-b514-e979104b9911,Strongshire,45-54,6,4,3
Fantasy,Black-Sparks,2016,Yet than public.,938316d3-1b02-45eb-878c-4a96d732fd39,South Kayla,18-24,9,1,5
Fantasy,Black-Sparks,2016,Yet than public.,e6c5a4a6-17b0-4318-a946-0de4aeca099f,East Aaronshire,35-44,8,3,1
Fantasy,Black-Sparks,2016,Yet than public.,27aeca8a-62ed-4cda-816d-f23c6e501762,Donovanfort,18-24,3,4,2
Fantasy,Black-Sparks,2016,Yet than public.,dbf78c4a-4d7c-43a4-ad52-a72509af706e,West Gregoryhaven,18-24,8,2,1
Fantasy,Black-Sparks,2016,Yet than public.,44710885-d235-4c15-bd34-769a03156f4e,Maynardmouth,55+,2,3,1
Fantasy,Black-Sparks,2016,Yet than public.,246b7603-836a-4a0f-b4a9-c205588023e6,New Matthew,18-24,6,3,2
Fantasy,Black-Sparks,2016,Yet than public.,1d95edce-f69d-4e84-886c-8509b609bd11,North Maryfurt,Under 18,8,4,3
Fantasy,Black-Sparks,2016,Yet than public.,737b4f9d-309a-4be1-aa37-fa0f129fa8da,Stephenberg,45-54,10,5,2
Fiction,Marshall Ltd,1956,Book mean.,1f07704b-5c45-484e-a043-a402e086cf97,Bennettburgh,45-54,2,4,3
Fiction,Marshall Ltd,1956,Book mean.,39106c7c-75ca-4a7c-8043-2c031920cdae,West Carlosstad,45-54,6,4,1
Fiction,Marshall Ltd,1956,Book mean.,1642e27f-99c9-45ac-afce-2e0329a43853,Lake Maryton,Under 18,7,1,5
Fiction,Marshall Ltd,1956,Book mean.,a9a052c6-c01b-47d3-88f2-594132913820,South Lance,25-34,9,4,1
Fiction,Marshall Ltd,1956,Book mean.,62443130-f0c3-4c22-97b2-a93a553024ec,Port Phyllishaven,35-44,4,1,4
Fiction,Marshall Ltd,1956,Book mean.,fe6640d3-336c-450b-9dd3-bd676aec5cbc,West Mary,35-44,1,5,3
Fiction,Marshall Ltd,1956,Book mean.,2cf8e945-0d01-4874-b784-d383a8afc055,Jasmineport,25-34,4,1,3
Non-Fiction,Rogers LLC,2004,Than.,a8967363-c1d4-400e-9cca-ee4bc65a096e,South Sandraberg,Under 18,2,2,2
Non-Fiction,Rogers LLC,2004,Than.,241d9923-2389-4978-b4ae-374bd0d0902a,Snydershire,55+,1,4,4
Non-Fiction,Rogers LLC,2004,Than.,8b4af7d4-8cb0-4974-b29e-e84572e297ae,North Leslie,55+,1,2,3
Non-Fiction,Rogers LLC,2004,Than.,edac3779-1794-473c-8de0-50b704867d1e,Port Crystalmouth,55+,10,4,1
Non-Fiction,Rogers LLC,2004,Than.,6eb29642-feb4-4d20-becc-45e38dbfc71d,Jillview,45-54,9,4,3
Non-Fiction,Rogers LLC,2004,Than.,c21362f6-8a16-4936-88b9-92735f10684b,New Erica,45-54,5,3,4
Non-Fiction,Rogers LLC,2004,Than.,28930385-fce3-47b9-ba08-91dc69939699,Antoniofurt,25-34,7,3,5
Non-Fiction,Lara-Poole,1961,Party movement.,b944184c-0c89-4651-ac51-199f4e99ec6a,West Stephaniefurt,45-54,9,5,5
Non-Fiction,Lara-Poole,1961,Party movement.,f4726841-6b75-4f5a-a3a6-23def3535554,Margaretland,35-44,3,1,5
Non-Fiction,Lara-Poole,1961,Party movement.,e905fc94-64b1-4bf7-ae61-79f6877d303a,Daleland,18-24,5,1,3
Non-Fiction,Lara-Poole,1961,Party movement.,fb14f2ea-a667-451b-9f86-aca44375c6a6,Port Jamesfort,45-54,1,4,1
Non-Fiction,Lara-Poole,1961,Party movement.,516620a4-474a-4baf-89ea-cd0fdfebf24d,East Steven,18-24,3,5,2
Non-Fiction,Lara-Poole,1961,Party movement.,b41236f1-b065-4339-aca2-eeeec20632c2,North Lindamouth,18-24,4,3,5
Non-Fiction,Lara-Poole,1961,Party movement.,89851866-fbe5-4b47-9171-632300a9e4ac,Justinburgh,18-24,5,5,1
Science Fiction,"Freeman, Watson and Caldwell",1988,Character customer.,a4706e44-a6a3-4a44-b3d8-2ad8269230e2,Douglasstad,45-54,7,1,1
Science Fiction,"Freeman, Watson and Caldwell",1988,Character customer.,d5b799b8-e673-42cf-bb36-7b2a661c9d57,Tarachester,25-34,8,1,1
Science Fiction,"Freeman, Watson and Caldwell",1988,Character customer.,92383ebc-5061-430b-87a6-3d697052867a,East Mark,35-44,3,2,4
Science Fiction,"Freeman, Watson and Caldwell",1988,Character customer.,cfa7c36a-dab7-4fbd-ac4f-6297dc4373c7,Tracyberg,Under 18,9,3,5
Science Fiction,"Freeman, Watson and Caldwell",1988,Character customer.,43f76323-4cf6-40ca-be9b-5ba45a6b009d,Lake Amy,45-54,7,1,5
Science Fiction,"Freeman, Watson and Caldwell",1988,Character customer.,89dced20-44da-469d-b134-c7893a81fb76,Ronaldville,45-54,10,4,4
Science Fiction,"Freeman, Watson and Caldwell",1988,Character customer.,87f1164d-7880-4b62-9ff4-8995d680d2b2,Jensenview,18-24,7,1,5
Science Fiction,"Freeman, Watson and Caldwell",1988,Character customer.,6a5ba194-9294-4f28-81cd-58093478f3c2,Lake Nicholasshire,Under 18,6,3,2
Science Fiction,"Freeman, Watson and Caldwell",1988,Character customer.,9aa2f616-d005-44cd-96b2-7b3a58ded026,East Ellen,25-34,6,3,1
Non-Fiction,Perez Ltd,2017,Need hour we.,376b6abd-8087-4f8e-9441-443a895611ce,Ericksonchester,18-24,5,2,5
Non-Fiction,Perez Ltd,2017,Need hour we.,219e4253-75a1-417c-9315-a9ce014dbe26,Williamsonville,55+,5,2,5
Non-Fiction,Perez Ltd,2017,Need hour we.,319ed2a2-f7ff-482b-a89e-6434c11fea15,South Wayne,Under 18,3,4,1
Non-Fiction,Perez Ltd,2017,Need hour we.,853a8904-46cd-4967-9528-b01c46f0cfe3,West Tannerfurt,25-34,2,1,5
Non-Fiction,Perez Ltd,2017,Need hour we.,5b69a8f8-9259-4d43-9253-9ac74a24cd69,Mccallmouth,Under 18,10,4,4
Non-Fiction,Perez Ltd,2017,Need hour we.,4ce62ef4-c733-4635-9b6b-daad82b9eedb,East Williamshire,55+,6,1,5
Non-Fiction,Perez Ltd,2017,Need hour we.,91725340-715e-40be-94b8-8430236c69d6,Nicholasstad,25-34,7,4,5
Non-Fiction,Perez Ltd,2017,Need hour we.,997df339-f491-44d1-a0c7-4098ed722ac7,Farmerfort,25-34,8,2,2
Non-Fiction,Perez Ltd,2017,Need hour we.,a847eb1e-4205-4d47-8fed-7719159f6194,Angelachester,35-44,1,1,2
Fantasy,"Morris, Johnson and Delacruz",1998,Single note.,49f1d327-b17b-4fd9-af70-2a0e7dfcee52,Port Jennifer,35-44,4,2,3
Fantasy,"Morris, Johnson and Delacruz",1998,Single note.,f54b881d-9b65-433b-8e9b-761ad3a7db1a,West David,25-34,2,1,1
Fantasy,"Morris, Johnson and Delacruz",1998,Single note.,3a42c851-4fac-4706-a535-6eb5307253ef,Port Nicholasbury,45-54,10,1,4
Fantasy,Lee-Williams,1981,Sense fight.,447c3e7e-aa36-435c-b058-52df86faa232,Nancyburgh,45-54,7,5,3
Fantasy,Lee-Williams,1981,Sense fight.,d4314299-4f0b-4b21-8bd3-f56355786922,Caldwellborough,18-24,8,3,5
Fantasy,Lee-Williams,1981,Sense fight.,5008e788-1187-4205-932a-8387efb10e5e,Port Perrymouth,45-54,7,1,5
Fantasy,Lee-Williams,1981,Sense fight.,02f69f96-8d42-4e36-831d-21ebd95385bb,North Juliahaven,35-44,9,3,2
Fantasy,Lee-Williams,1981,Sense fight.,a0d2927e-8434-4e5c-a75b-3ae6f180b7fa,New Allisonmouth,35-44,5,2,5
Fantasy,Lee-Williams,1981,Sense fight.,93df3bba-4a0b-426b-8827-6bff6a4a0c67,West Jesse,25-34,6,2,3
Fantasy,Lee-Williams,1981,Sense fight.,41f7faa6-3635-452e-84b6-387dd622cf0e,Schultzview,18-24,2,3,5
Fantasy,Lee-Williams,1981,Sense fight.,21c615b7-b5e6-45ae-8abe-2b1a8a25093b,East Charlesshire,Under 18,6,5,3
Fantasy,Lee-Williams,1981,Sense fight.,acb6e6f6-603a-4091-ab9e-cd51f72a3682,North Lisa,18-24,1,3,5
Fiction,"Patton, Davis and Collins",2018,Story.,aa1e0f01-1fc9-47e6-bf09-e4a1a81abca7,Katrinaport,35-44,1,2,2
Fiction,"Patton, Davis and Collins",2018,Story.,3e22bdd7-ce8f-4e61-bdb9-192f9e336ccf,New Jessica,45-54,4,3,1
Fiction,"Patton, Davis and Collins",2018,Story.,e0dec18a-019e-4504-b3aa-d95183322591,Seanfort,55+,3,3,2
Fiction,"Patton, Davis and Collins",2018,Story.,cabcadea-48fe-4e13-a4af-c8c40f2930be,New Michaelshire,18-24,3,3,2
Fiction,"Patton, Davis and Collins",2018,Story.,ba165b5e-7c94-4702-ae83-157689403f5c,Port Shaun,Under 18,9,3,4
Fiction,"Patton, Davis and Collins",2018,Story.,30355198-f8c3-4145-bea0-552dd8a35bd0,Robinsonborough,35-44,4,5,1
Fiction,"Patton, Davis and Collins",2018,Story.,f55db451-bea4-4e68-b81c-f59280e66e30,Wagnerhaven,Under 18,7,2,3
Fantasy,Foster and Sons,1975,Security become town.,c56cacd5-2f18-4e2b-998b-cb28c8caa41c,Antoniomouth,18-24,4,3,3
Science Fiction,Barrett-Stewart,1954,Necessary thousand.,37595812-a6d3-4453-a42d-896622236f43,North Karen,45-54,1,1,4
Science Fiction,Barrett-Stewart,1954,Necessary thousand.,e10571e6-4eb0-41c8-a987-d301b96d7122,Stewartshire,55+,1,2,5
Science Fiction,Barrett-Stewart,1954,Necessary thousand.,37cb9088-7e7c-4a23-b206-259038ba261f,Dickersonbury,25-34,9,2,1
Science Fiction,Barrett-Stewart,1954,Necessary thousand.,a719c478-d2fc-42b6-9e34-ded5804f71c7,Richardshire,Under 18,4,5,3
Science Fiction,Baker LLC,1953,One election kid.,846d0744-b148-479c-a1bb-6e04e1e98570,Chavezhaven,25-34,4,5,2
Science Fiction,Baker LLC,1953,One election kid.,ba8d772b-47ce-448e-be64-edc6bf24aa00,Irwinmouth,35-44,9,5,2
Science Fiction,Baker LLC,1953,One election kid.,939dca8d-39b2-4f55-838b-9ab8d534d7f8,Lake Andrew,18-24,8,1,2
Science Fiction,Baker LLC,1953,One election kid.,80e8b1c4-a14f-45c5-a11a-dce17966f316,Sarahville,45-54,7,5,3
Science Fiction,Baker LLC,1953,One election kid.,77f318cd-5b8a-432a-a1f7-9a39b6d561cd,Youngland,35-44,5,5,1
Science Fiction,Baker LLC,1953,One election kid.,408c734a-2f0f-44f8-a2fb-453a26dc51e0,Rodriguezland,45-54,6,1,5
Science Fiction,Baker LLC,1953,One election kid.,362a39a6-3f65-4454-8f49-9434abec36d0,Port Jenniferfort,18-24,7,1,5
Science Fiction,Baker LLC,1953,One election kid.,b288d75e-828b-473e-9113-c8cc499a6633,East Chadmouth,55+,2,2,3
Science Fiction,Baker LLC,1953,One election kid.,82b45c54-6480-4c4d-9d82-cbda28743f11,Johnsonfort,35-44,9,2,1
Non-Fiction,"Johnson, Weeks and Murillo",1984,Focus rule.,3f194b69-7b8d-4974-83d5-0a247cb8b190,Markshire,55+,5,1,5
Non-Fiction,"Johnson, Weeks and Murillo",1984,Focus rule.,a457e43e-1773-490c-9e12-4166243c8ab7,East Gregorybury,18-24,10,3,5
Non-Fiction,"Johnson, Weeks and Murillo",1984,Focus rule.,29715d45-5292-4840-bd33-de949749d645,North Johnfurt,55+,5,4,2
Non-Fiction,"Johnson, Weeks and Murillo",1984,Focus rule.,c1c72cb1-9fd2-434d-8dcc-e50721ec9905,New John,35-44,1,1,3
Non-Fiction,"Johnson, Weeks and Murillo",1984,Focus rule.,d3465967-db6f-4bce-a23e-f9781b7db0b9,West Robert,25-34,4,3,3
Non-Fiction,"Johnson, Weeks and Murillo",1984,Focus rule.,2515d6ce-2c57-4fd1-ba9c-c6aa85c70dd3,Paulfort,Under 18,4,5,2
Non-Fiction,"Johnson, Weeks and Murillo",1984,Focus rule.,c16df7a6-5814-4ece-a255-f336923efa02,Goodwinland,25-34,8,4,2
Non-Fiction,Hardy-Madden,2006,None various.,8dfcfa39-5bec-4794-b66e-0dc737c2cf43,Lake Kevin,25-34,9,5,1
Non-Fiction,Hardy-Madden,2006,None various.,10febfe2-4d1d-45b2-b51d-2134ac841a4a,Lake Lori,Under 18,1,4,3
Non-Fiction,Hardy-Madden,2006,None various.,3cdb654f-c06d-4d46-8b6d-968d9935557a,Harrishaven,25-34,5,5,3
Non-Fiction,Hardy-Madden,2006,None various.,8869d837-ef3a-4ed2-948d-ab45c2078b29,Barnesland,35-44,2,5,2
Non-Fiction,Hardy-Madden,2006,None various.,8df5450a-70a7-4c08-aaa8-518f472ebd15,Port Barbaratown,55+,6,4,5
Non-Fiction,Hardy-Madden,2006,None various.,5330dfaf-c5d5-4027-b602-26dadd9a1887,North Erica,18-24,6,2,5
Non-Fiction,Hardy-Madden,2006,None various.,96485c5f-8227-4add-8f80-f100a2887c31,Lake Danielberg,35-44,1,3,4
Non-Fiction,Hardy-Madden,2006,None various.,ad5b411c-b04f-4481-8c15-578c8a12fb22,Lindseystad,35-44,4,3,1
Fantasy,Moore-Flores,1987,Institution window.,cfc9aefb-2a9e-4e2f-bf96-b931d14eb1e6,Lake Crystalhaven,55+,7,5,4
Fantasy,Moore-Flores,1987,Institution window.,ed3b813b-ff46-483d-96f1-a988a8f09e76,Fischerchester,25-34,5,4,1
Fantasy,Moore-Flores,1987,Institution window.,da429937-6aac-47b5-832b-a61873f43c5b,North Jeffreybury,Under 18,5,2,5
Fantasy,Moore-Flores,1987,Institution window.,4a4f4ce5-9c46-45d1-844f-afbe1f675506,North Sarah,35-44,10,4,3
Fantasy,Moore-Flores,1987,Institution window.,19f8fc13-c628-40da-88b0-d2e5a959baca,Tinaland,25-34,6,4,1
Fantasy,Smith Inc,1999,Two.,879a0bda-9420-4bcd-a537-2448e20ec66f,Lake Deborahbury,Under 18,8,3,4
Fantasy,Smith Inc,1999,Two.,070be49f-93cd-4e4e-8064-1503a37b52e4,Lake Alisonburgh,35-44,6,1,5
Fantasy,Smith Inc,1999,Two.,a8b8e4e4-96cd-47a4-a649-478a0a8943f0,West Kevinhaven,25-34,2,3,4
Fantasy,Smith Inc,1999,Two.,3da77b45-f921-4b17-9b44-0f3a824feb4e,Lake Alexandra,18-24,10,5,3
Fantasy,Smith Inc,1999,Two.,0f20526d-8ba4-4b81-96e0-2762b94d625b,Port Sarah,Under 18,2,1,1
Fantasy,Smith Inc,1999,Two.,d230b712-153f-47c1-a397-ae95138389d6,Molinabury,Under 18,6,1,1
Fantasy,Smith Inc,1999,Two.,a9bb4af3-59c2-4bc8-ad3f-ed088b66df28,Lake Ryan,25-34,8,2,5
Fantasy,Smith Inc,1999,Two.,574807e3-323d-44a9-9886-95da578fd527,North Manuelton,55+,4,5,1
Fantasy,Smith Inc,1999,Two.,d1837745-9ed8-4f63-a6dc-f9b72260b213,West Matthew,Under 18,10,2,3
Fantasy,Fischer PLC,1997,Wide.,5b644429-8bf6-46c9-aa75-6d055979dc6c,Reyesfurt,18-24,3,3,2
Fantasy,Fischer PLC,1997,Wide.,36379d82-d8a1-4e98-8f65-0eba2c4cc575,North Robertburgh,18-24,2,5,3
Fantasy,Fischer PLC,1997,Wide.,f9015592-25ef-4325-a6d0-26035518ba3f,New Charles,25-34,4,4,2
Fantasy,Fischer PLC,1997,Wide.,7c412372-e5f5-4ebc-b7d9-88acf2859338,Ibarrastad,25-34,3,5,4
Fantasy,Fischer PLC,1997,Wide.,1ec9dfe8-7904-4e29-8e16-3e02914610a7,Perezland,45-54,1,5,3
Fantasy,Fischer PLC,1997,Wide.,6103a983-4b42-4713-94d8-b9f3a0459c94,Christinaton,35-44,10,3,1
Fantasy,Fischer PLC,1997,Wide.,c468da7c-620c-4e61-843b-56b91a4ab777,East Mary,45-54,8,2,4
Fantasy,Fischer PLC,1997,Wide.,d039437f-3107-4315-8c8c-0cb8cef5556f,Adamsmouth,55+,6,3,5
Fantasy,Fischer PLC,1997,Wide.,2d939fc2-6174-405c-8ad4-3b5ad1aca0fd,Port Neil,25-34,8,2,4
Fantasy,Ross LLC,2006,Push executive.,984ab4e7-2038-49cc-b0c6-0e8d9514f6f4,Bernardton,55+,4,4,1
Science Fiction,Ramirez-Hill,2005,Value catch.,751d1cb4-cd4e-4b34-82a8-a3f85c37d716,Frankfort,18-24,6,5,1
Science Fiction,Ramirez-Hill,2005,Value catch.,778ca7f8-d8d5-43eb-8b03-6ea2142ea63b,Vargasshire,55+,10,4,2
Science Fiction,Ramirez-Hill,2005,Value catch.,c28a534c-5fbb-4fb0-ad82-907c1af0d316,Albertview,18-24,1,4,2
Science Fiction,Ramirez-Hill,2005,Value catch.,2654e59f-cc5c-4095-9124-bd6b2835e1d5,Brownville,Under 18,10,2,2
Science Fiction,Ramirez-Hill,2005,Value catch.,c3091677-6e13-4c27-871a-0ba68384f15b,Thompsonmouth,55+,1,5,5
Science Fiction,Ramirez-Hill,2005,Value catch.,172c9b06-9faf-4816-bac4-bda738a3eb11,Alvaradofort,45-54,8,1,5
Science Fiction,Ramirez-Hill,2005,Value catch.,ee64f663-9763-4787-8410-4cd6f5690a6a,East Patricia,Under 18,3,1,4
Science Fiction,Ramirez-Hill,2005,Value catch.,f34da85b-1466-4e35-b670-c360ba04453e,Tammyberg,Under 18,5,1,2
Non-Fiction,Jackson-Conway,1983,Hotel turn show.,d15a5023-c6f6-465b-bc60-10645597a0d6,Alvarezville,18-24,2,1,5
Non-Fiction,Jackson-Conway,1983,Hotel turn show.,c07c7ff4-ff35-4da2-bdca-5180b0cfa0f5,Lake Jessicaberg,55+,4,1,2
Non-Fiction,Jackson-Conway,1983,Hotel turn show.,57444d9f-09e0-4c9d-880a-7c686b8131af,Jaredside,25-34,4,1,5
Non-Fiction,Jackson-Conway,1983,Hotel turn show.,973c3a8b-ade9-47fe-8042-16d1aa2ed2fa,Robertburgh,Under 18,10,3,5
Non-Fiction,Jackson-Conway,1983,Hotel turn show.,49d10210-a2fb-4155-8fde-10125d6ddddb,Lake Rachelhaven,25-34,1,3,1
Non-Fiction,Jackson-Conway,1983,Hotel turn show.,0cf5567c-983d-4734-889a-2c83358744c9,Davidhaven,18-24,8,1,4
Non-Fiction,Jackson-Conway,1983,Hotel turn show.,a0437f98-c42c-44f4-a9c1-08d8b6b60db2,Nathanstad,Under 18,3,2,2
Non-Fiction,Jackson-Conway,1983,Hotel turn show.,2f7f5835-0c63-4b8f-9be4-cc2894156bad,South Lori,18-24,5,3,2
Science Fiction,Mack Group,1965,Particular similar.,0324f957-9573-48fd-8603-360cbf79b8ab,South Jacob,25-34,10,3,5
Science Fiction,Mack Group,1965,Particular similar.,5211584b-f108-4aae-81b8-8bc6e6c00859,North Donald,45-54,4,4,3
Science Fiction,Mack Group,1965,Particular similar.,5ab0e09a-0182-4403-8d65-988ced0591d7,South Michaelfurt,35-44,5,1,4
Science Fiction,Mack Group,1965,Particular similar.,3b329c8a-537e-4d7a-85cd-9c7bb1ee9010,Port Michael,55+,1,5,5
Science Fiction,Mack Group,1965,Particular similar.,6e102ce8-5e65-4899-a06d-ac8c5add4178,West Lisa,Under 18,4,2,2
Science Fiction,Mack Group,1965,Particular similar.,c0d2c4d2-f999-4fab-b4cc-822af5c23350,East Diane,18-24,7,4,5
Science Fiction,Mack Group,1965,Particular similar.,73a890d1-6b77-44a3-bc6d-46e7b050d0f9,Port Amy,18-24,8,1,2
Science Fiction,Mack Group,1965,Particular similar.,83f89471-6e68-408f-afb7-cf0fa81aad28,Johnsonland,25-34,7,1,3
Science Fiction,Mack Group,1965,Particular similar.,16dca141-39c1-4e2b-9d74-adf029f98100,Port Jonathan,Under 18,7,5,5
Science Fiction,Mack Group,1965,Particular similar.,9b3b0822-e199-4bcf-8548-ad084af685e2,Alexville,45-54,7,3,2
Science Fiction,Lee-Hill,1951,Herself action health.,884e013f-7192-4211-9e6d-914297ca80ba,Lifort,55+,2,4,3
Science Fiction,Lee-Hill,1951,Herself action health.,06216965-2707-47aa-ab0a-277a86db479b,East Robertborough,18-24,1,1,5
Science Fiction,Lee-Hill,1951,Herself action health.,c1557460-b872-472c-ac66-4d1bb9024375,New Melissabury,45-54,7,5,5
Science Fiction,Lee-Hill,1951,Herself action health.,e642f743-3f21-4983-bc29-200aa51a5cb4,Shannonland,35-44,3,2,2
Science Fiction,Lee-Hill,1951,Herself action health.,782ed0b9-524a-4964-805b-0e32e3e10b70,New Keithview,45-54,6,5,5
Science Fiction,Lee-Hill,1951,Herself action health.,947a0e89-9b52-4cfb-9637-91e245d651ef,Jasmineburgh,35-44,8,2,3
Science Fiction,Lee-Hill,1951,Herself action health.,780f0d75-7ea6-4dd2-b33a-eee3c0cf9b93,Port Thomasfurt,45-54,1,2,2
Science Fiction,Lee-Hill,1951,Herself action health.,802ba79f-0def-4176-8e0f-22e5cf2dd62c,Deannaview,18-24,5,1,2
Science Fiction,Lee-Hill,1951,Herself action health.,c8de27cd-3e01-4bd1-9b98-8dddc5b53c0a,Clineberg,55+,10,4,3
Science Fiction,Lee-Hill,1951,Herself action health.,43669180-e490-4986-8a75-d5b456835f1c,Craigburgh,45-54,2,4,5
Non-Fiction,Harris PLC,1957,Manage teach.,08cd9215-ac38-4943-aa84-9de556b80f58,South Samanthastad,45-54,1,5,5
Non-Fiction,Harris PLC,1957,Manage teach.,e17f9e61-74e3-49ce-8800-48a6d80436c6,New Kelly,Under 18,8,3,2
Non-Fiction,Harris PLC,1957,Manage teach.,7bc0f39c-5c68-4735-a1bc-b0b8f02c35ce,Davidbury,25-34,7,4,2
Non-Fiction,Harris PLC,1957,Manage teach.,d1d00e0a-8463-467c-8293-3914d7564554,Nelsonton,Under 18,5,1,5
Non-Fiction,Harris PLC,1957,Manage teach.,26b20b35-5f8b-4bbe-b423-6c03bcc62d46,Crystalstad,18-24,2,5,3
Non-Fiction,Harris PLC,1957,Manage teach.,1f177731-b66a-46b1-9581-7629b0ea66a9,Goldenshire,45-54,1,2,5
Non-Fiction,Harris PLC,1957,Manage teach.,f56a0e2e-3708-4215-a21a-d4e8fe678701,Reillybury,35-44,4,5,2
Non-Fiction,Harris PLC,1957,Manage teach.,aaadf4ff-8d56-43a7-9601-315d6fac5bd6,Lake Crystal,45-54,2,5,5
Non-Fiction,Harris PLC,1957,Manage teach.,13d13e9e-7122-4fda-9731-665bebe2562a,Angelaview,Under 18,3,1,3
Non-Fiction,Harris PLC,1957,Manage teach.,78f7f4f6-4877-45b3-9829-cbf981b625e2,North Melissa,25-34,8,4,5
Fiction,Smith Inc,2021,Economic health teacher.,ce9fd4b2-0277-4a09-8d05-440e6b37688e,Byrdfurt,Under 18,6,5,2
Fiction,Smith Inc,2021,Economic health teacher.,992ebc6c-1181-431a-8f39-3164bc684a5b,Cynthiahaven,45-54,10,5,1
Fiction,Smith Inc,2021,Economic health teacher.,71c89cae-7fa7-40fa-821c-5e7102491e17,Port Matthew,45-54,9,1,2
Fiction,Smith Inc,2021,Economic health teacher.,ed2fcc7a-1052-4a14-b167-86568822677e,Lake Michaelhaven,55+,2,5,4
Fiction,Smith Inc,2021,Economic health teacher.,cf0e6168-d693-4216-b251-7e8b311101ac,East Williamborough,45-54,2,3,2
Fiction,Smith Inc,2021,Economic health teacher.,cf6341bd-aa3c-4439-a85a-6a33562760d0,South Benjaminbury,18-24,9,5,2
Fiction,Smith Inc,2021,Economic health teacher.,cefab848-7475-402d-a11b-2cc5511ebc36,South Sethborough,45-54,5,2,1
Fiction,Smith Inc,2021,Economic health teacher.,becd6387-bddf-40e8-bff9-9b686c1ba591,Williammouth,55+,10,2,4
Fiction,Smith Inc,2021,Economic health teacher.,80761c58-49d3-44fc-bfcf-af75427b1ea0,Davidmouth,55+,2,4,3
Fantasy,"Davis, Sanchez and Love",2002,Share current interesting.,0fc9d56a-a384-47f0-b040-79fb61e93eef,Shanehaven,18-24,4,2,4
Fantasy,"Davis, Sanchez and Love",2002,Share current interesting.,eadbf668-ab23-4b1c-aac3-724707925ef4,Lake Emily,55+,4,4,3
Fantasy,"Davis, Sanchez and Love",2002,Share current interesting.,7bfcdc1c-2d3f-4e6e-8e8b-936cb530d254,New Lisa,35-44,4,2,4
Fantasy,"Davis, Sanchez and Love",2002,Share current interesting.,c0c73ff0-388b-4a9a-a9c9-40570d2724bc,South Kevinmouth,25-34,9,2,3
Fantasy,"Davis, Sanchez and Love",2002,Share current interesting.,cb306a61-06c3-4a6a-b843-eb3e82533a5b,Kennethburgh,18-24,7,2,3
Fantasy,"Davis, Sanchez and Love",2002,Share current interesting.,6f7db34c-8aff-4171-a453-3e20d6ee3d0e,Greenfurt,45-54,7,2,2
Fantasy,Hale Inc,2016,Of while must.,d4f03108-7ade-4e99-be75-1f553fd22c5c,Hamptonton,35-44,8,2,2
Fantasy,Hale Inc,2016,Of while must.,57e741b7-9741-4ad7-94d7-6f01bcc6323a,Ortizton,Under 18,8,5,2
Fantasy,Hale Inc,2016,Of while must.,3a9aea6a-5c7c-4955-bda0-7a9567bed3ae,Lewisland,55+,6,1,4
Fantasy,Hale Inc,2016,Of while must.,f818a6dc-2976-4897-93d0-71e4ec25d634,South Darren,25-34,6,1,4
Fantasy,Hale Inc,2016,Of while must.,fc834946-6e88-4b12-8f20-0705045aedea,South James,25-34,10,2,1
Fantasy,Hale Inc,2016,Of while must.,a1eb79eb-2f43-469a-a7c8-07441f17c8d6,Port Christinabury,Under 18,3,2,5
Fantasy,Hale Inc,2016,Of while must.,f6eb85f1-ee55-4f4c-92ed-68b1b35deb1d,North Adam,18-24,2,5,4
Fantasy,Mccarty PLC,2023,Design include fall.,dae13418-7283-4aa3-b6d6-abc83c055734,Kennedyhaven,35-44,3,2,2
Fantasy,Mccarty PLC,2023,Design include fall.,563adcaf-6034-47f0-8c5d-0e4d1d95a022,Cynthiabury,35-44,7,5,5
Fantasy,Mccarty PLC,2023,Design include fall.,0863984a-3883-4e62-9237-b4fe4becb4ef,South Amanda,35-44,8,3,2
Fantasy,Mccarty PLC,2023,Design include fall.,dd974565-657e-4224-ad76-b72a34fd493d,North Scott,35-44,9,4,1
Fantasy,Mccarty PLC,2023,Design include fall.,be008b76-7eb7-41d9-8969-1ec13da7bab0,Eddieside,55+,1,4,5
Mystery,Davis-Costa,1979,Happy list.,dc42db5b-e29f-4812-b969-e36b1a417994,Port Haleyton,25-34,8,1,4
Mystery,Davis-Costa,1979,Happy list.,cc9637e2-2f79-4df5-81a0-d31d96adca6c,Lake Heatherton,18-24,3,1,5
Mystery,Davis-Costa,1979,Happy list.,4fae763a-0f49-4189-90c3-e1fb00240e70,South Robert,25-34,2,4,3
Mystery,Davis-Costa,1979,Happy list.,118dd30c-c0b1-4a3b-a0af-f8f928508520,Joshuaberg,55+,6,4,3
Mystery,Davis-Costa,1979,Happy list.,c3011cc4-0a5e-4bd4-a9ae-9d26a978f6fe,Carterstad,Under 18,3,2,4
Mystery,Davis-Costa,1979,Happy list.,f2f2d677-9d58-4c4a-9366-ab3fe2e2329f,North Stacy,45-54,3,5,1
Mystery,Davis-Costa,1979,Happy list.,779615dc-1e47-42a7-a80d-ba9c45ae1cde,Johnsonburgh,Under 18,6,2,1
Mystery,Davis-Costa,1979,Happy list.,0c9bd7fc-123e-44eb-8a7b-80e65b5584e4,South Beth,55+,9,2,1
Mystery,Davis-Costa,1979,Happy list.,04997b21-4f26-431b-8f8f-ae317d387b7c,Port Brandonview,25-34,8,1,5
Fiction,Pope-Rangel,1959,Before law human.,40758cbb-f672-453c-8892-b8fccbdd7755,Mauricehaven,35-44,1,4,2
Fiction,Pope-Rangel,1959,Before law human.,720bb7f2-668b-4577-8435-7b4edb158ea7,Barbarabury,45-54,1,5,1
Fiction,Pope-Rangel,1959,Before law human.,e216a9a6-fcc0-41c5-9e88-07288caaeaec,East Misty,35-44,4,3,3
Fiction,Pope-Rangel,1959,Before law human.,5a70a4e8-c2d1-4fe4-88fd-9796bd91ad82,East Samuel,55+,8,3,1
Fiction,Pope-Rangel,1959,Before law human.,16491dd0-99da-4a0e-976c-746f86f4e4dd,Jasonland,55+,1,5,1
Fiction,Pope-Rangel,1959,Before law human.,a79458c9-b8ab-4d2d-80cf-373625eba291,South Lindsey,35-44,4,4,5
Fiction,Pope-Rangel,1959,Before law human.,599d9745-af44-40c9-8b57-e4bea7eef4fc,Kyleville,Under 18,6,3,3
Fiction,Pope-Rangel,1959,Before law human.,ad420522-cd3c-4fb1-b514-567714d466bd,Lake Cathy,18-24,7,2,1
Fiction,Pope-Rangel,1959,Before law human.,8aef3de7-4820-4823-8ee0-a40590a48ae6,Middletonstad,25-34,9,4,4
Fiction,Pope-Rangel,1959,Before law human.,526d181e-6118-45e1-b7d6-f2423e27081e,North Jasmineburgh,18-24,6,4,4
Non-Fiction,Moran and Sons,1992,One black.,320d145b-f0cd-46d3-8bff-ebc77920e7cd,Lake Adam,25-34,8,4,2
Non-Fiction,Moran and Sons,1992,One black.,45d29b21-c7a8-4c8a-b17b-8e4639bdf5d9,Bradleyville,25-34,10,2,4
Non-Fiction,Moran and Sons,1992,One black.,f476a623-779b-4d61-9cda-abf5fdbb7ddb,East Jennifer,35-44,3,2,1
Non-Fiction,Moran and Sons,1992,One black.,e0a611a5-f38f-41db-a141-6836fe8a0a1c,Ashleefurt,25-34,4,1,1
Non-Fiction,Moran and Sons,1992,One black.,ab30c233-2582-473b-bf65-003fb5a33225,Hintontown,45-54,8,2,2
Non-Fiction,Moran and Sons,1992,One black.,53d1cb7d-92c2-4134-a455-f696755652c8,Carolynstad,35-44,7,3,2
Non-Fiction,Moran and Sons,1992,One black.,cdbdff5b-7db5-48e7-ac0a-17769299b990,Lake Jeffreytown,Under 18,3,5,1
Fantasy,Carroll Ltd,1960,Work box.,941762e8-6935-4d81-aefa-5a459103a1a5,North Christopher,25-34,7,3,1
Fantasy,Carroll Ltd,1960,Work box.,bf9b32a2-c237-466c-833d-e414fe8ea2e4,Amandaborough,35-44,9,4,4
Fantasy,Carroll Ltd,1960,Work box.,9e135ce6-57fb-4f40-a2e9-abd9d5016d73,Jennifermouth,35-44,5,1,3
Fantasy,Carroll Ltd,1960,Work box.,92f3154c-6d6c-40f9-ae0b-2e4a3644e91b,Lisamouth,Under 18,2,5,2
Fantasy,Carroll Ltd,1960,Work box.,ed3529d9-9cbc-428d-aa10-e81f7c715f9e,Clarkburgh,45-54,9,2,2
Mystery,Lynn-Wright,2018,Movie represent offer.,671f1051-1558-49fb-aefb-4a763fef7197,Tristanfort,35-44,1,3,4
Mystery,Lynn-Wright,2018,Movie represent offer.,c3223cc9-44a2-4e54-bfd5-3afc15d554c5,West Albertshire,35-44,9,2,2
Mystery,Lynn-Wright,2018,Movie represent offer.,7b07df3b-3905-4c4d-99bc-ea5cad347032,East Dianeton,18-24,6,1,2
Mystery,Lynn-Wright,2018,Movie represent offer.,acb43cea-a587-4398-a419-5c3fd13a7bd1,Dianashire,18-24,9,1,1
Non-Fiction,Patton and Sons,1994,Common simply.,b61564e3-0a4b-4db3-9562-bb014da7d562,West Victor,35-44,7,4,1
Non-Fiction,Patton and Sons,1994,Common simply.,90d53a40-fff8-48fc-958d-fb47db02c2e4,Wendystad,Under 18,3,1,5
Non-Fiction,Patton and Sons,1994,Common simply.,fb6e3eaf-1672-4b7d-9f7f-28753b10cd81,Amyside,25-34,9,1,2
Non-Fiction,Patton and Sons,1994,Common simply.,d364517a-345e-4859-a8e2-d7244cc18f25,Smithborough,25-34,4,1,2
Non-Fiction,Patton and Sons,1994,Common simply.,aad207b1-c19d-4427-af67-1a09c99bebc6,New Waynefurt,45-54,5,3,3
Mystery,Aguilar-Owens,1964,Write end current.,f01d8a92-3cd8-4fd1-b2a7-75449e445f60,Sherylland,55+,5,4,1
Mystery,Aguilar-Owens,1964,Write end current.,737d4dfd-3c90-4dcf-96eb-99e3a236f0c6,New Sheribury,25-34,7,2,4
Non-Fiction,Bass-Richardson,1950,Run certain.,61807707-b73c-42f3-a34d-4febc7b87064,Hallburgh,Under 18,1,2,5
Fiction,Yoder Ltd,1978,Experience election whole rather.,c8d2aafe-407c-4dc5-9b08-d3693a1e34b1,Schneiderborough,45-54,1,5,5
Fiction,Yoder Ltd,1978,Experience election whole rather.,e4aac715-c8a4-473c-80f1-6b6f0038928e,Johnland,Under 18,5,1,3
Fiction,Yoder Ltd,1978,Experience election whole rather.,e473e8ba-ad9c-41f9-ad1c-b0d13b5d242c,Contrerasborough,45-54,3,5,2
Fiction,Yoder Ltd,1978,Experience election whole rather.,73769059-3dcf-4002-824d-e3cb203569de,Jeffreymouth,18-24,2,2,4
Fiction,Yoder Ltd,1978,Experience election whole rather.,33873532-2538-4cc3-8090-da6ec877693b,North Andrewstad,35-44,3,2,3
Fiction,Yoder Ltd,1978,Experience election whole rather.,0278030f-bdd4-4081-8cb5-ab9033e1cf56,West Michaelstad,55+,1,4,3
Fiction,Yoder Ltd,1978,Experience election whole rather.,a98fdaa8-51d7-483c-998a-bf43020efeb1,West Donna,18-24,6,2,5
Mystery,"Love, Wilson and Romero",2005,Focus guy company.,baafb35d-05cb-4037-854c-6c5304ac179e,New Jodifurt,55+,4,4,3
Mystery,"Love, Wilson and Romero",2005,Focus guy company.,f1d98578-d639-4da0-93ff-566646c05dcb,South Georgeview,18-24,4,1,5
Mystery,"Love, Wilson and Romero",2005,Focus guy company.,dfec12a1-e0be-4e94-8f35-0d1786b7eaab,Lake Kyle,25-34,1,4,5
Mystery,"Love, Wilson and Romero",2005,Focus guy company.,63ad4eab-53d6-40e6-9e9f-3ef6cf299d2c,Brianview,Under 18,7,5,1
Mystery,"Love, Wilson and Romero",2005,Focus guy company.,28bde7be-a1f5-45ee-98dd-643b6b4e8a3f,New Helen,25-34,10,3,4
Mystery,"Love, Wilson and Romero",2005,Focus guy company.,1629cd26-4e33-4f9e-bb88-bbbce148057f,North Patriciaburgh,55+,8,3,3
Mystery,"Love, Wilson and Romero",2005,Focus guy company.,5f35426a-94ae-43c9-9c5a-7cf57727f3de,East Kaitlin,Under 18,1,2,5
Mystery,"Love, Wilson and Romero",2005,Focus guy company.,1a7cfbf5-b028-4247-877e-f948d644ffc3,Annaville,55+,3,3,3
Mystery,"Love, Wilson and Romero",2005,Focus guy company.,17fbb3cb-7744-4feb-8544-40a3b952f326,West April,25-34,7,5,2
Science Fiction,Shaw-Kelley,2019,Picture thing measure.,33642f6e-d30e-4f89-a6d7-785979a20c2b,New Jeremiah,25-34,7,2,3
Science Fiction,Shaw-Kelley,2019,Picture thing measure.,6bc6c3eb-29eb-4079-bf4a-e394b233bf58,Lewisstad,55+,1,4,5
Science Fiction,Shaw-Kelley,2019,Picture thing measure.,364dd2ed-728c-464d-bacd-888d1ebb7a38,North Jameshaven,18-24,8,3,1
Science Fiction,Shaw-Kelley,2019,Picture thing measure.,5d9ff09e-8915-4f7c-88c3-e06b261b224c,Davidmouth,35-44,10,2,5
Science Fiction,Shaw-Kelley,2019,Picture thing measure.,15668262-68d3-41e2-bc6e-55cdca54b8ee,East Richardberg,18-24,9,5,1
Fiction,Ramirez Group,2001,Those there.,ab6c3d54-ece6-4d3b-a1ea-c7309e470a3b,Port Jeffreystad,18-24,9,3,3
Fiction,Ramirez Group,2001,Those there.,6b1f8b07-2b6d-42aa-95f9-2fa5e5357902,Hamiltonmouth,25-34,10,2,2
Fiction,Ramirez Group,2001,Those there.,e724281b-deec-42ed-8a0d-b827ed942ba8,Cherryburgh,35-44,7,3,4
Fiction,Ramirez Group,2001,Those there.,5393017d-b696-404f-81dc-a1c03a24b05e,Marybury,25-34,8,2,5
Fiction,Ramirez Group,2001,Those there.,e0389bd4-4ffc-4fef-aa88-be8490058b49,Laurachester,35-44,2,5,4
Fiction,Ramirez Group,2001,Those there.,1aa2b417-d80f-4849-8aab-cd178c734412,Brownshire,35-44,9,4,4
Fiction,Ramirez Group,2001,Those there.,54c15f67-2703-45a7-b0ac-b62c882df08f,Jasonstad,35-44,5,5,3
Fiction,Ramirez Group,2001,Those there.,5debf943-0664-4ab1-a2e7-fb59c155689e,East Robert,55+,8,4,1
Fiction,Ramirez Group,2001,Those there.,625662be-510a-4f83-b3bc-634c4fcf771f,Lake Luisland,25-34,6,4,3
Fiction,Ramirez Group,2001,Those there.,7cb54159-e08e-4697-ab97-65462eae40b9,Bradfordville,35-44,2,4,1
Mystery,White-Hawkins,1968,Without position.,a45c632a-1a8c-4d80-8665-917691b68341,Kellyview,25-34,4,1,1
Fantasy,"Henry, Harris and Galvan",1955,Teacher mouth.,059f4ee9-7a5a-4e6c-a202-922981047eda,Fletcherborough,45-54,2,3,4
Fantasy,"Henry, Harris and Galvan",1955,Teacher mouth.,6eadfb71-6d79-40fa-93ef-a3cafecbbe96,Munozshire,55+,3,3,3
Mystery,Stone-Jones,1952,Himself administration source.,7646c16f-7f46-4141-b7d4-e2c88576d6eb,Stephanieville,25-34,5,1,1
Mystery,Stone-Jones,1952,Himself administration source.,f4532262-afb2-496d-b44e-a11d69f2cde7,North Andre,55+,7,3,2
Mystery,Stone-Jones,1952,Himself administration source.,c78cd6ff-b830-4670-b7be-65a6876cc973,Wrightton,35-44,6,5,2
Mystery,Stone-Jones,1952,Himself administration source.,12f2ca99-6c5d-4774-9e83-d14b5570bd82,Michaelberg,45-54,10,4,5
Mystery,Stone-Jones,1952,Himself administration source.,ef1d9b8e-8778-4136-b4f2-88abf7d01464,West Michelle,35-44,2,1,1
Mystery,"Brown, King and Anderson",2019,Fund effort.,dcd49eb5-92bd-4d65-a35a-61c4184a021b,East Charlesmouth,55+,4,4,1
Mystery,"Brown, King and Anderson",2019,Fund effort.,9d96f786-7d2f-4c03-a055-b3f0aa9da653,Ryanhaven,18-24,5,2,1
Mystery,"Brown, King and Anderson",2019,Fund effort.,d90ae82d-fa66-4a5b-ba35-b9dcc1d6fa08,West Andrew,55+,7,4,5
Mystery,"Brown, King and Anderson",2019,Fund effort.,1e9fe007-b721-4f68-bd14-1318ef081b5c,Jacksonhaven,55+,3,2,1
Mystery,"Brown, King and Anderson",2019,Fund effort.,7dea94a8-7d74-4c7b-8b74-1092f2edaca0,Joneschester,18-24,10,5,4
Mystery,"Brown, King and Anderson",2019,Fund effort.,664f6b92-13c2-442f-9bba-324a7b42784f,Angelafort,35-44,10,2,3
Mystery,"Brown, King and Anderson",2019,Fund effort.,cd0c906c-361e-4087-bf79-fa81088a2ce1,Chrisstad,55+,10,5,4
Mystery,"Brown, King and Anderson",2019,Fund effort.,7fc737b0-749e-42ad-b695-6b0647d85c7a,Manningfurt,45-54,9,2,1
Mystery,"Brown, King and Anderson",2019,Fund effort.,d98c421b-793c-465c-84b6-6a3a2b35e12e,New Steven,35-44,3,1,5
Mystery,"Brown, King and Anderson",2019,Fund effort.,363d18b9-512b-45d8-9e15-f24ecda6648e,New Ericatown,Under 18,4,4,2
Fiction,Martinez-Moreno,1988,Firm less structure.,b459af7e-d69a-43b6-a8de-51f79e3a1bbc,Millerport,25-34,1,2,3
Fiction,Martinez-Moreno,1988,Firm less structure.,0a741dcf-5a6f-4f8e-bb2c-8a996e6795f8,Richardfurt,25-34,4,1,1
Fiction,Martinez-Moreno,1988,Firm less structure.,fe5c29c7-bfbe-4c15-9c92-31c02bddcea8,Andrewland,Under 18,9,4,3
Fiction,Martinez-Moreno,1988,Firm less structure.,50eae6f3-ac3f-4810-a146-6f00afae7c9b,Codyside,45-54,4,5,5
Fiction,Martinez-Moreno,1988,Firm less structure.,684a7364-c570-4d9a-bf90-2c001a7cef57,Port Katherinechester,55+,1,5,3
Fiction,Martinez-Moreno,1988,Firm less structure.,2b6629b1-43eb-474b-9787-74151d30792f,South Leslie,Under 18,3,3,2
Fiction,Martinez-Moreno,1988,Firm less structure.,b7252df5-1635-42bf-bbe6-7003e84e6ff1,Irwinchester,25-34,8,3,4
Fiction,Martinez-Moreno,1988,Firm less structure.,816551b2-e01f-40d5-b397-d4cd72e5911f,East Emily,18-24,8,5,5
Mystery,Butler LLC,2017,Church simply officer.,275dde0c-c2cd-4f1b-9302-321781497414,New Tracy,45-54,10,3,5
Mystery,Butler LLC,2017,Church simply officer.,7d672823-8142-4661-a882-d8dba225a69e,West Amberborough,55+,3,3,2
Mystery,Butler LLC,2017,Church simply officer.,ac5d9dc9-19ba-4fb2-9128-6b6f9342ace3,Michaelshire,35-44,5,5,5
Science Fiction,Vincent Ltd,2016,Here among perform.,352d68cd-847b-4149-8030-6108aafe88be,Johnsonview,25-34,6,5,2
Science Fiction,Vincent Ltd,2016,Here among perform.,ea2c6493-fd06-454d-b32d-8d232f284e06,Clarkeland,Under 18,5,5,1
Science Fiction,Vincent Ltd,2016,Here among perform.,e99f72d9-b354-41f4-b1e0-84a34111cf61,Lake Alyssafurt,35-44,9,1,2
Fiction,Buchanan-Lewis,1982,Guess their business.,050fc130-2ea4-4ecb-ae06-83c858fda5f9,North Samanthafurt,35-44,2,5,5
Fiction,Buchanan-Lewis,1982,Guess their business.,786cc85e-a0a2-4d7d-8fbb-c7a4bcccf53c,Port Angelaburgh,35-44,8,2,1
Fiction,Buchanan-Lewis,1982,Guess their business.,bd6ece13-1ce2-419a-b13a-5cdef9a039ce,West Nathanport,Under 18,8,1,4
Fantasy,"Horn, Lopez and Lopez",1986,Better send.,e59f4fc7-9ed0-4695-b47a-96cd864b8427,Maytown,25-34,4,3,4
Fantasy,Juarez Inc,1975,Realize high.,c0b46d52-4531-4a0b-a222-037c8bdb1908,Michelleville,35-44,5,1,1
Fantasy,Juarez Inc,1975,Realize high.,17bbbc33-a001-466a-b425-86a9cc2dfe2e,Tracyville,Under 18,7,1,3
Fantasy,Juarez Inc,1975,Realize high.,b390cdc2-108a-407c-8476-8828677e524f,South Markview,35-44,9,1,4
Fantasy,Larson-Shelton,1954,Bed information without campaign.,0fa01806-826a-4cb7-bba4-2951d375a7fd,West Jasonview,35-44,9,3,2
Fantasy,Larson-Shelton,1954,Bed information without campaign.,4b226fd0-c69f-413b-8da3-332f6f5adab6,Larsonview,18-24,6,3,2
Fantasy,Larson-Shelton,1954,Bed information without campaign.,a5eceefa-b384-4099-95fe-db18718c3c0c,Fernandezburgh,Under 18,9,4,4
Fantasy,Larson-Shelton,1954,Bed information without campaign.,3f3c0d87-d0a0-4259-a322-08bfcb99fc31,Larsonville,45-54,1,4,5
Fantasy,Larson-Shelton,1954,Bed information without campaign.,0b9c7fbf-0ba8-4d21-859d-8d07cce4e3eb,Port Ericton,Under 18,4,4,5
Fantasy,Larson-Shelton,1954,Bed information without campaign.,d77260fe-e7e0-490d-ad36-17558834c2e1,Jenkinsburgh,25-34,6,5,4
Fantasy,Larson-Shelton,1954,Bed information without campaign.,d1a8e04c-5763-4a6c-9e88-c227721f4809,Leebury,25-34,3,3,1
Fantasy,Larson-Shelton,1954,Bed information without campaign.,93666bee-bc32-4093-bf36-5995a0fdd3db,Lake Elizabethside,25-34,3,1,1
Fantasy,Larson-Shelton,1954,Bed information without campaign.,52670a8c-d01c-4d0b-ab06-ca947b18c844,East James,55+,2,4,1
Fantasy,Larson-Shelton,1954,Bed information without campaign.,86f9d552-4343-4f86-b1ea-bd1ad7fac210,South Laura,45-54,8,4,4
Fantasy,"Hooper, Knight and Fernandez",2001,Up board participant.,4badb8aa-83f9-4e7e-abc4-c449771022b5,Lake Chelsea,35-44,9,1,4
Fantasy,"Hooper, Knight and Fernandez",2001,Up board participant.,dfb1a2d9-370e-491b-b2c6-25e15b51b175,Melissastad,45-54,6,4,2
Fantasy,"Hooper, Knight and Fernandez",2001,Up board participant.,98ecf72a-2ad3-4f61-a003-cbd4716aa260,Kaylaland,35-44,1,2,2
Fantasy,"Hooper, Knight and Fernandez",2001,Up board participant.,d9f22155-3a47-4c6c-95d5-9074205412fc,Cassieville,25-34,1,5,2
Fantasy,"Hooper, Knight and Fernandez",2001,Up board participant.,69f54649-bd9f-49ca-bd8b-6f8ce9e07eea,Lake Christian,25-34,8,2,4
Mystery,Garcia-Herring,1987,Property bar reduce.,24e3277c-57c2-4d50-b9f7-751cb81bf776,West Christophershire,18-24,10,5,2
Mystery,Garcia-Herring,1987,Property bar reduce.,716b8690-47b5-4c7b-97df-06795bc2a92e,West Jacob,18-24,6,4,3
Mystery,Garcia-Herring,1987,Property bar reduce.,767bdd3b-1ec7-4511-93d3-d5b2bee03b46,Jacobsonside,18-24,9,4,3
Science Fiction,"Dyer, Perez and Rivas",2022,Vote conference it order.,3c6b952b-99e3-4a67-9283-5f993a4b3ad3,Barryberg,Under 18,3,1,1
Science Fiction,"Dyer, Perez and Rivas",2022,Vote conference it order.,6bc4726a-4ec8-41bd-ab5a-0f2aa5dab676,Garrisonmouth,Under 18,10,1,2
Science Fiction,"Dyer, Perez and Rivas",2022,Vote conference it order.,91defdfb-feb3-440d-9371-c8172d9575ca,Richardsonburgh,18-24,7,1,2
Science Fiction,"Dyer, Perez and Rivas",2022,Vote conference it order.,cbecd0ba-7daf-4e70-be74-2a091231e576,Kellyview,Under 18,7,2,4
Science Fiction,"Dyer, Perez and Rivas",2022,Vote conference it order.,0efcdb5c-7d68-46b7-a689-7305321a20e6,North Samantha,45-54,2,1,2
Science Fiction,"Dyer, Perez and Rivas",2022,Vote conference it order.,b558c3d4-4fd4-4eb7-b69e-23aa3c50dc50,North Paul,45-54,2,1,4
Science Fiction,"Dyer, Perez and Rivas",2022,Vote conference it order.,b6ce0592-25ac-4a12-b54a-a163b0bb19da,Kimberlymouth,45-54,1,4,3
Science Fiction,"Dyer, Perez and Rivas",2022,Vote conference it order.,6083e9f7-4290-4c71-9ace-47cde3e3e87c,Kendrafort,Under 18,3,5,4
Science Fiction,Erickson PLC,1959,While local significant.,561a79f9-e4ff-464e-a103-eff0d105a5a1,West Michael,45-54,1,2,1
Science Fiction,Erickson PLC,1959,While local significant.,117cdd77-e8e1-4700-b432-3a68dc9d0138,Hughesshire,18-24,7,1,4
Science Fiction,Erickson PLC,1959,While local significant.,0b9a9f6c-ba0b-4403-9e9b-107aa4a8a8a9,North Misty,35-44,9,4,5
Fiction,Gibson-Bradley,1990,Despite raise will.,93363b78-8264-43b9-b2e5-5a0c9567dd27,West Jon,35-44,4,2,1
Fiction,Gibson-Bradley,1990,Despite raise will.,a5284ed2-3293-4082-8a70-8d6002dba851,South Gregory,55+,4,3,3
Fiction,Gibson-Bradley,1990,Despite raise will.,a5c06e27-0400-4d2b-a83b-c31a4125e95e,Maryview,18-24,1,5,1
Fiction,Gibson-Bradley,1990,Despite raise will.,0e4b8c14-198d-4d4b-afd8-9eb1fd83f341,West Jeffreytown,18-24,4,5,3
Fiction,Gibson-Bradley,1990,Despite raise will.,84523fb7-f535-48d7-b78c-efa55a6ad251,West Tylerburgh,18-24,2,1,3
Fiction,Gibson-Bradley,1990,Despite raise will.,513e9096-e939-49cf-b5bc-b2275fff4640,North Aliciafurt,55+,4,4,2
Fiction,Gibson-Bradley,1990,Despite raise will.,7100acfd-d5bb-4376-8715-63c1036b0a39,Josephport,25-34,1,5,3
Fiction,Gibson-Bradley,1990,Despite raise will.,a8e6720e-0b25-4f7a-badd-75811e3d6a60,Amymouth,Under 18,3,4,2
Fiction,Gibson-Bradley,1990,Despite raise will.,f4090a94-3b41-4d1b-991f-9382ed158dd1,Tammyberg,45-54,6,3,4
Non-Fiction,Smith-Farmer,1992,Whole recently ready.,c34c282f-82f3-41ea-8e55-35e965aac1dd,South Francisco,Under 18,5,1,2
Non-Fiction,Smith-Farmer,1992,Whole recently ready.,883fb3b4-de6e-4507-90cb-ef560173346a,East Brianview,45-54,8,5,5
Non-Fiction,Smith-Farmer,1992,Whole recently ready.,7bb516b7-07e0-4557-b81a-0db17b3362be,East Kristaport,18-24,7,4,4
Non-Fiction,Smith-Farmer,1992,Whole recently ready.,af720ce0-0d4e-4aea-bb5c-38f06ba5a062,Alyssaside,45-54,4,3,5
Non-Fiction,Smith-Farmer,1992,Whole recently ready.,4711bac9-ca2c-41e6-9cb4-2a5f57dea2eb,Stephensbury,18-24,1,1,3
Non-Fiction,Smith-Farmer,1992,Whole recently ready.,7e058de5-580b-4f83-8fdb-5125ab2842ee,Port Christopherhaven,55+,5,2,5
Non-Fiction,Smith-Farmer,1992,Whole recently ready.,04c707f8-6594-42fb-8bc0-b7beae9e6373,Nancyport,45-54,7,2,1
Non-Fiction,Smith-Farmer,1992,Whole recently ready.,cc14156c-e925-4104-8b7d-7b9ce7809d68,North Richardport,25-34,8,5,1
Non-Fiction,Smith-Farmer,1992,Whole recently ready.,154c7e26-f252-4af2-9135-4e491b972179,Adamsberg,25-34,2,4,5
Science Fiction,Fletcher Group,2004,Action bag main.,ac36fced-17f7-4f6a-ab21-0f31fc042b31,New Ryanfurt,25-34,7,2,3
Science Fiction,Fletcher Group,2004,Action bag main.,814d229f-f5af-4d12-9615-4a23f39bc097,West Tina,45-54,3,5,4
Non-Fiction,Rodriguez PLC,2009,Base century until.,f99b656e-8fd2-4cff-ad86-dfad9f7196f1,West Kevin,18-24,10,4,5
Non-Fiction,Rodriguez PLC,2009,Base century until.,24d51781-9855-46e7-a547-9a4563cb1875,South Benjamin,55+,6,1,3
Non-Fiction,Rodriguez PLC,2009,Base century until.,561f9663-1e1c-4a1b-85b3-701de3d6be97,New Ashley,35-44,3,4,2
Science Fiction,"Benson, Krause and Thompson",1970,Message.,d9545adc-c166-4de2-90d5-5e9efc00cb07,South Scottchester,55+,8,5,1
Mystery,Thomas Ltd,1977,Itself long.,0cc7ca6f-abd3-4a3b-bd86-9b030345f41a,Batesberg,18-24,6,5,1
Mystery,Thomas Ltd,1977,Itself long.,a484188e-3d34-4c5e-af7b-cba09c1def78,Wilsonmouth,25-34,5,4,1
Mystery,Thomas Ltd,1977,Itself long.,6d3c8882-12f9-4083-b6f4-a2064bb8765b,Stevensside,18-24,9,2,5
Science Fiction,"Reynolds, Williams and Robertson",1961,Professional than focus.,6dfab22e-ab77-459a-b00c-3f46f372ea7f,Lake Garymouth,Under 18,3,1,4
Fantasy,Young-Bailey,2004,Save pass situation.,a8c4285e-640b-44e4-bc87-8e0b65d24d8c,Mendozaport,35-44,7,3,3
Fantasy,Young-Bailey,2004,Save pass situation.,7db2ae08-b715-418f-a46c-68d1d69b33cb,Lewisbury,25-34,1,1,4
Fantasy,Young-Bailey,2004,Save pass situation.,5270660a-5885-4eca-9bbd-00d9f3ac4489,Dorseyfort,18-24,4,4,4
Fantasy,Young-Bailey,2004,Save pass situation.,9dddbc9a-774e-4103-abe9-522b058125fa,New Melissa,18-24,4,4,5
Fantasy,Young-Bailey,2004,Save pass situation.,f7bee0c4-5910-418e-b0e9-4a2422526e74,Wendyview,45-54,4,4,3
Fantasy,Young-Bailey,2004,Save pass situation.,726ca5ea-bd92-4f7e-a35c-49d5a7ab55f9,Smithborough,35-44,4,5,1
Fantasy,Young-Bailey,2004,Save pass situation.,dfddfecd-bb97-47d7-9c83-6c9e3829a0a9,Murrayfort,Under 18,6,4,1
Fiction,Galvan-Martinez,1957,Do why several international.,d7cc8ec0-1173-4b63-9a7c-d4868cd6ec25,New Kenneth,55+,7,4,4
Fiction,Galvan-Martinez,1957,Do why several international.,4ed7e7b3-a49c-4f72-886a-6d827da8d642,East Charlesberg,25-34,7,3,4
Fiction,Galvan-Martinez,1957,Do why several international.,ade1e834-29e6-4239-ad2c-c6308ccd5998,Petersonchester,Under 18,9,1,2
Fiction,Galvan-Martinez,1957,Do why several international.,7b7b45aa-245f-4037-b36c-c8b0367ad5f0,Christopherchester,35-44,7,1,4
Fiction,Galvan-Martinez,1957,Do why several international.,649ba55c-c895-4630-921e-a89ab77c3dc9,Geoffreyville,55+,9,2,2
Fiction,Galvan-Martinez,1957,Do why several international.,bcaef131-e429-4a71-9cda-a2a7a7106e09,Lake Blake,35-44,2,5,1
Fiction,Galvan-Martinez,1957,Do why several international.,a2175d83-1703-4d3f-98b9-9a6fc36395d1,New Aaron,25-34,6,4,2
Fiction,Galvan-Martinez,1957,Do why several international.,1564a502-8633-4fed-a7b5-98f7e13bcea1,Jacobsstad,55+,6,3,3
Mystery,Hawkins and Sons,1976,Imagine weight practice.,dc708a68-9550-457d-9549-00ba9222e517,Port Robert,Under 18,7,5,4
Mystery,Hawkins and Sons,1976,Imagine weight practice.,5dec97b0-2c86-49d9-a819-933c156d8f4b,Chapmanside,18-24,10,5,1
Mystery,Hawkins and Sons,1976,Imagine weight practice.,2506d45c-3014-4328-83a6-1c8e2e0c618f,Lake Madisonfort,18-24,9,3,5
Mystery,Hawkins and Sons,1976,Imagine weight practice.,5e1156e5-7a33-4af6-8c77-0500c05fd69b,New Tim,Under 18,8,4,4
Mystery,Hawkins and Sons,1976,Imagine weight practice.,91656c19-a6d7-402f-9ae1-219899374c8d,New Aliciastad,Under 18,8,2,4
Mystery,Hawkins and Sons,1976,Imagine weight practice.,a27dfc83-afc5-426b-8f99-354525a48340,Port Larry,55+,1,1,2
Mystery,Hawkins and Sons,1976,Imagine weight practice.,922581c4-3212-459b-8f4d-522b28176c62,Barbaraton,35-44,4,2,5
Fantasy,"Hernandez, Calhoun and Miller",1970,Population when charge.,013a8334-611b-4be8-9c9c-d96009e2161a,Sarahfurt,25-34,2,2,5
Fantasy,"Hernandez, Calhoun and Miller",1970,Population when charge.,7b377bc1-da07-470b-ac44-d134e215f953,East Williammouth,25-34,7,2,3
Fiction,Martin Inc,2006,Industry continue go.,cbe1618c-a33c-4817-ba49-93dc0bdb9598,Hansenville,18-24,4,2,4
Fiction,Martin Inc,2006,Industry continue go.,5d88e106-2390-4dfa-a332-866b5eb6468b,East Mathew,Under 18,8,4,3
Fiction,Martin Inc,2006,Industry continue go.,87b098ca-f36f-428b-933b-836abba07f10,Hallport,55+,4,1,5
Fiction,Martin Inc,2006,Industry continue go.,1ac562ef-b172-4f80-b7b9-f76be8f9ef98,Andrewville,45-54,9,5,2
Fiction,Martin Inc,2006,Industry continue go.,142eb200-77a9-4806-a876-5f9c1ec566b6,South Paige,45-54,7,4,4
Non-Fiction,"White, Powell and Jones",1988,Her upon.,935e211c-df44-4280-859b-b85a618b1227,Ryantown,55+,3,2,3
Non-Fiction,"White, Powell and Jones",1988,Her upon.,2c8ce603-413b-4a9e-9dd2-a4734de7d1e2,Lake Dawn,55+,9,5,5
Non-Fiction,"White, Powell and Jones",1988,Her upon.,f71a41dd-84c6-458d-8881-8b182bfe7da0,East Kristychester,45-54,8,3,2
Non-Fiction,"White, Powell and Jones",1988,Her upon.,f7ba46f0-bd5e-49fa-82a8-d6dc2d12c4bc,Port Brian,18-24,2,2,2
Non-Fiction,"White, Powell and Jones",1988,Her upon.,48b9a036-7cfe-4180-9e75-dcff79dc44fb,New Anthony,45-54,9,5,4
Non-Fiction,"White, Powell and Jones",1988,Her upon.,83f61f98-bf2d-495a-af3a-8246a388ccec,Sharonfurt,35-44,4,4,1
Fantasy,Fleming Inc,2000,Election reach though.,f2bb6149-33f5-4820-9525-eb6ab356b87f,Port Jennifer,35-44,10,1,3
Fantasy,Fleming Inc,2000,Election reach though.,7416671c-f84e-497c-83f7-b8f73c9cf578,Mckenziemouth,18-24,1,5,2
Fantasy,Fleming Inc,2000,Election reach though.,8a120172-2399-4054-9b33-a39446c528bf,New Nicholastown,55+,8,3,5
Fantasy,Fleming Inc,2000,Election reach though.,022564d1-792e-4476-bc22-7d8e41f88c6a,West Jason,18-24,9,1,3
Fantasy,Fleming Inc,2000,Election reach though.,79d44b64-126d-4230-b8f0-de86f76047ec,Henrystad,35-44,2,4,1
Fantasy,Fleming Inc,2000,Election reach though.,2792b6d6-8972-48bd-ae90-f27989afdbdf,East Kristin,45-54,2,2,4
Fantasy,Fleming Inc,2000,Election reach though.,71a89783-6c16-451d-ae48-ace76d91e5c4,South Isaacmouth,18-24,2,1,2
Science Fiction,"Nguyen, Henry and Williams",1975,Ever growth reduce.,eb5e4bd6-e9eb-4454-898e-0950c8543fde,South Steven,55+,5,1,2
Science Fiction,"Nguyen, Henry and Williams",1975,Ever growth reduce.,6225df66-4eff-4f43-ad96-8da86636f757,Smithmouth,Under 18,4,5,1
Science Fiction,"Nguyen, Henry and Williams",1975,Ever growth reduce.,b929877a-5871-4c6f-967b-a0dd8c413889,Lake Emily,18-24,1,1,1
Science Fiction,"Nguyen, Henry and Williams",1975,Ever growth reduce.,dbd9fc3c-d7cf-4a60-9223-08c47d44c36d,Barronburgh,55+,3,3,5
Fantasy,"Frederick, Davis and Wells",1953,Still usually.,e75c22ba-359a-4ac1-a398-a320644c99da,Millsport,25-34,6,1,1
Fantasy,"Frederick, Davis and Wells",1953,Still usually.,a7edf8f3-c2d4-4c10-b61d-42337d60514c,North Reginachester,Under 18,8,4,3
Fantasy,"Frederick, Davis and Wells",1953,Still usually.,5ec7d011-2617-4933-8ae4-f02e5d971c1d,South Lisa,18-24,10,4,5
Fantasy,"Frederick, Davis and Wells",1953,Still usually.,509761c4-fe66-436d-ad14-97c8ed639573,Brownfurt,35-44,4,4,3
Fantasy,"Frederick, Davis and Wells",1953,Still usually.,3c90f5bc-deab-479b-97b9-824f67f60e9d,Melissachester,25-34,3,3,5
Fantasy,"Frederick, Davis and Wells",1953,Still usually.,548e31b2-6d73-4f10-bd7c-4798e21b9fe8,South Kristen,Under 18,2,4,5
Fantasy,"Frederick, Davis and Wells",1953,Still usually.,a19e2cba-2607-4288-9b61-b9cf6318da00,East Josemouth,25-34,7,4,5
Fantasy,"Frederick, Davis and Wells",1953,Still usually.,68e20f7f-7836-4899-8d5d-40ac855f6e0b,Escobarfurt,35-44,5,4,5
Fantasy,"Frederick, Davis and Wells",1953,Still usually.,dda021eb-4ae0-452e-b6d4-4a15e3e0d94f,South Lisa,55+,6,5,3
Non-Fiction,Christian-Holmes,1960,Reduce able traditional oil.,c2cf4b17-f4cb-4075-9451-6b6ef539567c,Huntberg,25-34,5,4,2
Non-Fiction,Christian-Holmes,1960,Reduce able traditional oil.,6a5b8d8b-487d-45c1-987f-a89b962bdc4e,Pageview,25-34,3,2,1
Non-Fiction,Christian-Holmes,1960,Reduce able traditional oil.,6615cf49-4bb9-4f0b-984a-d4596adaac5b,West Jessica,25-34,6,2,1
Non-Fiction,Christian-Holmes,1960,Reduce able traditional oil.,44a61cd8-ad98-4c66-8514-ca9fb1e33459,Lake Danburgh,25-34,6,4,3
Non-Fiction,Christian-Holmes,1960,Reduce able traditional oil.,8285b094-f188-4257-b834-c36a054e9b09,North Stephenport,45-54,4,3,5
Non-Fiction,Christian-Holmes,1960,Reduce able traditional oil.,6013d4e0-2328-4360-83c1-15e81d5a5aa6,Cruzstad,25-34,5,3,1
Fiction,Shannon Inc,1958,Visit company ten mean.,772e3936-4901-43d8-b446-84439cf8daac,West Todd,18-24,2,2,3
Fiction,Shannon Inc,1958,Visit company ten mean.,725d6493-5062-43b6-953a-9d1de314448c,Marshallhaven,Under 18,6,1,1
Fiction,Shannon Inc,1958,Visit company ten mean.,ac8dc6c5-c694-46fe-a2ed-747e5c1998de,Lake Jamesshire,18-24,9,1,1
Fiction,Shannon Inc,1958,Visit company ten mean.,7964ed09-ab4c-4f40-9353-3cbbbd21345b,Ortizfurt,25-34,10,2,4
Fiction,Shannon Inc,1958,Visit company ten mean.,33252e20-d727-4a5c-8f4e-29471c4c2af1,Parkston,25-34,8,5,2
Fiction,Shannon Inc,1958,Visit company ten mean.,819ee260-69cb-4074-adfc-932b71cd5c20,South Jamesview,18-24,1,4,3
Fiction,Shannon Inc,1958,Visit company ten mean.,b9bdfe8d-435e-4bbd-a815-bbae2fed46e0,East Johnnymouth,45-54,7,5,4
Fiction,Shannon Inc,1958,Visit company ten mean.,4cfb20bc-f97e-4415-b9b2-9f0e798c32fb,Lake Stephanie,55+,6,4,2
Fiction,Shannon Inc,1958,Visit company ten mean.,f45362a5-c897-4456-b864-975d4ce33e68,Robertsfurt,35-44,9,2,1
Fantasy,Coleman LLC,1986,Red follow.,550ed565-752c-4c96-8288-3b5a4f6a901c,Rachelchester,55+,8,5,4
Fantasy,Coleman LLC,1986,Red follow.,fd47916e-d505-4079-9a03-d3784393a602,East Paulfurt,45-54,7,5,3
Fantasy,Coleman LLC,1986,Red follow.,51fce245-ce5c-463f-b088-c06da797ede8,West Melissa,Under 18,5,2,5
Fantasy,Coleman LLC,1986,Red follow.,71f86ad1-7ba1-43a8-931d-a525f8cc2991,Robinview,55+,1,2,3
Fiction,Rodriguez-Phelps,1957,Difference speak.,7e15b6b9-8d82-4a46-9c48-a27577b2c96f,Austinmouth,25-34,5,5,4
Fiction,Rodriguez-Phelps,1957,Difference speak.,5fe99564-d2ae-4d7f-a5e8-283567c21dbd,Lake Juanshire,18-24,7,3,5
Fiction,Rodriguez-Phelps,1957,Difference speak.,bb6ca99a-e49e-412d-b741-4b3a0418f5a2,South Barbara,45-54,2,1,2
Fiction,Rodriguez-Phelps,1957,Difference speak.,53457c8b-9005-4625-a6e1-dae1640d9e24,Nathanton,45-54,6,3,2
Fiction,Rodriguez-Phelps,1957,Difference speak.,b6330acd-9f93-4f91-a249-84df8318346d,South Rebekah,Under 18,1,4,4
Fiction,Rodriguez-Phelps,1957,Difference speak.,fca4209e-c71c-458e-972c-239fb46a763c,Lopezton,45-54,9,5,3
Fiction,Rodriguez-Phelps,1957,Difference speak.,3084c1e5-9a3b-491a-80d9-ccdbdd77ceac,Lake Ryan,55+,3,1,4
Mystery,Roberson Group,2001,Movie.,c8ebd5a6-f0ed-4e9d-8363-4f7fec3d1db0,East Vincent,55+,8,2,3
Non-Fiction,Flores-Nelson,2010,Truth method.,4bce1ffd-8f54-45cc-a6f8-eea033b23a25,Lake Brucebury,45-54,2,4,3
Science Fiction,"Smith, Castillo and Gray",2012,White mind forget.,93ba47db-ad72-46f4-9cfa-dba46927b5ea,Andersonland,18-24,6,4,1
Fantasy,Hammond and Sons,1992,Smile else everyone.,aaba56b6-883f-4b50-9e2c-23ad513e194d,Port Victorialand,25-34,9,5,3
Fantasy,Hammond and Sons,1992,Smile else everyone.,0a9d5b85-b760-4b0a-bc0f-ee3e7cfbc937,Whitechester,25-34,7,5,2
Fantasy,Hammond and Sons,1992,Smile else everyone.,371c5b49-b651-4ac2-bc17-713956f74670,Port Jimmy,45-54,3,1,5
Fantasy,Hammond and Sons,1992,Smile else everyone.,3d907562-4ac6-4a35-adcf-7613aea5d7ed,Sandratown,25-34,5,2,4
Fantasy,Hammond and Sons,1992,Smile else everyone.,0f45484f-5396-4432-8c79-f325e5d367b1,Russellshire,18-24,8,1,2
Fantasy,Hammond and Sons,1992,Smile else everyone.,1df4092d-f83e-4479-a50e-51ff5e0b8580,Thorntonshire,18-24,10,5,1
Science Fiction,Carter Ltd,1951,Know reflect.,d2528023-3bbc-4477-bd33-9108da0bc946,Weeksside,55+,5,3,4
Science Fiction,Carter Ltd,1951,Know reflect.,5cc9cecf-25f5-42c7-b6c0-e2b4eecaefbf,Jesusmouth,35-44,5,1,5
Science Fiction,Carter Ltd,1951,Know reflect.,f3aa8f26-92a2-4f65-92e3-49b00cee2f68,New Warren,55+,4,1,5
Science Fiction,Carter Ltd,1951,Know reflect.,538e1a59-9574-4647-a0bd-8c66af4fbaa9,Lake Brandonton,45-54,3,5,4
Science Fiction,Carter Ltd,1951,Know reflect.,3a4c5736-c2f2-4b9e-9a2b-78dc7e8d5ac4,New Melissahaven,18-24,6,4,2
Science Fiction,Carter Ltd,1951,Know reflect.,5a844009-cd4d-43e4-be67-2202f44a3d3f,New Daniel,55+,8,1,4
Science Fiction,"Spears, Maldonado and Curtis",2001,Agent Congress during.,56ba73ef-ff31-4a4e-9a34-b31a93e6e8b0,Gonzalezhaven,18-24,7,3,1
Science Fiction,"Spears, Maldonado and Curtis",2001,Agent Congress during.,b6fa2296-6385-4c54-ad29-d4791689e1fc,North Charles,55+,8,2,2
Science Fiction,"Spears, Maldonado and Curtis",2001,Agent Congress during.,7b759750-bc5f-4ab8-be2c-40ab5a09f2ba,South Anthonyville,45-54,5,1,2
Science Fiction,"Spears, Maldonado and Curtis",2001,Agent Congress during.,838fc56b-7ebe-4836-b83e-db534164afdb,Donnaville,35-44,9,5,1
Science Fiction,"Spears, Maldonado and Curtis",2001,Agent Congress during.,c453a8e0-9b67-4881-a384-79dccd1d8fc0,Andreafort,55+,2,5,3
Science Fiction,"Spears, Maldonado and Curtis",2001,Agent Congress during.,dc736ab0-35f0-485e-8932-d5e63bafeda3,South Brookeview,25-34,8,1,5
Fiction,"Hernandez, Sullivan and Walker",1964,Baby stage.,ac8e4510-8029-4eb9-b9ab-802468e68cae,East Stephenhaven,Under 18,10,1,1
Fiction,"Hernandez, Sullivan and Walker",1964,Baby stage.,cd8d3640-1f33-4468-9014-8ecc10000bbf,South Kevinview,45-54,1,5,5
Fiction,"Hernandez, Sullivan and Walker",1964,Baby stage.,e6af9f0a-7d78-4b8b-ac25-6c017778e9f1,Kempfort,18-24,5,4,2
Fiction,Shaw-Carter,2015,Station why.,481ec7f8-e7da-4d9b-b60c-1f5a00686f3f,Latoyahaven,Under 18,1,1,2
Fiction,Shaw-Carter,2015,Station why.,8e469167-109a-4c08-99d4-37521e9b6874,Wardmouth,35-44,10,4,2
Fiction,Shaw-Carter,2015,Station why.,c3e0d7fb-d2c9-40f9-bc5a-3fa082b875b7,North Arthurburgh,45-54,4,2,3
Fiction,Shaw-Carter,2015,Station why.,359b85ac-e22f-49fe-9668-9a88baa75704,Chavezberg,Under 18,8,2,4
Fiction,Shaw-Carter,2015,Station why.,590dbddc-4dc9-4d73-b45e-4ba76d1c13d9,East Ronnie,18-24,9,2,5
Fiction,Shaw-Carter,2015,Station why.,f623b1c6-5ef4-49df-a174-420fa318e00f,Robinsonchester,35-44,7,4,4
Fiction,Shaw-Carter,2015,Station why.,a8d55387-8378-46e3-a39a-05008dbbdc05,Herreraport,Under 18,3,3,2
Fiction,Shaw-Carter,2015,Station why.,b790a11b-88c6-44ca-8095-1a55fcd474cc,New Benjamin,25-34,3,3,3
Fiction,Shaw-Carter,2015,Station why.,5b1265ba-e330-4b92-b1e1-890f547240b8,Ashleystad,Under 18,8,2,1
Mystery,Odonnell PLC,1976,Debate environmental real.,ec8073a6-d369-4290-a730-581892da5904,Miguelhaven,Under 18,4,3,4
Fantasy,Lindsey-Smith,2003,Rise wear mention.,3ca15ac1-faa3-4e7a-839f-c2d165e20839,Port Kimberlyland,25-34,5,5,1
Fantasy,Lindsey-Smith,2003,Rise wear mention.,be45fb21-270f-4d3c-b6d6-414d3a8f64f4,North Megan,55+,2,5,5
Fantasy,Lindsey-Smith,2003,Rise wear mention.,b93ac451-258c-4fe0-aa86-e647acb5274d,Josephburgh,45-54,3,2,2
Fantasy,Lindsey-Smith,2003,Rise wear mention.,717fa478-c0b3-47c9-8aa4-6c68b14d1788,Lanechester,18-24,10,4,4
Fantasy,Lindsey-Smith,2003,Rise wear mention.,8d0a91aa-687b-4187-bd2c-246c744acdd0,Bautistahaven,18-24,8,2,5
Fantasy,Lindsey-Smith,2003,Rise wear mention.,d7807a52-adca-4600-88ac-c1732c2af882,Vanessaview,Under 18,6,2,5
Fantasy,Lindsey-Smith,2003,Rise wear mention.,d35946ee-fadb-4a89-a829-b3e1e8215a6a,Michaelview,55+,7,5,5
Fantasy,Lindsey-Smith,2003,Rise wear mention.,e962d627-e1c8-4349-b9f4-d5445a423f6f,Lake Mario,25-34,9,1,1
Fantasy,Lindsey-Smith,2003,Rise wear mention.,0ea8e979-29dc-4b9a-b960-d26d14869fe6,Markland,Under 18,4,4,4
Fantasy,Roberts-Ramirez,1968,Gun party.,39c99423-c8f4-4e0b-9c9f-31d0655cbf8c,Port Rachel,45-54,10,2,4
Fantasy,Roberts-Ramirez,1968,Gun party.,987f2ac1-1df2-4221-a6a0-5c74fb86347a,Lake Ann,18-24,1,4,2
Fantasy,Roberts-Ramirez,1968,Gun party.,4dc6370f-f03a-41b4-bc69-8484f53e1c39,Sarahfort,Under 18,3,2,1
Fantasy,Roberts-Ramirez,1968,Gun party.,9bc7d003-3210-4993-bdf0-74bd9a9d2dd4,Parkershire,25-34,2,5,2
Mystery,Dillon-Berry,1998,Return think meet.,a8c12ff8-b5ad-469e-b9eb-0b3d7efe8d71,Wolfeville,45-54,7,1,1
Mystery,Dillon-Berry,1998,Return think meet.,3c4305ab-80ea-4a03-b4e8-a21421e1b070,Port Omar,18-24,1,4,2
Mystery,Dillon-Berry,1998,Return think meet.,a7ac8aa4-56a0-4584-bd14-d3afed5eb8fa,Hilltown,55+,4,3,3
Fiction,"Donaldson, Stanton and Baker",2009,Nothing that want.,12f82024-93f1-4c28-87ba-7af0f341c911,East Richardmouth,55+,7,1,5
Fiction,"Donaldson, Stanton and Baker",2009,Nothing that want.,ff826162-c0f3-4708-a2c8-27a61e5af21b,Lynchstad,Under 18,2,1,3
Fiction,"Donaldson, Stanton and Baker",2009,Nothing that want.,14e3ae5a-470d-4441-8965-07d4c5132d4e,Wrightchester,18-24,4,4,5
Fiction,"Donaldson, Stanton and Baker",2009,Nothing that want.,e53724db-24d2-4846-bf3e-37bed10c6c40,North Nicholas,45-54,7,3,3
Mystery,Murphy and Sons,1968,Prevent truth.,d06e98c9-499d-4efb-a9b8-cd777f37b215,South Alexander,18-24,8,4,2
Mystery,Murphy and Sons,1968,Prevent truth.,14881950-d3bb-4850-a4b6-8647bc0e8a85,Greenside,35-44,1,2,1
Mystery,Murphy and Sons,1968,Prevent truth.,fc80e5e8-d3d7-4bd8-aaaa-1a35adb893a2,Jenningsfort,25-34,9,2,4
Mystery,Murphy and Sons,1968,Prevent truth.,c983f449-cd33-4add-ba52-b0c9961ec4bb,South Dennis,35-44,9,3,4
Mystery,Murphy and Sons,1968,Prevent truth.,d3a5b5d7-7997-45a9-9ade-80a2baf682a3,Rayfurt,18-24,3,5,3
Mystery,Murphy and Sons,1968,Prevent truth.,7ea02ff3-8e4f-43fc-acd2-65b0e8d2878f,New Bonnietown,18-24,3,1,3
Mystery,Murphy and Sons,1968,Prevent truth.,c38df014-c859-42ff-ab3d-092f53da80a8,South Carl,25-34,1,1,4
Mystery,Murphy and Sons,1968,Prevent truth.,fa454fcf-a3ff-4f3a-b53f-3a2c2310f79f,Jessicabury,18-24,5,4,2
Mystery,"Howard, Howe and Martin",1958,Too crime often poor.,1a3c82d0-8423-4900-9a33-92e8df822bdc,North Jenniferland,45-54,6,3,2
Mystery,"Howard, Howe and Martin",1958,Too crime often poor.,d88a1117-97f6-42f8-b0ce-3a26be22f8a1,Lindseyshire,35-44,7,2,4
Mystery,"Howard, Howe and Martin",1958,Too crime often poor.,49fe810e-35f7-4aa2-a6ff-1ff293295ac4,Port Ryanstad,18-24,4,2,3
Mystery,"Howard, Howe and Martin",1958,Too crime often poor.,b68fcf9a-f0f8-4421-8eca-c762c69ae1d2,West Amyside,18-24,9,4,3
Mystery,"Howard, Howe and Martin",1958,Too crime often poor.,b0543cb6-19f9-49e3-b703-ebd426250e44,East Cheryl,18-24,1,4,4
Mystery,"Howard, Howe and Martin",1958,Too crime often poor.,d16c8657-dcca-4c22-ad0c-ca8835af3a8b,Karaview,25-34,9,3,2
Mystery,"Howard, Howe and Martin",1958,Too crime often poor.,d1acd7d4-9181-49e1-a900-1e9697d0fef8,North Hannah,35-44,4,2,1
Mystery,"Howard, Howe and Martin",1958,Too crime often poor.,def855e5-185c-42cb-9635-645b7ad0f173,Port Jessicastad,45-54,8,1,2
Non-Fiction,Hartman Group,2019,Area green listen.,314aea3b-5186-416d-995e-d7d2e1aed6d8,North Billy,35-44,6,1,4
Non-Fiction,Hartman Group,2019,Area green listen.,47b4d79f-3e53-46b7-862c-73c2463f33e6,Davidmouth,45-54,6,3,5
Non-Fiction,Hartman Group,2019,Area green listen.,da92b561-d2eb-4de2-bb59-4f55ea384b22,North Johnfort,55+,1,2,1
Non-Fiction,Hartman Group,2019,Area green listen.,481be0ca-4a07-4da1-8cc6-34159c87deac,New Kathleen,55+,10,2,5
Non-Fiction,Hartman Group,2019,Area green listen.,74f050f4-92d1-44d3-9e06-30251eeefabb,Muellerton,55+,8,1,5
Non-Fiction,Hartman Group,2019,Area green listen.,0564f66b-ce0e-4fa2-9e45-979c35f6dfca,Port Jonathanberg,18-24,9,1,4
Non-Fiction,Hartman Group,2019,Area green listen.,8b06fea1-cbe8-42c5-a187-6d2b37bcc6b9,North Theresa,55+,6,4,3
Non-Fiction,Hartman Group,2019,Area green listen.,e242b4fa-917c-47b5-a58f-83856de574ba,Jenniferborough,35-44,8,3,5
Non-Fiction,Hartman Group,2019,Area green listen.,301a1bab-ec41-43fd-818b-fccdfb315cf1,Kimberlychester,Under 18,10,4,5
Non-Fiction,Hartman Group,2019,Area green listen.,fd0a22c8-3c57-4e04-b91a-bf0fb8377743,Sullivanberg,35-44,2,4,3
Fiction,"Foster, Alvarado and Ball",2014,Understand avoid foreign.,3f839f56-e442-4344-b3fa-ef826dcdb145,Lake Kelly,45-54,7,5,2
Fiction,"Foster, Alvarado and Ball",2014,Understand avoid foreign.,3746b565-c05a-410a-ac6d-9c7123dd97f9,Lindaland,35-44,4,5,2
Fiction,"Foster, Alvarado and Ball",2014,Understand avoid foreign.,74409edd-a5ae-4509-85ac-6892398d9137,Phillipsport,18-24,4,4,5
Fiction,"Foster, Alvarado and Ball",2014,Understand avoid foreign.,54a434d3-4c75-4caa-a659-cf74dfa1ea01,Davidfurt,Under 18,9,3,5
Fiction,"Foster, Alvarado and Ball",2014,Understand avoid foreign.,7f58ab8d-af62-4000-92d9-aaa27e81ac9a,Robertstown,55+,7,3,1
Fiction,"Foster, Alvarado and Ball",2014,Understand avoid foreign.,0e421219-4257-4cf4-9d02-745f97c1fa3f,New Stevenshire,25-34,7,4,1
Fiction,"Foster, Alvarado and Ball",2014,Understand avoid foreign.,f9855f77-d3b2-4912-a889-4d9af55a4882,Samanthaport,18-24,9,4,1
Science Fiction,Wilson Group,1988,Sister that shoulder.,a441cbd6-f9b4-4322-9251-00171e576922,West Steven,35-44,8,1,3
Science Fiction,Wilson Group,1988,Sister that shoulder.,3d6fc860-40c5-44b3-8dbb-907287d3fb6f,Frankfort,18-24,10,1,5
Science Fiction,Wilson Group,1988,Sister that shoulder.,a663acb0-20fb-42c5-beec-e092e9f5cda2,West Holly,35-44,8,4,5
Science Fiction,Wilson Group,1988,Sister that shoulder.,a21ac08a-869b-4519-8507-37a2979b40ec,Danielsstad,45-54,9,4,1
Science Fiction,Wilson Group,1988,Sister that shoulder.,7a4ba2a6-0f92-445d-be0f-f3fecc2db18e,Thomasfort,55+,6,3,4
Science Fiction,Wilson Group,1988,Sister that shoulder.,c989a8fe-4808-45e7-b187-de0165ed208a,North Christopherton,55+,5,5,5
Science Fiction,Wilson Group,1988,Sister that shoulder.,0667a93d-41ae-4bb0-a34c-c16abb7674df,Lake Timothy,Under 18,10,3,1
Science Fiction,Wilson Group,1988,Sister that shoulder.,0a9c3242-6ac3-4422-b47c-66334df0bc6a,East Robertmouth,55+,9,2,1
Science Fiction,Wilson Group,1988,Sister that shoulder.,7d4ec79c-7765-4fc0-943e-b1c150a99eb0,Morrisland,18-24,3,2,5
Non-Fiction,Frost LLC,1994,Hand beautiful.,b95fcf86-87bc-446f-8be9-76bdd316c1e2,West Jordanton,Under 18,2,1,4
Mystery,Garza-Rodriguez,1998,Know tell.,40334ebe-626a-4652-8e15-a2f4f5250305,East Samantha,25-34,1,2,3
Mystery,Garza-Rodriguez,1998,Know tell.,4d6dc777-ec6f-487f-adbc-786b2351c16a,Nicholsport,25-34,6,3,4
Mystery,Garza-Rodriguez,1998,Know tell.,88314792-47a3-40c7-8135-ae0abfe05ec9,West Angelamouth,25-34,5,2,3
Mystery,Garza-Rodriguez,1998,Know tell.,01fb3dcf-c946-4b0b-afdc-3e7a3ef286e1,Jenniferfort,Under 18,4,3,4
Mystery,Garza-Rodriguez,1998,Know tell.,2e899c09-5133-4fcf-b63e-bf2e6ed3efc5,Ericborough,25-34,7,4,4
Mystery,Garza-Rodriguez,1998,Know tell.,a13af177-557f-4826-9359-4c74731d233b,South Justinfort,25-34,4,3,4
Mystery,Garza-Rodriguez,1998,Know tell.,f3a18775-0c2d-4911-a192-c1dc6d3cb9c1,Kellyburgh,35-44,10,5,3
Mystery,Lowe LLC,1988,Media too.,eb11a652-66fb-450c-b17d-242d7dfb9d0d,East Jacob,18-24,9,1,4
Mystery,Lowe LLC,1988,Media too.,3eb9972f-965e-48f5-8355-20807021edc9,East Amandafort,Under 18,7,2,4
Mystery,Lowe LLC,1988,Media too.,922a920f-a5f0-4a30-82fc-be33e2a8a75d,Jeffmouth,25-34,9,2,1
Mystery,Lowe LLC,1988,Media too.,32f5adb9-069f-48e0-a51b-fbf403236f6e,East Emily,Under 18,7,2,1
Mystery,Lowe LLC,1988,Media too.,a7162153-f3a9-4135-b3b6-60cd1ad52071,Lindaborough,35-44,2,4,2
Mystery,Lowe LLC,1988,Media too.,9ea394dd-9494-4426-8057-8c6847a2bda8,South Joseph,35-44,3,3,5
Mystery,Lowe LLC,1988,Media too.,b1b59775-818e-4d21-add3-a0dea752d265,New David,45-54,1,1,5
Science Fiction,Berger Inc,2015,Really ground.,6b8d1f91-3951-40c8-824e-c0e12b21994a,Petermouth,25-34,2,4,3
Science Fiction,Berger Inc,2015,Really ground.,a7fe49cd-f699-4712-907d-6ad27790c42b,Nicholsonchester,45-54,9,4,4
Science Fiction,Berger Inc,2015,Really ground.,5fd3916c-6838-4a15-b850-34923872b817,Vanessaberg,55+,6,5,1
Science Fiction,Love-Thompson,1981,Thought opportunity ever.,b2ee3405-0f65-49de-84ad-7cda16dd2563,North Alex,35-44,6,2,1
Science Fiction,Love-Thompson,1981,Thought opportunity ever.,076f775d-3615-425f-af14-3c7f7069b624,Mooreview,25-34,9,4,4
Science Fiction,Love-Thompson,1981,Thought opportunity ever.,c0b9c796-141f-42a1-81fe-d24e9dd6f9ff,South Jessicaburgh,25-34,6,3,2
Science Fiction,Love-Thompson,1981,Thought opportunity ever.,80f9d457-3d77-4ceb-a758-212dfca01079,Lake Dylan,35-44,9,4,2
Science Fiction,Love-Thompson,1981,Thought opportunity ever.,f1aacdef-9572-4fb4-899a-a79baacae331,Michelletown,Under 18,7,4,1
Science Fiction,Love-Thompson,1981,Thought opportunity ever.,76d31ed1-a35f-4f00-9f3c-f71ecce2e971,West Alicia,25-34,7,1,5
Fantasy,Jordan LLC,2014,Down can.,9dd02639-81bf-4ff8-b47d-7770320d44aa,Jeanetteshire,18-24,9,1,2
Fantasy,Jordan LLC,2014,Down can.,a6bc37fc-1981-4720-9e1f-c26807598f47,Lake Matthewfurt,55+,1,3,3
Fantasy,Jordan LLC,2014,Down can.,8224b9b6-2f52-4f8f-a1ca-e7a9179d3835,Fisherburgh,Under 18,10,5,4
Fantasy,Jordan LLC,2014,Down can.,fe32ca0e-31a9-4f35-9206-265c678e3480,Davisland,Under 18,9,1,1
Fantasy,Jordan LLC,2014,Down can.,1edb05e0-4058-4b8e-b3a3-658131049c6b,New Michelle,18-24,6,5,3
Fantasy,Jordan LLC,2014,Down can.,3e3e5b55-59c4-4b1d-b6e7-2b79569d4357,Hamptonfurt,25-34,3,5,3
Fantasy,Jordan LLC,2014,Down can.,53a67afa-c150-41ba-b8c5-3bd2aa508f25,Chelseamouth,55+,4,2,4
Fantasy,Jordan LLC,2014,Down can.,9ec34c98-7e1d-4e63-ab43-dc7c65fd6bd3,West Matthew,35-44,2,1,3
Fiction,King LLC,1981,Approach someone data.,07538ff0-2e9a-467c-bea1-02ef25edfeea,Kevinfurt,25-34,10,1,4
Science Fiction,Reeves-Summers,2009,Approach skin.,733e4981-b5da-4ed8-a376-f9ac99745b88,Mikefort,45-54,9,2,2
Science Fiction,Reeves-Summers,2009,Approach skin.,4fca1ed2-6dfe-431e-80f0-6641a781e8fb,Ashleytown,25-34,2,2,5
Science Fiction,Reeves-Summers,2009,Approach skin.,719e71aa-4afc-41e0-a715-4222a15e6865,West Rachelborough,45-54,9,1,3
Science Fiction,Reeves-Summers,2009,Approach skin.,1d2643c2-0f60-477a-b706-afa414e7f9d4,West Danielleborough,Under 18,7,2,4
Science Fiction,Reeves-Summers,2009,Approach skin.,35ce7d33-a161-4ce8-bdce-137701573b8f,South Thomaschester,25-34,1,2,5
Science Fiction,Reeves-Summers,2009,Approach skin.,c9248fda-1007-42b9-9ec0-b83e28d28689,Port Sheilatown,Under 18,9,1,1
Science Fiction,Reeves-Summers,2009,Approach skin.,904e5357-d6ef-4b99-bb42-e0d2ee766d90,Harringtonchester,55+,4,5,3
Science Fiction,Reeves-Summers,2009,Approach skin.,a13aa319-06ee-4a86-905b-b8a98417fef1,South Lorettaview,Under 18,1,4,1
Science Fiction,Reeves-Summers,2009,Approach skin.,80f8e4cc-9a6e-4f45-8ff9-dc55ab1651b8,East Amy,Under 18,3,3,1
Science Fiction,Reeves-Summers,2009,Approach skin.,98006032-0f24-47e1-832d-683fb84baf20,North Tina,45-54,8,5,5
Fiction,"Todd, Edwards and Copeland",1978,Should different red.,d2dfe6b9-c259-4a56-8409-b5881fc04a99,Myersmouth,35-44,10,4,1
Fiction,"Todd, Edwards and Copeland",1978,Should different red.,0e302bb8-5eaf-4896-9505-74d277cd9b93,Schwartzborough,55+,4,4,1
Fiction,"Todd, Edwards and Copeland",1978,Should different red.,d3ea6dba-8b73-4467-8488-4e4577f6385b,South Marcusland,Under 18,8,4,5
Fiction,"Todd, Edwards and Copeland",1978,Should different red.,0a620900-52d7-43ee-a69b-98b9d8c7c494,Port Branditown,55+,5,4,3
Fiction,"Todd, Edwards and Copeland",1978,Should different red.,bdf4dee5-fee5-4d54-b249-d34ab2bbe1f9,West Josephville,35-44,8,2,5
Fiction,"Todd, Edwards and Copeland",1978,Should different red.,5bd7f1b7-ea6b-49a8-88f5-b1229ac42aa5,Leeborough,Under 18,6,5,5
Fiction,"Todd, Edwards and Copeland",1978,Should different red.,9de9fb54-028d-4bfd-ac65-8758c7783b4d,North Amberburgh,18-24,5,4,5
Fiction,"Todd, Edwards and Copeland",1978,Should different red.,a994e2dc-ff97-4ce8-ac16-9cbeabba6655,Clarkeberg,35-44,5,4,3
Fiction,"Todd, Edwards and Copeland",1978,Should different red.,af0a60e4-76c4-4fe6-bdfc-252c9e057500,Port Cameronport,25-34,2,5,5
Fiction,"Todd, Edwards and Copeland",1978,Should different red.,e645d600-d705-44e1-a277-5b7727976d62,Marshallside,45-54,1,5,1
Non-Fiction,Phillips-Lewis,1972,Soon sit.,875a5240-2ea6-4ae4-913b-1566cf43e2b2,Jacobfort,45-54,8,1,1
Non-Fiction,Phillips-Lewis,1972,Soon sit.,b30ca895-4d47-4f4a-9729-a773db9f4bd2,Melissastad,35-44,8,4,5
Non-Fiction,Phillips-Lewis,1972,Soon sit.,dd60aef9-aa18-475a-8824-e9ee85214228,Williammouth,55+,2,1,1
Non-Fiction,Phillips-Lewis,1972,Soon sit.,fa0dd539-7407-420c-8f26-38457b533872,Kimberlyshire,18-24,4,2,3
Non-Fiction,Phillips-Lewis,1972,Soon sit.,471dcf81-aa6a-41d6-ae99-dd5a1d96c7c0,Garnermouth,55+,6,5,4
Non-Fiction,Phillips-Lewis,1972,Soon sit.,7ebbb1c2-2b2c-4c39-ad1e-82b003753c8e,Karenshire,55+,10,4,3
Non-Fiction,Phillips-Lewis,1972,Soon sit.,57ee8566-b938-4133-9fe8-040fc1f21f38,Mcleanmouth,18-24,2,3,5
Non-Fiction,Phillips-Lewis,1972,Soon sit.,2a8e776e-ea3c-4e5c-a8c0-27257cc80286,East Mark,35-44,7,2,2
Non-Fiction,Phillips-Lewis,1972,Soon sit.,b7526328-7d4e-457c-9414-ba2783488475,Forbesview,18-24,5,1,3
Mystery,Stewart-Casey,2011,Low almost.,2af18b9a-492d-4165-b61e-5990a2a8daab,Millertown,45-54,7,4,2
Mystery,Stewart-Casey,2011,Low almost.,4d60462e-a6e7-4438-add8-fccf7d2a989e,Lake Tara,Under 18,7,2,4
Mystery,Stewart-Casey,2011,Low almost.,a87ee81c-68c1-41a8-8f09-5e54c6d90836,Jenniferville,55+,9,5,1
Mystery,Stewart-Casey,2011,Low almost.,4752814f-c210-4319-ba19-305f0015f3fc,Noahstad,18-24,8,2,2
Mystery,Stewart-Casey,2011,Low almost.,0dde0a52-d327-4d53-bdcb-96e45dec3eb6,Port Lisashire,55+,6,3,5
Mystery,"Lynch, Fox and Frederick",2002,Thousand program.,bf4c38b0-a9ff-42c3-8eb5-ccdfab7e0693,South Edwardburgh,45-54,4,1,3
Mystery,"Lynch, Fox and Frederick",2002,Thousand program.,d47ae0bf-53e6-4ed4-81b6-1c71c7a7a2fb,New Stephenshire,Under 18,6,3,1
Mystery,"Lynch, Fox and Frederick",2002,Thousand program.,29c8bb7d-1645-4731-88a2-5bd6305e1387,East Michaelmouth,55+,5,5,2
Mystery,"Lynch, Fox and Frederick",2002,Thousand program.,aa827315-7b94-47bb-a856-b2602ae883b9,Port Ashley,35-44,5,1,5
Non-Fiction,Pena-Murray,2012,Stand.,a5b69ddf-ccff-45ca-841d-2d7b0f4ca985,Derektown,45-54,9,4,5
Non-Fiction,Pena-Murray,2012,Stand.,583c0eee-42b5-41f3-bd9d-8a4bb1eeb8be,Lisaview,55+,9,4,2
Non-Fiction,Pena-Murray,2012,Stand.,284c882a-c2a5-4c37-94b1-523346af4984,Cindyshire,55+,4,5,3
Non-Fiction,Pena-Murray,2012,Stand.,065a1e27-edc1-42e6-a49d-5bcefb656be1,Port Bryanbury,45-54,6,1,1
Non-Fiction,Pena-Murray,2012,Stand.,89a5a0b0-e204-4a33-81b4-6ee7f6269060,Lake Matthewside,Under 18,4,4,4
Non-Fiction,Pena-Murray,2012,Stand.,e5a155c7-9ead-494b-b508-33813ae824e1,Roseton,25-34,4,4,3
Non-Fiction,Pena-Murray,2012,Stand.,05d684b4-3a9c-4639-a4af-aa6b991ca519,Valeriemouth,45-54,1,4,5
Non-Fiction,Pena-Murray,2012,Stand.,3682d34b-cc7f-4744-a739-fd27930bb4a1,Lake Janice,45-54,7,3,1
Non-Fiction,Pena-Murray,2012,Stand.,f7eb5819-2a3c-4d7c-aff9-4c961f6fdaf3,Port Brenda,45-54,3,3,5
Fantasy,Schneider-Moore,1966,Find big.,71db93f8-a7d6-493c-9c4a-26ce57715b5f,Roseborough,Under 18,3,1,5
Fantasy,Schneider-Moore,1966,Find big.,bb889ed6-66ad-4760-9dd2-e2afca2a0328,Keithborough,Under 18,6,4,1
Fantasy,Schneider-Moore,1966,Find big.,e8d47c5e-3372-476e-a5a8-9f26d0d4cb99,Lake Valerie,18-24,9,1,2
Fantasy,Schneider-Moore,1966,Find big.,dae0c4a7-3ddb-4b35-ab25-ac31664563fe,Johnport,Under 18,4,4,1
Fantasy,Schneider-Moore,1966,Find big.,46c3643e-d959-48ec-b0fc-c379afa924a8,Port Stevenmouth,18-24,6,4,2
Fantasy,Schneider-Moore,1966,Find big.,6eb74592-ad06-46b9-87e0-7be4f84f5f97,East Michael,Under 18,1,3,1
Fantasy,Schneider-Moore,1966,Find big.,2691f6de-111d-46a7-8a23-c56d91ed0184,Jasonton,35-44,3,3,3
Mystery,Roberts-Gonzales,1976,Throughout cause meeting.,8a03047a-7adb-47a6-a477-440ae7c7ba9b,Livingstonside,35-44,2,5,2
Mystery,Roberts-Gonzales,1976,Throughout cause meeting.,4a2f788f-5d63-436a-b86a-36e4dd1bb420,Nicholshaven,45-54,2,1,4
Mystery,Roberts-Gonzales,1976,Throughout cause meeting.,f809a5b8-1ae1-40e1-87fb-964cd2d6049e,North Frank,Under 18,6,5,5
Mystery,Roberts-Gonzales,1976,Throughout cause meeting.,7b76fc9a-734e-44de-a578-ce5a2dc19ce9,New Harold,Under 18,6,4,5
Mystery,Roberts-Gonzales,1976,Throughout cause meeting.,966801cb-b4f3-44b5-97ba-3ef5e44fc4cd,Wilsonberg,55+,2,3,2
Mystery,Roberts-Gonzales,1976,Throughout cause meeting.,9cae3e9d-34a1-4e42-ac71-b736921dab22,South Jeffreytown,35-44,7,2,5
Mystery,Roberts-Gonzales,1976,Throughout cause meeting.,048f066d-6340-4376-8c51-a24a8abf2b57,Nicholaschester,35-44,10,4,1
Non-Fiction,"Robinson, Johnson and Cox",2022,Rich individual.,cb40d139-7a57-4c0e-a54a-4521ca0a8a03,West Adrienneport,45-54,9,5,3
Non-Fiction,"Robinson, Johnson and Cox",2022,Rich individual.,43d32c1d-71f7-4672-a3c7-bdd0b66c8ce6,Lisaborough,45-54,8,5,3
Non-Fiction,"Robinson, Johnson and Cox",2022,Rich individual.,b1be8750-bd26-4844-8291-c47fe1a51fa9,Port Margaretport,35-44,1,5,3
Non-Fiction,"Robinson, Johnson and Cox",2022,Rich individual.,d7dd8593-760f-4a0f-83a9-0c006ca18979,Erikborough,55+,1,1,5
Fantasy,"Sims, Lang and Silva",2005,Meeting worker high.,66980cda-8f0e-4bca-a72a-f2a6e80062c0,Matthewtown,25-34,3,4,3
Fantasy,"Sims, Lang and Silva",2005,Meeting worker high.,067bddf9-316b-4b4a-a65d-76905febf440,West Nicholas,Under 18,6,3,2
Fantasy,"Sims, Lang and Silva",2005,Meeting worker high.,81d9d624-3d77-4460-874a-c27b4ad1ec4d,West Daniel,18-24,1,3,3
Fantasy,"Sims, Lang and Silva",2005,Meeting worker high.,6dd62bc2-2794-41a7-90b8-74aadbc5ef1c,Brendatown,35-44,2,4,3
Fantasy,"Sims, Lang and Silva",2005,Meeting worker high.,9227f003-931f-48bd-8b00-f76dc9bb320b,Lake Heatherbury,Under 18,10,1,2
Fantasy,"Sims, Lang and Silva",2005,Meeting worker high.,7945f1c2-a5a1-4193-890e-f563ea4e2dd5,New Donald,18-24,6,5,2
Fantasy,Miller-Randolph,1953,Offer spring.,ec7ba857-046f-490b-9871-3b276edd0cdb,South Andrew,Under 18,5,5,1
Fantasy,"Green, Bennett and Miller",2005,Although unit hair.,78cd3cfe-fb17-487d-9c08-9d64d48d9aba,Port Deborahside,18-24,3,3,3
Fantasy,"Green, Bennett and Miller",2005,Although unit hair.,92eaeb8f-92b3-44c5-a1b8-c4f5663af250,Benjaminville,Under 18,5,1,1
Fantasy,"Green, Bennett and Miller",2005,Although unit hair.,c8d24bcf-6849-40f8-913d-be83d81e44d8,Gonzalezhaven,35-44,5,2,2
Fantasy,"Green, Bennett and Miller",2005,Although unit hair.,a70e0140-5686-40f8-a772-031bddd456a9,Port Nicolefurt,55+,6,2,3
Science Fiction,"Garza, Smith and Rodriguez",1993,Leader effort.,417e960c-39b5-4442-abf9-a7b690dabbd9,South Vincent,Under 18,3,1,1
Science Fiction,"Garza, Smith and Rodriguez",1993,Leader effort.,9bbfc4ee-1f8c-4089-a502-2c27512baf78,Lake Ericamouth,35-44,5,2,4
Science Fiction,"Garza, Smith and Rodriguez",1993,Leader effort.,e929ea3d-4c9a-4274-af5f-0f72220db8c9,Whitemouth,35-44,3,5,3
Science Fiction,"Garza, Smith and Rodriguez",1993,Leader effort.,bd09c316-35c5-4fa6-b003-82b5a3528526,Beasleyside,Under 18,8,3,5
Science Fiction,"Garza, Smith and Rodriguez",1993,Leader effort.,d01a1fd3-50a5-4038-84e3-b145f2536399,Lake Andrew,Under 18,6,4,4
Science Fiction,"Garza, Smith and Rodriguez",1993,Leader effort.,c6895a5d-913f-4270-9ca3-712e0402cd80,North Philip,25-34,9,3,2
Science Fiction,"Garza, Smith and Rodriguez",1993,Leader effort.,5953e795-8e21-4624-bc48-0538d9ea9125,Lake Nathan,55+,6,1,5
Science Fiction,"Garza, Smith and Rodriguez",1993,Leader effort.,500eab5e-6fc7-47b0-9adb-65b65f3cb090,Andersenshire,45-54,4,2,2
Fantasy,"Brown, King and Gomez",2016,Involve medical use.,5293fbe8-c420-4ac2-a398-4e0d1b1987a4,Swansonfurt,Under 18,6,5,2
Fantasy,"Brown, King and Gomez",2016,Involve medical use.,a797641a-c26d-4c69-8480-a09a9bfadf21,West Brenda,45-54,2,3,5
Fantasy,"Brown, King and Gomez",2016,Involve medical use.,42ae79aa-1bc0-41e4-a939-66e0e5f0458f,East James,Under 18,8,1,2
Fantasy,"Brown, King and Gomez",2016,Involve medical use.,136ae7e7-a0d9-467e-bff4-11f0ddaa6c95,Huffside,18-24,6,2,5
Fantasy,"Brown, King and Gomez",2016,Involve medical use.,2f2ffc99-eb63-49d5-880d-70fdcc37c3eb,East Caitlin,55+,7,5,2
Fantasy,"Brown, King and Gomez",2016,Involve medical use.,0baab3ba-3600-4dc4-a65a-b5220ead7c18,Port Brad,Under 18,3,1,1
Fantasy,"Brown, King and Gomez",2016,Involve medical use.,4427fe7b-bb2e-43c1-b2c5-97b10988a6e4,Andrewburgh,18-24,6,5,4
Fantasy,"Brown, King and Gomez",2016,Involve medical use.,09f9b7e7-772a-4fa6-a9e7-7aa3addd5ea5,North Darlene,Under 18,1,4,2
Fantasy,"Brown, King and Gomez",2016,Involve medical use.,d384c162-dfe8-4963-a995-2f1e29ccbaca,South Dalton,25-34,6,5,2
Mystery,Pearson PLC,1962,Investment respond.,feb697a6-a05d-4217-bc71-81dd36e3c4d2,East Dorothychester,18-24,10,2,1
Mystery,Pearson PLC,1962,Investment respond.,756094d0-4705-4ddd-a982-626ebf52662b,Stacyborough,45-54,5,2,4
Mystery,Pearson PLC,1962,Investment respond.,1165eb60-71ce-4345-891f-8c187f6fcc59,Ochoaville,35-44,1,2,3
Mystery,Pearson PLC,1962,Investment respond.,45d608e0-8406-4782-9bcd-90aa96507826,Marilynborough,55+,9,1,2
Non-Fiction,Johnson and Sons,1981,Rock road her.,ed398880-2333-4ec2-85e5-223aee946f07,North Ethan,Under 18,2,2,3
Non-Fiction,Johnson and Sons,1981,Rock road her.,2464bed2-9f7f-4534-b99c-d7c4a577803d,Port Dylanburgh,45-54,4,1,4
Non-Fiction,Johnson and Sons,1981,Rock road her.,dabe0cbc-9558-4bfd-87bd-3985973dd0f7,East Marcusmouth,18-24,7,1,2
Non-Fiction,Johnson and Sons,1981,Rock road her.,bf3fc9b5-0e80-420c-a023-14a6d1b01135,Lake Ronald,55+,7,2,4
Non-Fiction,Johnson and Sons,1981,Rock road her.,2d48c885-ea17-4c45-ba97-a97d32003044,Leefurt,25-34,2,5,2
Non-Fiction,Johnson and Sons,1981,Rock road her.,4c9ac31a-fe50-4f40-ae1c-7cc19ec25aac,Soliston,18-24,8,5,4
Non-Fiction,Johnson and Sons,1981,Rock road her.,e7b5a5c8-a76c-41c6-a0db-5cdc3ebef92c,Lake Devin,35-44,3,3,4
Non-Fiction,Johnson and Sons,1981,Rock road her.,600c47d5-9c50-4d1b-9b53-170f2185aa57,West Gregory,45-54,6,1,1
Non-Fiction,"Kirk, Mitchell and Harris",1992,Top happen.,92cbc527-b535-4efb-baa0-1f2d1febacc5,Wilsonton,45-54,1,4,3
Non-Fiction,"Kirk, Mitchell and Harris",1992,Top happen.,4c87f8c8-00d2-4de2-8249-a1f2e8d3a618,Reyesview,55+,1,3,1
Science Fiction,"Mendoza, Mendez and Wong",1966,Night American better.,10cbb298-b975-4dad-8cb1-b0b9ef42ca1b,Perezland,Under 18,5,4,4
Science Fiction,"Mendoza, Mendez and Wong",1966,Night American better.,3a4c64d0-5d83-41b2-b1bd-61d8501973a3,Paulside,18-24,5,1,4
Science Fiction,"Mendoza, Mendez and Wong",1966,Night American better.,eba49bf6-daec-4dd4-bc34-cc7742060988,Port Sarah,25-34,5,3,4
Science Fiction,"Mendoza, Mendez and Wong",1966,Night American better.,d28329e9-0c53-4ed4-ba54-9fcfab7e3c8a,Johnsonfurt,25-34,7,4,2
Science Fiction,"Mendoza, Mendez and Wong",1966,Night American better.,e8d046f6-5772-46a2-ae5d-3f89e2a1e34c,Stephaniehaven,35-44,8,4,4
Science Fiction,"Mendoza, Mendez and Wong",1966,Night American better.,69575fd8-30cc-47d0-b636-8ee507b046e9,Carmenhaven,18-24,1,5,3
Science Fiction,Owens and Sons,2013,Tree energy.,db14c57d-af1d-470e-b6fd-f3615f1f8092,Lake Ashleyfurt,Under 18,2,2,3
Science Fiction,Owens and Sons,2013,Tree energy.,993c0102-a2b0-410f-951b-37bb8c3373ef,Clarkstad,55+,4,1,3
Science Fiction,"Cantu, Bowen and Silva",2021,Fish age college second.,a5821fe4-1a82-410f-9642-94457fd07b16,Danielshire,55+,4,2,1
Science Fiction,"Cantu, Bowen and Silva",2021,Fish age college second.,7af38809-aeea-4f46-8246-6cdcbfc88d5d,Zacharyland,45-54,6,1,2
Science Fiction,"Cantu, Bowen and Silva",2021,Fish age college second.,a981b7d4-7606-429c-9e9b-40a24f4e5c4c,Lake Lori,18-24,3,5,2
Science Fiction,"Cantu, Bowen and Silva",2021,Fish age college second.,b3b2a4f3-5100-4988-906d-b87bed345b57,Shaneport,25-34,9,1,3
Non-Fiction,"Anderson, Harris and Rivera",2003,Thing investment.,05d85321-86f0-4608-887c-8ec8462ae030,New Elizabeth,25-34,5,1,4
Non-Fiction,"Anderson, Harris and Rivera",2003,Thing investment.,97e0e701-d57b-496e-8beb-881647aaf435,Aaronport,Under 18,8,3,1
Non-Fiction,"Anderson, Harris and Rivera",2003,Thing investment.,99918a32-5417-4953-bc8f-f66b35d045a7,East Lisamouth,18-24,2,5,5
Non-Fiction,"Anderson, Harris and Rivera",2003,Thing investment.,3fc87da8-55d9-480c-b763-a7518f78abcc,Lake Katherine,Under 18,2,2,3
Non-Fiction,"Anderson, Harris and Rivera",2003,Thing investment.,d8768d6a-deb9-4927-ab72-c142e17b15ed,West Nicholas,Under 18,4,2,5
Non-Fiction,"Anderson, Harris and Rivera",2003,Thing investment.,a2bedb88-d08a-4152-9853-950e71274c14,Cynthiafurt,25-34,3,1,4
Non-Fiction,"Anderson, Harris and Rivera",2003,Thing investment.,4c46c1a2-0db0-4680-98de-e8e2e170efe5,Diazville,Under 18,7,3,5
Non-Fiction,"Anderson, Harris and Rivera",2003,Thing investment.,214ccd43-8581-4c5c-8477-9180911deccb,Douglasport,Under 18,9,1,1
Non-Fiction,"Anderson, Harris and Rivera",2003,Thing investment.,f814636a-2ac8-4cbe-81fc-4caa12e68ef2,Vazquezland,55+,1,5,5
Fantasy,"Ford, Boyle and Moore",1952,Field several movement.,811390e1-2b8c-4870-aee9-5f502ed59baf,Gonzalesstad,25-34,5,4,3
Fantasy,"Ford, Boyle and Moore",1952,Field several movement.,e8d02fee-544f-4c55-8e42-4ad0602bcff3,Kimberlyside,18-24,4,5,3
Fantasy,"Ford, Boyle and Moore",1952,Field several movement.,818c1aad-90f1-4155-85ea-7073dbf91d9f,Lake Courtneychester,55+,4,2,2
Fantasy,"Ford, Boyle and Moore",1952,Field several movement.,d2c9ce04-11f2-4d0b-bcaa-840bcc47bafa,New Lori,25-34,9,2,1
Mystery,Medina-Hicks,1954,Number toward site.,a8a3fe71-03ff-40d0-b14c-93e356daed60,South Donna,25-34,2,4,5
Mystery,Medina-Hicks,1954,Number toward site.,7c60ccda-bd4e-452f-ada4-a62ad90f957a,East Zachary,25-34,5,2,2
Mystery,Medina-Hicks,1954,Number toward site.,084e02d8-ac19-4727-bf14-b15f54294c77,Williamfurt,35-44,5,4,2
Mystery,Medina-Hicks,1954,Number toward site.,7caa3322-8082-4655-ae3c-0ebdbeb9fde5,Parkerchester,45-54,8,3,1
Mystery,Medina-Hicks,1954,Number toward site.,2b1918bc-e525-4797-9855-0f0ae8da4e0f,Amberfurt,18-24,9,1,2
Mystery,Medina-Hicks,1954,Number toward site.,c77c1432-7721-4aa2-b35f-6f9ca6433d65,New Lori,35-44,10,3,5
Non-Fiction,Edwards-Shaw,2005,Thing article.,dcfe3e82-9847-4b67-9746-3f452e8e33fa,East Jonathan,25-34,1,5,2
Non-Fiction,Edwards-Shaw,2005,Thing article.,6d52cfec-b268-425a-a7b5-e8e17815f967,East Crystalland,45-54,7,4,2
Non-Fiction,Edwards-Shaw,2005,Thing article.,67ee6d62-e903-48cf-8ad5-b6374b5eec8f,Stephaniestad,18-24,2,3,5
Science Fiction,Davis Inc,2001,Store son.,746b82df-70a1-4626-87b5-74ee064dff90,South Stacey,45-54,4,1,4
Science Fiction,Davis Inc,2001,Store son.,898ee96a-15e5-41fb-b9c1-5ba1d2bdb9c1,Lake Dylanfort,Under 18,6,2,4
Science Fiction,Davis Inc,2001,Store son.,cc276c5a-1e5c-416b-8ef1-3c0be6884f13,South Julie,25-34,6,5,2
Science Fiction,Davis Inc,2001,Store son.,9ee7dc41-2a5a-4d94-8ff7-92c9e880d4fe,Port Jessica,18-24,10,5,4
Science Fiction,Davis Inc,2001,Store son.,9fdf1cf9-a9fc-4a6f-809b-40cb3ebad504,Lake Michaelshire,25-34,5,2,1
Science Fiction,Davis Inc,2001,Store son.,bb7e750c-045c-422e-bcf2-412b312a87e9,Port Nicole,25-34,9,2,2
Science Fiction,Davis Inc,2001,Store son.,5e8d4ff6-d8e0-4ac2-b240-ed859beb08fe,South Henrymouth,25-34,9,3,3
Science Fiction,Davis Inc,2001,Store son.,2c822620-bd8b-442c-9aec-4de54af61ecc,Port Peter,Under 18,9,3,5
Science Fiction,Davis Inc,2001,Store son.,51b55224-bf50-4a63-9d65-380a76a1e91a,Barajastown,18-24,1,3,1
Science Fiction,Davis Inc,2001,Store son.,7e153e8b-cf3d-4f09-b03a-a80d2004bff8,Kennethland,45-54,10,5,1
Non-Fiction,"Wilson, Esparza and Castillo",2010,Fly low media.,90bd6639-479b-41a4-9c27-67269705a716,New Darrell,55+,4,3,5
Non-Fiction,"Wilson, Esparza and Castillo",2010,Fly low media.,5758bd0a-a31e-4231-beab-08e12f5040fa,Neilton,Under 18,5,2,2
Non-Fiction,"Wilson, Esparza and Castillo",2010,Fly low media.,3c83d07f-7543-420b-90fa-ccaf1ec66ed7,Bridgesstad,18-24,4,5,2
Non-Fiction,"Wilson, Esparza and Castillo",2010,Fly low media.,ec3d6149-81f3-4c9b-9663-ea7485a96b32,North Scott,45-54,8,5,2
Non-Fiction,"Wilson, Esparza and Castillo",2010,Fly low media.,7c4318a2-1df3-4f3f-a983-689dbfc4addf,Lisahaven,Under 18,3,5,2
Non-Fiction,"Wilson, Esparza and Castillo",2010,Fly low media.,099cbe85-8468-42fd-ae8a-519389380c7b,Mccormickborough,18-24,1,5,3
Non-Fiction,"Wilson, Esparza and Castillo",2010,Fly low media.,8c733716-c63a-4220-b0c3-c92365b66dfb,Cantumouth,35-44,9,5,1
Non-Fiction,"Wilson, Esparza and Castillo",2010,Fly low media.,85a3c5bb-3691-4ade-b08f-5074f9b3d041,Lake Nicoleside,45-54,6,5,1
Non-Fiction,"Wilson, Esparza and Castillo",2010,Fly low media.,dcb3aafd-4eb8-4c71-a640-f00980a5f9f6,Nathanielville,Under 18,1,4,4
Non-Fiction,"Wilson, Esparza and Castillo",2010,Fly low media.,c7c1d99e-bcea-45f2-9321-121f6685e324,Leemouth,55+,1,3,4
Science Fiction,"Johnson, Rogers and Nelson",1969,With thought.,3ab164b2-71da-4757-96cf-69a3ebbece01,Dawnshire,Under 18,4,2,2
Science Fiction,"Johnson, Rogers and Nelson",1969,With thought.,c8b46fa4-fed7-4b83-90c9-b82f9ba0a7ab,West Denisefort,Under 18,3,5,1
Science Fiction,"Johnson, Rogers and Nelson",1969,With thought.,bd954b15-07db-49c2-9c2c-6f2f0e532069,Whiteport,45-54,4,1,2
Science Fiction,"Johnson, Rogers and Nelson",1969,With thought.,d65fa122-0dc8-478e-968b-28f297693776,Adammouth,35-44,7,1,2
Science Fiction,"Johnson, Rogers and Nelson",1969,With thought.,d2819acf-0147-4ad2-9ecf-6844ff0752df,Port Aliciahaven,18-24,7,5,5
Science Fiction,"Johnson, Rogers and Nelson",1969,With thought.,161397e3-3eca-4a23-a8a2-61669eb5ab30,Kyleview,35-44,1,1,2
Science Fiction,"Johnson, Rogers and Nelson",1969,With thought.,fc3fc8a9-7e7a-405a-a942-d642db77c27d,Brandonville,25-34,3,5,4
Science Fiction,"Johnson, Rogers and Nelson",1969,With thought.,61a98ad3-7fe4-4dae-ab5b-06e10103aef8,Juliefort,18-24,6,2,1
Science Fiction,"Johnson, Rogers and Nelson",1969,With thought.,2f82d157-e947-4e9d-8c58-f9efcefd996f,Melissafort,55+,1,4,5
Mystery,Johnston-Chandler,1997,Culture sort follow decade.,bb11e1bd-b68e-40e0-8350-d515ce05d164,Cranebury,55+,2,4,3
Mystery,Johnston-Chandler,1997,Culture sort follow decade.,a8f3a7b3-e474-4648-b7a6-caa1d42fcd7f,Lake Donaldview,45-54,9,3,2
Fantasy,Wilkerson LLC,1963,Heart building.,128b3e4f-16c5-4f78-b278-4ca3c824c000,North Evan,18-24,7,5,5
Fantasy,Wilkerson LLC,1963,Heart building.,57ed329d-47d4-4fcd-bbae-3efd654322e3,Johnathanbury,25-34,10,5,5
Fantasy,Wilkerson LLC,1963,Heart building.,7f7ba756-611f-482b-b1f3-84c97502b29c,Lake Richard,45-54,6,4,4
Fantasy,Wilkerson LLC,1963,Heart building.,66c40dc6-a783-4b8f-929c-92f87d0fdb06,Pottermouth,Under 18,2,2,4
Mystery,Carlson Inc,1954,Hope behind remain garden.,c68ff404-b760-42b0-96ac-65ce27585904,Tylerhaven,18-24,3,2,3
Fantasy,"Taylor, King and Contreras",1964,Few write.,13e4ea5d-befc-4a83-a361-997bcbe9f07d,Lake Jessica,25-34,6,1,2
Fantasy,"Taylor, King and Contreras",1964,Few write.,5a88be73-b8a3-43a4-bf54-93c394fbcbbc,New Arthurchester,45-54,1,2,3
Fantasy,"Taylor, King and Contreras",1964,Few write.,8c0a8dfb-67ad-473b-b666-9345006afb17,Port Candacechester,45-54,8,5,4
Fantasy,"Taylor, King and Contreras",1964,Few write.,8745e7c9-7d0e-41f9-a8ca-29edd9937bcf,Port Natasha,25-34,9,3,3
Fantasy,"Taylor, King and Contreras",1964,Few write.,1459fc67-1d0e-49f0-afc8-6aedbfd2781a,Danielton,55+,3,2,1
Fantasy,"Taylor, King and Contreras",1964,Few write.,7888499c-edb2-4dc8-bc3a-94ce38915789,Madisonport,18-24,6,3,1
Fantasy,"Taylor, King and Contreras",1964,Few write.,f62d266d-4540-4a3c-876a-e28d88e0dbec,North Gregory,Under 18,9,2,4
Fantasy,"Taylor, King and Contreras",1964,Few write.,7da57266-f73b-4c62-b577-018367351a3c,New Josephbury,35-44,6,5,1
Fantasy,"Taylor, King and Contreras",1964,Few write.,afbfc9df-68df-4453-bab0-e96b89754701,Huffmanside,18-24,7,3,5
Fantasy,"Brooks, Morris and Olson",2022,Kind develop.,0914aac2-4d00-4a35-9d86-af28c52cfa7c,South Ariel,Under 18,9,2,4
Fantasy,"Brooks, Morris and Olson",2022,Kind develop.,30c1befd-fc22-4698-a741-33e075981ef8,East Darrylfurt,Under 18,4,3,5
Fantasy,"Brooks, Morris and Olson",2022,Kind develop.,c532b584-a402-4bde-b94f-1f0e10e7b42b,New Paul,25-34,8,4,2
Fantasy,"Brooks, Morris and Olson",2022,Kind develop.,a712ec2a-a91b-422a-b4ff-306207fb54e9,New Rebeccaside,25-34,7,3,5
Fantasy,"Santiago, Clark and Brown",1967,Such unit.,3ac1e071-1b62-4ec9-a98d-4728d6d6dce3,East Derek,55+,2,3,1
Fantasy,"Santiago, Clark and Brown",1967,Such unit.,164521b7-c77c-4f90-800a-f08c0a09df89,North Johnbury,35-44,10,1,3
Fantasy,"Santiago, Clark and Brown",1967,Such unit.,a61eb04c-c017-49a4-a8bb-fcc7bd0b7d08,Gonzalezport,Under 18,2,4,5
Fantasy,"Santiago, Clark and Brown",1967,Such unit.,61374ebb-0221-4a56-85c9-d8157cb2ba26,Chrisshire,45-54,5,1,1
Fantasy,"Santiago, Clark and Brown",1967,Such unit.,f88675eb-b780-4da8-9b6c-493f0163f758,North Claudiaview,25-34,5,2,5
Fantasy,"Santiago, Clark and Brown",1967,Such unit.,902a7566-6e19-4bd7-a6d5-300fb48f2940,Mcdonaldhaven,45-54,8,5,3
Fantasy,"Santiago, Clark and Brown",1967,Such unit.,527b4c9c-0051-46bd-8428-d45a0c4382a5,South Brett,Under 18,10,4,1
Fantasy,"Santiago, Clark and Brown",1967,Such unit.,453c6946-d109-4f61-a820-5faf6cbb72f1,Smithburgh,45-54,6,4,5
Fantasy,Foster LLC,1953,Power sea section.,df997e28-48fa-42a8-af4a-955272bfbd0d,North Charleschester,55+,4,4,3
Fantasy,Foster LLC,1953,Power sea section.,2425605e-042c-49ef-b75c-bf3f015626ba,West Angela,25-34,6,5,4
Fantasy,Foster LLC,1953,Power sea section.,2cf9c22e-8897-48d9-9476-4523b5dbcd7e,East William,35-44,8,5,5
Non-Fiction,"Martinez, Cox and Lane",1960,Others chair rise.,99dd2ba5-3351-4f52-abbe-58fbba302a6e,Lake Michaelbury,25-34,2,3,4
Non-Fiction,"Martinez, Cox and Lane",1960,Others chair rise.,5d0b8db6-6420-4d33-aa7c-a426d5ffeacd,North Alejandroland,35-44,8,4,1
Non-Fiction,"Cox, Robertson and Robinson",2006,Throw interest recent.,491e00d2-afee-48db-97db-0a9306bbef3c,Goodborough,Under 18,4,2,5
Non-Fiction,"Cox, Robertson and Robinson",2006,Throw interest recent.,7232ab30-0c68-46b1-aea5-97cbb981d0f4,Roberthaven,18-24,5,4,5
Non-Fiction,"Cox, Robertson and Robinson",2006,Throw interest recent.,5377447f-c1be-403b-8aed-7990bb431846,Nguyenfort,25-34,5,5,1
Non-Fiction,"Cox, Robertson and Robinson",2006,Throw interest recent.,0004cc55-c7cb-41a3-a635-9c8ddb47506f,South Deborah,35-44,6,5,2
Non-Fiction,"Cox, Robertson and Robinson",2006,Throw interest recent.,40e12596-9be8-43ee-a820-a12c342be093,North Andreafurt,25-34,5,5,5
Non-Fiction,"Cox, Robertson and Robinson",2006,Throw interest recent.,b24aaeff-5845-400b-ab5a-0310fcb80c45,Rebeccahaven,Under 18,10,1,3
Non-Fiction,"Cox, Robertson and Robinson",2006,Throw interest recent.,f42521d2-d114-4cf1-a569-b231436bb418,Baileyton,Under 18,4,2,4
Non-Fiction,"Cox, Robertson and Robinson",2006,Throw interest recent.,f7f33736-be54-4541-8328-899c253758cf,Maureenbury,55+,1,4,3
Non-Fiction,"Cox, Robertson and Robinson",2006,Throw interest recent.,19f0f3ec-e5b6-4b28-9a08-bd0ab59682ec,Ryanburgh,45-54,9,4,4
Non-Fiction,"Cox, Robertson and Robinson",2006,Throw interest recent.,83f10eee-12b6-4825-8661-0ff2e531ecb5,Port Charlene,35-44,2,5,2
Fiction,Reyes Inc,1962,Remember follow tonight.,c2b53991-d111-4065-8a17-a268f45367d2,Gilestown,55+,2,1,2
Fiction,Reyes Inc,1962,Remember follow tonight.,92d927af-fea7-4216-82dd-61cfec879490,South Michaelfort,35-44,6,5,5
Fiction,Reyes Inc,1962,Remember follow tonight.,8d4d3196-657b-4aaf-8a02-1f1f5a244fc9,Cruztown,35-44,6,2,4
Fiction,Anderson-Meyer,2008,Discover serious interview.,5949b5e9-4a9b-423d-ac0d-ff2011bbe7a1,Johnsonshire,45-54,7,2,1
Fiction,Anderson-Meyer,2008,Discover serious interview.,ea02bfdb-d912-499e-bde4-1225a5b6a38f,Erikamouth,Under 18,7,1,3
Fiction,Anderson-Meyer,2008,Discover serious interview.,050f9819-8b38-41bd-a4dc-730a5aee184b,North Gina,25-34,2,4,3
Science Fiction,"Kennedy, Watson and Russell",1987,Body enough court.,6b29b30b-049f-4723-8ae4-a6b38b65f685,Florestown,35-44,1,3,3
Science Fiction,"Kennedy, Watson and Russell",1987,Body enough court.,864cb1b7-5db9-497c-a7c4-5d2670510dc8,Sullivanhaven,Under 18,4,3,5
Science Fiction,"Kennedy, Watson and Russell",1987,Body enough court.,33416d67-4afb-42d3-8a66-f4541ec3f8b6,Noahport,Under 18,1,5,3
Science Fiction,"Kennedy, Watson and Russell",1987,Body enough court.,c67d2e00-d3bc-4b24-b14b-31581507a91c,North Hollyshire,Under 18,10,1,2
Science Fiction,"Kennedy, Watson and Russell",1987,Body enough court.,5e83dfd3-5c78-49ef-bd48-5db2cb29ecfd,Port Melissaton,35-44,3,1,2
Science Fiction,"Kennedy, Watson and Russell",1987,Body enough court.,ebc879d8-5993-4dc5-b794-cbd7ca1e1cb1,Franklinfort,45-54,3,1,2
Science Fiction,"Kennedy, Watson and Russell",1987,Body enough court.,89642b01-4d1d-4343-bdce-928acc998d11,West Donald,55+,2,2,3
Science Fiction,"Kennedy, Watson and Russell",1987,Body enough court.,b7202c21-e2cd-4657-b33a-5382cc9acb71,North Lisaburgh,Under 18,6,1,3
Science Fiction,Li Group,1965,Politics interesting.,7177225c-b25a-46d9-b365-ed8784ffe75c,Saraview,25-34,10,1,1
Science Fiction,Li Group,1965,Politics interesting.,d2ee48ff-32e6-45b7-b3fb-791876824ee5,Reillymouth,Under 18,10,1,3
Mystery,Williams-Blair,1993,Camera public military.,5bc5df6e-d24c-4de7-81bd-75b940a05c15,West Keithmouth,25-34,9,4,5
Mystery,Williams-Blair,1993,Camera public military.,b17ecb41-51e1-4666-9ec7-370ee29d77f0,North Miguelview,25-34,3,3,3
Mystery,Williams-Blair,1993,Camera public military.,876b7e54-4eaf-41fe-9af6-40e01ce3d89a,Madisonland,25-34,2,2,4
Mystery,Williams-Blair,1993,Camera public military.,c567569a-ac25-4721-a269-e8591bb57fb0,Susanberg,25-34,8,1,1
Mystery,Williams-Blair,1993,Camera public military.,94a58179-e8fe-429c-b33f-63f9a588f738,Lake Kim,Under 18,3,5,2
Mystery,Williams-Blair,1993,Camera public military.,6e59ca89-7f25-4c37-9b75-01a4e8a1fd7c,Port Shannon,25-34,3,3,5
Mystery,Williams-Blair,1993,Camera public military.,be4cddc6-f288-43ac-9ece-530c10522f91,South Justin,35-44,2,4,5
Mystery,Williams-Blair,1993,Camera public military.,e7e6cf4a-4736-472f-b030-784fbf24a16b,North Angela,35-44,7,3,5
Mystery,Wagner and Sons,1951,Issue.,eb5dbb54-fd8e-44cb-a63b-5aa0d12757ca,Velazquezton,25-34,3,2,2
Mystery,Wagner and Sons,1951,Issue.,d6f8224d-10b2-418b-92cf-d54bca9bfa3e,East Stephanie,18-24,1,1,4
Mystery,Wagner and Sons,1951,Issue.,34197f91-8488-43f8-9902-13c7359f5ffe,Smithfort,25-34,2,5,5
Non-Fiction,"Strickland, Conley and Stanley",2018,Year life this.,451408fb-6182-49c4-a3e2-6b2cd7daf0f9,Port Dawnburgh,55+,7,1,2
Non-Fiction,Garza-Mitchell,2019,Building open.,4b922bd4-2287-4128-85ec-e7cb7da38ebb,Patrickstad,25-34,1,5,4
Non-Fiction,Garza-Mitchell,2019,Building open.,a0e358f2-1439-4982-825d-4cbc858e3d07,South Scottmouth,25-34,7,5,5
Non-Fiction,Garza-Mitchell,2019,Building open.,0e80db7e-6c5b-4415-b384-e3bb09e4b660,Jonesstad,35-44,6,4,2
Non-Fiction,Garza-Mitchell,2019,Building open.,ae2a5713-2ba7-4ddf-a382-cc0ad5a16880,Grimesberg,Under 18,1,2,5
Non-Fiction,Garza-Mitchell,2019,Building open.,4b5a96f2-85d1-4194-8b4c-838465555c1a,Patriciaton,18-24,4,2,2
Non-Fiction,Garza-Mitchell,2019,Building open.,08ced023-4be9-4754-a36e-35874f7e8665,East Karen,45-54,2,3,3
Non-Fiction,Garza-Mitchell,2019,Building open.,e28365e4-e36f-4d3c-9523-948872c550f2,New Barbarashire,18-24,10,1,2
Non-Fiction,Garza-Mitchell,2019,Building open.,5fecadfc-4260-4ef7-80fa-87e6d2fe8f67,Evansport,55+,4,3,2
Non-Fiction,Garza-Mitchell,2019,Building open.,eb66ed5f-f90f-490b-8e43-494d3b62c1f5,Scottshire,18-24,4,4,5
Fiction,Crane-Lawrence,2007,Area security course story.,9b553e6a-e4ea-48c4-9d6d-49b1306a0d2d,Susanberg,45-54,8,2,2
Fiction,Crane-Lawrence,2007,Area security course story.,186f5832-c650-450f-a4b3-65fa88f72454,Lake Jacobport,35-44,4,5,4
Fiction,Crane-Lawrence,2007,Area security course story.,b57d11f9-f767-4afe-a86f-fcd21c147d88,Lake Adamview,45-54,9,1,1
Fiction,Crane-Lawrence,2007,Area security course story.,70721fed-0c39-4346-9ae8-fe771026f69e,New Timothyfort,45-54,8,5,4
Fiction,Crane-Lawrence,2007,Area security course story.,cae4f851-73b7-427e-b666-05695bc586b8,Michaelborough,25-34,2,4,2
Fiction,Crane-Lawrence,2007,Area security course story.,d364eaba-dcf4-47ce-b567-9163fa631eb6,South Thomasshire,18-24,9,3,2
Fantasy,Baker-Hernandez,2014,Every car allow.,66593bc7-9fdf-40fb-a430-4a36b8aa0f1e,Port Deborah,Under 18,2,1,4
Fantasy,Baker-Hernandez,2014,Every car allow.,89455ba7-d5f8-441f-a820-5ca4cfae3c86,Isaacfort,55+,10,1,1
Fantasy,Baker-Hernandez,2014,Every car allow.,c2097390-5de1-4ec3-a9fa-eba33251db97,Dianeport,55+,8,1,2
Fantasy,Baker-Hernandez,2014,Every car allow.,3854771c-3fe1-40d1-92d7-12a6b319e6da,Courtneyberg,55+,5,5,3
Fantasy,Baker-Hernandez,2014,Every car allow.,be4663ba-0b1c-4deb-b449-398ccc3e9b5b,Michaelfort,55+,4,3,4
Science Fiction,Conley LLC,1965,Building street.,80af9e7a-5633-42b5-8cf5-b3e3c3e68cc1,Stephaniehaven,Under 18,5,2,3
Science Fiction,Conley LLC,1965,Building street.,a53dd11e-49a8-4741-8bac-9ee9dc060b2b,Robertsburgh,45-54,7,1,5
Science Fiction,Conley LLC,1965,Building street.,55c1a7c4-8c35-4ffa-98ce-0b9da0e06b17,North Lawrenceland,Under 18,9,2,1
Science Fiction,Conley LLC,1965,Building street.,600ceeaf-47b7-4431-a3c4-ae2cf331c03f,Donaldview,25-34,10,3,4
Science Fiction,Conley LLC,1965,Building street.,397448e4-d0e4-43b1-803d-6d3aace483df,Kevinport,45-54,4,2,5
Science Fiction,Conley LLC,1965,Building street.,a0f30868-4b53-4506-9949-84fbfa5b2a63,Smithstad,55+,1,2,1
Science Fiction,Conley LLC,1965,Building street.,70372796-703c-4684-9d1b-0e7461a048fb,Kennethchester,18-24,10,2,2
Non-Fiction,"Perez, Rogers and Ramirez",1999,Get score term.,7f21cebe-4c4e-4b46-a1dd-e76f5a664769,Williamsmouth,25-34,8,5,2
Non-Fiction,"Perez, Rogers and Ramirez",1999,Get score term.,40d830db-870b-4a27-ace5-47641dda7f62,Popeburgh,18-24,5,3,2
Science Fiction,Reese-Nicholson,1990,Goal.,844ab354-1eb0-4a7a-865a-7fecfc01af7b,North Derrickshire,Under 18,9,3,4
Science Fiction,Reese-Nicholson,1990,Goal.,c34e0335-0a91-4a02-b88b-f17899a27024,New Devin,45-54,10,1,1
Science Fiction,Reese-Nicholson,1990,Goal.,88722f2c-9479-43e8-bbda-437f0c632bbf,Lake Kylestad,45-54,5,2,4
Science Fiction,Reese-Nicholson,1990,Goal.,85e21b74-cfeb-4aa2-9a36-1c3e820f5f3d,Reyesstad,Under 18,1,2,3
Science Fiction,Reese-Nicholson,1990,Goal.,5d362ab4-903b-4e92-801a-1eef39db9a86,Lake Austin,45-54,10,5,3
Science Fiction,Reese-Nicholson,1990,Goal.,d76aa985-f59c-446f-9c44-33de6b5e78e2,Armstrongland,45-54,6,4,4
Science Fiction,Reese-Nicholson,1990,Goal.,d97897d9-f232-412b-bf9c-6bc146b5276b,Simpsonton,18-24,1,4,5
Non-Fiction,Collier-Espinoza,2017,Reach account.,e18eb098-835d-43b8-aff8-1d5ac33be5af,Toddport,55+,9,1,2
Non-Fiction,Collier-Espinoza,2017,Reach account.,922abdcf-56a9-43a1-ac86-f3a8f2849be0,Lake Ashleyborough,Under 18,7,3,2
Non-Fiction,Collier-Espinoza,2017,Reach account.,ce1f039d-4a5b-4291-9067-8b68900edc4e,Johnmouth,Under 18,1,2,5
Non-Fiction,Collier-Espinoza,2017,Reach account.,57e05498-e537-4804-90cc-81cf3cdbcc23,East Bernard,25-34,4,2,2
Non-Fiction,Collier-Espinoza,2017,Reach account.,8331f531-e4b7-45f7-8afe-5eb246051855,Johaven,45-54,8,4,1
Non-Fiction,Collier-Espinoza,2017,Reach account.,51386270-607e-4584-8a69-5d777ed886fc,Underwoodstad,55+,4,5,4
Non-Fiction,Collier-Espinoza,2017,Reach account.,ab2522a2-7bcc-471e-8532-a2f1830fd296,Shawnbury,Under 18,6,4,1
Non-Fiction,"Vaughan, Lopez and Delgado",2019,List consider.,d558773b-0961-468a-9739-1181399c0c14,East Jennifer,45-54,9,1,5
Non-Fiction,"Vaughan, Lopez and Delgado",2019,List consider.,142ecd7d-0f06-4b7b-82cf-01b1b84ea301,South Brian,55+,10,5,3
Non-Fiction,"Vaughan, Lopez and Delgado",2019,List consider.,d1793fdb-61fa-4a61-b22d-96f2d7e5c18b,East Julian,55+,1,1,1
Non-Fiction,"Vaughan, Lopez and Delgado",2019,List consider.,76ee9321-f3ac-480d-94d2-0c25b3c788aa,East Terriborough,25-34,2,3,2
Non-Fiction,"Vaughan, Lopez and Delgado",2019,List consider.,e8b79966-666e-4843-b435-e6330e91adb6,Davidstad,Under 18,2,2,2
Non-Fiction,"Vaughan, Lopez and Delgado",2019,List consider.,186b4ce6-d304-4dbd-963a-a5c38024c77a,Norrisland,Under 18,9,4,1
Non-Fiction,Carr-Graham,1991,Understand instead.,84060a8e-f962-44f2-809c-846217369a09,Gardnerborough,25-34,5,1,3
Non-Fiction,Carr-Graham,1991,Understand instead.,8de6f379-f154-4d5e-828a-523760aa5f28,Davisville,55+,6,2,3
Non-Fiction,Carr-Graham,1991,Understand instead.,a729065b-5f4d-4d61-ae4b-09ac51d41123,Marissashire,45-54,4,4,2
Non-Fiction,Carr-Graham,1991,Understand instead.,6e563393-fea9-4db4-b94f-f7146b012212,West Kevin,Under 18,8,1,2
Non-Fiction,Carr-Graham,1991,Understand instead.,96c9b2e1-0ce0-42de-ab15-7cd3d8f37f33,Port Melissaberg,45-54,3,3,1
Non-Fiction,Carr-Graham,1991,Understand instead.,8d55e56e-1859-4314-acd0-983ee84510d2,Thomasbury,18-24,8,3,1
Non-Fiction,Carr-Graham,1991,Understand instead.,d0164a5d-8b3e-4a07-9401-6164f6ad666b,Jorgemouth,45-54,9,4,4
Non-Fiction,Carr-Graham,1991,Understand instead.,208a8549-2dc7-4383-b094-fb99628738d2,Johnmouth,35-44,10,2,4
Non-Fiction,Carr-Graham,1991,Understand instead.,74dae5ba-0084-428d-96ea-ecdea3581f4a,Crystalland,18-24,6,2,4
Fantasy,"Turner, Franco and Anderson",2011,Child account whose.,0b2663b5-d6f1-4925-9b2b-3fa70b49ffeb,West Jamieton,Under 18,5,2,5
Fantasy,"Turner, Franco and Anderson",2011,Child account whose.,90b6dc72-1d05-4bec-b82b-02596917d8ad,Bryantton,18-24,2,3,1
Fantasy,"Turner, Franco and Anderson",2011,Child account whose.,68c76d30-821d-4099-99a2-97f8601d052c,Elliottville,45-54,6,5,2
Fantasy,"Turner, Franco and Anderson",2011,Child account whose.,5b86c9e0-8cb8-430d-9b86-2078b37740ee,Garnermouth,55+,3,3,1
Fantasy,"Turner, Franco and Anderson",2011,Child account whose.,5e2be171-0dea-4285-8e47-f5ddb13fb293,Reedview,18-24,6,2,4
Fantasy,"Turner, Franco and Anderson",2011,Child account whose.,e8f4de41-611c-43d1-bca1-413cd53c1904,East Paulchester,18-24,10,5,1
Fantasy,"Turner, Franco and Anderson",2011,Child account whose.,b3f02a05-d581-4857-a762-3c94406363cb,North Amanda,55+,5,4,1
Fantasy,"Turner, Franco and Anderson",2011,Child account whose.,02a8d613-0f8b-4994-b178-6aadcb62b2ae,Christopherburgh,25-34,4,3,4
Fantasy,"Turner, Franco and Anderson",2011,Child account whose.,4f0eac7e-068a-4910-86fd-9ce5891c78f6,Heatherfurt,Under 18,8,1,2
Non-Fiction,"Mcdowell, Harper and Fisher",2019,Animal suggest.,850f841a-7d23-4e3c-8d9a-6b8a98d976cf,Brownchester,18-24,7,5,2
Non-Fiction,"Mcdowell, Harper and Fisher",2019,Animal suggest.,1a88442d-764f-431a-8e2a-12a31b44423d,Coreyton,55+,1,1,3
Non-Fiction,"Mcdowell, Harper and Fisher",2019,Animal suggest.,96400dc0-9a00-44eb-bffa-b0c593541535,Amandaton,25-34,1,2,4
Non-Fiction,"Mcdowell, Harper and Fisher",2019,Animal suggest.,3d2e414d-fb55-4c92-b05a-145cce75c816,Lake Todd,35-44,9,4,4
Non-Fiction,"Mcdowell, Harper and Fisher",2019,Animal suggest.,762332a6-a4bd-4577-8f2d-72209d921338,Bookerview,18-24,1,2,4
Non-Fiction,"Mcdowell, Harper and Fisher",2019,Animal suggest.,dc915fb7-14b8-4852-93ae-3c2f8c8a68d0,East Kevin,18-24,10,2,2
Non-Fiction,"Mcdowell, Harper and Fisher",2019,Animal suggest.,2afd9106-ffd5-47f2-b969-fea4464980bb,Lake Karen,Under 18,3,1,5
Science Fiction,Lopez Inc,1966,Benefit particular.,d04f2459-a49e-41f6-90f1-b7bb34b66c0c,East Fernando,45-54,10,3,4
Science Fiction,Lopez Inc,1966,Benefit particular.,46afa1d3-d470-4ce1-886c-98d0b32d0bc5,Elizabethbury,35-44,7,1,4
Science Fiction,Lopez Inc,1966,Benefit particular.,f91f34a9-6497-4635-8360-f51d6e8856f5,Travisfurt,55+,1,4,4
Science Fiction,Lopez Inc,1966,Benefit particular.,5c3368aa-1b28-4cc9-a785-bfb7cad1882e,Greenehaven,Under 18,7,1,5
Science Fiction,Lopez Inc,1966,Benefit particular.,798028b4-024f-4f11-9aad-e356cf971e74,East Scottmouth,55+,2,4,1
Science Fiction,Lopez Inc,1966,Benefit particular.,4eacb49b-0170-4e9b-a182-717088ad1d8e,Lake Steven,25-34,1,2,4
Science Fiction,Lopez Inc,1966,Benefit particular.,79822ec3-bdb0-4070-a93b-bb41fe50f769,Taylorbury,25-34,7,3,2
Fantasy,Lopez Ltd,1956,Environment century break truth.,65bf07a5-981c-4c8f-958c-90141caf86d0,Parkermouth,55+,10,3,4
Fantasy,Lopez Ltd,1956,Environment century break truth.,2ecf1ab8-ff7d-453d-abcd-222633274dd6,Robertsburgh,55+,4,5,3
Fantasy,Lopez Ltd,1956,Environment century break truth.,e515ee3a-5cb1-4411-b996-4182519ef388,New Erinstad,25-34,7,2,4
Fantasy,Lopez Ltd,1956,Environment century break truth.,ddca83e8-339a-4ddb-9142-c6631f3604f1,Cabreraville,Under 18,4,1,3
Fantasy,Lopez Ltd,1956,Environment century break truth.,6f630796-85de-475e-9b9d-79601ff71a69,Marshallchester,55+,4,2,2
Fantasy,Lopez Ltd,1956,Environment century break truth.,d89ee7f6-23e6-48c0-a40d-99ca0a957384,Tylermouth,35-44,2,5,1
Fantasy,Lopez Ltd,1956,Environment century break truth.,95f949b2-39b1-4bd1-92be-634e4e7539e4,Lake Danielville,35-44,4,3,1
Fantasy,Patel LLC,1952,Range beautiful.,0394112e-8ad5-4fe9-bcf9-c91aac5b7d56,Port Maureenville,45-54,6,1,2
Fantasy,Patel LLC,1952,Range beautiful.,99482c6b-f15f-497d-8e34-c09b8dcd928c,Donaldton,18-24,9,3,5
Fantasy,Patel LLC,1952,Range beautiful.,a1e8e624-8594-443c-b168-df2608f191ec,Williamsmouth,55+,6,4,1
Fantasy,Patel LLC,1952,Range beautiful.,4e7da1c3-8c5c-4a8c-84c1-a217b015bf7b,East Scottchester,18-24,10,2,5
Fantasy,Patel LLC,1952,Range beautiful.,36e8093c-504a-4f04-a630-da7feb5880a6,Christinafort,45-54,3,1,3
Fantasy,Patel LLC,1952,Range beautiful.,1103025c-8bee-4162-972d-06f49d6fcbba,Frederickland,55+,3,3,3
Mystery,"Choi, Norton and Baker",1991,Data easy name.,84f6471d-2b3c-4e83-8d2b-04dc0c2b58df,Tranburgh,45-54,6,4,1
Mystery,"Choi, Norton and Baker",1991,Data easy name.,d495d2a3-78b1-4407-a963-15a8fdefe32a,North Matthewtown,18-24,5,4,2
Mystery,"Choi, Norton and Baker",1991,Data easy name.,34384eaa-a2f0-494c-b0e0-6d2e003c4f79,Jeremyberg,55+,5,4,4
Mystery,"Choi, Norton and Baker",1991,Data easy name.,aaa56b1f-1834-4c64-8857-7a14a9439832,New Jessica,55+,9,1,3
Mystery,"Choi, Norton and Baker",1991,Data easy name.,2050e124-92f3-4ec9-8ca9-c048ba73e2db,North Michellemouth,35-44,5,3,5
Fantasy,Burns Group,2022,Deep song serve.,24c1785e-2037-4e26-a810-02c45be05677,Kellyshire,Under 18,1,3,3
Fantasy,Burns Group,2022,Deep song serve.,3948fb18-9981-48d1-b27b-ccd1584c7876,Murrayview,35-44,9,5,3
Fantasy,Burns Group,2022,Deep song serve.,607c8326-3c20-4395-8444-4219cb659d34,West Kellychester,45-54,10,5,4
Fiction,"Schwartz, Wagner and Kirby",1989,Right ability sort.,691af75e-9334-41ff-8fe1-207692f88893,Port Jessicaburgh,55+,3,3,5
Fiction,"Schwartz, Wagner and Kirby",1989,Right ability sort.,b5361d88-5015-4bde-b048-e30acb0b8c0c,South Holly,18-24,4,4,3
Fiction,"Schwartz, Wagner and Kirby",1989,Right ability sort.,2c281946-32a7-42e4-bb93-eeb0ebcab3c4,Robbinsmouth,35-44,4,5,3
Fiction,"Schwartz, Wagner and Kirby",1989,Right ability sort.,8d582978-a70d-49ac-97ab-8fdf2bbe95c0,East Sabrinafort,55+,6,2,1
Fiction,"Schwartz, Wagner and Kirby",1989,Right ability sort.,69e7740e-9018-43e9-8252-8e368bb1b3fd,Smithfurt,55+,3,2,4
Fiction,"Schwartz, Wagner and Kirby",1989,Right ability sort.,d73eb27f-f7e1-4e3a-8f77-f7aa18f56a81,Lake Rebeccastad,25-34,10,2,5
Fiction,"Schwartz, Wagner and Kirby",1989,Right ability sort.,80feef38-96a8-4815-b26a-fb23888f5b53,East Holly,35-44,1,4,3
Fiction,"Schwartz, Wagner and Kirby",1989,Right ability sort.,46a5df7d-0328-4d5f-9071-f0d106c7e7b9,Ramosshire,18-24,3,2,4
Fiction,"Schwartz, Wagner and Kirby",1989,Right ability sort.,db198a2f-9428-4aa8-b71a-165921a3b423,Wangburgh,18-24,1,5,4
Fiction,"Schwartz, Wagner and Kirby",1989,Right ability sort.,28d7dea5-0a54-4a27-b56a-4653b4fdae62,New Alexa,18-24,5,4,2
Non-Fiction,Snyder PLC,1993,Language head.,125ec0e3-d65f-4bba-8c06-072c6b22a1cd,New Vanessahaven,Under 18,8,3,2
Non-Fiction,Snyder PLC,1993,Language head.,3c6ac41a-5a8c-415d-8713-e097e24c069a,East Emilyville,45-54,8,2,2
Non-Fiction,Snyder PLC,1993,Language head.,05ef2fda-7448-4f9f-a3e7-12f320be70e8,North Rachaelberg,25-34,10,5,5
Non-Fiction,Snyder PLC,1993,Language head.,241cdcb8-fb8c-4d7c-b23a-9a20b48706b6,West Tara,25-34,4,1,1
Non-Fiction,Snyder PLC,1993,Language head.,cc6dd976-632e-45db-891c-705743bf260e,Brennanmouth,Under 18,7,2,5
Non-Fiction,Perez-Chapman,1990,House political gas.,03aaab87-1518-4f8e-bcd5-2fe00d09af3d,South Anthony,25-34,8,5,1
Non-Fiction,Perez-Chapman,1990,House political gas.,d89cc391-b4ba-4da9-8af0-4428fdcaa044,Port Philip,35-44,2,4,4
Non-Fiction,Perez-Chapman,1990,House political gas.,54785c72-67f7-40fa-9af3-8bb8113b7e82,Wendyport,35-44,9,3,1
Non-Fiction,Perez-Chapman,1990,House political gas.,de0520ff-c1ec-4748-bf2a-af26c9924aff,South Sharonchester,25-34,9,3,2
Non-Fiction,Perez-Chapman,1990,House political gas.,8c23e34b-3b12-418d-9ae8-2147ba58f801,Rachelhaven,Under 18,8,2,1
Non-Fiction,Perez-Chapman,1990,House political gas.,a99912b2-91eb-45c3-87a9-25d62ea3084b,Leslieshire,25-34,6,3,3
Non-Fiction,Perez-Chapman,1990,House political gas.,51ed0621-62ca-4a55-ad10-4f115af0da97,South Zachary,25-34,1,1,3
Non-Fiction,Perez-Chapman,1990,House political gas.,861c5921-8715-4de8-811c-fae7693a0784,New Justintown,45-54,7,4,3
Non-Fiction,Perez-Chapman,1990,House political gas.,d0c6632e-d552-4ce4-887e-31ca8ab7184f,New Kelsey,Under 18,9,4,1
Non-Fiction,Perez-Chapman,1990,House political gas.,07fe3e79-26e9-4955-8e63-c551d0f5cbc4,South Robertville,18-24,4,3,5
Non-Fiction,Smith-Shepard,1971,Why manage receive.,24e9b095-16dd-49ec-840d-01a7ca28b16b,Sarahview,18-24,7,5,2
Non-Fiction,Smith-Shepard,1971,Why manage receive.,b06afa34-2863-4975-95c6-45bb738c3035,Lake Julia,55+,6,2,4
Non-Fiction,Smith-Shepard,1971,Why manage receive.,d5e8c9cb-e4e3-4642-ab8b-69c98e6363b3,South Kevin,55+,1,2,3
Science Fiction,Jones PLC,1994,If want.,3dbb2011-c590-4f4a-8b19-b0dd1a8f8310,Clineton,35-44,10,4,1
Science Fiction,Jones PLC,1994,If want.,36b17fa2-05bc-4f42-a4a7-81b009b48f79,East Emilyburgh,25-34,1,4,1
Science Fiction,Jones PLC,1994,If want.,85cf478d-4939-45b4-8cde-d4aab005933e,West Richard,25-34,5,1,3
Science Fiction,Jones PLC,1994,If want.,16131872-3ad2-4aeb-848b-bde73090567d,Warrenbury,Under 18,6,1,4
Science Fiction,Jones PLC,1994,If want.,37a7ad3f-a471-45a7-ab1e-e614235e79e7,North Shelley,45-54,3,5,5
Fantasy,Snyder-Tran,1952,Without mother loss.,f4ad6414-2096-489d-89dd-3b168aa6d765,Port Lindsay,18-24,1,5,4
Science Fiction,"Compton, Wilson and Schroeder",1951,Trade.,6b224fad-00de-4118-8a7f-efb11ea8723c,East Veronica,Under 18,6,5,5
Science Fiction,"Compton, Wilson and Schroeder",1951,Trade.,a2529b91-8bff-4eb0-900c-49ed94732af3,North Stevenview,35-44,1,3,2
Non-Fiction,Moreno-Sanchez,2000,Per local issue.,ddd4dbc2-e8bc-409f-9ca3-a08a85e6c7d8,Parkerborough,25-34,6,5,5
Mystery,Sullivan and Sons,1979,Per result outside.,f4de74fc-6bcf-46bd-9e5b-d4918ba021a9,Pearsonport,25-34,3,5,1
Mystery,Sullivan and Sons,1979,Per result outside.,d79c2a96-a2d3-4f2a-930e-b2b49c94c86f,Brookeborough,35-44,3,5,2
Mystery,Sullivan and Sons,1979,Per result outside.,f5cf97fb-edc3-4c62-bf64-6fe54dda810e,Amberville,18-24,1,1,4
Mystery,Sullivan and Sons,1979,Per result outside.,18aa06e5-2452-4484-b252-6ecaaaf5570e,Port Joseph,45-54,7,5,1
Mystery,Sullivan and Sons,1979,Per result outside.,ab9530eb-2908-425a-9f52-9b5fbeac026a,South Brian,18-24,6,4,3
Fantasy,Hunt Inc,1979,Material set.,f9e23311-9aa0-48d6-a883-6024acfc8413,Seanmouth,55+,6,2,3
Fantasy,Hunt Inc,1979,Material set.,1b43c8f6-e55f-45f0-adfa-71670de94476,New Danielborough,55+,9,1,3
Fantasy,Hunt Inc,1979,Material set.,2f532758-cff3-448d-8ad2-b35a9e41a2a3,Rodriguezberg,35-44,7,4,5
Fantasy,Hunt Inc,1979,Material set.,5e370f72-f4d7-4aa4-9b6a-2b15db764d71,South Anthonyfurt,45-54,1,2,5
Fantasy,Hunt Inc,1979,Material set.,c232c6b0-b98c-49c7-923e-276df9cf71ac,Rodriguezborough,55+,3,3,3
Fantasy,Hunt Inc,1979,Material set.,bf22717f-5d0b-4d55-9896-531545fd205b,Glassbury,45-54,1,5,2
Fantasy,Hunt Inc,1979,Material set.,7b41350d-a848-406c-8ab3-e9f0dc3fd3e6,Younghaven,55+,8,3,5
Mystery,"Bass, May and Calhoun",2008,One wrong reduce.,5b8dfa5b-c039-498c-9b44-9606e702dbd0,Port Penny,18-24,8,1,1
Mystery,"Bass, May and Calhoun",2008,One wrong reduce.,99a84c07-c476-4389-8fb8-2411b01204c6,Katelynville,55+,6,3,4
Fiction,Collins-Foster,2013,Rock continue stock.,95859a27-e255-4016-a6f1-1c0029952154,Jenniferberg,Under 18,6,5,1
Fiction,Collins-Foster,2013,Rock continue stock.,166f689c-e099-4f3f-886f-8de14a810307,East Kathleenberg,Under 18,1,1,5
Fiction,Collins-Foster,2013,Rock continue stock.,c2821503-32b2-4f91-8e97-c39001451862,East Aaron,25-34,10,1,4
Fiction,Collins-Foster,2013,Rock continue stock.,e99811c3-b7f6-4569-81bf-eb4c2379d96e,Jamesshire,18-24,6,3,4
Fiction,Collins-Foster,2013,Rock continue stock.,f8512976-11d9-447c-afcc-9393c34f30a6,Christopherburgh,35-44,6,4,3
Fantasy,Molina Group,1998,Own school difficult.,aae1d93f-0ada-4ab9-9cff-6f4574b7d30a,Meaganside,55+,7,3,1
Fantasy,Molina Group,1998,Own school difficult.,a0f13700-9f47-457a-b489-e4ab73a9a869,West Sherylborough,Under 18,9,1,3
Fantasy,Molina Group,1998,Own school difficult.,be916e1e-d36a-4276-95f0-3bed46509234,New Paul,35-44,7,3,5
Fantasy,Molina Group,1998,Own school difficult.,ea68eef7-3bb3-4ccc-beeb-7219874be070,Chavezstad,55+,5,2,5
Fantasy,Coleman and Sons,1963,Among age.,62c0e07b-17c1-4484-8128-af5181f8b4a5,East Elizabeth,45-54,9,3,1
Fantasy,Coleman and Sons,1963,Among age.,8f3f55c2-f230-4b4f-9db4-bff04cf8a650,North Davidmouth,55+,5,5,3
Fantasy,Coleman and Sons,1963,Among age.,24121166-2ca6-4171-8ac3-413bbe0ac3d5,Smithton,25-34,8,4,4
Fantasy,Coleman and Sons,1963,Among age.,d035bb25-f120-491e-9f35-0a282c97afe6,Johnsonchester,45-54,7,2,4
Fantasy,Coleman and Sons,1963,Among age.,cc1e5a57-abd8-4d31-a679-817b9244c296,North David,55+,8,3,5
Fantasy,Coleman and Sons,1963,Among age.,656bfe95-3879-42bf-9f08-641973a0f2cb,Johnsonfort,Under 18,6,1,5
Fantasy,Coleman and Sons,1963,Among age.,29b3492a-73ee-4476-86f6-9fb5228104d0,West Kari,18-24,5,2,4
Fantasy,Coleman and Sons,1963,Among age.,5f3962da-2e91-412e-8281-9bcc7bf628a1,New Angelamouth,18-24,8,3,4
Science Fiction,Parks and Sons,1962,Behind upon.,7aaaebe2-0100-4801-84a3-16fb3168e184,Shaunhaven,Under 18,7,4,2
Science Fiction,Parks and Sons,1962,Behind upon.,c54a6961-8305-4653-9ba7-02022233f044,East Cody,18-24,9,1,1
Science Fiction,Parks and Sons,1962,Behind upon.,9d1c5b4f-db65-49b3-8bd3-8a9efd7c1962,Knightton,Under 18,7,4,3
Non-Fiction,Burnett-Krueger,1952,Hard professional owner.,7fdfc642-7eed-499d-bf4e-e6cdbba0b0a0,West Kathleenland,45-54,4,3,4
Non-Fiction,Burnett-Krueger,1952,Hard professional owner.,d2fab366-bc4f-49ed-abcf-2cfe12f7dec5,Smithburgh,Under 18,4,2,1
Non-Fiction,Burnett-Krueger,1952,Hard professional owner.,2942368a-ece7-4ef7-9220-17aedaddc157,Cherylport,35-44,1,2,2
Non-Fiction,Burnett-Krueger,1952,Hard professional owner.,4c2d64f9-c799-48df-92da-54fba2b6635f,Whitemouth,55+,3,2,3
Non-Fiction,Burnett-Krueger,1952,Hard professional owner.,66e63f70-e746-4419-8749-d74f6cf28348,Lake David,35-44,2,2,2
Non-Fiction,Burnett-Krueger,1952,Hard professional owner.,b8967314-d0e2-4b7d-b8c7-bab6f04d1058,South Shawnburgh,55+,3,3,5
Non-Fiction,Burnett-Krueger,1952,Hard professional owner.,ac38ff68-c929-4f97-b609-6a71f76f7903,East Laurenberg,35-44,10,3,2
Non-Fiction,Burnett-Krueger,1952,Hard professional owner.,5c23587c-d215-4dac-9eb1-e4630ae21584,East Brandonfurt,25-34,1,5,1
Non-Fiction,Burnett-Krueger,1952,Hard professional owner.,7f9b7881-86b3-4817-b98a-791253bc1616,Lake Andrew,Under 18,8,5,5
Science Fiction,"Norton, Jenkins and Blackburn",1953,Possible need something.,b2b58ad1-99f7-4ac6-8ae8-d4277ba4cffa,Sydneychester,35-44,3,4,5
Science Fiction,"Norton, Jenkins and Blackburn",1953,Possible need something.,4d06697d-1688-4173-aa1b-0fc49f94c003,Jessicaport,Under 18,3,5,2
Science Fiction,"Norton, Jenkins and Blackburn",1953,Possible need something.,a497190e-76f9-430e-8fcc-983387828d75,New Shawna,18-24,2,1,1
Science Fiction,"Norton, Jenkins and Blackburn",1953,Possible need something.,e196fa63-8507-4f74-95f9-d01e37127669,Rosariobury,55+,2,5,5
Science Fiction,"Norton, Jenkins and Blackburn",1953,Possible need something.,c24cd1cf-eb0a-4e0f-9ceb-ada87182697a,North Jeremyburgh,55+,2,2,1
Science Fiction,"Norton, Jenkins and Blackburn",1953,Possible need something.,1b52e78a-e92e-4a27-859c-52deabdc49f6,Sarahstad,55+,10,1,5
Science Fiction,"Norton, Jenkins and Blackburn",1953,Possible need something.,8f8e9085-64a1-4c9e-8e15-66cf56dde826,Lisaport,55+,7,1,5
Science Fiction,"Norton, Jenkins and Blackburn",1953,Possible need something.,be194a5d-9536-4a27-b760-709ef4385127,South Cameron,18-24,2,4,2
Fiction,Fowler-Lyons,1959,Establish property difficult kind.,41ffe914-4c3a-4978-89ff-02babdffc893,Tinafurt,45-54,10,2,4
Fiction,Fowler-Lyons,1959,Establish property difficult kind.,fb31c7a4-1b86-4466-bc14-580e21fa7727,East Samanthashire,18-24,2,1,5
Science Fiction,"Dixon, James and Nelson",1970,First need.,e85c8e0d-421e-4890-b2d0-f1f5a122a8b2,South Allen,18-24,8,4,5
Science Fiction,"Dixon, James and Nelson",1970,First need.,92ba42e9-04c5-4e52-85a8-d75156c8b3b9,Cooktown,35-44,2,4,4
Science Fiction,"Dixon, James and Nelson",1970,First need.,fc1526b7-31e7-4db3-af87-1610abe37b94,Michaelborough,35-44,3,5,4
Science Fiction,"Dixon, James and Nelson",1970,First need.,7b844b15-1477-475f-80dc-8b85877ea230,Stephanieland,Under 18,1,3,1
Science Fiction,"Dixon, James and Nelson",1970,First need.,fea5ca16-663c-4002-8c03-75e3fbed1a1e,Port Rebeccaborough,Under 18,7,2,5
Science Fiction,"Dixon, James and Nelson",1970,First need.,a8ccc0ee-9862-4336-96fe-7a35d59472a6,New Rhondamouth,55+,3,5,2
Science Fiction,"Dixon, James and Nelson",1970,First need.,d8d5eb90-be3e-4c36-a982-e899a1be9c80,North Desiree,Under 18,3,2,2
Science Fiction,"Dixon, James and Nelson",1970,First need.,098e227b-1038-444f-a12c-53c7fcdc911f,Villarrealtown,18-24,4,4,2
Non-Fiction,Brown Group,1968,Miss hold.,9eeb8c0e-c7ad-48c8-ab9c-f358c2da7921,Jonesmouth,25-34,6,3,1
Non-Fiction,Brown Group,1968,Miss hold.,96b87925-6924-4dd1-bd05-4e9522b9b7d2,North Danielle,18-24,5,3,3
Non-Fiction,Brown Group,1968,Miss hold.,60b04778-4be2-401f-bf44-f24079d7f6c3,West Christopher,35-44,2,2,5
Non-Fiction,Brown Group,1968,Miss hold.,1072f1d6-0c6b-4f00-9b69-fd24c53f2451,North Anthony,45-54,10,3,2
Non-Fiction,Brown Group,1968,Miss hold.,1fc13c0b-d493-4334-9afd-2c850f69e609,New Jamietown,55+,10,2,2
Non-Fiction,Brown Group,1968,Miss hold.,7db4aa42-c252-48c3-ba0c-495f7b913a22,Frankville,55+,7,3,5
Non-Fiction,Brown Group,1968,Miss hold.,b57e9af5-9aae-4e71-99c1-f53acf8d4e72,South Christian,Under 18,4,5,4
Non-Fiction,Brown Group,1968,Miss hold.,8ac131ca-826a-4396-8460-cbeffe4a83f4,Rebeccaside,45-54,6,4,3
Non-Fiction,Brown Group,1968,Miss hold.,a63875d0-a617-4e87-8c1f-db21313282ab,Smithtown,45-54,1,4,5
Fantasy,Dodson and Sons,1954,Lay size big.,401aeb6b-ee6e-46c7-9a82-60df868b2a66,Timothyborough,55+,6,3,5
Mystery,Williams-Smith,1966,Growth person easy.,f4988b1f-d1c5-4dba-8b11-73faf7ce23e2,Ellischester,45-54,5,5,5
Mystery,Williams-Smith,1966,Growth person easy.,8281a8c1-abd5-46fb-aca6-5b109d4c73d2,Harrisonville,25-34,2,1,5
Mystery,Williams-Smith,1966,Growth person easy.,835e5f39-1f8e-4416-bc4a-79cdd91aef3d,Nelsonfurt,45-54,2,1,2
Mystery,Williams-Smith,1966,Growth person easy.,f0089e6d-03e7-493a-84a5-f86eb9d440ae,Lake Christopherside,35-44,7,5,3
Mystery,Williams-Smith,1966,Growth person easy.,8d78db87-bf67-4f37-82b8-c76d780c8a13,Port Michaelstad,35-44,9,4,4
Fiction,"Ayers, Webster and Torres",1952,Kind.,65a8e66c-8c22-4641-8733-5fa5fe587290,Port Jonathan,Under 18,8,4,3
Fiction,"Ayers, Webster and Torres",1952,Kind.,6b15b7e0-5bcc-4bb1-b779-33d469da9727,Gomezmouth,35-44,2,4,3
Fiction,"Ayers, Webster and Torres",1952,Kind.,3e27f816-a704-44a3-b7c1-2a9d750c3fcb,Tracyton,55+,4,1,1
Fiction,"Ayers, Webster and Torres",1952,Kind.,3a12b92e-96a6-4f76-8820-d1b5655c3fd1,South Linda,35-44,5,4,5
Fiction,"Ayers, Webster and Torres",1952,Kind.,653d729b-1893-4a2c-a2db-8e61e079a092,Port Maryview,25-34,5,1,2
Fiction,"Ayers, Webster and Torres",1952,Kind.,5df911c8-2b53-42cc-bbc5-b51376dacb06,East Tiffanystad,55+,4,5,1
Fiction,"Ayers, Webster and Torres",1952,Kind.,b496bee2-7fda-4f7c-8530-13102449b152,Lawrencehaven,55+,10,2,1
Fiction,"Ayers, Webster and Torres",1952,Kind.,b8f6313c-bc30-43ea-b1ae-6632599465e5,Lewismouth,25-34,8,1,5
Fiction,"Ayers, Webster and Torres",1952,Kind.,bbd5baf6-514e-4865-80d6-539054a0232a,Lake Brandiberg,18-24,5,4,1
Fiction,"Ayers, Webster and Torres",1952,Kind.,5cc434ba-695c-41fb-b0c7-dd75fc49aa09,Hodgesburgh,Under 18,4,2,3
Mystery,"Parks, Romero and Smith",1974,Budget he improve.,1fbb19f4-68e0-4136-832d-f1ccd8678ac9,Mooreshire,18-24,1,1,3
Mystery,"Parks, Romero and Smith",1974,Budget he improve.,88d82e26-5441-43fc-96a5-8e5160284b7e,Mooreland,25-34,5,3,3
Mystery,"Parks, Romero and Smith",1974,Budget he improve.,c1c88280-b0b7-44a3-899f-93a1936ddf0a,Pamelamouth,18-24,9,2,3
Mystery,"Parks, Romero and Smith",1974,Budget he improve.,d220aeb6-70a1-4278-90fd-e0f00b548498,Wilsonchester,Under 18,5,1,4
Mystery,"Parks, Romero and Smith",1974,Budget he improve.,91b72d74-883a-4bcc-bfdd-7f34121d61ac,North Kellymouth,Under 18,2,3,5
Mystery,"Parks, Romero and Smith",1974,Budget he improve.,da8b5700-3661-4efe-8bea-8bea06de372b,Vegaview,18-24,8,4,4
Mystery,"Parks, Romero and Smith",1974,Budget he improve.,3dd735ac-930c-4caf-8af6-a28cb9031da3,New Stephenside,55+,5,3,2
Mystery,"Parks, Romero and Smith",1974,Budget he improve.,85f20b5a-7754-48e6-a4d4-72caf5ff477a,Kelleyberg,35-44,2,4,4
Mystery,"Parks, Romero and Smith",1974,Budget he improve.,38aee184-d855-4aa1-9201-a6d198f64fc0,Lindsaytown,35-44,1,3,2
Mystery,Mitchell-Peterson,1993,Great painting.,e5ea9abb-df8a-4976-9a2a-18b2e82fea9d,Port Anita,18-24,2,1,4
Science Fiction,Carter Group,2013,Car close player.,2be72e34-6d25-4c79-9c66-5efa97367b36,North Whitney,25-34,8,2,5
Science Fiction,Carter Group,2013,Car close player.,0c4441b4-c7a7-4cf6-ad3f-227b075f6842,Hernandezfort,18-24,7,4,5
Science Fiction,Carter Group,2013,Car close player.,b9aa6db6-57d7-4e7c-81af-ceee8f9bf74f,New Kimberly,Under 18,8,5,3
Science Fiction,Carter Group,2013,Car close player.,811062b7-6e72-435a-ada8-1f8d020518f1,Justinfurt,Under 18,10,5,5
Science Fiction,Carter Group,2013,Car close player.,e8244550-738e-49fc-b29c-366cee766dc8,Port Williamfurt,Under 18,7,4,5
Science Fiction,Carter Group,2013,Car close player.,e60a77a4-97f0-496b-b5f2-36a6d5781760,Dawsonville,35-44,4,3,3
Non-Fiction,Nichols-Gonzalez,2021,Series develop.,c58116aa-b0db-4494-86e6-708f092fcd3f,South Stephanieborough,25-34,3,1,5
Non-Fiction,Nichols-Gonzalez,2021,Series develop.,f9cc4ff8-c5e9-4b95-8d26-6c85a5e1068e,New Lauraport,25-34,10,4,1
Non-Fiction,Nichols-Gonzalez,2021,Series develop.,21cac5c7-5b4d-4d81-84b0-3ff1611e344c,Jamesport,55+,6,4,5
Fantasy,Anderson and Sons,1974,Could support.,699f93c6-5978-463e-b9e3-ba9665168bdb,New Robertshire,45-54,4,4,3
Fantasy,Anderson and Sons,1974,Could support.,977f8fa6-4fba-44a8-9908-b0ece7118109,Clairebury,45-54,4,4,2
Fantasy,Anderson and Sons,1974,Could support.,3a024cbf-b4e2-4983-b566-33f6ea4d7a51,Sanchezfort,18-24,8,2,4
Fantasy,Anderson and Sons,1974,Could support.,37d5eceb-2a56-4210-837d-90a28942576d,East Michelle,35-44,2,4,5
Fantasy,Anderson and Sons,1974,Could support.,1e54d5d5-7e81-4124-924e-1f11f509dec4,West Sherihaven,Under 18,2,1,3
Fantasy,Anderson and Sons,1974,Could support.,ef23222e-543e-45c2-991d-6a50749f481d,Dianaborough,35-44,9,5,4
Fantasy,Anderson and Sons,1974,Could support.,39a73a3e-b2e4-4377-982b-d30304e20e07,Joshuahaven,Under 18,8,5,3
Fantasy,"Wood, Shah and Gonzales",1991,Piece leader.,2e45d2b0-0ad5-4769-9aa2-f0038171279f,New Melissa,45-54,5,3,4
Fantasy,"Wood, Shah and Gonzales",1991,Piece leader.,a0590984-5e44-43ac-814a-d2b2032b76b8,Port Martinshire,25-34,8,4,4
Fantasy,"Taylor, Hudson and Brandt",1977,Make against.,cd80db44-6272-4674-99ee-259a728d7f60,Brittanyberg,55+,1,2,4
Fantasy,"Taylor, Hudson and Brandt",1977,Make against.,89d06714-90ab-4723-a2fb-6453479a97c4,Karinaborough,Under 18,7,5,2
Fiction,Miles-Ewing,1953,Particular practice half treatment.,3141378f-853f-43bb-b202-e6933dfe71fc,Lutzfurt,45-54,10,5,2
Fiction,Miles-Ewing,1953,Particular practice half treatment.,4238c790-3eb5-4139-86a6-9cdacb836517,Autumnville,35-44,4,4,1
Fiction,Miles-Ewing,1953,Particular practice half treatment.,6f258258-0bee-4cd4-96df-db9a98c59ad7,Lake Michaelchester,35-44,9,2,1
Fiction,Miles-Ewing,1953,Particular practice half treatment.,2c5a2a3d-171f-45da-aa53-8355ec865ef3,Royfurt,45-54,2,1,1
Fiction,Miles-Ewing,1953,Particular practice half treatment.,2c92a6de-4514-4da2-bd30-116b0d0d4aea,Alexisberg,35-44,7,1,4
Fiction,Miles-Ewing,1953,Particular practice half treatment.,cdbf7827-6f93-4e7a-a299-f724da3c073f,Camposburgh,35-44,10,5,1
Fiction,Miles-Ewing,1953,Particular practice half treatment.,67b247e5-910e-4c53-b2f7-358dd84b8cfb,South Johnland,18-24,10,3,5
Non-Fiction,Jones and Sons,2018,Mean show commercial.,66fc68c6-dd76-481d-8c65-bce8ecb5bcf9,East Cassandrafort,35-44,3,4,4
Non-Fiction,Jones and Sons,2018,Mean show commercial.,ce3125c8-1f4e-4711-accc-08d4889c9f55,Collinsmouth,55+,10,1,4
Non-Fiction,Jones and Sons,2018,Mean show commercial.,2eeb64a4-e45f-498d-8d30-ab00e96c1514,Campbellshire,Under 18,4,2,4
Non-Fiction,Jones and Sons,2018,Mean show commercial.,e02d020a-6fff-483e-af10-ea9ca4b5ffa9,East Matthew,55+,6,3,2
Non-Fiction,Jones and Sons,2018,Mean show commercial.,c1bd2678-3503-4d1d-857d-58647bb8f0a1,Youngton,35-44,5,5,1
Non-Fiction,Jones and Sons,2018,Mean show commercial.,141b0be3-d768-42a4-b99a-b318353a4b68,Bushmouth,18-24,2,1,4
Non-Fiction,Jones and Sons,2018,Mean show commercial.,81f47a15-1518-4631-a58c-04d2c45651e3,Lake Heather,25-34,9,4,1
Non-Fiction,Jones and Sons,2018,Mean show commercial.,6ce1afd6-00f6-4b49-8765-6d2fb5fe610e,West Jamesbury,55+,7,3,1
Non-Fiction,Jones and Sons,2018,Mean show commercial.,6caec757-045f-4fa3-9668-d6ede9244c56,Sloanchester,45-54,3,2,4
Non-Fiction,Jones and Sons,2018,Mean show commercial.,e3cc8075-d3a1-42a8-b64c-81571b44d120,Rickymouth,Under 18,1,1,4
Mystery,Sullivan-Schneider,1987,Phone data cut.,475c70a5-8ca7-4173-8d3a-45d145c1b48d,Abigailside,25-34,1,2,4
Mystery,Sullivan-Schneider,1987,Phone data cut.,954a409c-71ff-4974-88c8-3e7c0a5fd9a4,Emilyburgh,45-54,9,2,5
Mystery,Sullivan-Schneider,1987,Phone data cut.,2862be91-dbc5-42eb-80ce-92085eba4faa,Davidchester,55+,9,5,3
Mystery,Sullivan-Schneider,1987,Phone data cut.,1a6bfce7-684c-4983-aba0-7d80fc002868,Livingstonchester,Under 18,4,3,4
Mystery,Sullivan-Schneider,1987,Phone data cut.,816f8ecb-5f09-426f-981d-d7d7a1645ea6,Bradleytown,45-54,9,1,3
Mystery,Sullivan-Schneider,1987,Phone data cut.,8415fc4c-e692-4711-8231-a499df2e51fe,Lake Kayla,45-54,4,3,2
Mystery,Sullivan-Schneider,1987,Phone data cut.,e4b467e0-90d9-4cc4-adf3-d81c8ddd15d3,Colonchester,55+,6,1,4
Non-Fiction,"Harris, Mendez and Collins",1984,Simple culture.,cd583065-2125-42af-98e0-152c37684c45,Hutchinsonshire,25-34,9,1,4
Non-Fiction,"Harris, Mendez and Collins",1984,Simple culture.,9923d973-d6f9-4b90-bb2e-0b25f1c9d6ba,West Christinafort,18-24,4,5,3
Non-Fiction,"Harris, Mendez and Collins",1984,Simple culture.,611ab04f-ee5c-48c7-88d3-730ace28e4a3,New Coreyview,35-44,8,4,4
Non-Fiction,"Harris, Mendez and Collins",1984,Simple culture.,9c15020c-b596-4530-8751-8ffc3d490a89,New David,25-34,1,4,4
Non-Fiction,"Harris, Mendez and Collins",1984,Simple culture.,ce3b00a0-9279-4d45-9ade-33ac897d69cd,New Amy,45-54,5,4,1
Non-Fiction,"Harris, Mendez and Collins",1984,Simple culture.,a5f0cb08-df6e-45e6-ac19-68dfef946cca,East Chase,45-54,10,5,2
Non-Fiction,"Harris, Mendez and Collins",1984,Simple culture.,ecbe64d4-1c94-4b52-a27f-ee9d7158a7a5,Danielborough,Under 18,6,2,1
Non-Fiction,"Harris, Mendez and Collins",1984,Simple culture.,4773be92-bd1b-48cf-b027-a788d13303ef,Nataliemouth,25-34,10,1,3
Non-Fiction,"Harris, Mendez and Collins",1984,Simple culture.,50e5347e-f847-4fd3-a656-f1bc383ece8a,North Felicia,55+,8,3,4
Non-Fiction,"Harris, Mendez and Collins",1984,Simple culture.,a3ba98fe-8f7d-45a4-80b8-324fccc8cf5d,West Jim,18-24,1,4,1
Science Fiction,"Gill, Ramos and Phillips",2011,Seven also.,b4b9919f-1260-4b12-be6b-14658bedbd8b,West Lauriebury,35-44,6,2,1
Science Fiction,"Gill, Ramos and Phillips",2011,Seven also.,6e63b2ef-571d-4527-953f-21444e5b3c8f,Tylerport,18-24,1,4,1
Science Fiction,"Gill, Ramos and Phillips",2011,Seven also.,bd2b1492-031e-421a-9c51-4906d2edb47e,Dixontown,18-24,2,5,1
Science Fiction,"Gill, Ramos and Phillips",2011,Seven also.,cc36a6ad-f6ce-460e-8042-b7c15c3bb164,Port Michaelmouth,25-34,3,2,2
Science Fiction,"Gill, Ramos and Phillips",2011,Seven also.,0550633e-54af-444e-8cf3-8f8db130ba82,Melissaview,55+,10,4,1
Science Fiction,"Gill, Ramos and Phillips",2011,Seven also.,6bb3d7fa-bcc0-4772-b12d-95b14994950b,Lake Antoniochester,55+,5,5,3
Science Fiction,"Gill, Ramos and Phillips",2011,Seven also.,db52bd73-2ff7-40bb-bf65-63075b17f633,New Kevin,45-54,9,4,4
Mystery,"Ferguson, Mckay and Jackson",1968,Particular phone into.,26bef9fe-b3cb-43d1-9c4d-4e4076534b41,New James,25-34,5,5,1
Mystery,"Ferguson, Mckay and Jackson",1968,Particular phone into.,37452aba-1a90-4cdc-90e1-b27413bd1a6b,South Pamela,35-44,10,4,1
Mystery,"Ferguson, Mckay and Jackson",1968,Particular phone into.,1c786232-71e6-401e-9699-0df430b8a49e,Sheaview,18-24,3,1,3
Mystery,"Ferguson, Mckay and Jackson",1968,Particular phone into.,86d5334d-804d-4260-a3c5-ae6c0329d033,Kaylastad,45-54,10,3,3
Science Fiction,Rivers Inc,2012,Health newspaper fact may.,5a51ab1c-2261-4f16-8ebf-5be396782944,North Victoria,25-34,7,3,5
Fantasy,Thomas Inc,1985,Possible save beyond.,8d10a6f1-3908-4d33-807f-412104b8cd8c,North Jessica,25-34,5,4,4
Fantasy,Thomas Inc,1985,Possible save beyond.,c0e3ffbc-a2e4-4f2e-9f2c-c9c61c9fdcab,East Jacqueline,55+,7,4,2
Fantasy,Thomas Inc,1985,Possible save beyond.,966f922a-c1d5-4229-88ca-467534771111,Sandovalmouth,18-24,1,2,5
Fantasy,Thomas Inc,1985,Possible save beyond.,022d8ce6-ee1b-4b94-94cb-a16a12b2e247,North Jessicatown,25-34,8,2,4
Non-Fiction,Juarez LLC,2010,Easy line cold.,160c0290-7eaa-43d2-b70d-b81172da2401,North Nicole,55+,6,2,5
Non-Fiction,Juarez LLC,2010,Easy line cold.,a89ba923-da0b-441a-bb23-70ebe11440c0,Leahmouth,25-34,7,5,1
Non-Fiction,Juarez LLC,2010,Easy line cold.,7922e96d-e202-411f-9fd3-dd9c71bc58f9,Matthewberg,Under 18,3,5,3
Non-Fiction,Juarez LLC,2010,Easy line cold.,722b1d61-3dcc-42ba-8ac8-4b2d220fcee4,Patriciaborough,18-24,8,4,3
Science Fiction,"Smith, Williams and Sexton",1975,Debate improve.,f71ef27d-1eb2-4fe9-8e1f-cb49a7e0cc86,North Jason,18-24,10,4,5
Science Fiction,"Smith, Williams and Sexton",1975,Debate improve.,02af227c-cd7c-4166-93e2-9e0af97b1344,Sparksville,25-34,3,5,3
Science Fiction,"Smith, Williams and Sexton",1975,Debate improve.,c7081bf7-fea4-4dca-bbf2-76fa4997b5d6,Rebeccamouth,55+,2,5,4
Science Fiction,"Smith, Williams and Sexton",1975,Debate improve.,b79bd7c0-f44b-459b-88d1-d3b2feff4951,Hernandezmouth,35-44,8,3,2
Science Fiction,"Smith, Williams and Sexton",1975,Debate improve.,47e06659-1df2-4b99-b038-9be1b80eff92,West Latasha,Under 18,7,4,5
Mystery,Valentine-Alvarado,2012,Best yourself marriage.,c1fc8b2a-88c1-42bf-b1fe-8f1c7f331987,East Evan,35-44,6,1,5
Mystery,Valentine-Alvarado,2012,Best yourself marriage.,382d4a55-b0f7-4ebe-9a71-eb1e636ad51d,New Latoya,25-34,5,3,4
Mystery,Valentine-Alvarado,2012,Best yourself marriage.,b01e2320-b507-45e8-8f89-3fe300e26d2e,Lake Joshua,18-24,3,3,5
Mystery,Valentine-Alvarado,2012,Best yourself marriage.,d759e7fc-d805-4ff8-a503-5b6cd3b2a68b,Lake Brittanyburgh,25-34,2,4,5
Mystery,Valentine-Alvarado,2012,Best yourself marriage.,d0c5661a-8897-4246-a833-beab9d900944,South Robertfort,45-54,5,1,1
Mystery,Valentine-Alvarado,2012,Best yourself marriage.,82136657-449c-4d74-b470-82b0aeeafbad,Port Brandon,55+,1,1,4
Mystery,Valentine-Alvarado,2012,Best yourself marriage.,69c12fa2-5b85-4400-ac71-b244fabfce2c,Julietown,55+,4,3,2
Fantasy,Morgan-Gomez,1950,Add son never get.,df1ffdb3-986a-4181-a472-788277829d48,Alexisview,25-34,1,2,4
Fantasy,Morgan-Gomez,1950,Add son never get.,2bea3882-daaa-4c27-8c8f-20f776d3ffe5,Port Michael,25-34,8,4,4
Fantasy,Morgan-Gomez,1950,Add son never get.,a83bb78d-938f-4d0d-b70e-ad817f904707,Johnville,35-44,3,1,4
Fantasy,Williamson LLC,2016,Short training certainly.,3359b552-350d-4f02-b40a-ddf49634e63a,Aliport,55+,8,3,1
Fantasy,Williamson LLC,2016,Short training certainly.,dfadf801-a595-439b-bedc-631a50e944dd,Lake Kimberlystad,18-24,6,1,2
Fantasy,Williamson LLC,2016,Short training certainly.,afd22dca-a726-4fd8-b3b2-2ff68554ed81,East Kimberly,55+,7,3,3
Fantasy,Williamson LLC,2016,Short training certainly.,8cb4834c-e336-4337-b745-a82b4cc3e949,Bowersbury,45-54,5,5,3
Fantasy,Williamson LLC,2016,Short training certainly.,504b4478-19c7-46d3-a7ed-3578e8951ebd,South Carolyn,25-34,8,5,1
Fantasy,Williamson LLC,2016,Short training certainly.,98b85139-0361-44dd-aebf-299c048daf70,East Megan,18-24,1,5,4
Fantasy,Williamson LLC,2016,Short training certainly.,6b2ac7d3-9bd6-4af8-9e4a-f3815853b901,West Andreashire,45-54,10,3,2
Fantasy,Williamson LLC,2016,Short training certainly.,1497e980-81a5-4429-9279-98b692a06509,Nguyenshire,45-54,9,2,4
Fantasy,Williamson LLC,2016,Short training certainly.,89f220bf-ed57-4dda-9a44-39bf5eccb65a,Deannamouth,45-54,7,4,4
Fiction,Baker-Walker,2003,Per accept everyone.,2ba6689f-d045-4636-bb40-9609ddaadf7f,Port Michaelstad,Under 18,2,1,4
Fiction,Baker-Walker,2003,Per accept everyone.,cd61a91c-3a54-4b68-ae0b-d8b6434b8ea2,South Michaelberg,Under 18,8,2,1
Fiction,Baker-Walker,2003,Per accept everyone.,ce5affa0-eb49-4d33-a09c-f6f2aebcacc6,South Sherri,45-54,1,5,1
Fiction,Baker-Walker,2003,Per accept everyone.,2b064586-f16f-42d4-ac14-52523d517dac,Nicoleton,Under 18,8,5,1
Fiction,Baker-Walker,2003,Per accept everyone.,2995f601-b659-4164-98d8-7df2e80b6a16,East Madison,35-44,8,1,4
Fiction,Baker-Walker,2003,Per accept everyone.,99558a61-a4c5-4d04-babd-a01f512b1be5,Donnaville,18-24,6,5,4
Fiction,Baker-Walker,2003,Per accept everyone.,b7029144-518f-427c-8e4f-5cce7cee12ec,West Angelashire,55+,6,5,2
Fiction,Baker-Walker,2003,Per accept everyone.,4190d3fc-52be-414b-b21f-b364cd38fb38,North Lisaville,25-34,1,3,4
Fiction,Baker-Walker,2003,Per accept everyone.,7b733b33-dca0-4dfb-a982-d26492a9a6ea,Beckybury,18-24,9,4,5
Mystery,Leon Ltd,2014,Deep sister town product.,f8793f8a-e055-4183-b0eb-e6060b717fa8,Martinezport,45-54,5,3,5
Mystery,Leon Ltd,2014,Deep sister town product.,0399e28a-a7c6-49c7-8997-56ac2fd9b573,Gregoryview,45-54,6,2,3
Science Fiction,Tran Inc,1969,Pm great.,81e53f01-f9a7-4c8e-82f2-61b9633ca3dd,Raymouth,55+,7,4,5
Science Fiction,Tran Inc,1969,Pm great.,0da7dc5b-3a42-4c7a-9fd3-bdde0831b9e9,Drewview,18-24,5,4,1
Science Fiction,Tran Inc,1969,Pm great.,0df57391-c73b-405b-bd87-b8bfcf74444b,South Leroyberg,45-54,6,1,2
Science Fiction,Tran Inc,1969,Pm great.,06b41e64-9b9c-42ab-9b6c-9780882a44a2,South Patriciastad,18-24,9,2,4
Science Fiction,Tran Inc,1969,Pm great.,4b9d0381-c492-4aac-ae5d-26b67ecc3348,West Elizabeth,35-44,10,5,1
Fantasy,White-Ali,1986,Parent significant.,6f1f0f12-8b84-4a16-94d3-c2b24b74580a,Hallchester,45-54,1,2,4
Fantasy,White-Ali,1986,Parent significant.,03f65af8-f80e-4b7f-b928-53e047e753ea,South Coltonhaven,35-44,2,2,5
Fantasy,White-Ali,1986,Parent significant.,d27067ef-f301-4419-974e-81c3a76f9534,Hernandezchester,25-34,5,5,5
Fantasy,Reilly Inc,2008,Shake scene.,49e78494-6dcb-4895-9545-6e93effc757f,North Jenniferborough,18-24,10,5,5
Fantasy,Reilly Inc,2008,Shake scene.,660d49bd-a6f5-4506-ab77-4f9c1666c314,North Kim,35-44,8,2,4
Fantasy,Reilly Inc,2008,Shake scene.,8a6c2637-0d2f-49b6-9117-eb405f39d723,South Sean,18-24,5,4,4
Fantasy,Reilly Inc,2008,Shake scene.,fbc5ffc7-c725-4005-ac52-37c0b697f4d5,North Jacobchester,Under 18,10,2,1
Fantasy,Reilly Inc,2008,Shake scene.,78aa45a6-00dc-420d-bc72-51a04e3f8bd5,Amandahaven,55+,2,5,4
Fantasy,Reilly Inc,2008,Shake scene.,259a4817-fb26-4d67-b387-9cb63ba854f7,West Shelley,55+,8,1,1
Fantasy,Reilly Inc,2008,Shake scene.,6d65e8a6-415f-4740-8c74-e1b7b3693766,Port Johnville,35-44,7,1,5
Non-Fiction,Richmond LLC,2014,Film relate.,58d0bebd-c8f8-420b-bf4d-400078320e98,West Blakebury,55+,8,2,3
Fiction,Davidson LLC,1982,Though heart.,0bc05cc3-fe41-4279-9902-262a6f6059d6,West Shawnstad,35-44,1,3,2
Fiction,Davidson LLC,1982,Though heart.,b0d91220-6ee3-495f-b547-17a893cefac1,Port Dennisborough,55+,3,1,1
Fiction,Davidson LLC,1982,Though heart.,a99beaa0-66be-4efd-8e5b-deb18c6170c1,West Jeannemouth,45-54,4,4,3
Fiction,Davidson LLC,1982,Though heart.,97febf4f-0008-4b14-b79d-5813bfd2a126,Wheelermouth,45-54,8,1,2
Fiction,Davidson LLC,1982,Though heart.,26ae2c99-998d-4956-9389-8f3cda1da2a7,South Andrewview,18-24,7,2,4
Fiction,Davidson LLC,1982,Though heart.,a5e3f467-5013-4d41-958f-7342e12eaca0,West Matthewmouth,25-34,6,4,3
Fiction,Davidson LLC,1982,Though heart.,c6fd18bc-f199-473c-afd5-fb0e47644a1f,New Jonathon,35-44,7,1,5
Mystery,Garcia LLC,1991,Remember produce scene discussion.,f11a0f7b-e2c3-4eae-b27c-92b8ba5b1535,Orozcochester,Under 18,8,1,1
Mystery,Garcia LLC,1991,Remember produce scene discussion.,8a68d637-e8ed-49cd-9c47-2bdb7119d932,East Kelliport,Under 18,4,5,5
Mystery,Garcia LLC,1991,Remember produce scene discussion.,ec991824-53cb-476d-a9ee-f5fadc6afcb7,West Leslieside,25-34,8,5,1
Non-Fiction,"Carter, Butler and Stanton",1992,Our city.,9aaf82ff-e5af-4cc3-821e-2bb3106ed7e2,New Sarah,55+,2,3,2
Non-Fiction,"Carter, Butler and Stanton",1992,Our city.,4ff07808-37f9-4e44-8d89-0c491c06d819,Russellton,35-44,2,4,2
Non-Fiction,"Carter, Butler and Stanton",1992,Our city.,9b5dec91-f193-40de-ad65-e9b2e7d445f7,Aguilarton,55+,2,3,5
Non-Fiction,"Carter, Butler and Stanton",1992,Our city.,5cfeb3df-eb2d-4c3f-8ba1-402f213f5a01,Charlesshire,18-24,4,1,1
Non-Fiction,"Carter, Butler and Stanton",1992,Our city.,eb82e16d-532e-4917-9a9f-a3582d1e93e3,Mannburgh,18-24,8,5,2
Non-Fiction,"Carter, Butler and Stanton",1992,Our city.,a8bc6a03-a13a-42ac-add3-00006eedb741,North Christopher,Under 18,4,4,5
Non-Fiction,"Carter, Butler and Stanton",1992,Our city.,df6c3d43-b2a0-4c8d-8d58-2f84a15f518b,Shawnview,25-34,5,3,5
Non-Fiction,"Carter, Butler and Stanton",1992,Our city.,59d93243-c42e-48fd-8a7a-c1678f3d448f,Michelefurt,45-54,5,4,2
Science Fiction,Tucker-Greene,1978,Professor.,524b56a4-1c91-42df-9bf7-6fc566850514,Cooperville,45-54,8,2,2
Science Fiction,Tucker-Greene,1978,Professor.,ff48b23e-ce3f-4875-9164-2191d6dd543c,East Alexandra,25-34,5,3,3
Science Fiction,Tucker-Greene,1978,Professor.,7f47ad81-319f-487e-be9e-4e49e498ce3a,East Valeriechester,35-44,10,2,3
Science Fiction,Tucker-Greene,1978,Professor.,7e907261-1bf1-467a-b01e-9a68b07743b0,West John,18-24,7,5,4
Science Fiction,Tucker-Greene,1978,Professor.,c90deb34-f36e-4294-ab6f-bf22cbad1dfb,Macdonaldborough,35-44,5,2,2
Non-Fiction,Larsen-Vaughn,2006,Half water card say.,26de2e5d-8c0d-4a6f-afeb-6c4796343848,North Samuel,25-34,9,2,4
Non-Fiction,Larsen-Vaughn,2006,Half water card say.,25094373-6179-4bd6-b831-afa242e249bb,Oliverberg,55+,4,2,4
Non-Fiction,Larsen-Vaughn,2006,Half water card say.,4f988fc1-844a-459d-b860-7a91ea3cbe91,North John,35-44,10,4,3
Non-Fiction,Larsen-Vaughn,2006,Half water card say.,eae11a8e-93b4-4274-9876-12e4015c83ae,South Brendamouth,18-24,9,4,5
Non-Fiction,Larsen-Vaughn,2006,Half water card say.,4d836686-c07b-48f1-8b8b-7697ec2a7c0b,Port Bruce,55+,9,3,1
Non-Fiction,Larsen-Vaughn,2006,Half water card say.,f6692a13-3691-487e-a374-1e30d53dd722,Juliabury,25-34,4,3,3
Non-Fiction,Larsen-Vaughn,2006,Half water card say.,2a890141-932c-4bb6-9933-2d91aabae92d,New Kevin,18-24,10,5,3
Non-Fiction,Larsen-Vaughn,2006,Half water card say.,caf16173-a967-41e2-8b5b-98a1b2817b25,Housechester,45-54,4,3,4
Non-Fiction,Larsen-Vaughn,2006,Half water card say.,04229f9b-5c59-488e-bcfd-d1635fb842bb,Robinsonbury,25-34,4,1,2
Science Fiction,Johnson Group,1975,Present figure.,39e722ca-4fee-42fb-ba55-1e99c4d0fe0d,Andrewstad,Under 18,5,4,2
Science Fiction,Johnson Group,1975,Present figure.,915662cc-51bd-49d1-8668-f70cff86f706,Port Joseph,18-24,9,5,3
Science Fiction,Johnson Group,1975,Present figure.,bc1f37c5-974f-44e7-b9a4-51ab3a0bc752,Jilltown,18-24,8,2,4
Science Fiction,Johnson Group,1975,Present figure.,a10cbd0b-1096-45a5-920b-2e8bd43e9bbd,Chadland,18-24,10,3,4
Fiction,Fisher PLC,1981,Professional type father.,a203fef1-9c62-4f7b-950c-f87c0b6bdafa,East Michaelshire,35-44,5,2,5
Fiction,Fisher PLC,1981,Professional type father.,4374f738-ec1c-4b8a-a0e9-6a61e1eb62bc,Krausefort,Under 18,10,1,1
Fiction,Fisher PLC,1981,Professional type father.,dba01ace-04c7-4644-b8e6-9962ace2b0f5,Lake Margaretbury,Under 18,10,2,1
Fiction,Fisher PLC,1981,Professional type father.,3f580048-a39a-4f16-a4ed-f016bd9e92ed,Hawkinsside,25-34,9,1,3
Fiction,Fisher PLC,1981,Professional type father.,27e5c85d-78db-41c0-bc6d-057c6cdfe967,Kevinborough,25-34,7,1,5
Fiction,Fisher PLC,1981,Professional type father.,cc53aa6a-b905-4767-89f9-a3ebff2253a6,Lake Genefurt,55+,7,4,3
Fiction,Fisher PLC,1981,Professional type father.,9aa1a4f6-4c18-4ac5-9023-b43b23111f15,Sotoville,55+,2,4,3
Fiction,Fisher PLC,1981,Professional type father.,0d720145-fcd9-4cb4-9b60-1303b12c74de,New Cynthiaview,35-44,3,1,2
Fiction,Fisher PLC,1981,Professional type father.,57e720dd-5954-4eae-ba63-96fe53d1f3b3,Chelseashire,18-24,1,2,1
Fiction,"Chavez, Coffey and Ward",1984,Many generation arrive.,46efb822-5fae-4a8a-8a5c-4f6572d7362b,West Danielburgh,Under 18,3,3,2
Fiction,"Chavez, Coffey and Ward",1984,Many generation arrive.,151084dd-9167-4f53-bae9-e7e5744023ff,Fishershire,35-44,6,1,4
Fiction,"Chavez, Coffey and Ward",1984,Many generation arrive.,966e4109-a9ba-42f5-8c59-95202e3a4a57,North Rebeccafurt,55+,9,4,4
Fiction,"Chavez, Coffey and Ward",1984,Many generation arrive.,24941e87-d127-41e4-83b6-88709c678c84,Jenniferfurt,45-54,8,5,4
Fiction,"Chavez, Coffey and Ward",1984,Many generation arrive.,208a6cf4-3bdc-4db4-a01b-e1c5f9c06e02,Abigailview,25-34,10,5,4
Fiction,"Chavez, Coffey and Ward",1984,Many generation arrive.,0a0b9018-1c18-4a73-83ef-13b6c71ce294,Elliottchester,55+,5,1,2
Fiction,"Chavez, Coffey and Ward",1984,Many generation arrive.,3574e30c-1373-4c6e-ba18-1b4e49acdc36,Lake Nicoleborough,25-34,10,2,1
Fiction,"Chavez, Coffey and Ward",1984,Many generation arrive.,bef0bba5-112b-4a6d-b2ca-609e6eb311b9,Oliviafurt,45-54,6,3,2
Science Fiction,Smith-Wright,1980,Manager right.,4aef2c73-611e-4542-89bf-76eed1528cac,Debbiechester,25-34,7,3,1
Science Fiction,Smith-Wright,1980,Manager right.,92189833-c2d0-4182-b2bf-f06181701187,Lake Kevin,45-54,1,3,4
Science Fiction,Smith-Wright,1980,Manager right.,ffb2e4c6-e80b-4f03-950f-43a781cd0453,Gravesstad,55+,6,2,4
Science Fiction,"Rivera, Mckay and Griffith",2015,Report provide space.,68edd524-1713-4613-b4a7-5ce8150b00e7,Hayesfurt,45-54,10,5,3
Science Fiction,"Rivera, Mckay and Griffith",2015,Report provide space.,6303f0f3-9855-4cbc-bae9-6e5c12db6219,Ashleyburgh,45-54,3,1,4
Science Fiction,"Rivera, Mckay and Griffith",2015,Report provide space.,428ef6ce-0355-46f5-80a8-b75789c4b494,Wilsonland,18-24,4,5,4
Science Fiction,"Rivera, Mckay and Griffith",2015,Report provide space.,5657536c-26ec-4f9a-b168-ac16ac9c6c15,Jessicaland,35-44,4,2,2
Science Fiction,"Rivera, Mckay and Griffith",2015,Report provide space.,8d759974-1f89-45eb-9030-6bcd27f313b3,Caldwellview,45-54,6,1,1
Science Fiction,"Rivera, Mckay and Griffith",2015,Report provide space.,8f26c4a6-ccc2-486f-a16f-6f547b79e02c,Whiteborough,18-24,6,3,5
Science Fiction,"Rivera, Mckay and Griffith",2015,Report provide space.,0cdd4848-d99f-426b-a741-cb6c9258b3db,North Timothy,45-54,7,5,2
Science Fiction,"Rivera, Mckay and Griffith",2015,Report provide space.,f6c8ea4c-83aa-4cd8-9d2d-4ce23b57125a,South William,25-34,9,1,1
Science Fiction,"Rivera, Mckay and Griffith",2015,Report provide space.,d08c4867-8b48-4aab-8e05-357db3f133c2,Lake Jenniferburgh,55+,9,4,2
Science Fiction,"Rivera, Mckay and Griffith",2015,Report provide space.,23a02688-a38f-4cc6-ad51-2b3bed8998d7,Phillipsland,18-24,1,4,3
Fantasy,Norris Inc,1976,Federal study forward.,4aa27a6a-6606-41f2-bbed-5957c45a7189,Lake Richard,35-44,10,1,5
Fantasy,Norris Inc,1976,Federal study forward.,660f128b-39f7-4f58-b152-8f4b74d934c8,Lake Joshua,25-34,8,5,4
Fantasy,Norris Inc,1976,Federal study forward.,99b367a8-cfbe-4c0e-80a7-a7e308c2b329,Brianberg,55+,10,3,1
Fantasy,Norris Inc,1976,Federal study forward.,a6ea5c11-f632-46fb-b3fe-c04e2759b51c,North Kathrynfort,18-24,2,1,5
Fantasy,Norris Inc,1976,Federal study forward.,4847b70f-e607-42a3-b591-4c2543be4e73,Scottmouth,25-34,1,2,5
Fantasy,Norris Inc,1976,Federal study forward.,da746ff4-d014-4c24-8348-456254da4384,Hunterland,25-34,4,4,4
Fantasy,Norris Inc,1976,Federal study forward.,c19fd469-4570-45b6-85f6-69eb40b2def5,West John,55+,3,5,1
Mystery,Lopez Group,1977,Section option improve.,4ca3ae0b-f95c-46f4-8901-5cd7e9c93b6f,Port Lynnton,45-54,3,1,1
Mystery,Lopez Group,1977,Section option improve.,930d74ed-4102-48b5-8360-59cf3873e62b,South Robertofort,25-34,1,1,5
Mystery,Lopez Group,1977,Section option improve.,ca50dbed-b3a8-450f-a590-c346e86be6a0,Powellhaven,45-54,2,4,5
Mystery,Lopez Group,1977,Section option improve.,c629cf82-2db4-4401-8051-87bd26c2e517,Port Cynthia,18-24,8,3,4
Mystery,Lopez Group,1977,Section option improve.,f3644ae6-c15c-4a5b-a6fa-cdb93121f1d6,Jonestown,25-34,3,4,4
Science Fiction,"Cisneros, Lee and Woods",1967,Community tell left.,88408f89-987f-4b1c-a3d1-fdb437841610,North Antonioview,45-54,1,1,5
Science Fiction,"Cisneros, Lee and Woods",1967,Community tell left.,6d358026-000a-4fe4-b51a-9a47947333ae,West Juan,45-54,8,3,5
Science Fiction,"Cisneros, Lee and Woods",1967,Community tell left.,a744d59c-1eb2-447c-a86c-dcc814699d1e,West Heatherchester,Under 18,1,3,2
Science Fiction,"Cisneros, Lee and Woods",1967,Community tell left.,447d8fa6-6b87-42ec-b6d3-73efad6fdc4b,East Melissa,Under 18,7,4,5
Science Fiction,"Cisneros, Lee and Woods",1967,Community tell left.,1ef177c4-6c19-4a6f-9759-cb31bf97c0d2,Williamland,55+,9,5,5
Science Fiction,"Cisneros, Lee and Woods",1967,Community tell left.,ab4eeea6-f092-4e37-b43e-0858fa5919a4,New Laurenton,Under 18,2,1,4
Science Fiction,"Cisneros, Lee and Woods",1967,Community tell left.,4cadbdc9-0b00-4938-a7ed-7209721eb51b,Danielville,18-24,5,5,5
Non-Fiction,"Rasmussen, Hill and Miller",1980,Anyone story explain somebody.,1fae13cb-0d04-4c51-a4f2-c14d75242345,Lake Ethanchester,Under 18,1,4,1
Non-Fiction,"Rasmussen, Hill and Miller",1980,Anyone story explain somebody.,57decb80-9cbe-4a52-8401-029ed62d1544,Lake Kristi,Under 18,4,5,2
Non-Fiction,"Rasmussen, Hill and Miller",1980,Anyone story explain somebody.,667c9ad4-1478-4c0b-9bca-c478cd0cd99f,North Judyside,55+,2,5,5
Non-Fiction,"Rasmussen, Hill and Miller",1980,Anyone story explain somebody.,0c0fd3e4-117a-4e28-88b4-c5136c07358f,Kellytown,45-54,6,3,4
Non-Fiction,"Rasmussen, Hill and Miller",1980,Anyone story explain somebody.,53c2d9ea-0c4a-4f1e-92b4-b5fe7e22bcb2,South Jenniferfort,Under 18,9,3,1
Non-Fiction,"Rasmussen, Hill and Miller",1980,Anyone story explain somebody.,1ba66ac0-5773-47bf-b375-aae7438a358b,Lake Dana,45-54,4,5,3
Non-Fiction,"Rasmussen, Hill and Miller",1980,Anyone story explain somebody.,07a3e397-bac3-4b9b-8b79-d16b95b4d096,Jamesside,25-34,3,2,1
Non-Fiction,"Rasmussen, Hill and Miller",1980,Anyone story explain somebody.,219e795b-a335-4832-9d27-c2d290ea0eee,Brownshire,35-44,10,4,4
Non-Fiction,"Rasmussen, Hill and Miller",1980,Anyone story explain somebody.,d184cadf-160a-4b94-acfc-75bc6de4e4b7,Port Kelliborough,55+,4,4,3
Fantasy,"Carter, Cervantes and Moon",1989,Measure.,523ffe9e-8a3f-4dfa-a7e8-e4ac1e064807,Port Paulport,Under 18,4,3,2
Fantasy,"Carter, Cervantes and Moon",1989,Measure.,372bc4c7-05f5-4b6e-8c71-0ae23dfdfacd,Stonemouth,Under 18,7,4,1
Fantasy,Davis and Sons,2004,Course against community staff.,c7d8c060-3393-454c-a6c5-f9cf2f1b67ee,Cooperside,18-24,8,2,2
Fantasy,Davis and Sons,2004,Course against community staff.,c994c355-5756-4be8-aa33-0c577b4a34e8,East Deborahburgh,35-44,6,2,5
Fantasy,Davis and Sons,2004,Course against community staff.,ca40a7fe-ad0f-47b6-8a0d-81fd119d9674,Laurafurt,45-54,7,5,3
Fantasy,Davis and Sons,2004,Course against community staff.,411e3b90-f475-40b8-8310-191b1d7c8414,Lake Robertstad,Under 18,8,2,3
Fantasy,Davis and Sons,2004,Course against community staff.,9a017544-d07c-4cba-9a52-e5f340e1ecc2,Natashaland,35-44,8,2,4
Science Fiction,Johnson LLC,1974,Fund would agreement.,3d5fad76-d2e1-4857-86ee-992be0931469,Larrystad,Under 18,10,4,3
Science Fiction,Johnson LLC,1974,Fund would agreement.,7432f91a-85e3-4605-9a13-44007e85c916,Bennetttown,55+,7,3,1
Science Fiction,Johnson LLC,1974,Fund would agreement.,c104fb88-c800-41cf-b5ed-772cc5c76215,Williamsfort,Under 18,4,1,4
Science Fiction,Johnson LLC,1974,Fund would agreement.,f1709c1c-6822-4e99-b5c5-03a9dc18413d,Carrmouth,35-44,4,4,2
Non-Fiction,"Farley, Morton and Cannon",2012,Give upon blood.,97730be0-49d8-4f15-8e9c-27fade0b12ed,Mariaburgh,35-44,5,3,5
Non-Fiction,"Farley, Morton and Cannon",2012,Give upon blood.,9bdbe299-f44b-478a-b7bf-483796149ce5,North Gregory,45-54,7,2,5
Non-Fiction,"Farley, Morton and Cannon",2012,Give upon blood.,61dea395-017e-4316-b4d2-a08c4fbad4d7,South Maryland,Under 18,1,1,4
Non-Fiction,"Farley, Morton and Cannon",2012,Give upon blood.,1d62b367-9fcd-4c00-a6d3-bb05f90912b8,North Chelsea,55+,9,2,5
Non-Fiction,"Farley, Morton and Cannon",2012,Give upon blood.,02d2386a-8a54-420a-8b39-360ee61df5da,South Jillianland,45-54,10,5,2
Science Fiction,Griffith and Sons,1972,Start.,d745525b-51f4-46e4-9c7a-4a96352fe27e,East Kristafurt,18-24,6,3,1
Science Fiction,Griffith and Sons,1972,Start.,d4e45e95-9bfd-4b54-aaeb-6cd3f60a30bf,Oneillborough,18-24,7,3,1
Science Fiction,Griffith and Sons,1972,Start.,5be88f3c-0fa3-46d7-bf3b-0e914e5fc2ab,Olsenborough,18-24,7,1,3
Science Fiction,Griffith and Sons,1972,Start.,3aa5a693-584d-484c-8b54-dc9d7a381866,Valdezmouth,45-54,4,2,3
Science Fiction,"Johnson, Le and Davila",2003,Your.,b9ffab09-66fa-42a5-be1e-33834b0ecbe2,East Paul,55+,3,3,1
Science Fiction,"Johnson, Le and Davila",2003,Your.,d2fdf97b-3858-4d6b-8381-685676392699,North Cameronburgh,55+,5,4,4
Science Fiction,"Johnson, Le and Davila",2003,Your.,1dfdefaf-6b08-4911-8657-6a09967eff9c,Roseside,18-24,7,4,3
Science Fiction,"Johnson, Le and Davila",2003,Your.,06e6b146-a88a-4c2e-81e4-ba6e2560e75d,Curryfort,25-34,7,3,4
Science Fiction,"Johnson, Le and Davila",2003,Your.,695317c8-0372-4568-b716-f8512877c912,New Philip,35-44,4,3,4
Science Fiction,"Johnson, Le and Davila",2003,Your.,cff79d7b-29b4-4447-83df-9f70ea793121,Brownburgh,45-54,3,5,3
Mystery,Cox-Lloyd,2006,Have father continue.,152d1865-a55b-41e6-af4f-096349c90ad8,Murraytown,Under 18,1,1,3
Mystery,Cox-Lloyd,2006,Have father continue.,2e34d55d-c1bc-4a61-899b-c70f09d29a87,East Dana,35-44,7,2,1
Mystery,Cox-Lloyd,2006,Have father continue.,be089262-871f-4737-a6d3-2f0bec952824,Port Christian,45-54,2,1,5
Mystery,Cox-Lloyd,2006,Have father continue.,2451bffe-bdc0-4139-84d8-584cab72647e,New Rhondahaven,45-54,9,2,1
Mystery,Cox-Lloyd,2006,Have father continue.,638546df-4568-49c7-8f96-d4501ec7ec17,Ramirezville,35-44,4,3,5
Mystery,Cox-Lloyd,2006,Have father continue.,ce0783dc-ca6a-4a2b-8173-edf375da1f09,North Patricia,18-24,10,3,1
Mystery,Cox-Lloyd,2006,Have father continue.,0c8b73e9-e04b-4888-a7f9-095f70e4c8d9,Lake Amyshire,45-54,9,4,4
Mystery,Cox-Lloyd,2006,Have father continue.,9cfd1dc6-36f6-45e6-a4ab-c8435286a80a,Harrisview,35-44,3,5,2
Mystery,"Baldwin, Owen and Gilbert",1963,Someone fear civil allow.,682e8f24-1b79-473b-b2a5-047ca25e08e4,Carrillohaven,18-24,2,1,2
Mystery,"Baldwin, Owen and Gilbert",1963,Someone fear civil allow.,aabb9193-113e-4b29-9c71-454b234e7f93,Wrighttown,45-54,6,2,3
Mystery,"Baldwin, Owen and Gilbert",1963,Someone fear civil allow.,72e00673-69e6-4d4a-bc73-dce11b966557,Port Shannonville,35-44,7,2,1
Mystery,"Baldwin, Owen and Gilbert",1963,Someone fear civil allow.,c57f997b-14ec-4c61-b6d5-1742d5ed2158,East James,25-34,1,4,4
Mystery,Gardner PLC,2008,Between budget poor.,81c3a431-3d8a-4e76-a39c-d617abd58179,Markbury,25-34,1,5,1
Mystery,Gardner PLC,2008,Between budget poor.,23cebeca-6c8f-4204-a2df-b21fcafa1cc1,Jonesport,35-44,5,5,5
Mystery,Gardner PLC,2008,Between budget poor.,b4027f4e-9eb1-44ef-b735-8ea5bd614969,Gillbury,35-44,3,5,1
Mystery,Gardner PLC,2008,Between budget poor.,798773ec-433d-4452-b095-03bf9a7cb1d1,East Edwinshire,25-34,5,4,2
Mystery,Gardner PLC,2008,Between budget poor.,64b3cd0a-30d0-4fc4-9f7a-7521141e81e8,Lake Donnatown,Under 18,7,4,4
Mystery,Gardner PLC,2008,Between budget poor.,d207d9e9-451d-47c9-b856-bf9853f29b6f,Lake Davidville,45-54,5,1,4
Mystery,"Cole, Smith and Robinson",1963,Finally then more.,71041dba-a746-45ee-ba22-6ecadf988b38,Whitechester,25-34,10,5,3
Science Fiction,Montgomery-Allen,2006,Also little nearly.,45f01dec-fdfc-4309-91cc-04c3d9f3c483,Millerhaven,45-54,4,2,5
Science Fiction,Montgomery-Allen,2006,Also little nearly.,9931128f-6e99-4dc5-8489-d740139562eb,Stacyville,45-54,8,5,4
Science Fiction,Montgomery-Allen,2006,Also little nearly.,6b40a1c5-863a-4501-a7fc-b20abd2adc55,East Crystal,18-24,9,3,1
Mystery,Jackson Inc,1990,How authority.,61d77a22-6216-44cf-b840-7f0067c0b39a,Jenniferstad,55+,6,2,4
Mystery,Jackson Inc,1990,How authority.,84157319-ce22-4317-b030-6704908361f0,Kingport,Under 18,4,2,1
Mystery,Jackson Inc,1990,How authority.,97f66e16-04e7-483b-b1d3-0b145367d290,North Heather,55+,9,4,3
Mystery,Jackson Inc,1990,How authority.,80caa813-6079-40ba-819e-0ba0b1b45ed5,Lake Ericamouth,45-54,10,3,4
Mystery,Jackson Inc,1990,How authority.,2a607db4-3713-4226-900e-3c0534dee259,New Nicholas,Under 18,7,3,5
Mystery,Jackson Inc,1990,How authority.,1f6e295d-f267-4efc-a4ab-405f8cbc2061,Lake Kyle,45-54,4,1,1
Mystery,Jackson Inc,1990,How authority.,d8891f28-e53b-4009-b55a-01e7e639ca1a,Hillland,Under 18,2,2,5
Fantasy,Skinner PLC,1969,Life employee.,30943ee0-3218-4a78-a64c-820502d26553,Kleinshire,18-24,7,3,4
Fantasy,Skinner PLC,1969,Life employee.,30160422-0787-43d4-93fb-ba9d6d3ee678,West Joshua,55+,8,1,2
Fantasy,Skinner PLC,1969,Life employee.,3cfb00b1-7b84-471b-86ca-c012eec8284f,Millsborough,35-44,10,5,4
Fantasy,Skinner PLC,1969,Life employee.,9972c983-c57a-4057-9555-1d877b3b7fa2,North Aaronfort,35-44,9,2,2
Fantasy,Skinner PLC,1969,Life employee.,3889645f-aa8f-494b-b1f4-ea6ac06d548e,Port Jenniferhaven,Under 18,5,3,2
Fantasy,Skinner PLC,1969,Life employee.,57cccf99-28dc-4620-a638-019097db3707,New Cindy,45-54,2,3,2
Fantasy,Skinner PLC,1969,Life employee.,5e27cc7c-eefc-4103-b4f7-95b5d830c6e4,Port Davidchester,Under 18,10,1,4
Non-Fiction,"Li, Morgan and Brown",1996,Imagine idea.,7c19f130-70f2-4144-83e7-b0901f62ced7,Cervantesland,35-44,6,3,4
Non-Fiction,"Li, Morgan and Brown",1996,Imagine idea.,4ba76132-f16e-43e4-880d-c13e67fadba9,Thompsonport,35-44,8,5,3
Science Fiction,Lynn-Anderson,2004,Despite hospital.,a30e472f-c8c2-4370-9ed6-e34d64b1351d,Collierbury,45-54,2,3,3
Science Fiction,Lynn-Anderson,2004,Despite hospital.,04c59de9-4494-4806-bf9d-b48772557cc9,New Matthew,18-24,9,5,5
Science Fiction,Lynn-Anderson,2004,Despite hospital.,72ed6af5-9c2c-4069-8a42-8666fc56ac4a,Jonesland,25-34,3,3,2
Science Fiction,Lynn-Anderson,2004,Despite hospital.,9d41aa69-5019-41b6-bc95-629fa2646e94,Julieshire,Under 18,6,2,5
Science Fiction,Potter Group,1990,Five along.,24594a87-f278-4b37-aae6-2f25650997a0,Russellborough,Under 18,4,4,4
Science Fiction,Potter Group,1990,Five along.,f010265b-cb04-43fb-8f01-92b04208f275,Franciscochester,18-24,5,1,3
Science Fiction,Potter Group,1990,Five along.,5c4e530b-0811-4614-b36f-22a28a2504e1,Port Daniellefort,55+,9,5,3
Science Fiction,Potter Group,1990,Five along.,2e589bff-c69d-421a-be4d-c91da1daedbb,Armstrongfurt,Under 18,4,5,5
Science Fiction,Potter Group,1990,Five along.,570f6878-50d5-43bb-8b30-f43b15945625,New Kevinland,45-54,6,5,5
Science Fiction,Potter Group,1990,Five along.,02a90769-07c9-494d-ac09-ba9cb3ac5cc9,East Kathryn,55+,6,3,3
Science Fiction,Potter Group,1990,Five along.,6ea6ac30-5262-4c15-b4da-d6bbe141656b,East Scottbury,Under 18,6,3,5
Science Fiction,Potter Group,1990,Five along.,fa661f1c-5448-4d92-9560-0a815c30aed3,Lake Samuelburgh,35-44,4,3,3
Science Fiction,White and Sons,1977,Play board tax.,849b1b91-0afe-4bef-bcb8-687c62c5db53,Port Whitneyside,18-24,7,2,1
Fiction,Rodriguez PLC,1977,Benefit low.,baa86474-508c-46cb-a05e-3f259b2b031c,South Erin,25-34,4,3,5
Fiction,Rodriguez PLC,1977,Benefit low.,fa3b027b-2330-4924-8065-0f962a3b02d1,Wrightville,18-24,5,2,5
Fiction,Rodriguez PLC,1977,Benefit low.,6d84390e-d3e3-4c9a-ba12-ab543d28452f,Simonport,25-34,7,3,4
Fiction,Rodriguez PLC,1977,Benefit low.,3deee686-9daf-466f-b0c2-67167d5c424c,South Mitchellmouth,55+,4,1,3
Fiction,Rodriguez PLC,1977,Benefit low.,bce47c11-59b1-47c6-bb69-58b5fbf6b751,South Shaneville,35-44,4,1,1
Fiction,Rodriguez PLC,1977,Benefit low.,4497fc01-d701-4a8d-878d-e25d75da18a5,Jasonborough,Under 18,2,5,3
Fiction,Rodriguez PLC,1977,Benefit low.,dbd0b5d4-3855-4254-b7b9-8d8d633d5155,Hoffmanshire,45-54,1,4,5
Fiction,Rodriguez PLC,1977,Benefit low.,0fcbedca-49e9-4c47-9063-369cedfb71c5,Christopherbury,Under 18,7,4,4
Fiction,Rodriguez PLC,1977,Benefit low.,50ddb8fe-b58c-4024-90c8-5446226643d1,Morseshire,55+,5,4,5
Fiction,Rodriguez PLC,1977,Benefit low.,d2fb0657-a689-4bad-810b-65b3694dfd7a,Lake Andrew,45-54,9,2,5
Non-Fiction,"Williams, Tran and Morrow",2003,Parent in before.,5da2fcd9-aa5f-44b8-8f1f-81dbcc0801e7,Brownville,45-54,8,4,5
Non-Fiction,"Williams, Tran and Morrow",2003,Parent in before.,3cf263ed-751f-450c-91d7-e00a2305ec10,East Courtney,35-44,1,4,2
Non-Fiction,Miller-Parker,2013,Human action.,565868ab-9009-4890-86c2-01b54328049d,Hughestown,25-34,3,4,2
Non-Fiction,Miller-Parker,2013,Human action.,52a901e1-2362-4f1f-87fc-1c3f977222c4,Williamsville,25-34,8,2,1
Non-Fiction,Miller-Parker,2013,Human action.,397e92b1-beb0-4acf-9c97-a69e11e21d42,Port Jacquelineview,18-24,4,1,5
Non-Fiction,Miller-Parker,2013,Human action.,a6695c33-14e7-4b19-bcf8-778190035cb2,West Codyside,55+,10,3,4
Non-Fiction,Miller-Parker,2013,Human action.,57d6a053-5cd2-427c-8cb2-fe209b204328,Jasminestad,55+,6,5,2
Non-Fiction,Miller-Parker,2013,Human action.,8a59c60a-e3fc-49cb-bd30-3f5f4695718f,North Kaylabury,35-44,7,5,5
Mystery,Schaefer-Holmes,2019,Beat can summer.,e63bd097-819a-4c79-ab76-777f95990de1,North Roger,Under 18,5,4,2
Mystery,Schaefer-Holmes,2019,Beat can summer.,d463cc59-fe8c-49af-984c-5d169255cf63,Jacksonview,35-44,8,4,3
Mystery,Schaefer-Holmes,2019,Beat can summer.,afa70f57-fd32-4065-880e-6c8686899e97,West Julia,25-34,9,3,5
Mystery,Schaefer-Holmes,2019,Beat can summer.,75a81d74-90e4-4110-8370-3600c653da88,Scottside,Under 18,7,4,2
Mystery,Schaefer-Holmes,2019,Beat can summer.,b3a91da1-227e-43e5-853e-ee30a2604848,Port Monica,55+,4,5,3
Mystery,Schaefer-Holmes,2019,Beat can summer.,40db0ada-727f-44e8-9efc-4a5801b4e9bc,New Marcusland,35-44,2,3,1
Mystery,Schaefer-Holmes,2019,Beat can summer.,58330891-b43a-49b4-9f64-25af932f412b,West John,18-24,7,1,1
Mystery,Schaefer-Holmes,2019,Beat can summer.,46d36518-d2a6-46b2-b795-bba602faf5e3,South Brendafort,18-24,2,3,3
Mystery,Schaefer-Holmes,2019,Beat can summer.,c4c13cd8-f93a-46ca-b880-798a616a215e,East Victortown,45-54,10,3,2
Mystery,Arroyo Inc,2009,Her parent.,713bfc53-d803-43ea-9d10-68c6613ea819,Prattton,55+,2,3,4
Mystery,Arroyo Inc,2009,Her parent.,abb88c5f-a0c6-42ee-b6ca-bffce0594a39,Kristinview,18-24,7,1,5
Mystery,Arroyo Inc,2009,Her parent.,29db47ff-69ed-4fd8-855b-a0611f7f880b,West Jessicamouth,25-34,5,1,4
Non-Fiction,Lin-Mcbride,1973,Same employee itself.,6027ef0c-0b33-4257-af2d-b792a7392e27,West Jamesport,45-54,2,2,3
Non-Fiction,Lin-Mcbride,1973,Same employee itself.,06a9d251-d889-43d0-98b4-95e367808798,East Timothy,Under 18,7,2,1
Non-Fiction,Lin-Mcbride,1973,Same employee itself.,ea6a1bd3-ff3e-477b-91c8-49eb1dcbdbb1,North Connorport,55+,2,5,5
Non-Fiction,Lin-Mcbride,1973,Same employee itself.,e36c85b2-d0b4-4696-b14c-cb9459d6d723,Wilsonland,55+,2,1,5
Non-Fiction,Lin-Mcbride,1973,Same employee itself.,6ee50b29-a128-4451-8c34-1cf241df7b6e,East Tamara,25-34,9,3,2
Non-Fiction,Lin-Mcbride,1973,Same employee itself.,afb7c5b5-0745-45a5-8f67-db015d4f7c98,Lake Erika,45-54,10,1,3
Non-Fiction,Lin-Mcbride,1973,Same employee itself.,68918185-d879-42db-a475-a13df7e23d12,Williamsburgh,55+,7,3,2
Non-Fiction,Lin-Mcbride,1973,Same employee itself.,231cf928-0e85-4d49-9bb6-01b4d5acda41,Cheryltown,18-24,10,4,3
Non-Fiction,Lin-Mcbride,1973,Same employee itself.,7ba55e4f-090f-4416-9b27-79421d4a65d2,West Mckenzie,55+,3,4,3
Fiction,Jones Group,1958,Partner half.,9e5449d3-76a7-46f7-b73f-18c9c21605c8,South Royshire,18-24,2,5,1
Fiction,Jones Group,1958,Partner half.,96f252e8-c961-4bb0-94d2-b26f5df19d5a,Stephaniemouth,35-44,8,1,5
Science Fiction,Clark Ltd,2002,Who recognize.,2bb5681c-11bc-43fb-8826-abd274bf7f0e,Ianshire,18-24,7,5,4
Non-Fiction,Hawkins-Hanna,2020,Even mind voice majority.,bde654d8-ae4b-4fb5-a190-35244a88e3fe,West Michaelatown,Under 18,9,2,1
Fiction,"Robinson, Reynolds and Odonnell",2008,Race federal help board.,98161eb6-9917-475d-9659-28751a4439b6,Alejandrofurt,Under 18,9,2,5
Fiction,"Robinson, Reynolds and Odonnell",2008,Race federal help board.,660d91f7-9169-490f-8a2f-b24e49755e81,Stewartfurt,55+,5,2,1
Fiction,"Robinson, Reynolds and Odonnell",2008,Race federal help board.,412707bb-7996-472a-9ae5-3452511a9182,North Jason,35-44,2,3,4
Fiction,"Robinson, Reynolds and Odonnell",2008,Race federal help board.,78b910a9-e566-47f7-b3d9-76908fc9a9b4,North Justinville,Under 18,6,1,4
Fiction,"Robinson, Reynolds and Odonnell",2008,Race federal help board.,c8c4b458-0aa2-4ad8-9b85-01099cd74629,South Natalieton,25-34,5,2,4
Fiction,"Robinson, Reynolds and Odonnell",2008,Race federal help board.,2459baad-afd0-4232-b4c4-220dd8e7a523,Shahmouth,45-54,9,5,3
Fiction,"Robinson, Reynolds and Odonnell",2008,Race federal help board.,5412a679-5db3-49f3-94bb-8807150f99b0,Lake Scottland,35-44,6,1,1
Fiction,"Robinson, Reynolds and Odonnell",2008,Race federal help board.,9eb38f86-6ee5-482f-900c-87363939b88a,Lake Robertfurt,Under 18,7,2,1
Fiction,"Robinson, Reynolds and Odonnell",2008,Race federal help board.,cd10d701-d8c2-41f1-ba3a-a5a0ca961086,Hernandezfort,Under 18,10,5,5
Fiction,Good and Sons,1957,Big tell.,77157601-ef8c-4769-8dec-bf06aa8b8d14,Mcdonaldview,45-54,5,2,1
Fiction,Good and Sons,1957,Big tell.,50dd112e-463a-4b80-bd8e-2fa20a1b6fa5,Adamstad,18-24,9,4,3
Fiction,Good and Sons,1957,Big tell.,e820d994-5304-4f55-9551-287f56837d04,Lake Thomas,45-54,8,5,4
Fiction,Good and Sons,1957,Big tell.,11f561fc-3347-4255-9637-546f7e71cafa,Ericberg,55+,10,3,4
Fiction,Good and Sons,1957,Big tell.,c52354ef-0e57-41a6-b51b-09c9ba6b6d4a,Samanthamouth,55+,4,1,1
Fiction,Good and Sons,1957,Big tell.,9e5dba43-52c2-4e34-aec5-5cc77cc38ace,Dawnville,Under 18,6,5,4
Fiction,Good and Sons,1957,Big tell.,68f21b0f-1034-4ae0-b2f9-8354b40f876c,Lake Carl,55+,8,1,5
Fiction,Good and Sons,1957,Big tell.,3deee5e7-3830-4461-b775-a2cf119f9cb1,Deborahshire,45-54,10,1,4
Fiction,Good and Sons,1957,Big tell.,dc80998b-1695-4028-970f-945df3ce9eb0,Palmerfurt,55+,5,2,2
Non-Fiction,Lewis Group,1950,Life fact.,6d543ef4-2d40-4133-ba33-50995ddfc903,Lake Max,25-34,9,3,3
Non-Fiction,Lewis Group,1950,Life fact.,70af09e1-a7e7-4d6c-9a4b-d4b7c5df09e2,Lake Jessicashire,18-24,6,4,3
Non-Fiction,Lewis Group,1950,Life fact.,74c911b1-d701-4fd9-ae96-0a0ef15ef3d5,South Christopherland,45-54,4,1,5
Non-Fiction,Lewis Group,1950,Life fact.,32ad836d-b54d-4126-9888-8fbc90e20ed4,South Alanmouth,45-54,10,5,4
Non-Fiction,Lewis Group,1950,Life fact.,e0a9b94e-8a22-43fa-b760-5e46ff292e07,New Alejandrotown,55+,2,3,3
Non-Fiction,Lewis Group,1950,Life fact.,2b2827e3-8a2c-4c55-ae0a-93d429b99179,East Melissa,35-44,5,2,5
Non-Fiction,Lewis Group,1950,Life fact.,3dc62bfe-3f74-4885-8a4a-8e8c42389210,North Heather,55+,5,1,4
Non-Fiction,Lewis Group,1950,Life fact.,14771611-13bf-4ee5-9467-71864376d9c0,Ryanmouth,45-54,3,5,3
Non-Fiction,"Robinson, Miller and Oliver",2022,Ok very house.,ef196c5e-03cc-4d27-a74c-b99b4fa959c1,Weaverport,55+,6,4,2
Fantasy,Cain-Hensley,1970,Language become degree.,e44dcf29-e64c-4643-8e47-a2316c04bcdd,Port Michaelview,Under 18,10,2,2
Fantasy,Cain-Hensley,1970,Language become degree.,af9e0d70-b212-4537-9477-c17242bff524,Johnsonstad,55+,3,1,1
Fantasy,Cain-Hensley,1970,Language become degree.,8331c032-9dbe-405f-ad64-bd045aa8789b,Jordanberg,18-24,5,5,2
Fantasy,Cain-Hensley,1970,Language become degree.,be496cdc-4e8d-44b2-a690-4a00c228c2ca,West Christopher,25-34,1,5,1
Fantasy,Cain-Hensley,1970,Language become degree.,d79f244a-6eb4-42ce-9fe1-bbcaa282e5d9,South Ann,35-44,2,1,1
Fantasy,Cain-Hensley,1970,Language become degree.,9225d00d-e678-4e06-9e0c-12fbdf250077,Kiddton,55+,8,3,4
Fantasy,Cain-Hensley,1970,Language become degree.,db68ab07-9f68-4edd-8294-f1c5779e93c7,East Susan,25-34,4,1,5
Mystery,Ramos Inc,1978,Everybody final there.,d134e612-c34a-4e3b-a476-99dfb4a0f1da,New Donaldchester,45-54,8,5,2
Mystery,Ramos Inc,1978,Everybody final there.,2202f7dc-3221-4039-983b-a7bea34b0f31,South Brandonfurt,55+,1,2,1
Mystery,Ramos Inc,1978,Everybody final there.,70651090-2c10-4961-93ce-34c271c90aee,Christineview,18-24,10,5,2
Mystery,Ramos Inc,1978,Everybody final there.,b0bcd7c5-4057-4dbf-aa74-fb9418bb8609,Angelafort,35-44,6,3,4
Mystery,Ramos Inc,1978,Everybody final there.,7f149d5e-e988-4f30-8315-b753bf36b95f,Prattberg,25-34,7,2,5
Mystery,Ramos Inc,1978,Everybody final there.,30129856-b6ef-4cae-a382-d132df798128,Evelyntown,55+,1,5,2
Mystery,Ramos Inc,1978,Everybody final there.,0a2c5b9d-c500-41d7-8c04-5be323db870d,Wrightport,18-24,9,1,5
Mystery,Ramos Inc,1978,Everybody final there.,68d075f2-57be-4bb5-b752-8efc30c19ffc,North Jennifer,45-54,7,4,3
Mystery,Ramos Inc,1978,Everybody final there.,8f91ecf0-a607-42a9-bc1a-40c03da8cb41,Ryanshire,25-34,2,4,4
Mystery,Ramos Inc,1978,Everybody final there.,406502fd-8021-485d-ab08-87a0cd734448,Lake Jean,18-24,6,2,4
Mystery,Perry Inc,1971,Tax time.,3e690ed3-4188-4230-b2a0-b9c757dc3edb,West Michelleport,55+,10,4,2
Fiction,"Jackson, Nelson and Manning",2015,Rule security money.,ea8d2015-c1ab-4e20-b9ff-d94443729676,Katherinefort,Under 18,6,1,1
Fiction,"Jackson, Nelson and Manning",2015,Rule security money.,bdedf3ca-236d-4a63-951c-e24f48c81a7e,East Jamieborough,25-34,4,1,3
Fiction,"Jackson, Nelson and Manning",2015,Rule security money.,5c43c440-77e6-413a-bf13-412855ca77ba,New Joel,35-44,1,3,4
Fiction,"Jackson, Nelson and Manning",2015,Rule security money.,927b6e63-790e-4606-a7c4-f972814a48b7,Port Edwardborough,25-34,5,1,3
Fiction,"Jackson, Nelson and Manning",2015,Rule security money.,3c11db2e-6c63-4ba6-a43a-35c6ae2a9b02,Port Frank,Under 18,10,1,1
Fiction,"Jackson, Nelson and Manning",2015,Rule security money.,c691f6df-135c-4533-a95f-c2c2819e6fdd,Kristihaven,Under 18,4,5,3
Fiction,"Jackson, Nelson and Manning",2015,Rule security money.,498145ed-8efe-46dc-ac9c-4b9f623a7927,West Patrick,45-54,3,3,5
Fantasy,Martinez Group,1961,Exist approach style.,15607f1b-0e91-4722-83c6-3a4c2fe922ea,Brownburgh,55+,3,5,3
Fantasy,Martinez Group,1961,Exist approach style.,d102056b-81e8-4703-8c99-fd9c57c4b289,East Michaelfort,18-24,9,3,5
Fantasy,Martinez Group,1961,Exist approach style.,c9ad1c9b-97ab-4da1-be2a-9070ce56b84b,South Ginaburgh,25-34,10,2,4
Fantasy,Martinez Group,1961,Exist approach style.,28b6d5b3-63a9-42a5-85f9-9157d664e54a,Sharonview,Under 18,1,1,2
Science Fiction,Hutchinson-Thompson,1976,Week.,5450d83e-38f1-44f3-807c-3b503396d848,Williamshaven,55+,4,5,1
Science Fiction,Hutchinson-Thompson,1976,Week.,a58225fe-554a-4e80-bcbb-3d102a02944c,Port Jaimeview,55+,7,1,5
Science Fiction,Hutchinson-Thompson,1976,Week.,c86eb379-5ee4-4b02-a059-78f6fe24f044,West Kimberly,45-54,6,4,1
Science Fiction,Hutchinson-Thompson,1976,Week.,b96a6577-b63a-40cd-bda8-016b3bb9d269,Rodneychester,55+,9,3,1
Science Fiction,Hutchinson-Thompson,1976,Week.,e302a1d0-11b2-4b54-bd4b-5897b40d64ea,West Sarah,55+,6,4,3
Science Fiction,Hutchinson-Thompson,1976,Week.,9afffbd0-6cb6-4cdd-a54a-bc16543585ca,Pamelaland,18-24,10,3,3
Science Fiction,"Ruiz, Patterson and Pope",2014,In question traditional.,9527390a-d6a3-4ef9-9f8f-fc4a33c02a64,South Donald,35-44,9,5,1
Science Fiction,"Ruiz, Patterson and Pope",2014,In question traditional.,ece8ad24-9841-465e-aa92-8c19fdbd7bc8,Port Gilberttown,18-24,2,4,5
Science Fiction,"Ruiz, Patterson and Pope",2014,In question traditional.,390303a3-56d5-4989-8d4e-ec2b24a38be4,Ericachester,35-44,7,1,2
Science Fiction,"Oneal, Patterson and Reilly",1950,Price production.,8da6c518-fe72-4628-8e60-a848d6562d53,North Cindytown,55+,10,3,3
Science Fiction,"Oneal, Patterson and Reilly",1950,Price production.,9f28c15e-89ec-4326-b0fd-7620567a99bd,New Daniel,25-34,5,2,1
Mystery,Carroll LLC,1951,Million wrong.,6365a2da-c88f-41ad-a3fc-e2119d039676,Pierceborough,45-54,5,3,2
Mystery,Carroll LLC,1951,Million wrong.,c927fccf-5e6a-4f21-8e9b-ac489359f677,Phelpsside,45-54,4,1,5
Mystery,Carroll LLC,1951,Million wrong.,fd29bda5-7446-45c8-a424-57557808dae7,Sandersport,55+,1,3,1
Mystery,Carroll LLC,1951,Million wrong.,741a53ec-1aa3-41bf-a2ff-680ed1b26aa5,South Robertton,25-34,4,1,3
Mystery,Carroll LLC,1951,Million wrong.,c292f92f-f4ca-4e4a-8a5f-79e79d502e02,Port Karenchester,18-24,6,4,5
Mystery,Carroll LLC,1951,Million wrong.,5a689493-7e87-42c0-990e-dd57237135b8,Davidport,55+,9,2,2
Mystery,Carroll LLC,1951,Million wrong.,f8677a86-40cd-4a86-8fcf-c7afb4b1295f,Wubury,18-24,1,5,3
Mystery,Carroll LLC,1951,Million wrong.,f85e9da6-59b8-4edd-a3f9-1341bd5a57f2,South Julie,45-54,10,5,1
Mystery,Brooks PLC,1969,Particular worry.,4b040950-dfe2-455e-a4f2-f8423b8b0298,South Kevin,25-34,5,5,5
Mystery,Brooks PLC,1969,Particular worry.,af390514-c053-46e0-9261-cd7973c7f8d6,Morganport,55+,2,1,5
Science Fiction,Rogers-Anderson,1983,Avoid door plan.,d1674df3-1098-4067-b8b7-cf8c664e9da3,Jasonburgh,55+,2,2,3
Science Fiction,Rogers-Anderson,1983,Avoid door plan.,feb2e989-e9cd-484f-8585-9978fe996e78,Port Joshuaton,45-54,6,1,1
Science Fiction,Rogers-Anderson,1983,Avoid door plan.,b4b89537-af24-4886-8d88-e25cbb850854,Williamsmouth,25-34,9,4,2
Science Fiction,Rogers-Anderson,1983,Avoid door plan.,7c98e741-d990-4e63-b3f6-44c1c7ceb235,South Laura,18-24,1,2,2
Fantasy,"Morris, Becker and Young",1968,Perform nor style.,a2fe7d73-f52d-4b2c-a35b-aecc7db136f4,Harmonmouth,35-44,8,4,2
Mystery,West-Martin,1984,Population ever man.,404b28d3-8655-4f38-b74e-0cc264671987,New Anthony,25-34,2,2,4
Mystery,West-Martin,1984,Population ever man.,5b2401e9-6740-4748-8acf-3cea403e936e,Teresamouth,45-54,4,2,4
Science Fiction,Goodwin Ltd,1989,Between gas center.,7a55c407-814a-4224-9495-a812c1af8c6e,North Dana,55+,5,5,5
Science Fiction,Goodwin Ltd,1989,Between gas center.,ab512380-d064-47b8-8911-9add5ec18d48,New Robert,35-44,2,1,5
Science Fiction,Goodwin Ltd,1989,Between gas center.,7718ab9b-7572-498b-a305-859efaa64f8c,West Meghan,Under 18,9,4,2
Science Fiction,Goodwin Ltd,1989,Between gas center.,f9d70b3a-d353-4182-a5bb-50ff991e182a,Lake Bryanville,55+,7,2,3
Science Fiction,Goodwin Ltd,1989,Between gas center.,63bed82b-3f04-42c9-b199-c96426232c83,South Jennifershire,18-24,7,3,1
Non-Fiction,Gonzalez-Harrell,1990,Everything team benefit.,f1fa546b-ad3b-476e-a13c-b8fd7fbb1a94,Jonathanshire,35-44,8,1,1
Non-Fiction,Gonzalez-Harrell,1990,Everything team benefit.,916a187d-eb34-44bd-956a-e9a960e4f54a,Kimberlyton,Under 18,10,4,5
Non-Fiction,"Wright, Bryant and Watson",1981,Organization involve.,754dcee8-35d2-4bb0-8fe8-51ef0ef2fba5,South Alvin,35-44,4,4,2
Non-Fiction,"Wright, Bryant and Watson",1981,Organization involve.,9b39ec3b-e527-4562-82fb-006cb4941cef,East Sean,55+,9,1,5
Non-Fiction,"Wright, Bryant and Watson",1981,Organization involve.,04c48097-1ac5-4f7d-8f7e-93721ac97173,Morriston,25-34,4,1,3
Non-Fiction,"Wright, Bryant and Watson",1981,Organization involve.,36ec389c-859e-4947-bf6d-6249940f4f34,New Joelstad,35-44,7,1,1
Non-Fiction,"Wright, Bryant and Watson",1981,Organization involve.,ab5732ec-a6e6-4791-b5d9-df4f3e7166a1,West Kelli,25-34,4,1,1
Non-Fiction,"Wright, Bryant and Watson",1981,Organization involve.,ba8c90f9-5ea7-425a-8481-1957d076b24f,Thomaston,35-44,5,4,5
Non-Fiction,"Wright, Bryant and Watson",1981,Organization involve.,7977529f-dd0a-4922-bdfa-fc98d8443a5d,North Cynthia,Under 18,8,2,5
Mystery,Jensen Ltd,2011,World call travel.,1592a49d-2434-4ebe-b3a4-a500908f40a5,Barryfort,18-24,6,5,5
Mystery,Jensen Ltd,2011,World call travel.,ca7ff389-0beb-4970-8809-e956b04f0782,Cynthiachester,18-24,9,4,5
Mystery,Jensen Ltd,2011,World call travel.,78b93a41-33c4-4a57-9c13-db61a98b02b1,Fieldsland,25-34,7,3,5
Mystery,Jensen Ltd,2011,World call travel.,7b1e76a5-b4a7-49c3-900f-9891a8289af1,Manningside,18-24,8,2,3
Mystery,Jensen Ltd,2011,World call travel.,a414f410-9c86-451a-a13f-4d4352b3fe5f,Julieburgh,55+,4,5,1
Mystery,Jensen Ltd,2011,World call travel.,0e33b145-4342-49ef-a618-afd6b6a60862,North Ericaton,35-44,5,5,1
Non-Fiction,Johnson-Wong,1991,Offer according worry.,f369d9b2-0c1e-4195-b9a2-888a39a620e7,Meganchester,Under 18,8,3,2
Non-Fiction,Johnson-Wong,1991,Offer according worry.,52d1a766-8826-4976-be98-8502e1f9cdc1,Lake Eric,45-54,7,1,1
Non-Fiction,Johnson-Wong,1991,Offer according worry.,a9af0920-4884-42ec-9ec0-09de60c15420,New Brian,18-24,10,4,5
Mystery,Warren-Lee,2016,What fly catch.,8f3ab474-ea71-48bf-bc72-43fc83cf8378,Martinezside,18-24,4,1,3
Mystery,Warren-Lee,2016,What fly catch.,e9a8ae5e-8022-43a7-8aeb-e4b72dc78d15,Melissamouth,35-44,10,4,5
Mystery,Warren-Lee,2016,What fly catch.,d51bea02-835f-4977-bceb-fb9e5742b2cb,Richardfurt,18-24,1,4,3
Mystery,Warren-Lee,2016,What fly catch.,6638c4e8-023d-4569-a2da-a710e0e01372,Lake Kathleenfurt,18-24,10,2,4
Mystery,Warren-Lee,2016,What fly catch.,0c8eb7f0-3836-4699-bd76-dd4c3b47f0c6,Leonbury,25-34,2,4,1
Mystery,Warren-Lee,2016,What fly catch.,d78e978b-5fcb-4511-ab7c-6233a25e7a9e,Gonzalezberg,Under 18,8,3,2
Mystery,Warren-Lee,2016,What fly catch.,985101ae-4412-4210-b06e-4daece8a8c37,Meyermouth,35-44,8,1,5
Fiction,Gregory Inc,2021,Interesting resource record.,29cef307-dabc-45e6-b9a5-4e98e15bcad4,Lake Marchaven,55+,9,1,3
Fiction,Gregory Inc,2021,Interesting resource record.,24d69a45-84d8-4cf8-a261-d50666ec9200,Tammyborough,55+,3,5,1
Fiction,Gregory Inc,2021,Interesting resource record.,e6787706-cf3b-4a0d-b2c5-5e08dc518858,Woodschester,25-34,2,4,4
Fiction,"Long, Smith and Khan",2002,Wait tend.,11537e56-5c88-4f75-8169-d93ad4a38e87,Woodwardview,35-44,4,4,1
Fiction,"Long, Smith and Khan",2002,Wait tend.,1c35df85-7b0c-4c71-ad62-14b967ab1f53,Zacharyfurt,45-54,5,5,2
Fiction,"Long, Smith and Khan",2002,Wait tend.,3940162d-7354-43cf-81e5-3a66017143ee,West Adamton,55+,8,5,3
Fiction,"Long, Smith and Khan",2002,Wait tend.,09c85d97-8c9e-44b5-b06e-a62067eea8e8,Ronaldshire,18-24,9,3,3
Fiction,"Long, Smith and Khan",2002,Wait tend.,c1f7b38e-d50b-4454-91ce-27633bb6e04c,Vincentbury,35-44,8,4,1
Fiction,"Long, Smith and Khan",2002,Wait tend.,2e11cb3c-92dd-49fd-b662-72ca60da42be,Emilybury,35-44,1,4,2
Fiction,Hoover-Wong,1974,Find letter.,0732797c-496a-43e8-8a97-f714833933f9,Crossview,25-34,3,5,5
Fiction,Hoover-Wong,1974,Find letter.,4ebde2de-baf3-48e4-8395-14d9e91755c1,Kyleshire,55+,7,2,4
Fiction,Hoover-Wong,1974,Find letter.,e4cc3bd7-ca4f-4517-85c7-c09944171ff9,Lisaborough,35-44,4,4,3
Fiction,Hoover-Wong,1974,Find letter.,6b747379-a4ce-409e-9da8-ef549de8a051,Pereztown,18-24,4,3,1
Fiction,Hoover-Wong,1974,Find letter.,3df3eb6c-4d4d-46d2-a59b-1d0ed5288ead,North Sheritown,45-54,4,3,1
Fiction,Hoover-Wong,1974,Find letter.,9919030c-4c91-4f0c-a38e-110ec4f28f24,Lauraville,18-24,2,2,3
Fiction,Hoover-Wong,1974,Find letter.,7c645c0f-3d79-4a53-8a8a-dd11abcbd727,Santosbury,25-34,7,3,4
Fiction,Hoover-Wong,1974,Find letter.,12645c50-20ff-488a-a57f-ddc705d7bba2,South Leslie,18-24,8,2,1
Fiction,"Brandt, Edwards and Garrison",2016,Coach other.,23a3f91f-7f15-470a-bd80-c63ae1370b23,South Anthony,35-44,7,3,4
Fiction,"Brandt, Edwards and Garrison",2016,Coach other.,91204017-2930-4d9e-9401-0056473e4bf9,North Debrastad,55+,7,3,5
Fiction,"Brandt, Edwards and Garrison",2016,Coach other.,5c59d079-a49e-4b28-a7f2-75b1a5de7228,North Jeffrey,45-54,9,3,5
Fiction,"Brandt, Edwards and Garrison",2016,Coach other.,0afab574-14c5-47cb-9bd0-d7095f7723d8,Lake Joshua,25-34,1,1,5
Fiction,"Brandt, Edwards and Garrison",2016,Coach other.,b7a01597-d0b3-4cf4-83a9-56714b413668,Gordonchester,55+,2,5,5
Fiction,"Brandt, Edwards and Garrison",2016,Coach other.,0a3d5cde-f80c-4058-a15b-a8480d39bcd4,Deannafort,18-24,9,5,4
Fiction,"Brandt, Edwards and Garrison",2016,Coach other.,4123c1d9-364e-4594-9966-4cb8803f49ce,South Melaniechester,18-24,8,2,1
Fiction,"Brandt, Edwards and Garrison",2016,Coach other.,1c543598-304c-4bd7-9bc4-76f0df9ce7b0,Jamesport,Under 18,2,5,2
Fiction,"Brandt, Edwards and Garrison",2016,Coach other.,83e48455-5114-4f27-b838-d3342399f113,Strongtown,18-24,6,2,2
Fiction,"Brandt, Edwards and Garrison",2016,Coach other.,599dfb4a-d304-4960-94a8-0251912a600a,Baileystad,55+,10,5,4
Fiction,Rubio Group,1998,Teacher so ability.,534e7be0-718e-4464-8e6c-323c394e5592,Ewingville,35-44,2,1,3
Fiction,Rubio Group,1998,Teacher so ability.,46d028b2-fd41-4528-b8ad-c128c41850ae,East Walter,35-44,9,4,3
Fiction,Rubio Group,1998,Teacher so ability.,cce32486-2689-434c-9d1f-70584523ed54,South Dominique,45-54,1,2,5
Fiction,Rubio Group,1998,Teacher so ability.,6381c21f-a7fe-4202-a1ad-1fcd60d7916b,Port Jacquelineberg,Under 18,7,4,1
Fiction,Rubio Group,1998,Teacher so ability.,83b9116d-cb8b-49b6-b398-c7de91edd2fb,New Franklin,55+,10,5,2
Fiction,Rubio Group,1998,Teacher so ability.,be0e53c5-ba72-4804-bac1-c8a3a3f7740e,Philipville,45-54,1,5,4
Fiction,Rubio Group,1998,Teacher so ability.,cf1d72ac-8bd5-435e-b015-521892899bbc,East Michelle,45-54,10,1,1
Fiction,Rubio Group,1998,Teacher so ability.,a681e791-75e9-4f73-b9d6-403aff20b3b2,Howardland,Under 18,4,2,1
Science Fiction,Grant-Smith,1978,Development not.,e011b858-04f2-490e-b73d-faf7947e142b,Lake Danielburgh,45-54,1,2,4
Science Fiction,Grant-Smith,1978,Development not.,a7aa7678-3f73-4cc4-b212-9d9db6a80dd3,Andersonhaven,Under 18,6,4,5
Science Fiction,Grant-Smith,1978,Development not.,e6041979-5423-4be1-8bac-3ce2bfdad84a,Herringfurt,55+,8,1,2
Science Fiction,Grant-Smith,1978,Development not.,0490cf60-64be-4ca2-b614-28bff80877e2,Pricemouth,45-54,3,1,3
Science Fiction,Grant-Smith,1978,Development not.,f9e85324-f6c4-4b7f-8b18-955362baf9b2,Deannaland,18-24,4,3,4
Non-Fiction,Owens-Griffin,1960,Current kitchen.,1ea930f7-81d1-4c83-bef7-fa0003f9eecd,Krausemouth,55+,8,4,4
Non-Fiction,Owens-Griffin,1960,Current kitchen.,36a52a78-37ac-47a6-871c-c54d874aa72b,East Brandyhaven,35-44,5,5,5
Non-Fiction,Owens-Griffin,1960,Current kitchen.,c2cdb8b4-69ec-4578-951a-26c9ef464120,Elizabethview,45-54,1,4,4
Non-Fiction,Owens-Griffin,1960,Current kitchen.,ac759995-417e-4b84-aba7-961088fbe77a,Morrisside,55+,5,4,4
Non-Fiction,Owens-Griffin,1960,Current kitchen.,5d15bfe7-b138-4217-a971-1452cd3e4c16,Marilynton,55+,6,2,4
Non-Fiction,Owens-Griffin,1960,Current kitchen.,d459b855-c182-451c-91e1-21b825329a80,Roberthaven,55+,5,3,4
Non-Fiction,Owens-Griffin,1960,Current kitchen.,fd308f5f-1a04-4670-b10e-bc76330c3b83,Diazberg,Under 18,8,3,1
Mystery,Pope-Olson,1984,His.,43f33c0e-cd5c-4e20-bd59-2c6b68b4fed8,South Rebeccahaven,18-24,3,1,2
Science Fiction,Johnson Group,2010,Authority which piece.,5e4b1bf9-b922-4522-aa33-6a3a3ade8751,Lake Valerie,35-44,5,5,3
Science Fiction,Johnson Group,2010,Authority which piece.,ba7e0ef3-fed3-4dac-ba70-dec6449ee23b,Veronicaview,25-34,5,4,4
Science Fiction,Johnson Group,2010,Authority which piece.,0ca55991-1088-472b-96e6-113409574ead,South Joshuachester,45-54,10,4,3
Science Fiction,Johnson Group,2010,Authority which piece.,894559cd-700a-45fd-a6e6-09e86c19a3eb,Jeremymouth,25-34,2,3,2
Science Fiction,Johnson Group,2010,Authority which piece.,9759c6c1-3408-4598-9228-3110ec1d0238,Ashleytown,Under 18,2,3,5
Science Fiction,Johnson Group,2010,Authority which piece.,859984b7-00ae-49c3-8cad-8fb3f7f3266a,North Meganhaven,18-24,6,1,3
Science Fiction,Johnson Group,2010,Authority which piece.,9e3ae9a4-7176-4a0d-aa4c-bd92378f0a00,Choiborough,18-24,9,2,5
Science Fiction,Johnson Group,2010,Authority which piece.,6cdef6cb-e648-4747-82bb-0b6d02d4ecc4,North Jacob,25-34,3,5,4
Science Fiction,Johnson Group,2010,Authority which piece.,a04aa606-33be-48cb-893b-b2ac8bc67de0,Robertview,25-34,9,5,1
Science Fiction,Johnson Group,2010,Authority which piece.,fb16f675-1ddc-4282-9c86-e6f36c045285,South Ryan,45-54,4,4,3
Non-Fiction,"Campbell, Kelley and Carroll",1965,Year far player.,993534e2-0958-49d8-93ca-a19a4a985155,Kerryshire,45-54,6,4,1
Non-Fiction,"Campbell, Kelley and Carroll",1965,Year far player.,c4fffccd-5fe1-4ec1-ade1-fc825461a105,New Connie,45-54,1,2,3
Non-Fiction,"Campbell, Kelley and Carroll",1965,Year far player.,9bd6fd0d-5f6d-4349-95e0-6874ec3b5b5d,South Oscar,35-44,6,5,3
Non-Fiction,"Campbell, Kelley and Carroll",1965,Year far player.,38f90014-a681-44bf-94ee-6c2affd96290,Kellyburgh,55+,4,1,5
Non-Fiction,"Campbell, Kelley and Carroll",1965,Year far player.,817c4a0e-927e-4219-a7a8-33caa8f874e2,New Deborah,45-54,4,1,4
Non-Fiction,"Campbell, Kelley and Carroll",1965,Year far player.,0f886ecb-d9a0-40ae-b28e-8826406c644c,Robinfurt,18-24,6,4,3
Non-Fiction,"Campbell, Kelley and Carroll",1965,Year far player.,8f30c936-ee93-46c7-859a-4dfd9a93a06f,Allisonfurt,35-44,10,4,2
Non-Fiction,"Campbell, Kelley and Carroll",1965,Year far player.,d46ef270-8c5b-4d09-9826-6e56e3341545,Bennetttown,55+,5,3,1
Non-Fiction,Taylor Inc,1991,Receive view back.,99598fa3-ee57-4a07-aa6a-3f3762d7eba8,Allisonton,Under 18,9,3,1
Non-Fiction,Taylor Inc,1991,Receive view back.,984e7db9-3adf-4642-a2a4-47ce283f26cc,Moralesport,55+,5,1,5
Non-Fiction,Taylor Inc,1991,Receive view back.,278ee472-99b7-4c4a-acb3-b311c63532e8,Patriciahaven,35-44,9,1,1
Non-Fiction,Taylor Inc,1991,Receive view back.,74033ed8-a41b-47f4-a309-2a1a236d53f2,West Brian,18-24,5,4,4
Non-Fiction,Watson-Frazier,1993,Production executive major.,25a9bf8a-21c4-4bae-85fa-b7ed930069c3,Lisahaven,55+,9,2,1
Non-Fiction,Watson-Frazier,1993,Production executive major.,1d936639-3738-4a6b-8fb6-0bfd1c643cd5,West Rebeccaland,45-54,8,4,4
Non-Fiction,Watson-Frazier,1993,Production executive major.,0e8cf471-6972-4f59-93c8-283de2207143,North Michaelburgh,25-34,8,5,4
Non-Fiction,Watson-Frazier,1993,Production executive major.,c4773df1-99d2-403e-b801-7eaa27ca175f,Kellymouth,55+,1,3,1
Non-Fiction,Watson-Frazier,1993,Production executive major.,ee57fd90-b0f5-4527-a746-c46efad96eac,East Erikstad,18-24,3,1,4
Non-Fiction,Watson-Frazier,1993,Production executive major.,7956e7db-9287-42cf-9439-7f85f872dd91,Caldwellchester,55+,3,1,4
Non-Fiction,Watson-Frazier,1993,Production executive major.,4c8baa5c-da34-4b7b-bf2b-68887f2ec127,Graceville,35-44,1,5,2
Fiction,Graham Inc,1967,Half.,e7e719d9-7d78-4b0f-8be4-7682378c442f,Jacobbury,45-54,4,5,4
Non-Fiction,Moore Ltd,1972,Western decision page military.,8d82d66d-8467-4e80-bc1c-aa5f90b6323b,West Aaronland,25-34,1,3,4
Non-Fiction,Moore Ltd,1972,Western decision page military.,da1bb450-bccf-4e0d-b079-221a925abe91,West Richard,Under 18,7,4,1
Non-Fiction,Moore Ltd,1972,Western decision page military.,f8b003c4-d6ba-4eb7-93a8-e779f277ab50,North Jasonburgh,18-24,9,2,1
Non-Fiction,Moore Ltd,1972,Western decision page military.,b624178d-6955-47c9-9315-9369f2c167a9,North Davidfort,45-54,1,5,4
Fantasy,"Gonzalez, Gonzales and Baldwin",2001,Him bar.,23f44adf-2436-4577-aa69-754245d79f54,South Rebecca,55+,1,1,5
Fantasy,"Gonzalez, Gonzales and Baldwin",2001,Him bar.,f19a654e-fcd9-4628-8f3f-93409bbfb519,Bradleychester,Under 18,3,5,2
Fantasy,"Gonzalez, Gonzales and Baldwin",2001,Him bar.,3488fcfa-0ff3-4afb-a598-d19a0dd587af,Robbinsfort,55+,4,2,1
Fantasy,"Gonzalez, Gonzales and Baldwin",2001,Him bar.,5bd1f8dd-69e7-45d5-a41d-b8aabe35e43f,Port Joel,45-54,8,3,4
Fantasy,"Gonzalez, Gonzales and Baldwin",2001,Him bar.,aa458f24-6655-46fb-bb8b-be971ba9a778,Lake Sarah,55+,9,1,5
Fantasy,"Gonzalez, Gonzales and Baldwin",2001,Him bar.,2e07e451-c6d7-41ec-b6e8-bb20decd33f4,Lake Paige,55+,5,3,4
Fantasy,"Gonzalez, Gonzales and Baldwin",2001,Him bar.,071785ee-e137-421f-a276-4e8cc45b540a,Zimmermanshire,45-54,7,3,2
Science Fiction,Hall-Stanley,2003,Heart each simply.,429d7ad2-ccf6-4ac1-85f1-ecc65873046e,New Christine,18-24,10,3,2
Science Fiction,Hall-Stanley,2003,Heart each simply.,ffc7d524-a5bd-48c5-befd-b2de1568ffe0,Port Emily,35-44,4,1,5
Non-Fiction,Bowman and Sons,1950,Point take later.,2456db1a-3bbc-449a-9577-52bd0f4a5447,Kelseyhaven,25-34,7,2,1
Non-Fiction,Bowman and Sons,1950,Point take later.,573076a8-d0b4-4284-a960-344cbbe1031b,West Katherinetown,Under 18,5,5,4
Non-Fiction,Bowman and Sons,1950,Point take later.,debb505f-4c1f-4832-823f-695189426290,Pooleburgh,45-54,3,5,5
Non-Fiction,Bowman and Sons,1950,Point take later.,1254129d-ed96-4240-8ad7-79155877f336,Lake Sandra,18-24,9,5,3
Non-Fiction,Bowman and Sons,1950,Point take later.,bd211367-334d-4004-9385-7046c3e8f3d2,New Elizabethtown,55+,9,3,2
Non-Fiction,Bowman and Sons,1950,Point take later.,d3477d7b-8210-43ce-9d28-2d078e6332c4,Murphyborough,25-34,1,1,2
Non-Fiction,Bowman and Sons,1950,Point take later.,f08d4652-e949-464c-a82d-ed35031f9f31,Cindyhaven,45-54,6,5,4
Non-Fiction,Bowman and Sons,1950,Point take later.,90a2cdd8-1653-47be-8e55-c60bcb87e689,North Cathy,18-24,7,2,4
Non-Fiction,Bowman and Sons,1950,Point take later.,3f156e50-03ad-44ab-8f50-9bee470e6ce2,North Dominique,35-44,4,4,4
Non-Fiction,Bowman and Sons,1950,Point take later.,5cf07cba-433a-4e27-8486-9898239c4531,South Tricia,25-34,4,3,4
Non-Fiction,Sampson Ltd,1988,Treat father.,a23dec72-1b3a-4e1a-8bfe-fe1bccb6f273,Cainmouth,45-54,2,5,5
Non-Fiction,Sampson Ltd,1988,Treat father.,3b74ea8f-db7d-4d90-8de7-1cf67d939136,Lake David,25-34,10,3,2
Non-Fiction,Sampson Ltd,1988,Treat father.,0953c53a-7262-4330-88d4-248f056a1378,Fullershire,45-54,8,5,5
Non-Fiction,Sampson Ltd,1988,Treat father.,05f3c16c-5925-46c8-9dbc-deef404b6ef3,Weaverside,25-34,2,4,1
Non-Fiction,Sampson Ltd,1988,Treat father.,0651d3c3-aaa9-45c8-8b73-4d4a960e326c,Reginaldmouth,45-54,9,3,1
Non-Fiction,Sampson Ltd,1988,Treat father.,2ae38d4a-8c85-40cf-9530-51c2696b4902,Lake William,18-24,9,5,3
Non-Fiction,Sampson Ltd,1988,Treat father.,6a2af30c-c48f-4064-adf0-b537166472e1,North Megan,35-44,10,4,2
Non-Fiction,Sampson Ltd,1988,Treat father.,c20f8e73-aaef-4a2b-ad50-f426494fb570,Gregoryton,Under 18,7,1,2
Non-Fiction,Sampson Ltd,1988,Treat father.,5842e28b-a61d-424d-952b-64ad7f34857e,Angelicaside,35-44,4,1,5
Fiction,Jones LLC,1975,Yes east stay.,bd4b2c0f-633d-4727-bddb-9e70b8e65c0c,Robertfort,Under 18,10,3,5
Fiction,Jones LLC,1975,Yes east stay.,ee4cb612-e86f-4a17-b529-497f03de8068,New Eric,35-44,2,5,2
Fiction,Jones LLC,1975,Yes east stay.,1327d469-b0d0-44aa-bea2-5e3fa951e2d5,Priscillashire,45-54,7,5,2
Fiction,Jones LLC,1975,Yes east stay.,533cbd07-a79c-4921-b776-c9ac177490d6,Port Raymond,45-54,9,2,5
Fantasy,Taylor Ltd,2011,Condition.,c0034477-40f1-4cce-ba37-43b34a5f61f7,Lake Philipville,45-54,7,1,5
Fantasy,Taylor Ltd,2011,Condition.,8a934ce8-a5c8-4045-84ca-c8f326ab634a,Williamton,25-34,6,2,4
Fiction,"Branch, Coleman and Martinez",2023,Peace animal our.,b9a83662-e6c1-4722-90c9-2f5cfebd2db3,Stoutton,55+,10,1,3
Fiction,"Branch, Coleman and Martinez",2023,Peace animal our.,ba1ca693-e04a-40ea-8351-00467b626d5d,Rachelport,Under 18,6,1,1
Fiction,"Branch, Coleman and Martinez",2023,Peace animal our.,1416fae5-1b0d-4a97-96ad-05721b8e24e1,New Jennifer,35-44,3,2,1
Fiction,"Branch, Coleman and Martinez",2023,Peace animal our.,8564ddac-5aec-4ba8-b0c4-f0a1119061bb,Lake Jacob,45-54,5,5,5
Fiction,"Branch, Coleman and Martinez",2023,Peace animal our.,316ce5d8-1d89-4846-9ba5-ffe175510c62,Port Brittany,45-54,2,4,2
Fiction,"Branch, Coleman and Martinez",2023,Peace animal our.,1e4b200f-ca89-4747-aaa3-578fb53a827d,Josehaven,35-44,7,3,4
Fiction,Morton-Lawson,2019,Sometimes bar service.,4ea745e9-3542-4d5a-b974-2967199355af,Andrebury,Under 18,3,1,3
Fiction,Morton-Lawson,2019,Sometimes bar service.,aa0a4ff9-234e-4596-948a-5773b253c452,West Jamesstad,25-34,8,4,4
Fiction,Morton-Lawson,2019,Sometimes bar service.,e92a5253-d39a-4e45-8fec-046807305d1d,Justinville,35-44,3,4,1
Fantasy,Vega-Ross,1970,Century compare art.,8f560846-d0a1-4a1d-832f-155a484e0d60,Natashafort,55+,9,3,2
Fantasy,Vega-Ross,1970,Century compare art.,3f31448b-e641-470b-98e2-467ac831d2b7,Hannahton,35-44,9,3,5
Science Fiction,"Cruz, Fox and Johnson",2005,Decision industry television.,7b9d4de8-f19d-4786-ab5a-bbd82d1feab2,Lake Eugenestad,Under 18,10,3,3
Science Fiction,"Cruz, Fox and Johnson",2005,Decision industry television.,df7475ff-dccb-4992-b204-c901742b1613,Jacobborough,35-44,5,1,4
Science Fiction,"Cruz, Fox and Johnson",2005,Decision industry television.,29f20888-324c-45d3-b94d-a36016a334b6,Lake Elizabeth,35-44,9,1,3
Non-Fiction,Newman Inc,1973,Despite you.,95636b34-ec16-470c-a943-ffd0e68da590,Gregoryland,Under 18,7,1,2
Fiction,Davis Group,1975,Throw across.,2f36ff66-d1e1-4333-887a-15871c603d98,Port Randall,25-34,3,1,5
Fiction,Davis Group,1975,Throw across.,525a20af-a859-4e63-8ba4-014211a6cfef,South Guy,25-34,6,5,1
Fiction,Davis Group,1975,Throw across.,e61ce452-73b8-4b21-b84f-e05f95cabc28,Cooperbury,45-54,8,4,3
Fiction,Davis Group,1975,Throw across.,d6468f6a-7c59-4ae4-9af8-5a14b9d16627,West Kennethside,18-24,6,3,2
Fiction,Davis Group,1975,Throw across.,29cf479b-a206-4454-a842-1c98b79fde7a,New Tammy,45-54,8,3,2
Fiction,Davis Group,1975,Throw across.,9abf9937-6182-4784-9946-ae4a20be952f,Jonesville,55+,4,4,3
Fiction,Davis Group,1975,Throw across.,cde38425-cdcc-438a-b624-ac943b0772ed,Jessicamouth,18-24,5,5,5
Fantasy,"Hernandez, Robinson and Walker",1990,Central language indeed.,21f48968-6a0f-41bd-af58-f0d9cedc9af9,Mcdonaldview,35-44,9,3,1
Fantasy,"Hernandez, Robinson and Walker",1990,Central language indeed.,17b1da68-1fe9-4733-bcee-0cf43a667b12,New Janice,18-24,4,1,1
Fantasy,"Hernandez, Robinson and Walker",1990,Central language indeed.,8545db61-0a5e-40f1-b1a8-de0b86d18d5b,Rebeccaton,45-54,5,3,1
Fantasy,"Hernandez, Robinson and Walker",1990,Central language indeed.,a41d7ec8-34b1-4039-9eaf-a46b963e80a5,Diazfort,18-24,2,1,3
Science Fiction,"Sanchez, Welch and Santos",1970,Church hand.,4f3c5cd6-6deb-4877-a6d6-f0d170898df1,East Monica,Under 18,8,2,5
Science Fiction,Willis Inc,2013,Where ok experience.,4e9aec62-17fa-42d5-9d1c-61f78c5a54bd,South Curtiston,18-24,10,1,1
Science Fiction,Willis Inc,2013,Where ok experience.,e1ce728f-f978-4ef6-b71b-505ae885cf3c,North Markmouth,55+,4,1,2
Science Fiction,Willis Inc,2013,Where ok experience.,70ee8b1e-a03e-42f5-b941-28bd751f3298,East Stephenside,45-54,3,3,3
Science Fiction,Willis Inc,2013,Where ok experience.,2a089f6a-0f9b-4659-9eb7-662401315ebe,West Kelly,18-24,9,5,3
Science Fiction,Willis Inc,2013,Where ok experience.,cf37e9ef-74a0-4a7e-989b-e4b19f4a31b9,Lake Stephanie,Under 18,7,1,1
Mystery,Myers-Fernandez,1999,Begin tree decision.,14b64524-2f4c-40bb-9df2-b063486bb528,North Michael,45-54,8,3,4
Fantasy,"Le, Vazquez and Jordan",1987,Free base difference.,c5c6884a-8837-4c51-a698-50c7f1799483,East Sharon,18-24,4,4,2
Fantasy,"Le, Vazquez and Jordan",1987,Free base difference.,2d8f3afc-1275-4d50-84b3-0ab0f5c8e8ad,Horneburgh,25-34,2,5,1
Fantasy,"Le, Vazquez and Jordan",1987,Free base difference.,4fd7ffd1-e467-4a55-90e8-4914ea5bdd8c,Sharonside,Under 18,8,4,4
Fantasy,"Le, Vazquez and Jordan",1987,Free base difference.,e1c70d2c-04e8-41c4-839b-aa71ec859577,Newtonfort,Under 18,3,5,5
Fantasy,"Le, Vazquez and Jordan",1987,Free base difference.,d36a806c-f62c-4668-926c-66d1de2eecf3,Lake Kerri,35-44,10,2,1
Fantasy,"Le, Vazquez and Jordan",1987,Free base difference.,fe0b6c16-dd34-4044-94b4-a93ac4dda3b6,Josephtown,18-24,10,4,3
Non-Fiction,Snyder-Sanders,1985,Fight between soldier.,32ec94c2-7edb-4d15-947a-5f3d7a2e0f87,Herbertfort,45-54,7,2,1
Mystery,"Miller, Perez and Howard",2010,Bad experience mouth.,8a7cf455-d009-4a3a-b60e-406d30451935,New Loretta,Under 18,10,4,3
Mystery,"Miller, Perez and Howard",2010,Bad experience mouth.,73d7c792-8db7-4c12-81d9-a989efde4f3a,Port Jamesland,18-24,2,2,2
Mystery,"Miller, Perez and Howard",2010,Bad experience mouth.,171cec22-a984-486b-8348-39c11d4846b9,Port Dwayneport,35-44,9,1,3
Mystery,"Miller, Perez and Howard",2010,Bad experience mouth.,538550a8-b6fd-492c-a987-d24b96240381,South Annaburgh,55+,1,4,1
Mystery,"Miller, Perez and Howard",2010,Bad experience mouth.,1e816823-ab7e-4f44-b1a0-733265cfd87d,North Amanda,Under 18,1,3,3
Mystery,"Miller, Perez and Howard",2010,Bad experience mouth.,8631361e-7d1a-433e-8086-691f316c13de,Jessicabury,45-54,6,4,3
Mystery,"Miller, Perez and Howard",2010,Bad experience mouth.,85a4ab3f-c3b6-4d1c-878d-5bff10664968,West Caleb,Under 18,1,2,5
Mystery,"Miller, Perez and Howard",2010,Bad experience mouth.,b6614783-3538-4991-abc1-7bdef759a66b,Port Thomas,35-44,3,2,5
Science Fiction,Lopez-Potts,1962,State couple.,2f22e797-c445-4a60-a0b5-6c70a7ffaa3a,Mooreberg,35-44,5,5,5
Science Fiction,Lopez-Potts,1962,State couple.,4ad7ee18-dd26-4743-ba2a-d352f72fbc12,West Sandraberg,55+,6,4,3
Science Fiction,Lopez-Potts,1962,State couple.,7b977f60-4a00-4939-85af-48d8ace5a36b,Fishertown,18-24,1,4,5
Science Fiction,Lopez-Potts,1962,State couple.,c57737f1-860d-448e-add7-b1a14892d7b8,East Michael,18-24,9,1,2
Science Fiction,Lopez-Potts,1962,State couple.,39e3800a-54aa-476c-9e89-83b0df3ece8c,East Deborah,45-54,3,5,4
Science Fiction,Lopez-Potts,1962,State couple.,a1ebb26e-b637-4ce5-8068-5f8466f79893,Sandovalside,45-54,9,3,3
Science Fiction,Lopez-Potts,1962,State couple.,06ff7685-4d92-4661-bcee-07391a766db3,Kristenhaven,45-54,3,3,1
Science Fiction,Lopez-Potts,1962,State couple.,ef6203c7-62a9-412f-b525-249d2215f8a7,Moorebury,55+,7,2,5
Science Fiction,Lopez-Potts,1962,State couple.,9f599435-b615-4a3f-aab4-61b6c2b13118,Weekston,55+,4,4,5
Mystery,"Foster, Watts and Simon",2006,Side type also.,2b8984a3-fa68-40e9-a4c7-2ec4c74074c7,North Jenniferport,25-34,6,1,4
Mystery,"Foster, Watts and Simon",2006,Side type also.,0f59c74d-dbd7-4994-b55f-9769a4edd087,North Jeffery,Under 18,2,4,3
Mystery,"Foster, Watts and Simon",2006,Side type also.,a751bb7b-460a-4efd-a415-c3af3a17c3a6,East Kevinstad,25-34,9,1,4
Fiction,Donaldson-Dennis,2011,Prove service.,58e32f65-264d-402e-a571-fe75d9c331ca,Hollyton,25-34,5,1,2
Fiction,Donaldson-Dennis,2011,Prove service.,93d38857-9339-4d52-8098-d0521cfb5ae7,Lake Parkerfort,Under 18,6,4,4
Fiction,Donaldson-Dennis,2011,Prove service.,b8507413-8532-4933-aaa6-0e245f72bf7d,Burnsmouth,45-54,3,3,4
Science Fiction,"Johnson, Knight and Williams",1972,Drug factor.,8be6b4d6-4a3e-4bf1-af47-da62a5e62cf0,New Benjaminborough,35-44,3,2,3
Science Fiction,"Johnson, Knight and Williams",1972,Drug factor.,3e64b7c1-577f-4115-8723-8ea06d30cc89,West Gina,55+,9,5,4
Fantasy,Hardy-Navarro,1990,You unit stop.,8074a3c2-2ec2-461f-ab89-f79b6b52a7f9,South Franciscotown,Under 18,4,2,4
Fantasy,Hardy-Navarro,1990,You unit stop.,be36d0e4-c6f7-4822-9d5d-e0a66d86b6d3,Port Johnport,18-24,1,2,4
Fantasy,Hardy-Navarro,1990,You unit stop.,a825d61e-5096-458e-931a-0bec885cebdf,West Darrellmouth,18-24,5,1,5
Science Fiction,Watson and Sons,2019,Throw growth.,9aa4fca2-085f-4342-9903-34005d0e7768,Thomasmouth,35-44,8,5,1
Science Fiction,Watson and Sons,2019,Throw growth.,974765d6-3de2-4ae9-bdf4-a3b46771eb19,New Chad,35-44,4,2,5
Science Fiction,Watson and Sons,2019,Throw growth.,12189869-414d-428a-be77-5b1af247fb09,Butlerville,18-24,10,2,5
Mystery,Richardson Inc,1961,South seat explain.,6e4de8a6-f9f9-480a-af71-c3ace2d74e10,New Jose,18-24,8,3,1
Mystery,Richardson Inc,1961,South seat explain.,8ceb51a5-8ac3-42af-9357-291c51a94b18,South Scott,55+,9,1,4
Mystery,Richardson Inc,1961,South seat explain.,7b993810-47e4-468c-a9b6-07ac2a05fe22,Nashborough,45-54,2,5,4
Mystery,Hudson-Hill,1987,Training tree.,a1923adb-5f49-46bc-a692-441bbfc15428,South Russell,Under 18,2,5,5
Mystery,Hudson-Hill,1987,Training tree.,5e574697-10ad-4f25-a654-b715e0449fe8,Lake Steventown,55+,6,3,2
Mystery,Hudson-Hill,1987,Training tree.,bb7ddc40-2628-49cd-ac37-031c5b81a9f8,Lake Keithside,25-34,4,1,4
Mystery,Hudson-Hill,1987,Training tree.,5f8bd716-8858-4af8-bad8-4108a765e264,Port Sara,18-24,4,5,5
Mystery,Hudson-Hill,1987,Training tree.,a7db6beb-1e9a-4e82-9d87-b65501f8f5c7,Lake Lisa,45-54,4,1,1
Mystery,Hudson-Hill,1987,Training tree.,e8dc38a9-82ee-4fa0-9ae9-139000e84e87,South Feliciamouth,Under 18,8,4,5
Mystery,Hudson-Hill,1987,Training tree.,1017a92d-4404-42a2-bd63-eccb7394afc4,Judithport,18-24,10,5,2
Mystery,Hudson-Hill,1987,Training tree.,4c5377e1-daaa-4fdf-9974-aba703b0f044,North Douglas,18-24,4,4,3
Science Fiction,Harris Ltd,1990,Middle marriage.,c38de8f5-6b95-49c6-b9de-c4af6863ea83,Lake Natalie,45-54,2,2,3
Science Fiction,Harris Ltd,1990,Middle marriage.,52a6bf2d-6490-4174-95e8-1f22eea17b62,Lake Eric,Under 18,8,5,4
Science Fiction,Harris Ltd,1990,Middle marriage.,4c1b0416-6fdf-4688-8b7a-528809d97a09,Lake Wesley,35-44,2,5,3
Science Fiction,Harris Ltd,1990,Middle marriage.,e9fbf5cd-10ad-4e9e-8d0e-6b272ac6d526,Port Pamelachester,55+,3,4,2
Science Fiction,Harris Ltd,1990,Middle marriage.,fd24c04a-a41d-431b-92b7-67fb67990a75,Mayoshire,45-54,2,3,1
Science Fiction,Harris Ltd,1990,Middle marriage.,02a24d52-5f7e-4aa3-a45f-28f51fbc2447,North Staceyburgh,35-44,7,3,1
Science Fiction,Harris Ltd,1990,Middle marriage.,a599a9b1-dfbb-4fe3-9757-9aee2a342bc0,Ronaldstad,35-44,2,1,4
Science Fiction,Harris Ltd,1990,Middle marriage.,9bfa7ae1-6694-44ad-bc39-7ec64c16587b,Levineland,Under 18,10,5,5
Fiction,Richardson-Jackson,1981,Let.,14315779-e10f-4f2b-b96e-51e3c06bc64a,North Amandaborough,18-24,10,2,5
Fiction,Richardson-Jackson,1981,Let.,388622ff-e072-46e6-804e-02fe1f8dbb48,North Jeffrey,18-24,3,3,2
Fiction,Richardson-Jackson,1981,Let.,a3ed652f-c8d1-4318-88b7-3eefa3a20080,Rachelberg,18-24,7,3,4
Mystery,Wright LLC,1998,Page often.,d20471da-84bf-4dd9-b482-3da7a2873af7,Carolfort,55+,2,1,2
Mystery,Wright LLC,1998,Page often.,df41aba1-651c-426a-a177-566c1b519bb7,Ruizstad,35-44,5,2,1
Mystery,Wright LLC,1998,Page often.,92ecda90-9435-4214-acde-f5024d3fa463,Garciamouth,18-24,9,2,5
Mystery,Wright LLC,1998,Page often.,ba688779-56fd-44f0-9cd6-598ba1410570,Bullockshire,Under 18,3,4,5
Mystery,Wright LLC,1998,Page often.,64979734-7299-4add-b201-2e282c73475a,Port Andrew,25-34,8,5,3
Mystery,Wright LLC,1998,Page often.,c67cd88a-5893-4390-bb22-65d584c8d44b,Kelseyfort,25-34,8,3,5
Mystery,Wright LLC,1998,Page often.,854d38b6-16ec-4fa3-aa08-9677977f0e86,Deniseland,18-24,9,2,3
Mystery,Wright LLC,1998,Page often.,8d314376-c6ee-4c88-9512-832619e025b1,North Ericaview,35-44,2,4,4
Mystery,Wright LLC,1998,Page often.,9b31d9e8-a91f-4d05-8957-aede4abb1035,Lauraton,25-34,2,4,2
Mystery,Wright LLC,1998,Page often.,896bf0dd-042c-42ca-8e96-21f4a2530e1b,New Paul,25-34,8,2,5
Science Fiction,"Lopez, Mullen and Hansen",1966,Bill remain relationship.,73a54212-591e-40ed-88cc-08b8c09d3eba,Kevinside,35-44,5,3,2
Science Fiction,"Lopez, Mullen and Hansen",1966,Bill remain relationship.,aa82fda4-d065-4d3a-be42-1b10623c7eac,North Jenniferchester,18-24,2,1,1
Science Fiction,"Lopez, Mullen and Hansen",1966,Bill remain relationship.,7aab6970-55e9-4aea-aa12-bb8b03ab6cb0,Port Tonya,Under 18,3,4,3
Mystery,"Collier, Nunez and Schmidt",1957,Magazine admit.,b4445005-4df1-4ba9-aee5-b71045961cd0,Brentberg,55+,8,5,1
Mystery,"Collier, Nunez and Schmidt",1957,Magazine admit.,efee1282-6758-4f4d-bfc3-9a0cd7b13ff0,Brianville,45-54,3,1,3
Mystery,"Collier, Nunez and Schmidt",1957,Magazine admit.,d3d34e01-a2a4-4daf-9045-ea75ccd72eb9,Lake Erinberg,45-54,9,5,3
Mystery,"Collier, Nunez and Schmidt",1957,Magazine admit.,19efe66e-6a5a-44c3-8b61-71ac894d7048,Sandershaven,55+,8,4,1
Mystery,"Collier, Nunez and Schmidt",1957,Magazine admit.,b2a822b0-67e9-478a-919b-e628ff2f08f6,Kimberlyport,55+,9,3,5
Mystery,"Collier, Nunez and Schmidt",1957,Magazine admit.,355cdb51-7402-4c54-981e-3e1918fb80d3,Collinsland,Under 18,10,4,5
Mystery,"Collier, Nunez and Schmidt",1957,Magazine admit.,3227f8d2-9ebc-4dab-8a87-b05bf90f130f,Port Claudiaborough,55+,8,4,5
Science Fiction,Sanders-Vargas,1998,Tell science.,0c818b42-d5b8-4d4a-9d07-59617710d2da,Brownshire,45-54,3,1,4
Non-Fiction,Allen Ltd,1962,Protect change.,94143216-f137-40b2-9524-effd87be5bdb,Michelebury,55+,10,5,2
Non-Fiction,Allen Ltd,1962,Protect change.,eab9c8af-c3d1-454c-ad2e-3e8df8b7e2d7,North Kurt,35-44,8,3,3
Non-Fiction,Allen Ltd,1962,Protect change.,e571402e-a4ae-4a84-9f17-6605dd6ee58b,Davisland,55+,10,4,5
Non-Fiction,Allen Ltd,1962,Protect change.,718a2922-b4b4-4cc8-96e7-77b22658e4c4,Davidstad,55+,3,1,3
Non-Fiction,Allen Ltd,1962,Protect change.,cd62be34-6503-4b53-85f6-ebbb2b9b3aab,Ashleyland,Under 18,1,5,2
Non-Fiction,Allen Ltd,1962,Protect change.,bb4e64c9-83b6-487d-8b42-340e57e81243,Palmermouth,45-54,8,3,4
Non-Fiction,Allen Ltd,1962,Protect change.,fa100f92-a662-4e87-a7cb-b99933a34545,East Melissa,45-54,3,4,5
Non-Fiction,Allen Ltd,1962,Protect change.,4d6b72b7-11a9-42c7-892f-84726bf5d4aa,Jamesview,18-24,1,5,5
Non-Fiction,Allen Ltd,1962,Protect change.,377d149b-617d-47e0-b624-3dbcd790461f,South Jamesview,25-34,1,5,5
Non-Fiction,Allen Ltd,1962,Protect change.,ebf269a0-c7af-46f7-9dd3-9266a42bc289,Port Amber,25-34,3,1,2
Non-Fiction,Johnson-Roth,1988,When student.,f64c46a7-f80e-4b70-a374-9e007c9e621f,Port Philipchester,18-24,8,4,2
Non-Fiction,Johnson-Roth,1988,When student.,2c6ae7e5-73f2-4f8f-9a65-966ea48eb54e,Kaylaburgh,35-44,6,3,3
Non-Fiction,Johnson-Roth,1988,When student.,e653de7e-28c2-449e-9d9a-894b07aed1ec,Morrisburgh,18-24,5,2,4
Non-Fiction,Johnson-Roth,1988,When student.,6f2e05d5-65e4-4247-aa88-c840348aed74,Riverstown,18-24,8,2,3
Non-Fiction,Johnson-Roth,1988,When student.,68ed6a0a-c8eb-4d85-b6ff-b5197a1620d3,South Austin,25-34,9,5,1
Non-Fiction,Johnson-Roth,1988,When student.,5a5f6765-1ee1-4c93-a312-e82e8e7d8c25,Lake Lisa,55+,7,3,3
Non-Fiction,Johnson-Roth,1988,When student.,8bcba20e-7eb3-4e39-bdbe-8a20702ff474,Jenniferchester,18-24,3,4,3
Non-Fiction,Johnson-Roth,1988,When student.,8ddbd97c-3a9d-4411-916a-6ed08e9d359d,Cynthiaview,18-24,1,1,4
Non-Fiction,Johnson-Roth,1988,When student.,641fbba9-9512-441b-93bd-1f23befc34ad,Brianmouth,45-54,9,3,1
Fiction,Dunlap-Compton,2019,Skin anything.,ac49d51c-507b-4272-b795-723eefb97c4e,Grantview,45-54,3,4,5
Fiction,Dunlap-Compton,2019,Skin anything.,f9c973cf-fa3e-4027-aa21-5a846d99cf37,Port Justin,25-34,6,3,2
Fiction,Dunlap-Compton,2019,Skin anything.,e346c36d-ce1e-40e4-b55f-55d54f6e0b68,Jacquelinechester,18-24,1,1,3
Fiction,Dunlap-Compton,2019,Skin anything.,e87cc40a-9da3-4936-a8f1-35c865be56ea,New Danielbury,55+,1,2,4
Fiction,Dunlap-Compton,2019,Skin anything.,6e3a2131-c38a-4ad3-b5ed-5ba20279c933,Russellborough,35-44,7,2,5
Fiction,"Sanchez, Medina and Olson",1966,Population trip main.,5c60fe70-9521-4d4b-8387-be91cc293010,South Kaylafurt,55+,8,5,1
Fiction,"Sanchez, Medina and Olson",1966,Population trip main.,eaff2d94-2bc0-4748-87b5-f23b7433051b,West Yesenia,35-44,1,2,5
Fantasy,Rice-Hutchinson,1961,Represent help.,89597e94-0f66-42b5-afcd-56630e525ed7,North Sandraland,55+,6,4,2
Fantasy,Rice-Hutchinson,1961,Represent help.,d5ca5593-5163-488e-b451-2f97a23c2a4d,West Craigfort,25-34,10,4,1
Fantasy,Rice-Hutchinson,1961,Represent help.,ce9d8599-48a5-49dd-af5c-8535766d365e,Port Eric,45-54,3,4,3
Fantasy,Rice-Hutchinson,1961,Represent help.,f47e95b1-9b59-4451-9063-0148425af48e,North Terryland,35-44,10,3,2
Fantasy,Rice-Hutchinson,1961,Represent help.,85a2f6da-3eec-4d96-b02c-ed002f7b5232,Hoovershire,25-34,3,2,1
Fantasy,Rice-Hutchinson,1961,Represent help.,35136f4c-fbdc-45f3-9e7f-0b581d29bc73,Lake Pamelachester,18-24,10,4,4
Fantasy,Rice-Hutchinson,1961,Represent help.,4498b3d2-724f-41f9-b39b-90c96cfcff39,West Mandy,Under 18,3,1,1
Fantasy,Rice-Hutchinson,1961,Represent help.,80801662-55b2-43f4-9d86-35b5bf9909fc,Nicholasburgh,25-34,7,2,2
Fantasy,Rice-Hutchinson,1961,Represent help.,d71c49e7-86b4-4716-95f5-afe9e5959dc9,Port Andrew,45-54,3,5,3
Non-Fiction,Cross-Farrell,1961,Purpose trial.,63ac4daa-e380-46ce-acca-2e321c394e84,New Jody,45-54,10,3,1
Non-Fiction,Cross-Farrell,1961,Purpose trial.,23d0b51d-19c3-49ea-873c-76053d2c97e6,Crawfordstad,35-44,6,1,4
Non-Fiction,Cross-Farrell,1961,Purpose trial.,bd650e85-f45c-418d-871c-af0eeabd246e,New Wendyborough,45-54,7,3,4
Non-Fiction,Cross-Farrell,1961,Purpose trial.,36606bbb-9c34-42ba-9eed-19a1ecc59318,North Brittany,25-34,7,4,2
Non-Fiction,Cross-Farrell,1961,Purpose trial.,17245bbb-d105-4d99-9e3b-173ad195d304,North Misty,45-54,7,3,1
Non-Fiction,Cross-Farrell,1961,Purpose trial.,0c967cc0-f879-4328-9663-517b1af6f025,North Jeffreyton,Under 18,2,4,4
Mystery,Green-Sullivan,2022,Girl ask.,114b4726-579c-4c0b-8f6a-efe06099394a,Charlesland,25-34,2,5,3
Mystery,Green-Sullivan,2022,Girl ask.,0721abaf-b430-45fc-9ff0-99ff29efebd2,Tinashire,35-44,1,2,3
Non-Fiction,"Salazar, Beasley and James",1977,Nearly all certain.,634fc236-9170-4ff7-8bb7-8b5f3da11663,North Kenneth,18-24,3,3,1
Non-Fiction,"Salazar, Beasley and James",1977,Nearly all certain.,d718a3ed-453c-4c59-8ca4-54f892b51865,East Kristi,25-34,8,1,2
Non-Fiction,"Salazar, Beasley and James",1977,Nearly all certain.,bff124a1-de7d-49d3-aab4-72ea14343c32,New Abigail,55+,10,1,1
Non-Fiction,"Salazar, Beasley and James",1977,Nearly all certain.,54275e7f-418e-4b56-a64d-d0633c2440de,Mcphersonborough,25-34,10,4,5
Non-Fiction,"Salazar, Beasley and James",1977,Nearly all certain.,45b4a9ee-971f-4181-8587-7c7fab6e1843,Hollyview,55+,2,2,4
Non-Fiction,"Salazar, Beasley and James",1977,Nearly all certain.,244a8aa5-7da3-43f8-84c1-d6c2ad13c885,Port Amandamouth,18-24,1,4,3
Non-Fiction,"Salazar, Beasley and James",1977,Nearly all certain.,e9e663f0-2ab3-4214-87e7-03b1d88f3e0a,West Whitney,55+,2,3,1
Non-Fiction,"Salazar, Beasley and James",1977,Nearly all certain.,9c6855e0-6c84-40d1-9a06-ef724dbfc23d,Salinasmouth,35-44,6,2,5
Non-Fiction,"Salazar, Beasley and James",1977,Nearly all certain.,304b6566-fafa-49ff-b4b7-c6ba8db22c8c,West Erin,Under 18,9,3,5
Mystery,Herrera Inc,1962,Claim old box marriage.,2108bd5e-ab4d-4845-86ab-3b3f3447c38c,North Donaldshire,18-24,3,3,1
Mystery,Herrera Inc,1962,Claim old box marriage.,c60a7c49-fcff-4339-9cd3-0cba34b41032,Juliamouth,25-34,9,2,2
Mystery,Herrera Inc,1962,Claim old box marriage.,9ad9f605-d01c-45a6-b6a9-02278b6e5e3e,Beckyborough,35-44,9,2,2
Mystery,Herrera Inc,1962,Claim old box marriage.,6777ea3b-3e35-4727-8ab9-419ab7a55064,East Suzannestad,55+,3,3,4
Mystery,Herrera Inc,1962,Claim old box marriage.,557d036c-b96f-4b2f-be4a-b45dea25a567,Port William,35-44,1,5,2
Mystery,Herrera Inc,1962,Claim old box marriage.,0bc315e8-bff8-4693-a743-7912793a9b12,New Alexander,55+,10,4,2
Mystery,Herrera Inc,1962,Claim old box marriage.,5cd7152b-64ab-48bf-acb0-65a6b4e7dd68,Sarahville,45-54,9,1,2
Mystery,Herrera Inc,1962,Claim old box marriage.,dc443b3c-2715-4ac8-8266-d479cbe38578,Turnerstad,18-24,8,3,1
Mystery,Herrera Inc,1962,Claim old box marriage.,cc7288ec-545a-401a-baf9-838e89004fea,Vasquezborough,55+,3,5,2
Non-Fiction,Turner-Bennett,2013,For sport.,1a0ff436-c86d-4a19-8c5a-01e3852c9fae,New Michelleland,25-34,6,4,2
Non-Fiction,Turner-Bennett,2013,For sport.,4be53c05-8f5d-4f3f-adf0-45c7f8fd30e6,North Chelseyhaven,18-24,2,3,5
Non-Fiction,Turner-Bennett,2013,For sport.,13599861-faf1-4fea-ab24-4ced6c1daf77,Clarkechester,25-34,7,3,3
Science Fiction,Garcia LLC,1958,Provide.,7030a08a-b333-49a8-818d-c90edc465cf6,East Amandaborough,18-24,2,3,5
Science Fiction,Garcia LLC,1958,Provide.,3bbd8732-5de2-471b-897d-d22abd65d769,West Devinmouth,55+,10,5,2
Science Fiction,Garcia LLC,1958,Provide.,10fa306f-12c4-41e4-a1d3-a7ceeec6947d,Taylormouth,18-24,4,5,1
Non-Fiction,"Holt, Lopez and Leach",1956,Discussion thus.,e0f4baef-fd24-46e7-9b44-29679079c630,Martinezbury,25-34,3,3,1
Non-Fiction,"Holt, Lopez and Leach",1956,Discussion thus.,8766ee91-fb2c-4d85-a0e3-0ee52579ac12,Lake Sharon,25-34,1,5,4
Non-Fiction,"Holt, Lopez and Leach",1956,Discussion thus.,1d245bc6-e856-4ff7-b3d1-1f9dac060ea9,Port Kristaview,18-24,8,2,4
Non-Fiction,"Holt, Lopez and Leach",1956,Discussion thus.,579d288b-cfdb-4c74-87d2-9d6c0a7f3094,Griffithmouth,45-54,3,2,2
Non-Fiction,"Holt, Lopez and Leach",1956,Discussion thus.,456b43ff-6ba5-41cc-959d-8642d268ff49,Lisashire,Under 18,7,2,2
Non-Fiction,"Holt, Lopez and Leach",1956,Discussion thus.,196bae5a-da19-4cea-8c11-f6cdc40dc8a8,Port David,25-34,4,4,3
Science Fiction,"Gill, Smith and Saunders",1988,Start those.,c1a0925d-32b0-4d5d-85d2-57afb2d431cd,Port Melindachester,18-24,6,5,4
Science Fiction,Ramirez Inc,1953,Owner.,a0298e35-2bd3-440b-9327-2936ff460ba4,Lake Heatherburgh,55+,10,1,1
Science Fiction,Ramirez Inc,1953,Owner.,3f489259-691c-4560-b0ce-a5beb3adc081,West Michael,55+,3,2,4
Science Fiction,Ramirez Inc,1953,Owner.,f84c0a32-2752-430b-95d2-dcf2fd8092a6,Port Robinside,25-34,6,1,3
Science Fiction,Ramirez Inc,1953,Owner.,beb2e712-9259-42d3-bfd7-a4e4731b7ac8,Port Jade,18-24,1,5,3
Science Fiction,Ramirez Inc,1953,Owner.,7219a5ff-cb8f-4d18-9402-911f2a68cd9a,Wolfefort,18-24,5,1,5
Science Fiction,"Green, Alvarez and Guerra",1989,Rock southern health.,30f1e93b-e1cc-423a-b152-f38516f22c7e,West Spencerstad,35-44,6,4,3
Fiction,Roberts-Hall,2019,Close billion by.,8be88be2-ff16-4774-9f7f-0db5cc2e675c,Martinport,18-24,7,5,4
Fiction,Roberts-Hall,2019,Close billion by.,06d52dd5-f42e-479e-80bf-34beb8803c40,East Jamieview,25-34,10,2,1
Fiction,Roberts-Hall,2019,Close billion by.,60865627-0aea-444a-bb2c-a97c34627e7d,South Rachel,25-34,4,4,1
Fiction,Roberts-Hall,2019,Close billion by.,a20f0c67-335f-4a8c-9906-f670348744d8,Port Matthewport,55+,3,5,1
Fiction,Roberts-Hall,2019,Close billion by.,cb7cced4-c15a-40b7-a9ec-8bd5651bf8b7,Russellburgh,25-34,6,3,3
Fiction,Roberts-Hall,2019,Close billion by.,646e86b8-c750-437e-8662-8ed2b0e40707,Gaineshaven,45-54,1,3,1
Fiction,Roberts-Hall,2019,Close billion by.,f1a5d0f5-5b33-45b4-a144-e2e2c39e8e37,Paulstad,45-54,9,4,2
Science Fiction,"Ortiz, Lee and Wolfe",1988,Teacher these instead.,b579e425-8ad3-4b1e-b75d-2f075335d511,Lake Trevor,18-24,1,5,5
Science Fiction,"Ortiz, Lee and Wolfe",1988,Teacher these instead.,1a484fcc-ddd6-408a-b44f-7c9043a10eaf,Port Adamview,Under 18,9,2,2
Science Fiction,"Ortiz, Lee and Wolfe",1988,Teacher these instead.,813ab3ff-762a-4cd5-a36d-33fe243598a9,Port Dennis,25-34,7,3,3
Science Fiction,"Ortiz, Lee and Wolfe",1988,Teacher these instead.,a2ee96bd-d378-4154-b2e0-242bd0191de6,Smithville,45-54,2,5,3
Science Fiction,"Ortiz, Lee and Wolfe",1988,Teacher these instead.,3c83f9da-a96f-4081-b937-33cd28d8b3fd,Port Sharon,55+,9,4,4
Science Fiction,"Ortiz, Lee and Wolfe",1988,Teacher these instead.,4ca19a3a-f244-4e0e-bf97-d7d3dfcfce12,Jamieside,45-54,7,2,4
Science Fiction,"Brock, Price and Booth",2000,Table kitchen table.,87fec26e-6047-40d6-8e7b-251ddcd84461,Josephview,55+,10,3,3
Science Fiction,"Brock, Price and Booth",2000,Table kitchen table.,62271f10-8712-4a05-a802-9112227e3cf7,Elizabethside,55+,8,4,3
Science Fiction,"Brock, Price and Booth",2000,Table kitchen table.,80e8697f-3082-428b-948e-1716735aac77,East Angie,18-24,8,4,1
Science Fiction,"Brock, Price and Booth",2000,Table kitchen table.,74613ca9-65e9-4c67-920f-20bc21269fd6,New Jameston,18-24,3,5,2
Science Fiction,"Brock, Price and Booth",2000,Table kitchen table.,c563c51a-52ba-4382-ab42-6744a4f293f8,South Stevenmouth,35-44,3,5,3
Mystery,Hopkins LLC,1975,Sing big beyond store.,0c8f3bd9-fd06-4bda-a231-c997ca1a67e4,Fernandezberg,Under 18,8,5,4
Mystery,Hopkins LLC,1975,Sing big beyond store.,acf50581-d5b6-4ee3-9a82-cf2f69f02df5,Chapmanside,Under 18,1,3,1
Mystery,Hopkins LLC,1975,Sing big beyond store.,6d5210b6-03a7-4d18-9296-632ebf6a372a,West Danielshire,25-34,7,4,3
Mystery,Hopkins LLC,1975,Sing big beyond store.,6ba1e484-7240-4124-9a62-9a980c0eb4ad,Ronaldside,25-34,5,1,1
Fiction,Snyder Inc,1966,Government service.,53977f72-4dc5-472a-9b66-a1fb43ecd5bd,East Darrenbury,18-24,9,4,1
Fiction,Snyder Inc,1966,Government service.,2c16e44a-1618-4b5b-bf65-52f79dcdab10,South Dale,35-44,4,5,3
Fantasy,Cunningham Group,1987,Group back.,36eaadf6-fd8c-4ff8-8823-57c9219f6263,New Christina,35-44,2,2,2
Fantasy,Cunningham Group,1987,Group back.,40bee2d5-e2da-4938-b1d7-f1e2884f0fca,Port Douglaston,45-54,3,2,4
Fantasy,Cunningham Group,1987,Group back.,7da9c272-e2a2-49aa-b898-eeeb18568cfe,Loriton,55+,7,1,1
Fantasy,Cunningham Group,1987,Group back.,56cd5282-5038-4e66-9609-1d82e2924c2f,Lake Ericview,Under 18,4,4,2
Fantasy,Cunningham Group,1987,Group back.,f71e1e83-387e-4bc1-b2be-ff8d3c7d9a27,West Tiffanyview,55+,7,2,3
Fantasy,Cunningham Group,1987,Group back.,25237610-5b15-408a-a89f-426dfe3227cc,Andrewshire,45-54,6,3,1
Science Fiction,"Chapman, Poole and White",2020,Majority lead mission.,e648ada1-4f04-4d15-82af-5ab43222fe91,North Marioshire,Under 18,8,5,1
Science Fiction,"Chapman, Poole and White",2020,Majority lead mission.,f60f1cb2-1b4d-4f2f-ab88-2d1f08633503,North Joseph,35-44,1,5,1
Science Fiction,"Chapman, Poole and White",2020,Majority lead mission.,29371db8-c401-4fbe-8c09-629b2b9ccd5d,Watkinsburgh,45-54,5,4,5
Science Fiction,"Chapman, Poole and White",2020,Majority lead mission.,9b9f3670-d92d-4f3a-b975-ad594b062ed3,New Sharonshire,Under 18,8,1,1
Science Fiction,"Chapman, Poole and White",2020,Majority lead mission.,c904ce4e-2f1a-4d60-9a77-8fa05827b3fd,Courtneystad,Under 18,2,4,4
Science Fiction,"Chapman, Poole and White",2020,Majority lead mission.,531a368e-a7c0-40d5-999e-2cb08b2ab550,New Angel,55+,5,3,5
Mystery,Allen LLC,1951,Issue itself.,b8547aea-e909-4f74-9577-8548a2eee974,Evanschester,45-54,4,5,1
Mystery,Allen LLC,1951,Issue itself.,ae85eb7a-d060-4da4-a456-9848388eb034,Longburgh,45-54,9,5,2
Fiction,Evans-Ibarra,2021,Information human value.,1c54dbda-1a4e-4f75-8e74-0dcbecbf5f91,New William,35-44,1,5,3
Fiction,Evans-Ibarra,2021,Information human value.,8beb8b2d-097f-4de8-a10a-d82ac69867de,Brandonhaven,45-54,2,5,4
Fantasy,Cruz-Montgomery,1953,Experience too.,0c5ded08-8e8f-4936-aa58-2ddd12d349cf,North Lucas,18-24,10,1,1
Fantasy,Cruz-Montgomery,1953,Experience too.,6937d597-a962-44a3-8972-442cfb7b38cb,Maryburgh,18-24,4,5,3
Fantasy,Cruz-Montgomery,1953,Experience too.,9d81c707-a520-47c1-92dc-f58105db1019,Leeville,45-54,5,2,3
Fantasy,Cruz-Montgomery,1953,Experience too.,a4e732a3-6656-4994-a4e7-2cf5ce96ce78,New Rachaelview,Under 18,7,4,4
Fantasy,Cruz-Montgomery,1953,Experience too.,2a51fe82-fced-4602-b6d6-c896cfcc02bc,Lake Cassandra,55+,1,1,5
Fantasy,Cruz-Montgomery,1953,Experience too.,343b319e-6bef-4720-816f-6a08c63c1ae0,North Samantha,55+,5,1,4
Fantasy,Cruz-Montgomery,1953,Experience too.,4649f905-ded0-44df-8a2e-a456a6221e76,Petersonmouth,Under 18,2,4,3
Fantasy,Cruz-Montgomery,1953,Experience too.,7cf762af-4ac4-4802-90c8-52f8e1142a7e,Lake Jessicaport,Under 18,8,5,4
Fantasy,Cruz-Montgomery,1953,Experience too.,527aef70-eba3-4e87-80e6-76828fdfd931,East Susanbury,45-54,5,2,1
Mystery,"Black, Bruce and Drake",2017,Speech summer outside.,392c84f1-6712-4a3a-bfdc-48ca06bc6221,Port Philipstad,18-24,1,4,4
Mystery,"Black, Bruce and Drake",2017,Speech summer outside.,6c95aef2-407c-470d-b7a0-8183a54260c1,Port Jeremiahland,35-44,4,5,5
Fantasy,Brown PLC,2007,Four discussion.,7d83d3f3-f514-4114-9fa3-eeca47e532f0,Juanview,35-44,1,3,3
Science Fiction,Gordon PLC,1986,Speak each evening.,88bc445a-62cd-4304-8a1b-571343a93aee,East Ricky,25-34,2,5,3
Science Fiction,Gordon PLC,1986,Speak each evening.,5e9ec846-c50f-4a04-8038-f6e3c7217d3c,Churchfurt,Under 18,3,3,1
Science Fiction,Gordon PLC,1986,Speak each evening.,42177a38-b138-451d-8d34-88ace34eb2c4,Perezside,35-44,8,5,5
Science Fiction,Gordon PLC,1986,Speak each evening.,3e1e1fe7-aede-43a4-a8b0-44c8d33e9d3f,Brownmouth,18-24,5,3,3
Science Fiction,Gordon PLC,1986,Speak each evening.,8e8deedc-47b5-4d18-bb7c-0c62afbdf434,Port Michelleborough,25-34,6,3,1
Science Fiction,Griffin-Walsh,1957,Far arrive unit.,bae97f5a-37d7-4ee4-afb4-83edd08c269a,Troyton,35-44,9,5,5
Science Fiction,Griffin-Walsh,1957,Far arrive unit.,512d9a91-4861-45f1-8db2-a51f3c26fb12,Jessicashire,Under 18,4,4,2
Science Fiction,Griffin-Walsh,1957,Far arrive unit.,47aec57c-cdcb-427e-9dea-b547b33108e1,West Ericaview,45-54,8,5,4
Science Fiction,Griffin-Walsh,1957,Far arrive unit.,47768c42-5e34-49d9-b0d4-06a321bd0122,Susanmouth,Under 18,5,2,2
Science Fiction,Lewis-Moore,1999,Congress.,0cb09750-edb9-46ef-9bb8-761b8172643a,South Melinda,25-34,1,3,3
Science Fiction,Lewis-Moore,1999,Congress.,a8e4edb9-5145-4b4a-87f4-bf462d9d28da,Stevefurt,Under 18,9,2,1
Science Fiction,Lewis-Moore,1999,Congress.,9bed6626-a4c2-47dc-8a21-c65ac58178a3,New Joseph,25-34,9,4,2
Science Fiction,Lewis-Moore,1999,Congress.,cb060a66-e993-4d21-978f-c0e16532c9aa,Mccormickport,55+,2,4,2
Non-Fiction,Stone and Sons,2017,Adult address.,43b9e452-e2b9-4fff-bea1-f484caacbadc,Kimberlyshire,35-44,3,4,4
Non-Fiction,Stone and Sons,2017,Adult address.,5e1af89e-34ea-4122-bbc4-c7a7bbe51987,North Jonathan,35-44,7,4,5
Non-Fiction,Stone and Sons,2017,Adult address.,9965fcf0-f0a1-4ae8-8232-fab026c55b61,North Rodneyfort,Under 18,1,4,4
Non-Fiction,Stone and Sons,2017,Adult address.,2c8e3d0d-7fb0-4ae0-a4f4-4c2cfbf805e4,Allenport,45-54,2,5,4
Non-Fiction,Stone and Sons,2017,Adult address.,6a291ed1-d020-427b-a4a2-3bb5aa59db55,Rodriguezmouth,Under 18,8,2,1
Mystery,"Gonzalez, Martinez and Chen",1972,Herself recognize option.,5790525a-753d-4cb0-ba84-61a82d5780e9,South Nathanfort,18-24,6,2,2
Fiction,Mcdaniel PLC,1961,Smile theory.,58035f6d-ca25-4ce6-9f14-705d88a05212,Trevinoshire,55+,6,5,4
Fiction,Mcdaniel PLC,1961,Smile theory.,cc62ab02-6035-4eac-a6eb-429d2b1483f0,North Jennifertown,55+,8,5,4
Fiction,Mcdaniel PLC,1961,Smile theory.,dca070a3-604b-48b3-aa94-e68cc09bbec5,North Johnnyview,Under 18,3,5,4
Fiction,"Ramos, Murray and Wright",1973,Fight debate to.,196ed5db-b4a2-4529-987c-26ef32abb4d6,Lake Kathryn,Under 18,3,1,1
Fiction,"Ramos, Murray and Wright",1973,Fight debate to.,94841021-3ce3-48f7-81cc-e8f734dd6270,New Brandistad,55+,7,3,3
Fantasy,Wilson-Jackson,1956,Development.,29951674-6e5e-4306-aba4-14b5c23d05e9,Ramseybury,35-44,6,1,5
Fantasy,Wilson-Jackson,1956,Development.,6a0968ac-50ca-4bb3-a09d-01cb534b643e,South Brandonhaven,55+,9,1,2
Fantasy,Wilson-Jackson,1956,Development.,61fbf16c-84b8-4a28-b20c-6016e3253c96,Port Tabitha,Under 18,7,3,5
Fantasy,Wilson-Jackson,1956,Development.,d55accd5-79d7-4421-b541-017143c9eaa1,East Amyborough,55+,5,1,4
Fantasy,Wilson-Jackson,1956,Development.,242734a3-b319-4a5e-9137-a3b942f9337b,North Shawn,55+,8,4,2
Fantasy,Wilson-Jackson,1956,Development.,d1fb6c73-70c3-43c9-b910-601f6accdde6,North Traceyland,45-54,8,3,1
Fantasy,Wilson-Jackson,1956,Development.,b0719041-b254-4e82-a993-3725d5f823ba,Williamsfort,35-44,9,1,1
Fantasy,Wilson-Jackson,1956,Development.,3afdf659-6859-4262-9b2b-58d4b11648ac,New Bradton,45-54,9,5,1
Fantasy,Wilson-Jackson,1956,Development.,f17ccfaf-c07f-4c44-badf-44589b3e8579,Port Benjamin,45-54,1,3,4
Fantasy,Wilson-Jackson,1956,Development.,5ad11194-ed98-4d2c-8083-df134d9aadd0,East Pamela,45-54,4,3,1
Science Fiction,Norris Group,2012,Offer ability.,b7531940-fb00-44a2-95a7-c74bc7b5c345,Port Joshua,Under 18,7,2,3
Science Fiction,Norris Group,2012,Offer ability.,9e003aa4-0ca0-4265-bc95-676f5cf10632,East Melissatown,45-54,10,2,1
Non-Fiction,Ross and Sons,1994,Stock keep skill.,539b792d-84c2-4d80-8086-f6d6d5d98366,Jacquelinefurt,Under 18,3,2,5
Non-Fiction,Ross and Sons,1994,Stock keep skill.,a42165d8-e5fe-465e-882d-f3bb81232a19,Moniqueview,55+,6,1,4
Non-Fiction,Ross and Sons,1994,Stock keep skill.,21b3e242-ab44-4b2e-b0c2-72d58f606604,Daryltown,45-54,2,3,1
Non-Fiction,Ross and Sons,1994,Stock keep skill.,48d40f15-9815-4588-bdc5-a7d2dfc3286f,South Kaylaton,25-34,6,2,1
Non-Fiction,Ross and Sons,1994,Stock keep skill.,69a75c7a-88e0-4be3-8ce5-21c73dbaf588,Andrealand,25-34,5,3,5
Non-Fiction,Ross and Sons,1994,Stock keep skill.,c3135daa-560c-4555-b3c5-ef12a08ad44c,Port Annettehaven,35-44,10,3,2
Non-Fiction,Ross and Sons,1994,Stock keep skill.,955a4624-9f57-4d42-8f73-eb760ca17335,West Shannonport,35-44,5,4,2
Mystery,"Williams, Lee and Rodriguez",2001,Agreement near day.,a22d381a-dee5-437c-bc48-1e6a4f2797b9,Andrewfurt,Under 18,9,1,1
Mystery,"Williams, Lee and Rodriguez",2001,Agreement near day.,59c33749-c64e-47b5-bb59-5978256ef7d6,Codyborough,55+,10,3,1
Mystery,"Williams, Lee and Rodriguez",2001,Agreement near day.,7b632c3f-ebf6-436e-9120-6e8a3047cc19,Reedshire,45-54,7,3,5
Mystery,"Williams, Lee and Rodriguez",2001,Agreement near day.,cf4431cf-9623-4738-b229-78a4068d5653,North Kayla,18-24,7,3,3
Mystery,"Williams, Lee and Rodriguez",2001,Agreement near day.,9773ab01-ad8c-4328-a7e8-4266e3affb5d,North Allisonview,45-54,7,1,2
Mystery,"Williams, Lee and Rodriguez",2001,Agreement near day.,8f561da0-7e2b-4622-8072-37f03cf1bdd7,North Deborahside,45-54,7,2,5
Mystery,"Williams, Lee and Rodriguez",2001,Agreement near day.,b6632ce2-e7ac-4588-aed3-71e9e73e3a60,Emilystad,25-34,9,4,4
Mystery,"Williams, Lee and Rodriguez",2001,Agreement near day.,df4eccd3-513c-45df-a34a-65dd92c5da94,Steeleland,35-44,6,1,5
Mystery,"Bernard, Porter and Hamilton",1968,According cell surface.,3a02e064-a97e-43cb-926e-97917b12b7fa,West Trevor,18-24,3,3,2
Mystery,"Bernard, Porter and Hamilton",1968,According cell surface.,f5435f65-dbf0-416f-a9e8-2b11d31ddfd0,Port Brendafurt,45-54,5,3,4
Non-Fiction,"Monroe, Galloway and Lopez",1964,Culture already box over.,5ebd4715-4767-4bc1-80cf-8ae884d87519,Garyshire,25-34,4,3,1
Non-Fiction,"Monroe, Galloway and Lopez",1964,Culture already box over.,730a96d8-cc8f-469e-ac63-0987c1f9aa79,North Danielmouth,25-34,1,5,5
Non-Fiction,"Monroe, Galloway and Lopez",1964,Culture already box over.,c44ecdbc-a658-4452-8ee5-0f01d02cf844,North David,25-34,6,3,3
Non-Fiction,"Monroe, Galloway and Lopez",1964,Culture already box over.,64fbcfc0-8ec3-477c-9b70-9aa1d2cbb5c0,Samanthafort,Under 18,5,1,4
Non-Fiction,"Monroe, Galloway and Lopez",1964,Culture already box over.,c678b704-2042-4bc9-8ab9-45265490227d,South Patriciachester,35-44,2,5,2
Fiction,Brown PLC,1994,Herself before commercial phone.,ccfe80c5-a84b-4817-b43d-f38965304420,Danielstad,45-54,9,4,4
Fiction,Brown PLC,1994,Herself before commercial phone.,bc3e27f7-86d0-4df0-8b24-8270da0b1356,Tuckerport,35-44,5,2,5
Fiction,Brown PLC,1994,Herself before commercial phone.,7a1d0efb-a626-4a31-b2b6-894ab0525166,West Shellybury,25-34,10,3,4
Fiction,Brown PLC,1994,Herself before commercial phone.,319913cb-7d39-4114-a97b-9747ef4e9995,South Graceberg,55+,1,2,5
Fiction,Brown PLC,1994,Herself before commercial phone.,586ae3a1-cac0-4d3c-88e0-9ba6d8780470,Jamesfort,55+,6,2,2
Fiction,Brown PLC,1994,Herself before commercial phone.,13b4d28e-6648-47e3-aabf-59f83a0b8d98,West Clinton,Under 18,5,2,3
Fiction,Brown PLC,1994,Herself before commercial phone.,207ba6b5-9869-4f21-99eb-8676196886b7,Hernandezland,35-44,5,4,2
Fiction,Brown PLC,1994,Herself before commercial phone.,c1f1e245-4483-459f-852b-f625c3b06bb8,South Ronaldfort,35-44,9,3,1
Non-Fiction,"Davis, Erickson and Chavez",1975,Black watch line.,9016c381-e7e8-4e6a-9009-75939ce52727,Tanyachester,35-44,6,4,5
Non-Fiction,"Davis, Erickson and Chavez",1975,Black watch line.,3b9823f2-2112-4ba7-b87d-26dc3889f719,South Steven,35-44,2,1,3
Non-Fiction,"Davis, Erickson and Chavez",1975,Black watch line.,bdb045a0-13a2-428e-af39-a2596c4bbbce,Lake Christinahaven,55+,5,3,2
Non-Fiction,"Davis, Erickson and Chavez",1975,Black watch line.,bef75f09-7713-404e-aae1-bae684694b62,West Samanthashire,35-44,10,3,1
Non-Fiction,"Davis, Erickson and Chavez",1975,Black watch line.,4b00393d-c4dd-4d39-83f6-9ce9525001fa,Katherinechester,35-44,2,2,1
Non-Fiction,"Davis, Erickson and Chavez",1975,Black watch line.,4d18ba09-e635-40c3-8c55-312326bbb6cd,Thomasstad,35-44,4,2,1
Non-Fiction,"Davis, Erickson and Chavez",1975,Black watch line.,9c5c7f8b-8a0a-4a9e-ab99-840325bc8713,North Laurenview,45-54,1,3,5
Non-Fiction,"Davis, Erickson and Chavez",1975,Black watch line.,5074f666-ea21-43ec-a8f5-cbe6c9484608,Hamiltonmouth,18-24,2,3,3
Non-Fiction,"Davis, Erickson and Chavez",1975,Black watch line.,4711fada-6a60-4d36-8a85-e4cee4bef233,Bryceborough,55+,1,3,4
Science Fiction,Johnston-Simpson,1985,Middle report check.,fbc80785-cc07-408a-8d42-e852c6754aa0,Lindsayhaven,18-24,10,4,4
Science Fiction,Johnston-Simpson,1985,Middle report check.,ac0d7676-24f4-4b30-b42b-8bfce8977a1d,South Juanton,25-34,7,4,3
Science Fiction,Johnston-Simpson,1985,Middle report check.,d50cb471-a322-459b-805a-8209e5276f49,Brianmouth,55+,3,3,1
Science Fiction,Johnston-Simpson,1985,Middle report check.,4bbffe17-66c4-4376-ab41-93eb519e2b85,Nicholsborough,18-24,2,1,5
Science Fiction,Johnston-Simpson,1985,Middle report check.,4a65945b-5131-4461-b675-6dae897ca478,Port Sherylbury,45-54,2,4,5
Science Fiction,"Lawrence, Hogan and Gallegos",1988,Face somebody provide.,bc0ddea7-12d4-4e2e-b348-753dcb56ce9f,West Paulabury,25-34,3,3,4
Science Fiction,"Lawrence, Hogan and Gallegos",1988,Face somebody provide.,bc10b277-fe1d-4a16-a3f8-4e94208fc9f4,West Rachel,18-24,5,2,4
Science Fiction,"Lawrence, Hogan and Gallegos",1988,Face somebody provide.,9c444dd1-7f83-496e-83ab-5f55b907841d,Port Lori,45-54,4,1,5
Science Fiction,"Lawrence, Hogan and Gallegos",1988,Face somebody provide.,e8ae8485-fe88-414b-9e7d-08d88a5caf5d,Tammyhaven,18-24,6,2,2
Non-Fiction,"Leon, Hernandez and Hutchinson",2015,Organization.,e9e57c03-4e2a-4438-b741-a4cd47fbbbec,Amandaberg,45-54,10,3,5
Non-Fiction,"Leon, Hernandez and Hutchinson",2015,Organization.,77a70ae0-ee33-4858-8bda-3f823f50f2f2,Lake Kara,55+,6,2,4
Non-Fiction,"Leon, Hernandez and Hutchinson",2015,Organization.,b5a09ed8-ee51-425d-954e-3ec3954ff5e4,Dunnchester,35-44,10,4,4
Non-Fiction,"Leon, Hernandez and Hutchinson",2015,Organization.,d7445b80-fe50-4026-b660-95148657facf,Port Steven,18-24,3,4,3
Non-Fiction,"Leon, Hernandez and Hutchinson",2015,Organization.,86cf85f4-229b-4e8d-af25-82878715a912,West Josephside,55+,7,1,1
Non-Fiction,"Leon, Hernandez and Hutchinson",2015,Organization.,85d17c9a-26e4-4409-bf53-7904e98e835d,New Janet,Under 18,4,1,3
Mystery,Sandoval LLC,1965,First score.,dc1fed3f-a1d5-4ca6-a921-9a738b6805d0,Stricklandmouth,45-54,10,5,4
Mystery,Sandoval LLC,1965,First score.,4368cc60-a0e1-4fb9-be77-525cc33a88ab,Smithmouth,45-54,8,2,1
Mystery,Sandoval LLC,1965,First score.,a501d735-da91-40b8-b1b1-d52a1aa880d8,Timothyshire,55+,10,1,3
Mystery,Sandoval LLC,1965,First score.,05494c8c-3c03-4aed-a924-921ecc064330,Bryantborough,18-24,10,5,5
Mystery,Sandoval LLC,1965,First score.,38ff2807-9f86-4941-b49c-0d561e1a312a,Johnton,25-34,4,4,4
Mystery,Sandoval LLC,1965,First score.,85a62e45-0378-469b-86b3-b4fc564683fd,Lake Johntown,18-24,1,4,4
Mystery,Sandoval LLC,1965,First score.,02e7a6a3-58b8-41e5-ab04-e0ca9df42ca1,North Kenneth,Under 18,3,5,3
Mystery,Sandoval LLC,1965,First score.,5def1cba-e55b-4399-a366-a22409f423ef,North Johnny,25-34,10,5,3
Science Fiction,Smith Ltd,2002,Cell network discover.,1012fe35-c736-442f-9409-9362d6799260,Anthonyberg,55+,4,3,4
Science Fiction,Smith Ltd,2002,Cell network discover.,a5441191-8f6c-4166-8a4b-0895857b5176,East Oscarshire,18-24,6,1,2
Science Fiction,Smith Ltd,2002,Cell network discover.,a7ea3178-4ef6-447c-be8d-fc2c870998f8,West Jasontown,25-34,4,1,3
Science Fiction,Smith Ltd,2002,Cell network discover.,53a872ed-90a0-4fba-9eaa-41aaff544e28,Port Craigville,35-44,5,5,1
Science Fiction,Smith Ltd,2002,Cell network discover.,3254ada9-2a3a-426a-9ee4-fe6b043b8047,Livingstonton,45-54,9,2,4
Fiction,Webb Ltd,2023,Future course.,1249bd61-406f-4e71-8687-f91251125e28,East Jonathanchester,18-24,9,5,4
Fiction,Webb Ltd,2023,Future course.,8511b245-08a3-4cbc-ab3f-f87c045e1aac,Mindymouth,35-44,3,5,3
Fiction,Webb Ltd,2023,Future course.,7a2069d0-1071-4b2d-8b0b-cc5dd507868f,Jasonfurt,35-44,5,4,2
Fiction,Webb Ltd,2023,Future course.,83373532-2690-45f7-ad32-a70a484d699b,Ayersfort,45-54,8,3,2
Fiction,Webb Ltd,2023,Future course.,9841879e-3ae4-47c6-a02e-9bd253b3991f,Cassandrashire,18-24,8,3,4
Science Fiction,Greer-Johnson,1975,Idea real.,0970cb28-98af-40a7-8af1-0b40365f5eb4,West Tamiport,25-34,3,5,2
Science Fiction,Greer-Johnson,1975,Idea real.,faefec91-9282-4bac-bd66-447880c20e04,Jamieport,Under 18,3,1,2
Science Fiction,Greer-Johnson,1975,Idea real.,a223c85e-560e-49ab-a205-27afd1b117a9,Lake John,45-54,9,3,1
Science Fiction,Greer-Johnson,1975,Idea real.,4fbfecf6-f2e2-4af5-935b-7844d5f86b1f,North Richardview,18-24,2,1,2
Science Fiction,Greer-Johnson,1975,Idea real.,0e170e44-3dce-4859-89f4-ca26b04b57b8,South Vincenttown,35-44,5,2,2
Science Fiction,Greer-Johnson,1975,Idea real.,5591e389-c2ca-4075-943b-4f7944da3c8f,Lake James,35-44,1,5,5
Science Fiction,Greer-Johnson,1975,Idea real.,d226a7d0-f5a6-4320-bf5e-cc4ad546ef74,Nguyenfurt,45-54,1,3,5
Science Fiction,Greer-Johnson,1975,Idea real.,24b16e51-de27-43d5-8f45-55224308f952,New Tammyburgh,55+,4,3,3
Science Fiction,Greer-Johnson,1975,Idea real.,93283c22-8d5c-4563-8493-79415d3e0252,Port Timothyview,35-44,3,1,2
Science Fiction,Greer-Johnson,1975,Idea real.,0b424dd3-a20a-41d6-ad26-225663df62be,New Susan,55+,1,2,2
Science Fiction,"Thompson, Fletcher and Reynolds",1988,Possible service human.,239546b0-bb26-49c3-8e39-94db40b15a03,South Jennifer,35-44,1,5,3
Science Fiction,"Thompson, Fletcher and Reynolds",1988,Possible service human.,f7e5e0f5-f147-4987-ad69-48da123ce160,Savannahmouth,45-54,7,1,4
Science Fiction,"Thompson, Fletcher and Reynolds",1988,Possible service human.,45b07a9f-5f1e-4592-b0c5-5cc4f9a45e5c,Pamelashire,25-34,3,1,1
Science Fiction,"Thompson, Fletcher and Reynolds",1988,Possible service human.,0be553a3-e7c5-4f2c-a68b-4598f103fe23,Piercechester,55+,2,4,1
Science Fiction,"Thompson, Fletcher and Reynolds",1988,Possible service human.,3862a9c0-894b-4ce6-9c3a-e321a5f3afaa,Mathewside,35-44,2,1,5
Mystery,Watson Inc,2006,Most performance.,673776ca-4cd1-4ca9-b27c-831a924cb626,East William,35-44,9,5,4
Mystery,Watson Inc,2006,Most performance.,d0e4b3bb-853d-4b46-8aec-e385320d9749,North Sarah,18-24,5,3,1
Mystery,Watson Inc,2006,Most performance.,b8795af6-2dbd-4aea-b68c-8b8070094472,South Juliebury,45-54,7,1,4
Mystery,Watson Inc,2006,Most performance.,f82ab9f0-bdd2-4a60-8027-47c37f4eeb11,Johnburgh,18-24,9,4,4
Mystery,Watson Inc,2006,Most performance.,c7b0e547-f8b7-4abf-9bb1-64e143ceefe4,North Jennaborough,45-54,8,3,1
Mystery,Watson Inc,2006,Most performance.,1f073a12-cc5a-4e13-b282-0d2873a2fc6e,Port Michael,18-24,7,5,1
Mystery,Watson Inc,2006,Most performance.,33f26581-3bc3-4670-b8fa-8039c218a91a,Danielburgh,25-34,3,3,3
Mystery,Watson Inc,2006,Most performance.,dd22a6c1-d63f-4967-b04c-8a4c40ee9c47,Lake Jenniferburgh,Under 18,10,5,5
Non-Fiction,Boyd-Oliver,1959,Party.,9b5679e9-9a9c-419e-8282-9601fa76548c,North Michael,35-44,9,3,1
Non-Fiction,Boyd-Oliver,1959,Party.,b929af3a-d1b6-4061-bdc0-c1b1eb6ce270,Lisahaven,45-54,5,5,4
Non-Fiction,Boyd-Oliver,1959,Party.,8a2db096-5859-4510-b78e-e3f8ff748739,New Ryanchester,45-54,4,1,4
Non-Fiction,Boyd-Oliver,1959,Party.,68a7c661-f076-493a-b150-f96fac634945,Lake Carlostown,45-54,5,5,1
Non-Fiction,Boyd-Oliver,1959,Party.,3e50f731-8b0a-4423-a5c6-1134ae884004,New Kaylaville,18-24,10,2,5
Non-Fiction,Boyd-Oliver,1959,Party.,452a1181-6677-4e40-810a-53783c60a113,Rosemouth,25-34,1,5,5
Non-Fiction,Boyd-Oliver,1959,Party.,ba137e03-6961-4907-83d2-914055c7468e,Alvarezland,25-34,1,3,2
Non-Fiction,Boyd-Oliver,1959,Party.,520caa08-7427-4944-a6fd-b0c6af2d1e4d,Owenstown,25-34,9,5,3
Non-Fiction,Snyder-Jacobs,1989,Create plant personal.,3215c569-72a7-4d52-ae3e-265a466734b7,South Deannahaven,55+,9,4,4
Non-Fiction,Snyder-Jacobs,1989,Create plant personal.,e91c4111-eac1-428e-afd8-5e861145266e,West Sharon,45-54,1,1,1
Non-Fiction,Snyder-Jacobs,1989,Create plant personal.,dfa53a1f-bcd4-458c-9d6c-3f33f03ae707,Port Elizabethhaven,45-54,4,5,3
Non-Fiction,Snyder-Jacobs,1989,Create plant personal.,12bbc25b-870b-4c73-8c10-b4cdaf2d0f1e,North Roger,18-24,4,4,1
Non-Fiction,Snyder-Jacobs,1989,Create plant personal.,a1319c83-a7c2-4438-ade4-0a24d6e209ca,Longville,55+,4,1,3
Non-Fiction,Snyder-Jacobs,1989,Create plant personal.,6739e8bd-e34b-45bd-8782-5f8d5387820f,Maciasport,35-44,1,5,4
Non-Fiction,Snyder-Jacobs,1989,Create plant personal.,2c05e73b-b31f-4d10-a1a8-60d64988babf,Paulmouth,Under 18,3,5,4
Non-Fiction,Snyder-Jacobs,1989,Create plant personal.,d3409eae-cfc3-44ab-913b-a7adfc29e94d,Kingside,18-24,9,1,1
Non-Fiction,Snyder-Jacobs,1989,Create plant personal.,cc85a90e-4ffe-4cc6-a2de-b6bfc37b564a,Lake Susan,45-54,5,5,5
Non-Fiction,Snyder-Jacobs,1989,Create plant personal.,b3f4b364-8dde-4e5f-ac7a-da86d11f951b,Arnoldview,35-44,5,1,2
Science Fiction,Taylor and Sons,1963,Enough action yeah.,f3402e44-e3a5-434f-bc8d-7c7de3c30c21,New Lisaton,25-34,3,5,1
Science Fiction,Taylor and Sons,1963,Enough action yeah.,89c4821d-5a8c-4a18-801f-fc9c90921f4c,Jefferyshire,55+,5,5,3
Science Fiction,Taylor and Sons,1963,Enough action yeah.,913b4d15-8da8-4b7e-8411-12d72acd9a00,Lindaborough,25-34,6,2,4
Science Fiction,Taylor and Sons,1963,Enough action yeah.,43de3687-38e4-40e8-97ea-f676204da762,Timothyshire,45-54,10,5,2
Science Fiction,Taylor and Sons,1963,Enough action yeah.,c088ad7c-4002-4b5c-ad90-58ddeb5b98e6,Jeanside,Under 18,3,4,5
Science Fiction,Taylor and Sons,1963,Enough action yeah.,326235d1-f6fc-489a-b2b4-e4a84daa2c82,Erictown,35-44,7,3,4
Science Fiction,Taylor and Sons,1963,Enough action yeah.,862197c3-d670-4996-93d1-cff9923a56a5,South Yolanda,Under 18,10,5,3
Science Fiction,Taylor and Sons,1963,Enough action yeah.,6fe7b34a-8781-4bc6-bb68-cc21a50bf7b9,Garrettton,45-54,4,2,4
Science Fiction,Taylor and Sons,1963,Enough action yeah.,7715e78c-c0da-47ea-a609-da7b764d26ed,New Michael,55+,1,1,4
Mystery,Hartman Group,1992,Yourself body century.,af01124e-db69-4d40-a8cf-d3d50cccfedd,Garrettfort,Under 18,8,1,1
Mystery,Hartman Group,1992,Yourself body century.,ca12038d-50b0-4741-8799-3595972b6e60,Loganbury,25-34,9,3,1
Mystery,Hartman Group,1992,Yourself body century.,d2ec9659-9a2f-42cf-ac2e-cd3a03bb5866,Brandonchester,Under 18,6,4,3
Mystery,Hartman Group,1992,Yourself body century.,0bf6ca4e-ba18-4625-8974-a11939dee894,Rileyville,Under 18,7,3,2
Mystery,Hartman Group,1992,Yourself body century.,10be0cf8-6471-494c-a3ea-cf92d59165af,Williamfurt,55+,4,5,1
Mystery,Hartman Group,1992,Yourself body century.,d570c67f-7ebe-4775-891b-062445a778b6,Ryanfort,45-54,1,5,5
Mystery,Hartman Group,1992,Yourself body century.,c86da0a1-f212-4e3e-b19f-25350de1f33b,West Sandra,35-44,6,1,3
Fiction,Lopez Ltd,2002,Ground above morning.,77cdbf47-9259-43a4-815c-d659bcbc4abe,Kellytown,25-34,6,1,1
Fantasy,Neal LLC,1976,Yes cut.,bacd4581-3f9a-4f8e-9763-bca0ce80b4f9,Lake Josephton,18-24,4,3,2
Fantasy,Neal LLC,1976,Yes cut.,56a91e98-2338-483a-9ef3-c0087b6c5b59,Mejiafurt,55+,7,2,5
Fantasy,Neal LLC,1976,Yes cut.,fa75862d-93ff-4a3c-8074-0390023471a5,Nelsonville,55+,2,1,4
Fantasy,Neal LLC,1976,Yes cut.,8956e7b2-408b-4606-8749-3cb6259af326,Simonton,25-34,9,3,1
Fantasy,Neal LLC,1976,Yes cut.,e1379b5c-bfc8-4df8-b803-ad17a2a4300d,South Dustin,25-34,9,2,1
Fantasy,Neal LLC,1976,Yes cut.,7e4e800b-0675-4cb5-ae40-5fbc09a6b3ff,East Neil,55+,7,1,1
Science Fiction,"Jackson, Patton and Elliott",2012,Throughout.,48eb837a-b7da-479f-ba25-33fda3c95612,Willistown,45-54,2,2,3
Science Fiction,"Jackson, Patton and Elliott",2012,Throughout.,4feb59e3-fd9a-4d39-a1dd-84aa99539e5f,New Anthonystad,18-24,10,2,3
Fiction,"Leon, Booth and Mullen",1991,Heart probably crime.,f716fb36-f36e-4742-8132-129133535e55,Patriciaport,Under 18,4,2,1
Fantasy,Pierce and Sons,2018,Consumer build plant.,46f0b750-6034-4bb8-9cac-7006cfdb931f,Kevinton,Under 18,1,3,3
Fantasy,Pierce and Sons,2018,Consumer build plant.,05ffb231-6bc8-4c33-a588-392766745a19,New Tiffanyville,45-54,8,1,1
Fantasy,Pierce and Sons,2018,Consumer build plant.,945387ce-7cb2-479c-bc77-701116021817,North Kennethhaven,25-34,4,5,1
Fantasy,Pierce and Sons,2018,Consumer build plant.,7f62861a-3a28-43d7-bfb0-4de6d7f3b115,Dodsonburgh,Under 18,9,5,2
Fantasy,Pierce and Sons,2018,Consumer build plant.,e0db8fd3-2744-460c-8169-9483892d426b,Acostamouth,Under 18,10,4,2
Fantasy,Pierce and Sons,2018,Consumer build plant.,674158ab-49e2-4f14-929f-65ac94869f24,Weberburgh,Under 18,7,1,4
Fantasy,Pierce and Sons,2018,Consumer build plant.,7beb9d53-355d-4d42-a7c3-3a0994dca9f2,Victormouth,55+,3,3,3
Fantasy,Pierce and Sons,2018,Consumer build plant.,f121c004-af69-480d-afb9-803caa2f16bc,Hardinland,55+,7,4,3
Fantasy,Pierce and Sons,2018,Consumer build plant.,0e83f1da-3a59-453a-8bdb-adb9e641d00c,Anitahaven,45-54,9,2,2
Fantasy,Pierce and Sons,2018,Consumer build plant.,dd997e56-0911-4d1b-ba3c-137ce12001e1,Port Candace,25-34,9,5,1
Fiction,Garcia-Colon,1993,Mother score.,088c927e-aa76-4dbc-a414-9fe881b94800,Lake Kellybury,18-24,6,5,5
Fiction,Garcia-Colon,1993,Mother score.,fc01b153-1860-4986-be42-d6f7c45a671e,Derekstad,25-34,7,5,3
Science Fiction,Nichols-Davis,1962,Wide believe design.,6cfe7cb3-7830-47cd-bb21-9e3b31f04928,Fisherstad,35-44,9,1,4
Science Fiction,Nichols-Davis,1962,Wide believe design.,cdb6ee80-2074-4145-887c-608aeb0d092b,West Amanda,45-54,5,5,4
Science Fiction,Nichols-Davis,1962,Wide believe design.,ebe79aa7-54f2-4c91-a23c-b89756f03522,Amandaview,35-44,3,2,1
Science Fiction,Nichols-Davis,1962,Wide believe design.,bfe1d1d8-c3d8-496c-8f0d-3d850fe17b31,Kiaraland,55+,9,3,5
Science Fiction,Nichols-Davis,1962,Wide believe design.,52ef9186-93a9-4ec2-ac55-14c9215378b6,South Deborah,35-44,2,3,4
Science Fiction,Nichols-Davis,1962,Wide believe design.,e2f589e6-fb7d-4570-b8eb-a06de9025cb2,South Carlos,55+,6,2,5
Science Fiction,Nichols-Davis,1962,Wide believe design.,162e149c-ea95-4b18-8066-75dc94e3e963,Butlerburgh,25-34,9,2,1
Science Fiction,Nichols-Davis,1962,Wide believe design.,3a2a8433-63e2-4c8e-b348-3940c733435f,East Tiffany,55+,8,5,5
Science Fiction,Nichols-Davis,1962,Wide believe design.,a0028e5f-5582-4a93-b89b-dd40ff648395,Jacquelineburgh,45-54,7,1,2
Non-Fiction,Mccall-Anderson,1983,System among.,ba646e46-7831-4cf1-b89a-d2fe994dc4a9,East Danielbury,25-34,7,4,4
Non-Fiction,Mccall-Anderson,1983,System among.,27539a67-d13b-4b0a-a69b-7aa0bcc1c4bf,Olsonbury,55+,8,1,4
Non-Fiction,Mccall-Anderson,1983,System among.,9b0d4643-4c19-4f56-93bf-be44693c7dca,North Sherri,55+,7,1,2
Non-Fiction,Mccall-Anderson,1983,System among.,7824baca-0bc8-4b57-8804-85ad485aec0c,Allenchester,25-34,6,5,4
Non-Fiction,Mccall-Anderson,1983,System among.,c259c863-44e5-46f7-8333-ea021710362d,Kimberlybury,25-34,2,3,2
Non-Fiction,Mccall-Anderson,1983,System among.,bb9490db-0bcf-4724-a18b-b1712b32747c,Howardhaven,Under 18,6,4,2
Non-Fiction,Mccall-Anderson,1983,System among.,2df5d922-4a4f-40b8-bb18-e59e0735f0ae,New Christophermouth,35-44,4,1,1
Non-Fiction,Mccall-Anderson,1983,System among.,30bdefcb-988c-4098-a690-7ebc2616961e,Port Christopherport,Under 18,3,5,4
Non-Fiction,Mccall-Anderson,1983,System among.,186fd952-bce7-4d86-85d8-481f8ac300f6,Port Judychester,35-44,8,1,5
Non-Fiction,Mccall-Anderson,1983,System among.,60565f57-41b8-4129-b3c7-65fe8f009318,South Tyler,35-44,4,3,4
Mystery,"Solis, Hays and Roberts",1984,Star population.,2828daa7-3c6b-44d8-a374-5b88f619272f,Ramirezchester,Under 18,6,5,1
Mystery,"Solis, Hays and Roberts",1984,Star population.,ce62d1da-8a89-40a8-84db-7ee8df7572e6,North Susan,25-34,2,4,4
Mystery,"Solis, Hays and Roberts",1984,Star population.,2769ba29-ed64-417c-882b-2385c619fe5c,Lake Aaron,Under 18,2,4,5
Mystery,"Solis, Hays and Roberts",1984,Star population.,5842a60a-847c-40d7-ab8a-37a5cab161ee,South Olivia,35-44,8,2,2
Mystery,"Solis, Hays and Roberts",1984,Star population.,2ca33a3f-5345-43c3-b7a3-64a0a522d778,Reynoldsville,55+,1,1,3
Mystery,"Solis, Hays and Roberts",1984,Star population.,f0c9a0f7-9b56-47f8-847b-00e8bd5995c5,Port Thomasberg,35-44,4,4,4
Mystery,"Solis, Hays and Roberts",1984,Star population.,023a5e05-5d69-442c-9435-bd07d59f264a,Blackmouth,35-44,5,1,1
Science Fiction,"Winters, Reed and Lopez",1960,Else add.,cb2fd74f-6f56-4cf0-8365-1a117653907f,Boothtown,Under 18,1,2,3
Science Fiction,"Winters, Reed and Lopez",1960,Else add.,04769a9c-7710-49c1-a740-735d01b1c0d7,West Francesbury,18-24,7,2,4
Science Fiction,"Winters, Reed and Lopez",1960,Else add.,f2a439df-117f-4058-be0d-1988a0e94e16,West Douglas,25-34,1,2,1
Science Fiction,"Winters, Reed and Lopez",1960,Else add.,4355ad4f-d5c2-40c6-9c6d-33c5ace49e2c,West Anthony,18-24,9,5,5
Science Fiction,"Winters, Reed and Lopez",1960,Else add.,17a6181d-4bb1-4182-a1c5-e34a78742092,Seanview,35-44,1,2,1
Science Fiction,"Winters, Reed and Lopez",1960,Else add.,05881f49-7984-4ed5-83cc-8a95b1c14530,Port Eric,35-44,7,2,1
Science Fiction,"Winters, Reed and Lopez",1960,Else add.,3d28976d-94e4-41e9-94b7-c705b589aa08,Taylorville,18-24,4,4,5
Science Fiction,"Winters, Reed and Lopez",1960,Else add.,bd4f67d9-95ee-4ade-88c3-d9a3ef4cfffa,West Christinehaven,18-24,3,1,1
Science Fiction,"Winters, Reed and Lopez",1960,Else add.,aebabc1c-9c6f-453a-8419-2d2841de561a,Blanchardfort,Under 18,6,2,2
Science Fiction,"Winters, Reed and Lopez",1960,Else add.,f64eb9f6-11b9-483c-b109-285a9e5b3715,Alexanderberg,55+,8,1,3
Science Fiction,Porter-Watts,1986,Spend food from.,2b3dcd48-648d-4550-8960-2c90690963f1,North Carrie,Under 18,8,5,4
Science Fiction,Porter-Watts,1986,Spend food from.,d4480559-d321-407b-933a-bd1aadcf027c,Harrisonfurt,18-24,10,1,3
Science Fiction,Porter-Watts,1986,Spend food from.,4b58c6d9-be66-4408-a809-92e9938cbeba,Sandersmouth,55+,9,1,5
Science Fiction,Porter-Watts,1986,Spend food from.,03c575e9-7c21-40e9-be99-275b0531401c,Amyville,45-54,7,3,5
Science Fiction,Porter-Watts,1986,Spend food from.,821404f3-b549-4bcd-b5e9-f0a0a33f0a9d,Maryfort,45-54,1,4,4
Science Fiction,Contreras Ltd,2008,Under.,6e138657-4232-405e-8e4b-09e8b9711857,Port Philipstad,Under 18,6,2,3
Science Fiction,Contreras Ltd,2008,Under.,a16ab61b-4290-4a63-957a-939efc41df49,South Tamara,Under 18,2,4,5
Science Fiction,Contreras Ltd,2008,Under.,c8f147c7-d06d-4740-88af-10262230cf9d,Erinmouth,18-24,5,3,5
Science Fiction,Contreras Ltd,2008,Under.,33de5d3f-c216-4849-9858-db5b5114804c,Lake Randall,18-24,5,1,4
Mystery,"White, Garrett and Gonzales",1966,Resource pretty.,723b344a-8399-44a8-92ef-377d5226c950,Morrisonstad,35-44,8,4,4
Mystery,"White, Garrett and Gonzales",1966,Resource pretty.,a95d270e-1748-4eee-bfe0-ad8cb3680320,Port Jaredmouth,55+,6,2,1
Mystery,"White, Garrett and Gonzales",1966,Resource pretty.,5fdb516e-4da9-4701-a758-83e4000402dd,Alvareztown,Under 18,7,5,1
Mystery,"White, Garrett and Gonzales",1966,Resource pretty.,75134938-14b0-4b5f-be16-1ee3ab9e89de,Port Lisa,55+,3,2,5
Mystery,"White, Garrett and Gonzales",1966,Resource pretty.,485c115f-3a90-4e0c-8f88-669220b8a9fa,Wheelerhaven,25-34,6,3,1
Mystery,"White, Garrett and Gonzales",1966,Resource pretty.,809828b8-7d9f-455a-8359-fd5aa390f863,New Cindyfort,18-24,9,1,4
Mystery,"White, Garrett and Gonzales",1966,Resource pretty.,29029546-e825-49eb-8c4d-4ed6cec97a77,Deborahstad,Under 18,1,2,5
Mystery,Johnson-Fleming,1950,Pm senior.,48118c09-553b-4caf-bdfb-957bfc88585a,Lake Jorge,18-24,4,1,4
Mystery,Johnson-Fleming,1950,Pm senior.,96b2144f-b8e3-4f96-8966-4b45d357f0b1,Angelatown,Under 18,6,1,4
Mystery,Johnson-Fleming,1950,Pm senior.,6645c8be-ff4f-41da-a925-16f9ccb20451,East Tylershire,Under 18,7,4,5
Mystery,Johnson-Fleming,1950,Pm senior.,4923905b-0cfd-466a-8d96-9091f7da1048,New Janetborough,55+,2,4,5
Mystery,Johnson-Fleming,1950,Pm senior.,9211c0ba-b23e-4e60-aece-5983bc9c614f,Riddleville,45-54,9,5,3
Mystery,Johnson-Fleming,1950,Pm senior.,70a62048-14e0-41ce-a7ad-8ac3b81de94b,New Melvinshire,45-54,8,3,4
Mystery,Johnson-Fleming,1950,Pm senior.,b66762e8-4610-4387-8a3b-6cbabc1768b3,Lake Judith,55+,6,3,5
Science Fiction,Rodriguez-Kim,1995,Without police upon.,c3c587e9-3267-4f77-bc38-d12683676096,Russellport,18-24,1,5,5
Science Fiction,Rodriguez-Kim,1995,Without police upon.,a294ce58-3b9e-4161-bef8-91eed535ab26,North Melissa,Under 18,1,2,5
Science Fiction,Rodriguez-Kim,1995,Without police upon.,9feec0bb-577e-429e-bab4-e4e5ccb1b393,West Allison,35-44,2,2,3
Non-Fiction,Sanchez and Sons,2020,Section nearly.,6f758798-b63c-4c3f-9f44-c94fec36b184,Frankshire,18-24,9,2,1
Non-Fiction,Sanchez and Sons,2020,Section nearly.,b9e5f758-2d8b-46ca-bb56-1504a186aa96,North Rebecca,18-24,4,2,1
Non-Fiction,Sanchez and Sons,2020,Section nearly.,4abdb279-ee70-4ab3-888f-c60316ddc2cf,North Johnstad,45-54,10,2,5
Non-Fiction,Sanchez and Sons,2020,Section nearly.,e1202518-bb91-489b-a31c-66707a7a97d3,Alicialand,35-44,2,3,1
Non-Fiction,Sanchez and Sons,2020,Section nearly.,af4b786a-fd22-437f-a642-1888726b2262,Robinsonton,55+,10,2,2
Non-Fiction,Sanchez and Sons,2020,Section nearly.,97283455-0e48-4347-9388-41d90b74c2d0,East Stevenbury,18-24,8,2,1
Non-Fiction,Sanchez and Sons,2020,Section nearly.,d663ceef-66de-4107-8e54-3e04b67b41ba,Lake Paulhaven,18-24,6,5,4
Non-Fiction,Sanchez and Sons,2020,Section nearly.,3f7a6a01-fe51-4c17-8891-0306af9a52bf,Smithbury,18-24,2,5,5
Non-Fiction,Sanchez and Sons,2020,Section nearly.,d899de08-6230-4b41-a966-5114ab59508b,Morganview,25-34,1,5,1
Non-Fiction,Sanchez and Sons,2020,Section nearly.,9f2c5f9e-6ad3-4735-9f88-f0a31f86cd82,Horneview,18-24,10,2,3
Fiction,Benson-Brown,1978,Own amount I.,7a5e3c9f-28d6-4320-9780-dc32b379639a,South Samanthafort,18-24,8,2,4
Fiction,Benson-Brown,1978,Own amount I.,d192dd1d-5f51-417a-b039-7338b9cd8fe8,South Maryberg,25-34,2,3,4
Non-Fiction,Young LLC,2016,East leg sort.,a425fd41-5d60-4418-bc80-7eb0cfb8293d,Royville,35-44,8,1,1
Non-Fiction,Young LLC,2016,East leg sort.,c4fbf23f-b3c4-44de-b7d6-96748f2631af,Nicholasport,35-44,7,2,2
Non-Fiction,Young LLC,2016,East leg sort.,e8f64e9c-af16-4602-9e3f-8879f327691d,Lake Lisa,Under 18,1,4,3
Fiction,"Farley, Green and Perry",1998,Actually series medical.,e4561f4a-83bd-4142-8c58-06cfa126db0b,New Tanya,18-24,3,1,4
Science Fiction,Gaines Inc,2022,Night truth.,a7ba5f93-df53-4b78-88bd-77e0dc2fcf05,Stephensonborough,45-54,5,4,2
Science Fiction,Gaines Inc,2022,Night truth.,a3f75cad-a584-48bc-9140-4e69958a728d,Masonland,35-44,8,5,4
Science Fiction,Gaines Inc,2022,Night truth.,e0b02ad9-ddde-4b6c-b919-db9ab01c7666,Ballardborough,45-54,7,5,1
Science Fiction,Gaines Inc,2022,Night truth.,4d420cd4-7b95-41e4-af4d-2a5f49c6b4ac,Cassandrastad,25-34,1,5,5
Non-Fiction,Barnett-Rojas,2005,Than fact.,1d9325b8-d2cf-4fd2-830f-60ad1c20da4d,Rosalesland,18-24,7,5,5
Non-Fiction,Barnett-Rojas,2005,Than fact.,f599ac80-3a84-4ff2-8ce2-53ce0d9c78a8,Danielport,45-54,9,2,5
Non-Fiction,Barnett-Rojas,2005,Than fact.,188d031c-9bfd-45c4-b20c-ccb54681f3aa,Lake Destinyhaven,18-24,7,3,5
Non-Fiction,Barnett-Rojas,2005,Than fact.,851245f6-3948-4033-b9ca-34b002d01cdd,Lake Jonstad,45-54,9,4,4
Non-Fiction,Barnett-Rojas,2005,Than fact.,e6803780-2918-413b-8984-07569b88aa80,New Justin,45-54,3,2,1
Non-Fiction,Barnett-Rojas,2005,Than fact.,a7837c7f-dc16-4866-bcea-d9c9c5dde3df,Paulhaven,35-44,10,5,4
Mystery,"Jones, Green and Briggs",2023,Third.,99c55cb5-0716-4454-a47e-514dce5bb836,Hunterport,25-34,1,5,4
Mystery,"Jones, Green and Briggs",2023,Third.,dc47f0f8-0ffc-4281-b9a5-46b0a2229ce7,Mckayberg,18-24,8,4,4
Fiction,Wheeler PLC,2021,Body.,927d7aef-af39-40fb-8ddc-fb0c40ee224a,Brittneymouth,55+,8,2,5
Fiction,Wheeler PLC,2021,Body.,11eae84d-4867-47c8-af3b-41ee02d26768,New Davidfort,18-24,4,4,4
Fiction,Wheeler PLC,2021,Body.,1896b4c9-e6c9-44f5-a7a8-e19824da8701,Williamsborough,25-34,3,1,2
Fiction,Wheeler PLC,2021,Body.,89d88b31-6b2c-4a82-b653-70791fbd6a2b,Danieltown,25-34,6,2,5
Fiction,Wheeler PLC,2021,Body.,6ca05300-737a-48a7-a9d8-e954150dca7e,Walkerchester,55+,10,3,3
Fantasy,"Daniels, Higgins and Ruiz",1985,Write.,721c6eab-6b4d-4a60-9ca5-404bed8fb55c,Jameschester,35-44,1,5,1
Fantasy,"Daniels, Higgins and Ruiz",1985,Write.,a2d6d1c2-63e5-4ba6-95fd-20c8bcca0f08,Jacquelinehaven,18-24,8,5,1
Fantasy,"Daniels, Higgins and Ruiz",1985,Write.,64e92dbf-e50a-4d6d-9904-d57ecd4ee327,East Kevin,45-54,3,3,1
Fantasy,"Daniels, Higgins and Ruiz",1985,Write.,57e1071b-2564-4098-8244-c99f638a14a4,West Tracichester,18-24,3,4,1
Fantasy,Salazar-Morton,1965,Want scene store.,9515bc56-acdc-4c3c-ac4c-f9935fe2399f,Johnsonview,45-54,4,5,3
Fantasy,Salazar-Morton,1965,Want scene store.,f31be0df-803b-419b-b3f4-9eabf621c1a5,South Heather,35-44,6,5,4
Fantasy,Salazar-Morton,1965,Want scene store.,1ccffabe-f07d-4794-acc0-d12dd34818bf,Austinfurt,18-24,4,5,4
Fantasy,Salazar-Morton,1965,Want scene store.,fd0cb046-700c-403e-a065-5849a0c24185,East Jacobstad,35-44,10,4,3
Fantasy,Salazar-Morton,1965,Want scene store.,d2826e36-919e-4a1a-ac29-5483a4b5d777,Charlesland,45-54,1,4,1
Fantasy,Foley LLC,1989,Once key get.,aed137dd-2626-4fd8-8153-0a0eb40668de,North Michael,25-34,10,4,2
Non-Fiction,"Campbell, Ramos and Moore",1963,Team.,f7817836-a542-450f-8276-a6e8ac61ec61,Maryberg,35-44,9,5,5
Non-Fiction,"Campbell, Ramos and Moore",1963,Team.,50eebab9-238c-45e0-9582-e081a8e2db10,Patelfurt,35-44,3,4,2
Non-Fiction,"Campbell, Ramos and Moore",1963,Team.,2d68a709-fea3-47b9-9a1b-547c698302af,North Danaport,25-34,10,1,3
Non-Fiction,"Campbell, Ramos and Moore",1963,Team.,7a8cafbf-080e-47a7-9497-507187e85b75,New Leahbury,45-54,5,2,5
Non-Fiction,"Campbell, Ramos and Moore",1963,Team.,7134d2b4-8169-4700-8589-82f4715b1999,Steveberg,45-54,2,4,3
Fiction,"Caldwell, Lewis and Keller",2001,Should should.,814c470d-7408-4a45-984d-848cbef73f09,Scottberg,45-54,7,2,2
Fiction,"Caldwell, Lewis and Keller",2001,Should should.,453e878f-e89c-4d2c-95d2-5034498dd818,New Mark,18-24,10,2,1
Fiction,"Caldwell, Lewis and Keller",2001,Should should.,137d6962-7448-458d-8ac3-bbef4f24cd80,Comptonmouth,45-54,10,2,2
Fiction,"Caldwell, Lewis and Keller",2001,Should should.,a37e8947-82e4-4314-ac4a-758f23e1ff3d,Alicialand,55+,3,2,4
Fiction,"Caldwell, Lewis and Keller",2001,Should should.,6d3b788a-06c4-4264-ad5c-a8748b20cb9f,Smithville,25-34,7,2,1
Fiction,"Caldwell, Lewis and Keller",2001,Should should.,230f9ff6-c31f-44f7-b62d-e7e522327e49,Robertville,35-44,5,3,1
Fiction,"Caldwell, Lewis and Keller",2001,Should should.,24690c8f-da63-4f08-924e-b9b09a2832fe,Kennethside,35-44,7,1,3
Fiction,"Caldwell, Lewis and Keller",2001,Should should.,0ce945ce-df2f-41c1-9a4e-769d355ff822,New Nicholeberg,35-44,3,1,2
Fiction,"Caldwell, Lewis and Keller",2001,Should should.,b795dba9-fcd9-4d6c-ab09-02b6adf94660,Robertborough,55+,2,3,3
Fiction,"Caldwell, Lewis and Keller",2001,Should should.,a621d398-d4ac-47fe-b387-a93f171d3c74,North Amandaview,18-24,10,1,4
Non-Fiction,Reynolds Ltd,2016,Tend claim build.,4a826d53-12db-4e66-bba5-1e04edeec3e0,South Javier,35-44,9,3,1
Non-Fiction,Reynolds Ltd,2016,Tend claim build.,91e90c9f-f17f-4545-af6e-a4d2fd8329b3,Alexville,55+,6,3,4
Non-Fiction,Reynolds Ltd,2016,Tend claim build.,9cd1c15e-24b8-4fa8-aa31-fa49686c437f,Jonathanberg,35-44,8,3,1
Non-Fiction,Reynolds Ltd,2016,Tend claim build.,9ba1deff-bc5b-4609-9538-ecb597b95408,West Stephenton,18-24,5,4,2
Non-Fiction,Reynolds Ltd,2016,Tend claim build.,ea941ec6-1503-4a61-afdc-9d91a72775a6,Port Jenniferstad,45-54,6,5,3
Non-Fiction,Reynolds Ltd,2016,Tend claim build.,b6058e04-b967-4094-a600-54160315d373,South Jesseshire,25-34,5,3,3
Non-Fiction,Reynolds Ltd,2016,Tend claim build.,8d93eeae-e775-4320-9865-acb386120c93,Garzaport,25-34,9,3,4
Non-Fiction,Reynolds Ltd,2016,Tend claim build.,4338e445-8575-4a73-bfdd-a3a3fd2e3a34,North Frankberg,45-54,2,4,4
Non-Fiction,Reynolds Ltd,2016,Tend claim build.,b7004d1e-bf03-4e66-985a-512cd0d70365,Port Heather,25-34,4,1,3
Fiction,"Abbott, Jones and Simmons",2010,Interest event.,c1bfbd20-6ff5-43b0-b819-60ba74661d4a,West Mikeport,55+,8,1,2
Fiction,"Abbott, Jones and Simmons",2010,Interest event.,70e2e6e9-e44d-41ac-9028-5cde2df7ca41,West Jennifermouth,18-24,3,5,1
Fiction,"Abbott, Jones and Simmons",2010,Interest event.,88c7ba81-672f-463f-bc07-5e66b5a366f1,Weeksborough,18-24,1,4,1
Fiction,"Abbott, Jones and Simmons",2010,Interest event.,077292bb-1683-49d5-8802-ba4b16f1d32d,Kingview,35-44,8,5,4
Fiction,"Abbott, Jones and Simmons",2010,Interest event.,8136ea4b-c0e1-4b3d-8285-6e4ea225fbe5,Jamesville,35-44,10,3,4
Fiction,"Abbott, Jones and Simmons",2010,Interest event.,22c47204-1f1e-4a3f-912b-2b8f1d86b1c0,Christianborough,55+,2,5,1
Fiction,"Abbott, Jones and Simmons",2010,Interest event.,fc89f540-4a9d-4fab-ad88-e0901b6756cc,Gardnershire,45-54,10,2,2
Fiction,"Abbott, Jones and Simmons",2010,Interest event.,8ce71760-e505-42a1-8cb9-c6764ecdb8da,West Kellybury,25-34,5,3,1
Fiction,"Abbott, Jones and Simmons",2010,Interest event.,ae81e0b2-0299-431d-812d-f83431f03140,Schroederfort,45-54,3,3,4
Fiction,"Abbott, Jones and Simmons",2010,Interest event.,76c36119-37eb-4e72-8b40-3d4cb267d94d,Johnsonhaven,45-54,6,3,2
Mystery,Nelson and Sons,1990,Either difference.,c71831b5-4912-4844-9812-3f40c27c5ca3,East Eddieshire,35-44,9,4,5
Mystery,Nelson and Sons,1990,Either difference.,f80228aa-7152-4716-847f-c63442b2ff5a,Benitezton,45-54,1,2,3
Mystery,Nelson and Sons,1990,Either difference.,f3711f83-0ae7-4167-b598-f8c4118009d4,Port Christinatown,25-34,9,2,2
Science Fiction,"Dyer, Stout and Robinson",1954,Effect pretty ten.,4269988b-b14c-4ea8-b019-045b5dafc2d8,Currymouth,55+,1,2,1
Science Fiction,"Dyer, Stout and Robinson",1954,Effect pretty ten.,89bd8f6d-ed04-442f-9304-9b0289a9a82e,Mcguiremouth,35-44,4,5,5
Science Fiction,"Dyer, Stout and Robinson",1954,Effect pretty ten.,d01a9c52-2bec-4ff7-9737-2e506871fc14,Pamview,25-34,1,1,4
Science Fiction,"Dyer, Stout and Robinson",1954,Effect pretty ten.,2d6513f3-dd5b-4618-9631-21a18cf33785,Luisfort,45-54,5,1,1
Science Fiction,"Dyer, Stout and Robinson",1954,Effect pretty ten.,38f4295e-437a-4097-a44c-47e5acc17fce,Lake Theresa,18-24,8,3,1
Science Fiction,"Dyer, Stout and Robinson",1954,Effect pretty ten.,b46d5538-46ba-4b41-8bf3-ffd198e63414,North Travisview,55+,1,4,4
Science Fiction,Tran Group,1972,System Republican.,192928e8-f195-459c-80c7-e0412da7fbe6,Pamelachester,55+,6,2,5
Science Fiction,Tran Group,1972,System Republican.,f1d7025d-e8df-4fe7-80fd-54b8ebe3cd61,Lake Joshuatown,45-54,9,2,4
Science Fiction,Tran Group,1972,System Republican.,aceb71bf-c17d-4364-b9ec-84e186eda04c,New Jasonchester,Under 18,6,5,4
Science Fiction,Tran Group,1972,System Republican.,c6bcf338-d810-4acd-afe9-953aa65a1703,South Paulfort,55+,10,5,2
Science Fiction,Tran Group,1972,System Republican.,3add038f-e3fb-4f54-abbb-8954939e564e,Catherinestad,45-54,4,1,2
Non-Fiction,Marsh-Strong,1976,Letter.,fccf7c0b-8011-4aec-bd7a-60b69990568e,North Robertfort,18-24,1,1,4
Science Fiction,Haney Ltd,1961,My view seat.,93a666f1-29eb-48a3-9cfe-ef8122516e37,Port Feliciachester,55+,9,4,2
Science Fiction,Haney Ltd,1961,My view seat.,bdab635b-9a00-4161-83cd-35c0aa78fdd9,West Amanda,25-34,9,4,4
Science Fiction,Haney Ltd,1961,My view seat.,31a5932b-f5b8-41ad-907b-3095b5fb4213,East Rachelport,45-54,5,1,4
Science Fiction,Haney Ltd,1961,My view seat.,7f9d7c72-b12a-4f9f-94f5-c80cb172762f,Lifurt,45-54,6,4,5
Mystery,Terry Inc,1981,Coach suffer.,10be63d5-9172-4dd9-be8a-75876b9bebf4,South Sabrinaview,45-54,7,2,5
Mystery,Terry Inc,1981,Coach suffer.,b6b26424-eda8-41fa-b81b-c454d59107e4,West Vickiehaven,35-44,3,2,2
Mystery,Terry Inc,1981,Coach suffer.,28711e07-97de-41b1-8986-61a833ebbe96,South Emilyfort,35-44,1,5,5
Non-Fiction,"Herrera, Benson and Lawson",1993,Perform.,d5cc90f4-7812-40ea-a54c-f43baed7b06d,North Christopherfort,25-34,3,2,3
Non-Fiction,"Herrera, Benson and Lawson",1993,Perform.,51b85ee4-35bb-4612-97ec-7caaf0956697,Stephensonview,Under 18,2,1,4
Non-Fiction,"Herrera, Benson and Lawson",1993,Perform.,931d696b-4324-4335-8676-0861e8398c63,Sullivanton,25-34,6,4,2
Non-Fiction,"Herrera, Benson and Lawson",1993,Perform.,83842505-710d-4b56-b99f-3a1208e178cc,Stoneburgh,45-54,9,1,5
Non-Fiction,"Herrera, Benson and Lawson",1993,Perform.,7ca9d1a2-9d78-44af-92b6-13505c87d2ee,Port Bruce,35-44,8,2,3
Non-Fiction,"Herrera, Benson and Lawson",1993,Perform.,b59e290b-4ee9-48f1-9704-c25fcec266b1,Kennethmouth,Under 18,5,1,4
Non-Fiction,"Herrera, Benson and Lawson",1993,Perform.,4bc5d217-c9d4-4d62-b6dc-56ade5e8e694,Port Christopher,18-24,10,2,2
Non-Fiction,"Herrera, Benson and Lawson",1993,Perform.,aa5351b7-5eb1-4c02-9f45-9e956d335ed3,Kiddfurt,45-54,4,5,2
Mystery,"Smith, Hendricks and Walter",2020,At heavy.,40fa445c-57ba-479d-bbea-fc1629592179,Lake Dorothy,25-34,3,3,1
Mystery,"Smith, Hendricks and Walter",2020,At heavy.,acbaf883-0d10-442b-b71f-ff56ae92bef0,Wareport,18-24,4,5,1
Fantasy,Paul-Green,2020,Also story.,8acddf46-a1f5-4845-ba14-045c4b0e687a,West Johnport,45-54,1,4,2
Fantasy,Paul-Green,2020,Also story.,07b5924f-02ad-416a-8e64-1e94e0a7513d,Port Eric,Under 18,5,5,2
Fantasy,Paul-Green,2020,Also story.,e8b80675-5b12-4f5b-a666-c966c90c3742,Rhodeschester,18-24,9,1,5
Fantasy,Paul-Green,2020,Also story.,ad2ef4ac-80dd-4ad6-a1bd-ccaf2af498c8,West Claire,35-44,4,3,5
Fantasy,Mercado-Rodriguez,2019,Art expert.,84e33a72-f6ab-4d88-b079-14e35f690c7a,Camachoville,35-44,10,3,1
Mystery,George PLC,2011,Artist seem method.,f7a9d2d9-6382-408d-b4c8-3de8989e1899,Josephfurt,Under 18,8,1,2
Mystery,George PLC,2011,Artist seem method.,98995723-0e20-4100-a5e4-5ad9cbf4da9e,Whitemouth,45-54,2,2,4
Mystery,George PLC,2011,Artist seem method.,77b6e265-5d2a-43f4-b4e3-f349b7be92b3,New Anthony,25-34,7,5,5
Mystery,George PLC,2011,Artist seem method.,4de1e3c9-e9cd-4489-8c6c-c2f1178bc63b,North Timothyfort,45-54,7,2,3
Mystery,George PLC,2011,Artist seem method.,7ac53b9e-692a-4f2d-bbe2-7352fa891de2,Boonehaven,45-54,5,2,4
Mystery,George PLC,2011,Artist seem method.,7279bd91-cb02-4934-81f5-ff51f23798f0,East Ashleyshire,45-54,3,1,2
Mystery,George PLC,2011,Artist seem method.,4986770a-dc9a-4445-bf24-96f8946df3d6,Lake Pedro,35-44,7,1,3
Mystery,George PLC,2011,Artist seem method.,5fb95694-b72e-4fe1-9369-c3b1686bfe3f,Reevesburgh,Under 18,1,3,3
Non-Fiction,Jensen-Young,1977,Social Democrat.,4f127bd0-df0f-4924-946a-24ff17eae534,North Travisberg,35-44,10,5,4
Non-Fiction,Jensen-Young,1977,Social Democrat.,96053529-a0ed-4b68-9f3e-40dadc68a48d,Ericmouth,18-24,5,3,5
Non-Fiction,Jensen-Young,1977,Social Democrat.,6c49083f-1028-465e-8b72-ffc5bbd6de2a,New Martin,35-44,3,3,4
Non-Fiction,Jensen-Young,1977,Social Democrat.,96744c6f-7a51-4aa8-83d3-bdd20d29226c,East Jeffreybury,18-24,7,1,5
Non-Fiction,Jensen-Young,1977,Social Democrat.,162f8a99-3ba1-47eb-a39e-120731418efd,Port Jamiestad,25-34,4,5,2
Non-Fiction,Jensen-Young,1977,Social Democrat.,a78c26ce-5b5a-4bd6-b637-6fe8f253752e,Port Ronnieton,35-44,2,5,1
Fiction,"Mccann, Smith and Turner",1977,Listen institution system wide.,2aefb0a0-09d3-492a-a444-f60fb398023a,Jackfort,45-54,2,3,3
Fiction,"Mccann, Smith and Turner",1977,Listen institution system wide.,3a87dbda-ce9b-4c60-b1f0-d51f01847eec,Lake Moniqueborough,25-34,8,3,2
Fiction,"Mccann, Smith and Turner",1977,Listen institution system wide.,377c27ae-6ba3-4e90-bef7-134b7fef21a2,Port Markchester,25-34,10,5,3
Fiction,"Mccann, Smith and Turner",1977,Listen institution system wide.,55f81f9f-c42d-4384-a208-2251fa86edc6,Port Amanda,45-54,1,1,2
Non-Fiction,Mitchell-Russell,2009,Technology would soon.,2deb3489-44d1-45e4-a360-eff99f87935a,Port Tarachester,Under 18,10,5,2
Mystery,Hudson Ltd,1968,Maintain imagine.,a57c70fc-9b89-4334-aa97-53ca81a4db91,Port Bruce,25-34,5,5,3
Mystery,Hudson Ltd,1968,Maintain imagine.,52cdd4de-3be2-4290-82af-3a59c7d6bb5f,Lake Matthewhaven,18-24,6,5,4
Mystery,Hudson Ltd,1968,Maintain imagine.,fb6fca67-64d1-418a-80d4-454697fcdba0,Matthewhaven,Under 18,9,1,2
Mystery,Hudson Ltd,1968,Maintain imagine.,36d3febe-e51e-4279-8684-a7607fadbb23,Strongstad,35-44,10,4,2
Mystery,Hudson Ltd,1968,Maintain imagine.,285e08d2-707d-49ab-b097-360c7fc9eb90,South Brian,18-24,5,1,5
Mystery,Hudson Ltd,1968,Maintain imagine.,831dc8ee-d092-4cfd-8021-740702204993,Jennaside,18-24,3,5,3
Fiction,Diaz-Jones,1985,Carry budget.,bb1a917e-1737-46c4-a979-11fa96725acd,East Jennifermouth,35-44,7,2,2
Fantasy,"Williams, Lutz and Harrell",1979,Opportunity environmental mother.,3ed6d504-0ff4-4c2c-8dd5-5e25e28ed041,North Blake,35-44,3,5,3
Fantasy,"Williams, Lutz and Harrell",1979,Opportunity environmental mother.,140c4dc5-49ff-4eac-85b8-ac014f244324,Annport,Under 18,4,4,4
Fantasy,"Williams, Lutz and Harrell",1979,Opportunity environmental mother.,7f5a457b-2fe9-4306-9fbe-7664d99a2f74,North Aaron,35-44,1,2,5
Fantasy,"Williams, Lutz and Harrell",1979,Opportunity environmental mother.,a2bae0f2-95b6-48a5-992c-d8d9d6403146,North Danielleshire,35-44,9,1,1
Fantasy,"Williams, Lutz and Harrell",1979,Opportunity environmental mother.,7a9d495c-4e5e-46d4-a27a-ce70b7e5fa54,New Michael,Under 18,2,2,2
Fantasy,"Williams, Lutz and Harrell",1979,Opportunity environmental mother.,2304092a-6964-414b-a2ce-e8777f5b8656,Port Craigshire,35-44,4,1,2
Non-Fiction,"Sexton, Russell and Barajas",1998,Wrong let door.,3eb56590-2739-41dc-91af-161bfe7d2651,Katelyntown,18-24,9,4,2
Non-Fiction,"Sexton, Russell and Barajas",1998,Wrong let door.,f0090402-6313-4aac-bf18-75badec36b5a,New Jesse,25-34,2,5,1
Non-Fiction,"Sexton, Russell and Barajas",1998,Wrong let door.,ad21accf-bb6f-4427-8e9d-e1324ddbc9ce,Angelaland,55+,5,3,1
Non-Fiction,"Sexton, Russell and Barajas",1998,Wrong let door.,690e3ce1-4dd5-40f9-b03d-9b6bd9970ce8,Shelleyberg,35-44,1,5,4
Non-Fiction,"Sexton, Russell and Barajas",1998,Wrong let door.,4c927e9f-097f-46c0-acbd-5b24bccda2ae,Lake Matthew,45-54,8,4,3
Non-Fiction,"Sexton, Russell and Barajas",1998,Wrong let door.,e86b2db8-2492-40fc-81c2-74f790252e23,New Sue,45-54,5,4,3
Non-Fiction,Brown LLC,1977,Produce three arrive.,239059ca-3732-4b4c-aa7d-4befbaa7d953,Brewerhaven,45-54,1,2,1
Non-Fiction,Brown LLC,1977,Produce three arrive.,5363028d-76e0-4b9e-835b-ac049310cf95,Port Susanville,Under 18,2,3,1
Non-Fiction,Brown LLC,1977,Produce three arrive.,532e01e8-5a10-4be3-a008-cb133f490c70,Davidmouth,45-54,8,1,5
Non-Fiction,Brown LLC,1977,Produce three arrive.,176f64c3-921a-44b6-b9f2-71a0fbef8825,New Alecville,45-54,8,1,1
Non-Fiction,Brown LLC,1977,Produce three arrive.,6d76c619-811b-4106-8470-71947c66d71d,East James,25-34,7,4,3
Non-Fiction,Brown LLC,1977,Produce three arrive.,d22c7be5-ee01-46e0-a6d9-4d9d9f98088c,Kathrynton,35-44,10,1,3
Non-Fiction,Brown LLC,1977,Produce three arrive.,8d66b589-83e6-4d06-93b1-4c7f640f44af,West Sharon,25-34,9,2,2
Non-Fiction,Brown LLC,1977,Produce three arrive.,326a5b31-97c6-42a2-87bb-cc5a1a658246,Mooreview,25-34,5,2,5
Non-Fiction,Brown LLC,1977,Produce three arrive.,e2f14c7c-23d4-468a-9286-053109df0cfc,Phillipsfurt,55+,7,2,4
Science Fiction,Nichols-Johnson,2018,Matter feeling firm.,b0fdbc91-2429-49e2-b25e-58d6e15b8231,Omarville,Under 18,8,2,4
Science Fiction,Nichols-Johnson,2018,Matter feeling firm.,17ea1ae5-51dd-4fb8-8f06-6539b4f581f8,Olsonside,Under 18,6,1,4
Science Fiction,Nichols-Johnson,2018,Matter feeling firm.,570568e8-c8a9-4a62-932a-ad7a14e39cb4,Mataland,35-44,5,5,3
Science Fiction,Nichols-Johnson,2018,Matter feeling firm.,de7016c4-7e84-439e-aa5f-cbcdb972e590,Aguilarmouth,35-44,3,4,1
Science Fiction,Nichols-Johnson,2018,Matter feeling firm.,35c98d4a-59b0-4067-9f0f-fc94cd2166e4,Lauramouth,25-34,10,4,4
Mystery,"Moran, Reynolds and Charles",1995,Operation back.,5e64db13-6966-49e9-b5aa-721136fc4e9b,South Andrea,35-44,10,5,1
Mystery,"Moran, Reynolds and Charles",1995,Operation back.,de7e649d-3f29-4df0-9c28-51295cc1b04c,West Kaylashire,45-54,1,2,4
Mystery,"Moran, Reynolds and Charles",1995,Operation back.,a6d6b999-bee0-4ca6-9db0-60a2169b9ce9,Skinnerland,18-24,2,4,4
Mystery,"Moran, Reynolds and Charles",1995,Operation back.,b2f62407-e024-429b-8ff5-2c56000bfd87,North Ericshire,35-44,9,5,4
Mystery,"Moran, Reynolds and Charles",1995,Operation back.,5038b78c-7ad7-4e0c-892c-428dc20d1ee9,Port Luke,55+,4,1,4
Mystery,"Moran, Reynolds and Charles",1995,Operation back.,5470d268-37d1-4485-a6c8-592ab92836f2,East Laurenport,Under 18,5,1,4
Mystery,"Moran, Reynolds and Charles",1995,Operation back.,34ad5c30-b2b9-4222-bdfa-b01a542b6cbd,South Kathleenberg,18-24,8,1,1
Mystery,"Moran, Reynolds and Charles",1995,Operation back.,b35e4656-6125-4a21-a2a8-7acb09e6379b,Bakerberg,18-24,7,5,5
Fantasy,"Powers, Haas and Collins",1974,Include course lay medical.,df2fb7a4-71e4-4c4d-9c1b-fddbae23ffd0,East Jeffrey,Under 18,3,1,5
Fantasy,"Powers, Haas and Collins",1974,Include course lay medical.,51edad5c-7a0a-44d7-8de4-69148fd4ed2b,Gailtown,55+,7,1,4
Fantasy,"Powers, Haas and Collins",1974,Include course lay medical.,2cf6b6f3-5621-49d8-84f8-5d70727b097f,South Edwardville,55+,9,4,2
Fantasy,"Powers, Haas and Collins",1974,Include course lay medical.,ad23a106-6985-4a90-8255-312b1d8aacd2,New Lisastad,18-24,2,1,5
Fantasy,"Powers, Haas and Collins",1974,Include course lay medical.,0ac837c1-7dfa-49b0-bcef-c931e5a8f620,Donaldshire,35-44,7,2,5
Fantasy,"Powers, Haas and Collins",1974,Include course lay medical.,41257e07-bdc7-415f-97b7-aae8b5d2f06f,Lake Joshua,Under 18,7,1,3
Science Fiction,Rosales PLC,1973,Movie use suffer.,4e524ed9-42e6-4d76-a7af-6864fa96ae44,Annabury,18-24,5,5,1
Science Fiction,Rosales PLC,1973,Movie use suffer.,46256f27-30bf-4af4-abb3-95e80c80e9a3,Tammystad,45-54,2,1,4
Science Fiction,Rosales PLC,1973,Movie use suffer.,f47916a9-c0c2-4a9b-801c-643321ef020e,East Justinstad,35-44,10,2,5
Science Fiction,Rosales PLC,1973,Movie use suffer.,09d724b1-02bb-4456-95cf-3950446c09c1,Robertschester,55+,5,1,1
Fiction,"Summers, Cabrera and Anderson",2019,Democratic.,eab23262-17b4-4cb2-9521-8214155ed5f8,Mccarthyport,35-44,7,2,2
Fiction,"Summers, Cabrera and Anderson",2019,Democratic.,48c4dcf7-5e4e-4351-8a8e-f683f1c7ac46,Patriciafort,55+,2,5,1
Fiction,"Summers, Cabrera and Anderson",2019,Democratic.,a1ed989c-43ac-45e5-a048-2e0384b3851b,Josephside,45-54,7,5,1
Fiction,"Summers, Cabrera and Anderson",2019,Democratic.,26ae0267-587d-4be1-8a65-9f8742d9c728,Barneschester,55+,8,5,4
Fiction,"Summers, Cabrera and Anderson",2019,Democratic.,fe43b308-0a94-48fc-9e0f-69f92279afeb,Lake Daniel,45-54,1,4,5
Science Fiction,Williams Ltd,2002,End action.,1599dca4-c335-4944-978a-133dd781ad01,Lake Troy,55+,4,1,4
Non-Fiction,Combs-Newman,1952,Now notice perform.,e9765cb6-167e-4a6f-ad95-ddf3f8503e65,South Cynthia,18-24,8,2,4
Non-Fiction,Combs-Newman,1952,Now notice perform.,49df2b47-1a8c-4f35-9dcf-c4a90ac42ae6,Klinechester,25-34,3,4,3
Non-Fiction,Combs-Newman,1952,Now notice perform.,3a6f7481-4db2-4818-b5ee-e7982ae4c60c,Escobarborough,Under 18,9,1,1
Non-Fiction,Combs-Newman,1952,Now notice perform.,569754ac-e44a-48fe-95b0-c1e6ef1fa892,West Michelestad,Under 18,8,2,2
Non-Fiction,Combs-Newman,1952,Now notice perform.,16adbf8d-5033-4a68-84f2-25ca53eb2daf,West Elizabethfort,35-44,4,1,2
Non-Fiction,Combs-Newman,1952,Now notice perform.,49ec51cc-db22-4fff-8e08-8b4407fecbda,Donnachester,25-34,3,4,3
Non-Fiction,Combs-Newman,1952,Now notice perform.,434ef3b8-c16c-46da-9d81-02895ae79728,Perezbury,25-34,7,5,2
Non-Fiction,Combs-Newman,1952,Now notice perform.,3bc4eb92-01d8-4ba1-9b4b-512a5366f27c,South Juliemouth,Under 18,4,4,3
Non-Fiction,Combs-Newman,1952,Now notice perform.,f11e658c-a2b7-4f90-b42f-b29be85d2eaa,West Kimberlyland,18-24,9,3,4
Non-Fiction,Combs-Newman,1952,Now notice perform.,e372961c-85c9-410a-ab5a-39f9d11bf69e,North Lisaside,18-24,7,2,3
Non-Fiction,Hill and Sons,1955,Pass.,084cba75-1d86-4f96-af44-81d88bfe8e6a,Lake Deniseland,35-44,5,4,5
Non-Fiction,Hill and Sons,1955,Pass.,70af87fd-6040-4bd6-8e96-a1b8e221acd3,South Michealstad,25-34,1,4,3
Fantasy,Duffy and Sons,2003,Direction occur.,b27f009a-0db3-4d2a-b76e-28d8f7cf9ed1,Taraburgh,55+,1,2,1
Fantasy,Duffy and Sons,2003,Direction occur.,35d1a1e4-8e79-464c-b282-22b0f1123c40,Lake Aaron,55+,6,1,5
Fantasy,Duffy and Sons,2003,Direction occur.,a39df4ae-072c-4c65-9757-c80ce47b8215,New Stephanie,45-54,9,1,4
Fantasy,Duffy and Sons,2003,Direction occur.,4c9bc54e-513f-46e3-8055-c1765f98abfe,Jessicafort,Under 18,10,2,2
Fantasy,Duffy and Sons,2003,Direction occur.,855820b4-6e5f-442a-ae12-1715d6e86758,Lake Michael,Under 18,6,2,3
Fantasy,Duffy and Sons,2003,Direction occur.,2b72b7e5-f144-408a-bef0-3dfbc45ea295,Johnsontown,25-34,1,3,1
Fantasy,Duffy and Sons,2003,Direction occur.,e1cfaf1a-f96d-4923-9d65-e370d38531fd,Lake Davidside,55+,7,5,5
Fantasy,Duffy and Sons,2003,Direction occur.,ed55f605-4336-4414-8ecc-d336c8a17ef1,West Abigail,35-44,7,5,2
Mystery,"Anderson, Camacho and Gonzales",2010,Beyond effort himself.,fa7ab591-7bc9-499b-b878-dec46c3ae8e4,North Elizabeth,35-44,4,2,5
Mystery,"Anderson, Camacho and Gonzales",2010,Beyond effort himself.,6e7698ee-cf12-4ccb-ab4f-41ae3ffa738c,Griffintown,45-54,2,1,3
Mystery,"Anderson, Camacho and Gonzales",2010,Beyond effort himself.,7640086f-6508-4697-ada2-d5514db4e793,Arnoldland,45-54,2,5,2
Mystery,"Anderson, Camacho and Gonzales",2010,Beyond effort himself.,5faf976a-4f7b-48c5-b340-56865d8d30d5,Danielton,25-34,10,5,1
Mystery,"Anderson, Camacho and Gonzales",2010,Beyond effort himself.,1adce734-6b0c-4a79-abe0-05bf742cc387,Harrisstad,25-34,10,1,5
Mystery,"Anderson, Camacho and Gonzales",2010,Beyond effort himself.,0f65923b-7b17-4ee1-b4ab-06b68aa57d0b,Aguirrechester,35-44,2,1,1
Mystery,"Anderson, Camacho and Gonzales",2010,Beyond effort himself.,56400e28-8de7-40ab-8e4d-8ebd79d89204,Griffinburgh,18-24,1,4,4
Mystery,"Anderson, Camacho and Gonzales",2010,Beyond effort himself.,59040441-5b21-48fa-aad1-0179131d0a78,Jacquelinetown,35-44,1,3,2
Mystery,"Anderson, Camacho and Gonzales",2010,Beyond effort himself.,ea057931-8fe3-4e73-ab6d-9d5475c147b4,Jamesshire,18-24,6,5,5
Mystery,"Anderson, Camacho and Gonzales",2010,Beyond effort himself.,d8699608-4de3-4326-a673-5e0f65c2b0e5,Robersonbury,25-34,2,2,2
Science Fiction,Frazier-Ramirez,2014,Will tell.,14107914-6c87-4302-b41e-c2bbf5dc50b2,Pearsontown,25-34,6,1,1
Science Fiction,Frazier-Ramirez,2014,Will tell.,2563439a-28ea-45d9-bb76-f0c2f0ddaa91,Amymouth,55+,7,2,2
Science Fiction,Frazier-Ramirez,2014,Will tell.,ef5aee6e-5b87-46c2-bceb-5e5805a1fe42,Monicaton,45-54,8,4,3
Science Fiction,Frazier-Ramirez,2014,Will tell.,9d760003-5664-408f-a024-6f4be52aab10,East Hunterfort,25-34,10,1,3
Science Fiction,Frazier-Ramirez,2014,Will tell.,5d42f669-e32d-4eb3-9889-ae2ee5b6f64d,Georgemouth,35-44,5,3,4
Science Fiction,Frazier-Ramirez,2014,Will tell.,7731c22c-6330-40bc-b665-26b86ebf64a0,South Rossville,Under 18,6,1,3
Science Fiction,Frazier-Ramirez,2014,Will tell.,73a9d1b0-bf99-4c83-83b8-b3fc021fae4e,East Katrina,55+,3,2,3
Science Fiction,Frazier-Ramirez,2014,Will tell.,f9100aa7-8470-4c8e-87e0-c6eda882865f,West Ashleybury,Under 18,3,4,5
Science Fiction,Frazier-Ramirez,2014,Will tell.,5d14d046-337c-41ae-bebe-4885f96aee7b,East Emilyview,18-24,9,1,4
Science Fiction,Frazier-Ramirez,2014,Will tell.,68fd7d45-0757-424e-a7a5-28f099a14246,Port Melissaport,55+,1,5,1
Science Fiction,Brock Ltd,1955,Business officer.,b7503dee-eddb-44dc-a54f-8350ba8df918,Flemington,Under 18,1,5,3
Science Fiction,Brock Ltd,1955,Business officer.,81781f7c-c813-4f9c-9fce-a85c893cfb29,Brittanyland,18-24,3,4,5
Science Fiction,Brock Ltd,1955,Business officer.,18295609-eab0-4e21-b9b6-be7ac71d80aa,Bowenbury,18-24,9,2,1
Science Fiction,Brock Ltd,1955,Business officer.,695dfe82-f1fb-4b03-a6e1-c74b0ed7296b,North Michelle,25-34,7,3,5
Science Fiction,Brock Ltd,1955,Business officer.,94e42e9b-9f7c-4c15-81a6-009c0fa4e5a6,Lake Johnport,45-54,4,2,2
Science Fiction,Brock Ltd,1955,Business officer.,97dcddb6-7880-4039-b0f5-6c8921e94966,Lake Adam,55+,7,3,4
Mystery,Wise PLC,1973,Music central.,21be6ad2-c3fa-46e5-9e7e-68d12b10f02c,New Danielleville,Under 18,5,5,3
Non-Fiction,"Wilson, Jennings and Moore",2023,Involve modern everyone three.,dc2d2ce5-b0f3-4692-8b90-89690f921271,East Timothyberg,Under 18,8,1,4
Non-Fiction,"Wilson, Jennings and Moore",2023,Involve modern everyone three.,08cef4ed-6b51-44ef-aab4-a9ad19c1de2b,Coxmouth,25-34,1,5,4
Non-Fiction,"Wilson, Jennings and Moore",2023,Involve modern everyone three.,b230fae5-b1fe-4f80-b9fe-c2d73994a85c,Waltersshire,Under 18,4,4,3
Non-Fiction,"Wilson, Jennings and Moore",2023,Involve modern everyone three.,7de6ff42-6021-4f22-9af3-8d116cf0a6c4,East Kimberly,45-54,8,3,3
Non-Fiction,"Wilson, Jennings and Moore",2023,Involve modern everyone three.,c5186aea-d9bc-4c35-8da1-d45abc59a2c3,Port Theresa,55+,9,2,5
Non-Fiction,"Wilson, Jennings and Moore",2023,Involve modern everyone three.,22edf212-66d4-4b6d-9143-39e2e404e1c1,Whiteheadbury,25-34,7,1,5
Non-Fiction,"Wilson, Jennings and Moore",2023,Involve modern everyone three.,48e2bb0c-4cd0-44d9-87e3-ea4660e7696d,Port Kevintown,25-34,9,2,5
Non-Fiction,"Wilson, Jennings and Moore",2023,Involve modern everyone three.,9bbc847f-5712-4793-b80e-b89ad2b41cf5,East Justinmouth,25-34,2,4,4
Non-Fiction,"Wilson, Jennings and Moore",2023,Involve modern everyone three.,7dab8fd8-37d8-482f-b951-5fe52ab37d0f,Rachelhaven,25-34,3,2,2
Non-Fiction,"Wilson, Jennings and Moore",2023,Involve modern everyone three.,ee035942-a44f-4f03-a82c-881e28b5aa5a,Lake Stevenville,18-24,1,2,3
Mystery,Peters-Villegas,1989,Any successful pay.,e0eab5d0-a1cb-4abe-b363-f41c2f1f65f7,Morganland,45-54,5,1,5
Mystery,Peters-Villegas,1989,Any successful pay.,79956788-e5d1-44a8-b1ea-b4d8a0063e9f,Port Sheila,35-44,2,4,2
Mystery,"Campbell, Stewart and Frazier",1986,Age board PM.,2ca415e4-16df-40e4-bee9-2f808e37da36,West Jonathan,55+,3,5,1
Mystery,"Campbell, Stewart and Frazier",1986,Age board PM.,19be1bf7-afd8-47a3-bf4f-eff067096354,South Nicholasside,55+,2,2,1
Mystery,"Campbell, Stewart and Frazier",1986,Age board PM.,7a905d70-551d-4107-9e99-de65fc1724ff,South Josephville,35-44,2,3,1
Mystery,"Jackson, Christensen and Atkins",1984,Region including throughout.,bfcb5da1-3b1f-42f9-b47a-a33a1bc5aac2,Port Patriciafort,35-44,6,3,3
Mystery,"Jackson, Christensen and Atkins",1984,Region including throughout.,0cbf5266-a1e1-4c53-8cc7-84f6af213743,Harrisonbury,Under 18,2,3,2
Fiction,Garcia Ltd,1954,Outside occur.,c882c6a2-9f90-4338-9ff9-dec70fe51160,South Tyrone,Under 18,10,3,3
Fiction,Garcia Ltd,1954,Outside occur.,3d36730f-38a1-4594-8774-6761fa641307,Adamside,25-34,3,1,4
Fiction,Garcia Ltd,1954,Outside occur.,080c2ce5-2daf-4239-be77-9fba93ce81a8,Robinsonfort,45-54,2,4,2
Fantasy,Patton Inc,1957,Our cost drop.,09e12997-e171-4c37-b5bd-04e671fafc1e,New Carolineville,18-24,9,3,2
Fantasy,Patton Inc,1957,Our cost drop.,b4238a1d-6594-4dc1-ba83-d6d056a6614b,Smithhaven,Under 18,10,5,3
Fantasy,Patton Inc,1957,Our cost drop.,883c769a-dc04-4138-a6ff-2f0b06cececf,North Jeffreychester,25-34,9,2,2
Fantasy,Patton Inc,1957,Our cost drop.,5077cd6e-8b3a-4802-b2b9-223eee2e527e,Sharonmouth,55+,2,3,5
Mystery,Goodwin LLC,1969,Mouth glass.,44643590-6177-4bd5-914c-403c4e6bef68,Perezhaven,55+,5,2,1
Mystery,Goodwin LLC,1969,Mouth glass.,66b93309-d47e-462e-b8a9-9e29a382a197,Gloverstad,18-24,8,4,4
Mystery,Goodwin LLC,1969,Mouth glass.,cf288650-ee75-4d65-8440-8fb4360f24a7,Scottstad,18-24,1,3,5
Mystery,Goodwin LLC,1969,Mouth glass.,11aba54d-7b7f-451a-a0c5-503f82bb9c74,Perezchester,45-54,5,1,2
Mystery,Goodwin LLC,1969,Mouth glass.,7370a849-38d9-40df-9a63-31504adaec2f,New Jasonchester,45-54,6,1,1
Fiction,"Burns, Medina and Harris",1950,Boy age former.,6f55e1f0-c0ee-41c3-8cea-aee1563eaeb2,Lake Joshua,35-44,10,3,1
Fiction,"Burns, Medina and Harris",1950,Boy age former.,c5a517ea-0b5e-464e-87f8-2567a1c21371,New Rhondaview,35-44,10,5,2
Fiction,"Burns, Medina and Harris",1950,Boy age former.,3284de62-8b16-476c-8050-1e2aee73490a,Danielshire,18-24,5,4,5
Fiction,"Burns, Medina and Harris",1950,Boy age former.,916a7b94-a88c-4953-9c9f-c0a1025139f3,New Lisa,55+,1,3,5
Fiction,"Burns, Medina and Harris",1950,Boy age former.,7b33ab88-b99a-4867-ad23-3632bdd927a7,Catherineland,45-54,4,4,3
Fiction,"Burns, Medina and Harris",1950,Boy age former.,15b252fc-f0a9-4894-a5ba-2f29193d3a45,Jacksonstad,18-24,7,5,2
Fiction,"Burns, Medina and Harris",1950,Boy age former.,e00de2b1-3fb7-48e1-96f6-129066dcf629,New Julia,18-24,7,5,4
Fiction,"Burns, Medina and Harris",1950,Boy age former.,00c6f7b7-3906-49a2-b748-16dd6fd912e7,Christopherside,18-24,9,5,5
Fiction,"Burns, Medina and Harris",1950,Boy age former.,d0e09f92-9df4-4f1d-83cc-f259d8975de0,Maryborough,18-24,10,3,2
Fiction,"Burns, Medina and Harris",1950,Boy age former.,19173c06-407c-490b-bb70-a7fc8efc42fc,Robynhaven,18-24,7,1,4
Non-Fiction,"Smith, Steele and Brown",1979,Provide want.,0a8481ce-4ec4-4b6e-bcb7-e862068b183a,North Josephfurt,Under 18,5,3,4
Non-Fiction,"Smith, Steele and Brown",1979,Provide want.,043693ea-de75-4939-b82f-5182ef0d548b,Evanberg,45-54,5,2,5
Non-Fiction,"Smith, Steele and Brown",1979,Provide want.,5bdd289e-4d5f-4a78-b26b-7ba29828eca6,Leeberg,25-34,6,3,4
Non-Fiction,"Smith, Steele and Brown",1979,Provide want.,c4ace7c3-d73d-4654-882b-748018a35e50,New Victoria,55+,7,2,2
Non-Fiction,"Smith, Steele and Brown",1979,Provide want.,314be2a2-d368-44af-bf63-76b135d3a4e0,Newmanton,45-54,10,4,4
Non-Fiction,"Smith, Steele and Brown",1979,Provide want.,7707b18b-a999-48c9-b4cc-9fe166ce8bd5,Alexanderville,55+,4,1,4
Fantasy,"Weaver, Jennings and Waters",2015,Mouth nation.,682b41ed-b8e3-4fb7-881d-62df6c3bdf7b,Johnfort,35-44,10,2,1
Fantasy,"Weaver, Jennings and Waters",2015,Mouth nation.,88b8bff4-cd05-4509-b632-d535cffb9a2e,Lake Jeffrey,45-54,5,4,1
Fantasy,"Weaver, Jennings and Waters",2015,Mouth nation.,2b37a4d2-1642-4226-97ad-f319ec6f6db0,East Heidimouth,Under 18,5,4,2
Fantasy,"Weaver, Jennings and Waters",2015,Mouth nation.,f198df08-1953-4349-9e2c-bbec2bbc478d,East Robert,45-54,7,5,2
Fantasy,"Weaver, Jennings and Waters",2015,Mouth nation.,cbee44a0-09d5-4740-9abd-cef455038301,Davisport,35-44,10,1,5
Fantasy,"Weaver, Jennings and Waters",2015,Mouth nation.,c82124c7-a8b5-415e-a33a-c170c0e771b1,Michelletown,55+,4,3,3
Fantasy,"Weaver, Jennings and Waters",2015,Mouth nation.,0ea5f773-42f6-4881-9543-6485ad695ad3,Lake Emmabury,Under 18,5,4,4
Fantasy,"Weaver, Jennings and Waters",2015,Mouth nation.,ab33ed08-9a89-42f3-ab7f-5c5bca87b4ab,Brianton,45-54,6,2,1
Non-Fiction,Torres-Cruz,1999,Of.,2416144b-a119-49ce-9a5e-3b1dfb1a777a,Luishaven,55+,4,1,4
Non-Fiction,Torres-Cruz,1999,Of.,77f879fb-655c-4a59-9078-8a1294202909,North Nicoleborough,Under 18,8,3,4
Non-Fiction,Torres-Cruz,1999,Of.,3945918e-b892-480a-b308-a0e4b95ba515,New Jack,55+,2,1,5
Non-Fiction,Torres-Cruz,1999,Of.,63a0ce9e-fef5-42df-b4cc-8d95e4743d8a,Lake Linda,18-24,6,4,4
Non-Fiction,Torres-Cruz,1999,Of.,dd93ed01-9f6b-4c2c-86c2-5e81eaa8eb35,South Robert,Under 18,2,1,1
Non-Fiction,Torres-Cruz,1999,Of.,ffda686a-27d3-425d-9eca-20ab075aac24,West Samanthaland,25-34,1,3,3
Non-Fiction,Torres-Cruz,1999,Of.,5d94eaa7-561f-4011-9416-505a1f495f20,Khanchester,55+,9,4,3
Science Fiction,"Patel, Banks and Jones",1977,Suffer clearly.,7e0cc6f0-2db6-427f-9da9-e66707db010c,Lake Ian,55+,1,2,1
Science Fiction,"Patel, Banks and Jones",1977,Suffer clearly.,b0362a6e-1218-4491-ba4f-e027a545908c,New Tammymouth,Under 18,7,2,3
Science Fiction,"Patel, Banks and Jones",1977,Suffer clearly.,f967488f-6d00-42d8-83f5-69537c36718e,Valerieshire,35-44,5,4,5
Science Fiction,"Patel, Banks and Jones",1977,Suffer clearly.,072a8390-23f8-4472-95d6-d5bbc2c170eb,Port Aaron,18-24,4,3,2
Science Fiction,"Patel, Banks and Jones",1977,Suffer clearly.,1113c770-f3a9-4f26-ac89-490383c17c98,Lamfort,Under 18,10,5,3
Fantasy,Singleton-Baker,2010,Attack away board.,a42c5fa0-1536-4e07-8a25-62310b25c583,Lake Jonland,25-34,8,1,5
Fantasy,Singleton-Baker,2010,Attack away board.,eb305b71-784b-40c6-b9fc-ddd507a23ce5,Vasquezshire,45-54,6,1,5
Fantasy,Singleton-Baker,2010,Attack away board.,f0256bb7-baf7-4bde-9e63-6bf87e5e7d84,Craigburgh,25-34,2,2,4
Fantasy,Singleton-Baker,2010,Attack away board.,6c7a1d86-9eb7-4219-99bc-7ff8d7d165d7,Johnfort,18-24,2,4,1
Science Fiction,Scott-Sellers,1980,Life themselves instead.,1ae71463-62e4-4bf0-a18a-32227970b609,Longstad,35-44,5,2,4
Science Fiction,Scott-Sellers,1980,Life themselves instead.,ec860a18-0a5b-4081-806e-185d9dc3737b,Port Harold,45-54,5,1,2
Science Fiction,Scott-Sellers,1980,Life themselves instead.,b2942890-c990-498c-b6d5-3e9c414fa7d0,South Danielborough,18-24,10,4,5
Science Fiction,Scott-Sellers,1980,Life themselves instead.,219984cf-48cd-4460-a65e-6c9ec4eb531b,South Jeremy,55+,7,1,2
Science Fiction,Scott-Sellers,1980,Life themselves instead.,01797940-37b6-4a22-b962-2c7eb24a6e1c,Kathrynshire,55+,8,1,4
Science Fiction,Scott-Sellers,1980,Life themselves instead.,bdc8564b-1dc3-4122-86fe-32425d33a6ad,North Andreaborough,35-44,6,4,3
Science Fiction,Scott-Sellers,1980,Life themselves instead.,f0de0c2b-21cc-4cff-beb0-5db0b6735eb2,Mercedesside,45-54,6,5,5
Science Fiction,Scott-Sellers,1980,Life themselves instead.,64b6bd23-777b-41aa-b601-74b4c301bb28,West Bobstad,45-54,8,4,1
Science Fiction,Scott-Sellers,1980,Life themselves instead.,8936ebb4-775d-4640-a503-215783b1b8ff,New Steven,25-34,1,4,2
Mystery,Stanley LLC,1973,Owner free less.,526e3a7d-3446-4d90-b12d-955dbc041dd3,Lake Jasmine,25-34,6,1,2
Mystery,Stanley LLC,1973,Owner free less.,4d0a03cb-feff-43b6-98f1-26525f538049,Kyletown,55+,8,5,5
Mystery,Stanley LLC,1973,Owner free less.,a919bdd0-f1c5-47c4-812a-d3fb0a4e3016,East Shawnfort,55+,10,1,2
Mystery,Stanley LLC,1973,Owner free less.,201d059f-7e52-48a5-941b-4ea760368fca,Lake Brett,Under 18,4,5,3
Mystery,Taylor and Sons,1955,Growth street.,513c04e0-ea8d-4f43-a4bc-c3df5148a395,Danielchester,55+,5,4,2
Mystery,Taylor and Sons,1955,Growth street.,d5c83f4b-3faa-4bb8-a20d-fb8a26d3f6ef,Gaystad,55+,6,4,5
Mystery,Taylor and Sons,1955,Growth street.,0f464a5f-2c59-4c66-91d1-a8e32cb2a769,Dennisfurt,25-34,8,4,4
Mystery,Taylor and Sons,1955,Growth street.,7378eba1-251f-407b-82d4-60f09f0b4ab4,West Jasonstad,18-24,3,4,2
Mystery,Taylor and Sons,1955,Growth street.,44696260-6205-48b3-a76c-35d108963c7d,North Earl,Under 18,7,1,5
Mystery,Taylor and Sons,1955,Growth street.,976d8cc0-3ffd-4199-b301-b4c85e5b402f,Stephaniefurt,55+,7,4,3
Mystery,Taylor and Sons,1955,Growth street.,ddba31ff-4e17-4df5-8414-3fe8e4a5059e,New Scotthaven,35-44,7,2,1
Fiction,Fields and Sons,1989,Travel team.,11cc0f35-fedb-4dde-a822-53a7d5123cda,North Deannatown,25-34,9,2,1
Fiction,Fields and Sons,1989,Travel team.,e601525d-87dd-49f6-abab-e089d640c8a3,Sandersburgh,Under 18,5,3,4
Fiction,Fields and Sons,1989,Travel team.,b21cb951-fdd5-4faf-ada8-991682fd4ebc,East Peter,35-44,6,4,5
Fiction,Fields and Sons,1989,Travel team.,bba9906a-2f96-438e-957d-46346a0c410e,Port Tracy,45-54,4,2,2
Fiction,Fields and Sons,1989,Travel team.,9e162b80-b8f7-4df6-8c87-1a6606e677d1,Hodgestown,25-34,2,4,1
Fiction,Fields and Sons,1989,Travel team.,38b9cb2f-dfb5-4682-9cea-b4a369256832,New John,25-34,10,4,3
Fiction,Fields and Sons,1989,Travel team.,8bb059cf-3d4a-4e52-a124-123baffe6efa,Port Heatherhaven,25-34,7,3,3
Fantasy,Jackson Group,1977,Machine catch.,3ebd2cab-a0c6-4de7-bd22-1299f418eb09,West Teresa,35-44,8,5,1
Fantasy,Jackson Group,1977,Machine catch.,dd38fb0a-cee3-4f80-9f6e-02b87b62205a,New Amanda,18-24,8,1,1
Fantasy,Jackson Group,1977,Machine catch.,7974e4ac-16f1-47db-b425-e841a5dc67bf,Lake Brandonshire,18-24,2,1,1
Fantasy,Jackson Group,1977,Machine catch.,4732c809-cf13-4710-adcb-56547d4ce701,West Jenniferton,18-24,2,4,5
Fantasy,Jackson Group,1977,Machine catch.,eb173e1c-50e7-48a3-b38d-150a45c08ed2,Burnsside,35-44,3,3,1
Non-Fiction,Montes Group,2008,Old actually.,503c594f-dc51-49f7-a43e-765bc3f1fb0b,Millsmouth,55+,6,3,5
Non-Fiction,Montes Group,2008,Old actually.,13f7fc02-f086-44a9-bdfe-f8602d14ff53,Castroville,45-54,4,2,1
Non-Fiction,Montes Group,2008,Old actually.,7d47fbb2-7d73-4c0d-8c9d-56d512b72880,Port Aaron,55+,5,5,1
Non-Fiction,Montes Group,2008,Old actually.,afd2f68b-ed52-4768-85ad-14419a01c007,Joanneville,Under 18,8,3,5
Non-Fiction,Montes Group,2008,Old actually.,c10312cf-e9f6-49e7-bf3a-30919c7ec4db,Bridgestown,55+,7,3,2
Non-Fiction,Montes Group,2008,Old actually.,7c1e7e39-bece-4c95-b5a2-44c34c54a21f,Davidhaven,45-54,2,2,5
Non-Fiction,Montes Group,2008,Old actually.,c200322d-8abf-4bf9-8c43-a138de165d10,North Antonio,35-44,1,1,3
Non-Fiction,Montes Group,2008,Old actually.,fc3076d3-fa9d-4370-ac5c-4b3e11eefd06,Lake Shannonfort,45-54,5,4,2
Fantasy,Lawrence Ltd,1954,Consider since.,8b960217-94ff-4538-8525-ee8796f014a9,Carlbury,35-44,4,5,5
Fantasy,Lawrence Ltd,1954,Consider since.,8f95c0aa-8dfd-4c0a-bd3c-9b3ea020bc59,Martinezland,25-34,7,1,2
Fantasy,Lawrence Ltd,1954,Consider since.,efb98fb1-b843-45d0-8194-52428200b657,New Darrellborough,18-24,1,1,3
Fantasy,Lawrence Ltd,1954,Consider since.,4a9214fd-9da5-42d2-af30-5ebca197415e,Lauratown,45-54,1,3,4
Fantasy,Lawrence Ltd,1954,Consider since.,f119dd03-3e7e-4559-a234-2bbb35b9d479,Richardsbury,25-34,4,5,2
Fantasy,Lawrence Ltd,1954,Consider since.,ab0c7a54-ea4e-43e6-b5b6-a80c7faba4fe,Jonesshire,Under 18,7,5,1
Fantasy,Lawrence Ltd,1954,Consider since.,6209850f-ff72-43f9-98b1-2f4c9dda6147,New Normatown,35-44,1,2,1
Fantasy,Lawrence Ltd,1954,Consider since.,f690c598-4f56-4599-a74f-15d5d4c8d2d5,Mendozashire,55+,2,1,3
Mystery,"Campbell, Cooke and Massey",2023,Range address hundred.,361f8050-b463-46d1-8334-a43988c867e4,Ramoschester,45-54,5,5,2
Mystery,"Campbell, Cooke and Massey",2023,Range address hundred.,6936167c-8d22-47b2-92f8-aaa6a1372bc0,New Heidiburgh,45-54,2,5,1
Mystery,"Campbell, Cooke and Massey",2023,Range address hundred.,4eecc1a4-99b7-499d-acf4-a0511cd4a305,Michaeltown,18-24,3,5,5
Mystery,"Campbell, Cooke and Massey",2023,Range address hundred.,85a0dfac-c262-4a96-8357-989c77248a55,North Timothy,55+,5,2,1
Mystery,"Campbell, Cooke and Massey",2023,Range address hundred.,b75d6472-e451-4c20-98d4-08f9a4c8ca14,North Shanefort,55+,6,1,2
Fiction,"Thompson, Phelps and Lawson",1978,Head just power.,67d112aa-6baf-42c2-aaf0-565fffeb2e2a,Lake Christopher,18-24,4,4,4
Fiction,"Thompson, Phelps and Lawson",1978,Head just power.,5793e948-28b1-4683-8509-330ea75507b8,South Matthew,35-44,1,1,4
Fiction,"Thompson, Phelps and Lawson",1978,Head just power.,3c67c36f-d53b-4386-9ed2-42ffee3cc213,Washingtonshire,25-34,9,3,4
Fantasy,Munoz-Middleton,2022,Work choice million.,b1e7ab20-0d89-4f37-892c-ff6d0b0731a8,Susanville,45-54,8,5,5
Fantasy,Munoz-Middleton,2022,Work choice million.,451160d8-7557-47c2-a9c7-e8f230ab0090,Lake Kristen,Under 18,8,1,5
Fantasy,Munoz-Middleton,2022,Work choice million.,4a91d590-988e-4b7c-bbf2-153853c58c4a,Westmouth,45-54,4,4,2
Fantasy,Munoz-Middleton,2022,Work choice million.,b74ed78f-3375-499e-8364-f41100b03195,South Kathleenton,25-34,10,5,4
Mystery,"Fischer, Smith and Rodriguez",2003,Organization maybe.,8b604ec1-f7e6-4a93-925b-c377012f7a30,Debraborough,55+,8,4,4
Fantasy,Francis-Allen,1954,Trip again.,c7d2b654-9e9e-4305-86db-0e3784a17552,Wangborough,35-44,2,3,3
Fantasy,Francis-Allen,1954,Trip again.,8d8b5492-b1c2-4e73-b89e-509615e6a28c,Lake Vincent,Under 18,9,4,4
Fantasy,Francis-Allen,1954,Trip again.,091dee9a-90c1-437c-bfd5-ef0ad19581e5,West Elizabeth,25-34,10,3,1
Fantasy,Francis-Allen,1954,Trip again.,dd12c779-099b-43ac-978e-45078acb42cf,Robertsmouth,18-24,3,1,4
Fantasy,Francis-Allen,1954,Trip again.,5cad0bea-0d40-4ebc-beaa-0d53ddc74dd2,Kerryland,35-44,1,2,5
Fantasy,Francis-Allen,1954,Trip again.,2c6d871d-c9ed-41cb-a421-577558777336,Lucerohaven,45-54,2,3,1
Fantasy,Francis-Allen,1954,Trip again.,308ed50f-241e-4086-845c-0fd4d13c3575,West Bryanburgh,25-34,10,1,4
Mystery,"Garcia, Morgan and Brown",1960,Discuss.,e5a27ac7-0e5e-4a6b-8c1b-d005dd62918c,Nguyenborough,45-54,3,3,3
Mystery,"Garcia, Morgan and Brown",1960,Discuss.,07a3c952-65b3-463c-a9db-7b09d5c36b5c,Brownborough,55+,4,4,1
Mystery,"Garcia, Morgan and Brown",1960,Discuss.,3f8c23f9-3b5e-4134-b633-0804dace685e,Justinbury,25-34,6,1,1
Mystery,"Garcia, Morgan and Brown",1960,Discuss.,f504e073-0020-4467-b66e-dc698f06733e,Markmouth,Under 18,4,5,1
Mystery,"Garcia, Morgan and Brown",1960,Discuss.,ee11b1be-fa7c-432f-99c1-41061b0ea96c,East Ashleyhaven,55+,6,3,1
Mystery,"Garcia, Morgan and Brown",1960,Discuss.,1508dd33-399b-4e62-8758-ae81688ea7f2,Lopezton,35-44,1,2,3
Science Fiction,Jackson PLC,1954,Body produce modern.,7c3fd5b0-7182-4a20-8e2a-17dd0e2aa614,Port Jeffreyhaven,18-24,5,4,3
Science Fiction,Jackson PLC,1954,Body produce modern.,e0d63c1c-5d7c-42d6-af66-7a123cb3245f,East Ashley,45-54,5,3,5
Science Fiction,Jackson PLC,1954,Body produce modern.,57bea16f-0db8-4fa8-9511-70ed604bcfe8,Natalieside,18-24,10,5,4
Science Fiction,Jackson PLC,1954,Body produce modern.,abe129f6-f00c-49df-b7f4-bc74945dae31,Lake Laura,18-24,2,1,1
Science Fiction,Jackson PLC,1954,Body produce modern.,cf9b0efa-8bb9-4e83-8eb8-6c8ef0ac3be1,Joshuafort,45-54,7,3,5
Science Fiction,Jackson PLC,1954,Body produce modern.,f6a1c39d-6101-4869-bb11-a9a843ff25ac,Potterburgh,55+,10,5,2
Fantasy,Morgan Ltd,1957,Let Republican.,bac481ff-9861-4d0d-bd30-550e3a01087f,West Jennybury,18-24,6,3,4
Fantasy,Morgan Ltd,1957,Let Republican.,e3808bb7-cac8-45fc-904c-01ad57593191,West Suzannestad,18-24,10,4,2
Fantasy,Johnson PLC,2001,Interview something.,5050a21e-d9ca-4833-8cbf-f12eefdc050b,Lake Jenniferhaven,25-34,6,5,4
Fantasy,Johnson PLC,2001,Interview something.,f1418663-c4d8-49e6-bc3a-dedfa9d0a9d1,Stephanieview,55+,3,3,2
Fantasy,Johnson PLC,2001,Interview something.,c5c7b2d5-a5e2-47a1-87e1-9fe7953e38fb,Ashleyfort,45-54,9,3,3
Fantasy,Johnson PLC,2001,Interview something.,aeebf72a-91af-432f-9d93-82f7dcff0b7d,Lake Christinechester,Under 18,4,5,3
Fantasy,Johnson PLC,2001,Interview something.,691b9b8e-d87b-41e0-96c4-02315133bc00,West Michael,18-24,4,3,5
Fantasy,Johnson PLC,2001,Interview something.,36925bc5-d8ba-433a-a1f1-5ecdbef1422c,Port James,25-34,7,3,5
Fantasy,Johnson PLC,2001,Interview something.,ccb363ae-fa0c-4fbb-873d-824be429c1a4,Saratown,Under 18,9,2,5
Fantasy,Johnson PLC,2001,Interview something.,b0ba6cc4-775f-486f-970e-a4927b730141,West Thomasmouth,55+,4,4,4
Fantasy,Johnson PLC,2001,Interview something.,937a3935-cc81-4702-aeae-4b4bc62311d4,West Tiffanyhaven,Under 18,2,4,3
Non-Fiction,"Moreno, Lewis and Campbell",2003,Well her.,d9e68dfb-81d7-4e9f-b21c-30e39559cfcf,Port April,45-54,2,5,3
Non-Fiction,"Moreno, Lewis and Campbell",2003,Well her.,45a9bf52-215b-44e0-8dbe-25c52eb47756,Lauraville,55+,1,4,1
Non-Fiction,"Moreno, Lewis and Campbell",2003,Well her.,734e1dae-307d-47f8-93ea-80e84030ac68,New Victoria,25-34,4,1,2
Non-Fiction,"Moreno, Lewis and Campbell",2003,Well her.,2134ac4d-5405-4c39-9b61-78a920f40852,North Lindsey,Under 18,5,5,2
Non-Fiction,"Moreno, Lewis and Campbell",2003,Well her.,248ae134-a098-430a-b9b6-f7feaed05852,Charleschester,Under 18,4,3,2
Science Fiction,Mitchell Ltd,1965,Yet discuss effort.,56dcae9b-733f-423b-af91-cd5f25763759,Wilsonberg,35-44,2,2,2
Science Fiction,Mitchell Ltd,1965,Yet discuss effort.,474566fc-b62b-4814-9857-e3ac206564e6,South John,35-44,4,3,4
Science Fiction,Mitchell Ltd,1965,Yet discuss effort.,eea7ad26-0971-489e-a55b-f9873653f00c,Tracyport,18-24,3,5,4
Science Fiction,Mitchell Ltd,1965,Yet discuss effort.,68e324fe-754b-448c-a7b6-0c90e80c51ae,Johnville,55+,2,4,4
Science Fiction,Mitchell Ltd,1965,Yet discuss effort.,8eb5f8bd-7b58-4cb2-a976-488713a06e28,Lucasstad,25-34,6,5,2
Science Fiction,Mitchell Ltd,1965,Yet discuss effort.,fd52982e-14d6-4527-8b05-6fea8b1cc13b,East Katrina,Under 18,2,3,5
Science Fiction,Mitchell Ltd,1965,Yet discuss effort.,3420b102-c700-453b-a107-6f1f3b8848a2,Lake Sheila,35-44,5,1,2
Science Fiction,Mitchell Ltd,1965,Yet discuss effort.,54455722-6805-42f8-8353-4d01b5c00e2d,Miguelchester,45-54,4,1,2
Science Fiction,Mitchell Ltd,1965,Yet discuss effort.,ac8beecc-714c-4356-a07f-4d517a4bd04a,Jamestown,35-44,7,5,2
Science Fiction,"Rodriguez, Lucas and Mcdonald",1990,House bank put.,feb204bd-f789-4fa8-b6b0-742c73c6804d,Smithfort,55+,3,5,1
Science Fiction,"Rodriguez, Lucas and Mcdonald",1990,House bank put.,b509e47c-025f-4179-aad4-2047efd3bbe2,New Dianamouth,35-44,7,5,5
Science Fiction,"Rodriguez, Lucas and Mcdonald",1990,House bank put.,64a8573b-0f16-470b-9d6c-4a541d3578be,Jenkinsport,Under 18,9,1,3
Science Fiction,"Rodriguez, Lucas and Mcdonald",1990,House bank put.,654ef15b-b829-4158-b0fc-056786070d28,Garciaside,35-44,1,5,4
Mystery,Cardenas-Horton,1997,Structure because.,71822631-1d9a-427e-ba27-9ba37b72d8c7,Lewistown,35-44,8,5,1
Mystery,Cardenas-Horton,1997,Structure because.,e0ea7398-aba8-41ac-8cd1-3d40314059c8,Martinfort,Under 18,3,4,4
Mystery,Cardenas-Horton,1997,Structure because.,c3e79c62-fc89-4097-b2f4-18d6250af07c,Port Tiffanyfurt,25-34,9,1,4
Mystery,Cardenas-Horton,1997,Structure because.,d6426a0f-2e6b-4f55-ada3-981113d73248,South Kristy,25-34,2,4,2
Non-Fiction,Wilson-Mccarthy,1995,There trial seek.,8d97a2b5-8d29-4456-9836-78099b07dc5a,Stevenville,18-24,5,5,3
Science Fiction,"Ford, Miller and Snyder",1983,Young how.,b2ae1727-a167-4451-a77c-d062aa06a78c,Scottville,35-44,4,2,2
Non-Fiction,Williams-Thomas,2003,Happen wonder recognize.,89ffc7db-a97d-4293-8446-e48daf80dca9,Kelseyton,55+,7,2,4
Non-Fiction,Williams-Thomas,2003,Happen wonder recognize.,bca92fd5-da0f-4985-9468-cde160428fad,Emilyburgh,18-24,10,5,3
Non-Fiction,Williams-Thomas,2003,Happen wonder recognize.,3f064255-5e23-443c-a8a0-70e513536353,Lake Brandon,55+,3,4,1
Science Fiction,"Martin, Torres and Ross",1958,Opportunity spend friend.,4fee36ab-fcec-4081-a82a-012945c759cb,Bakerhaven,45-54,5,5,2
Fantasy,"Faulkner, Gibson and Orozco",1970,Short field.,24174294-9d88-451c-a883-0f2ca3e01dff,West Christopher,Under 18,2,5,4
Fantasy,"Faulkner, Gibson and Orozco",1970,Short field.,b4e78c06-3e7e-48f9-b32b-bcff861c7717,Port Steven,Under 18,9,4,2
Fantasy,"Faulkner, Gibson and Orozco",1970,Short field.,675e58d3-a84e-4010-a95e-8555fc33e433,West Lisa,18-24,6,3,1
Fantasy,"Faulkner, Gibson and Orozco",1970,Short field.,15cbca1c-5bb8-4421-af00-117051f7a799,Samanthashire,35-44,2,5,4
Science Fiction,"Nguyen, Walker and Shields",2011,Truth.,badcb7e7-7fea-48e1-aa66-9d1ccf37744d,North Martinshire,45-54,2,3,5
Science Fiction,"Nguyen, Walker and Shields",2011,Truth.,14d9b598-3d37-4b16-88ba-286348797e6f,North Teresa,25-34,10,5,5
Science Fiction,"Nguyen, Walker and Shields",2011,Truth.,b4fb1068-994f-410e-8a54-70a1946c3d20,Port Andrea,18-24,4,4,2
Science Fiction,"Nguyen, Walker and Shields",2011,Truth.,c1c52de4-b006-423c-9109-389e4681e812,Wrightberg,Under 18,9,5,5
Science Fiction,"Nguyen, Walker and Shields",2011,Truth.,ef45c8f9-a395-44bd-b1a7-9c86479360b4,Knightton,35-44,7,1,2
Fantasy,Knight Inc,1996,Affect.,c20e1e56-bc09-4a9f-8b71-3411a9b463fb,Ginabury,35-44,1,3,5
Fantasy,Knight Inc,1996,Affect.,cd3d7e95-0b4c-47c3-a8fa-dbe8200308b2,North Veronica,35-44,5,4,5
Mystery,Walker Ltd,1969,Sell political model.,5f2ba354-370a-4752-8dd9-8bea1386adff,Hamiltonhaven,45-54,3,5,4
Mystery,Walker Ltd,1969,Sell political model.,af82b2f2-90f7-4a7e-9b03-6b25466760f7,Jennifershire,35-44,7,4,1
Mystery,Walker Ltd,1969,Sell political model.,376e4b19-9ce1-408f-8ced-95aa32a0382e,East Joshuaborough,35-44,7,5,3
Mystery,Walker Ltd,1969,Sell political model.,5936c1be-e567-486a-844a-9eefad28f250,Margaretside,35-44,3,2,2
Mystery,Walker Ltd,1969,Sell political model.,f7f37cf7-8fe8-4fdc-9b60-bce7a13f2836,Perezfort,Under 18,6,4,4
Mystery,Walker Ltd,1969,Sell political model.,7dde59c8-c6c6-454c-8fb5-6ef67b36c713,Dawnmouth,25-34,1,1,1
Mystery,Walker Ltd,1969,Sell political model.,e537d457-c6a0-4524-bacf-f88e435d5aae,New Deborah,25-34,1,1,3
Mystery,Walker Ltd,1969,Sell political model.,d34c91f4-61be-4e80-8efc-a15368087da2,Reyesview,35-44,6,2,5
Mystery,Walker Ltd,1969,Sell political model.,b432445e-4868-455d-8b2b-99ccc934a680,Phillipsview,18-24,8,4,2
Fantasy,Miller-Morris,1971,Investment service this.,59b2a202-7493-4fb1-8bf2-c3d7cee1acfd,New Toddland,55+,2,4,5
Fantasy,Miller-Morris,1971,Investment service this.,7c194298-cb22-49cc-9a1f-503f1385cf37,West Garyview,25-34,6,3,2
Fantasy,Miller-Morris,1971,Investment service this.,4e775e9d-0e65-4ea6-a7e7-a8e72eb4c531,Kristinton,Under 18,6,3,4
Fantasy,Miller-Morris,1971,Investment service this.,8cf1fb05-9960-4038-ba0e-69bcb093e688,North Vanessa,25-34,8,5,3
Fantasy,Miller-Morris,1971,Investment service this.,6ecc8513-4cfd-485c-9bce-93ae6a5d9523,Stephenton,45-54,8,3,1
Fantasy,Miller-Morris,1971,Investment service this.,5123ba76-747a-48c4-86a7-7581be63b699,New Robert,25-34,2,1,4
Fantasy,Miller-Morris,1971,Investment service this.,4b6f1b4e-3a43-4ccc-93e1-11f9877855bd,East Julian,18-24,4,1,1
Fantasy,Miller-Morris,1971,Investment service this.,1129d141-4513-4499-aba7-750251eeb0d6,New Jeremychester,35-44,5,3,2
Fantasy,Miller-Morris,1971,Investment service this.,ae889f15-3077-47bc-8cf8-c259dfec8650,East Kimberly,18-24,2,3,4
Fantasy,Miller-Morris,1971,Investment service this.,821e3348-9011-4415-8e64-8efa3ab27afb,Paultown,25-34,4,2,5
Fantasy,Tran LLC,2020,Increase.,630a984b-3e46-4720-b40b-026ed10600f7,North Marissaborough,35-44,3,2,1
Fantasy,Tran LLC,2020,Increase.,66d099d3-27cb-414b-ac7e-f5d436d0282a,Gatesmouth,35-44,10,4,4
Fantasy,Tran LLC,2020,Increase.,411a07c9-8006-46ba-bccc-c094397c9b36,East Corey,55+,9,1,2
Non-Fiction,"Lee, Costa and Young",1960,North tend along.,340e823c-5164-4d42-a203-8fc530744474,Lake Alexandria,35-44,3,2,5
Non-Fiction,"Lee, Costa and Young",1960,North tend along.,686ff7cf-4f85-4387-8419-1af37d72e31f,Kimberlyfort,55+,7,1,5
Non-Fiction,"Lee, Costa and Young",1960,North tend along.,8c9faa8a-d97f-412c-b77f-728a6cbea5b8,Michaelshire,Under 18,4,1,2
Non-Fiction,"Lee, Costa and Young",1960,North tend along.,83892494-ecf8-4ba2-8dca-8dc5b3693704,South Jeffrey,35-44,8,4,1
Non-Fiction,"Lee, Costa and Young",1960,North tend along.,485eb9bd-4963-47e3-a26f-e771868df104,South Mary,45-54,4,4,3
Science Fiction,Taylor Inc,1968,Give ask.,25257f07-ae06-47ad-b3f7-651eab87709b,West Stephanie,55+,10,4,3
Science Fiction,Taylor Inc,1968,Give ask.,bc408e91-a4b2-41b5-a4e4-cde5ed291bae,Tuckerhaven,55+,10,5,4
Science Fiction,Taylor Inc,1968,Give ask.,835ff83a-ff58-47f7-8ab9-ffc9a32ae880,Port Stephanieborough,25-34,4,5,5
Fiction,Bryant PLC,2016,Put situation future.,4242ee03-3f24-4907-bdfb-662d3bfab01c,Johnmouth,45-54,9,4,2
Fiction,Bryant PLC,2016,Put situation future.,3a0ed942-e752-4340-bf54-de1b62793b73,Lake Jonathonside,18-24,3,1,2
Fiction,Edwards and Sons,2008,Responsibility cover.,44e1e783-30c7-4d6e-b5b9-79a557fb6b06,South Henrymouth,55+,3,1,3
Fiction,Edwards and Sons,2008,Responsibility cover.,616bf3e5-a38a-482a-8959-48d8ee27f322,Edwardfort,55+,4,4,4
Fiction,Edwards and Sons,2008,Responsibility cover.,c3f509c3-2fa9-41f3-a4eb-9623152892b0,North Katherinemouth,35-44,9,2,2
Fiction,Edwards and Sons,2008,Responsibility cover.,a5faf2cc-9d8f-4d4d-a75d-532650f7d5e1,Port Lisaburgh,45-54,2,3,3
Fantasy,Garcia-Lambert,1956,Region occur.,d5325a97-4603-4080-b807-ef70ce6bd9de,Lake Michael,18-24,10,1,1
Fantasy,Garcia-Lambert,1956,Region occur.,3d181aaf-28db-4da4-b41d-a664b36f7e9f,East Veronica,35-44,3,2,4
Fantasy,Garcia-Lambert,1956,Region occur.,ccabef51-ffac-44d9-adb2-5bc300252386,North Troy,55+,10,4,3
Fantasy,Garcia-Lambert,1956,Region occur.,ae1a59f4-3fa4-4417-a3cf-6a79e5ce7ad7,East Catherinemouth,45-54,7,4,5
Fantasy,Garcia-Lambert,1956,Region occur.,5744b28a-06d6-418e-8c73-acc0b474822b,Kristinton,25-34,3,3,4
Fantasy,Garcia-Lambert,1956,Region occur.,83cdd69a-8c92-4531-8b83-c36a472f2a6a,Port Allisonton,35-44,7,5,5
Fantasy,Garcia-Lambert,1956,Region occur.,a04ce423-c493-430e-9268-34752e57fb15,Port Donald,18-24,4,5,3
Mystery,Johnson Inc,2014,Study save exist.,5635cd75-8847-4ee0-9750-41bdbf15bd94,New Adamview,18-24,2,2,3
Mystery,Johnson Inc,2014,Study save exist.,65fd2c52-fc2b-4ad8-9c54-74b9b6d6add2,Port Brandon,Under 18,3,3,4
Mystery,Johnson Inc,2014,Study save exist.,aa1914cd-fa6b-4921-8d69-9a98cca97451,Julieport,55+,6,1,3
Mystery,Johnson Inc,2014,Study save exist.,b527a6da-6c70-402a-a7e1-c593b02deb24,Christopherside,18-24,2,1,3
Mystery,Johnson Inc,2014,Study save exist.,c9e4370a-2e88-42f5-acb0-8f77e3d29c88,Lake Joshua,45-54,5,1,5
Mystery,Johnson Inc,2014,Study save exist.,fc148232-b3b5-4410-b557-2f0b445a4daa,Wandaville,18-24,10,4,5
Mystery,Johnson Inc,2014,Study save exist.,c0dc95cc-615b-47b9-91a3-6e925d6b0978,South Gregory,Under 18,10,5,1
Mystery,Johnson Inc,2014,Study save exist.,9029f984-f621-44f2-81c6-10915d92e1e1,Evansberg,35-44,2,1,3
Mystery,Johnson Inc,2014,Study save exist.,f632b599-37ef-4d4a-bbc0-ab629bea91ec,Port Ashleyfort,45-54,10,5,2
Fiction,Flynn-Ryan,2017,War save.,8ce7a7d5-391c-495a-8743-81945fda025b,North Michaelview,35-44,6,5,3
Fiction,Flynn-Ryan,2017,War save.,3ff0c149-f70d-4d0b-9cb9-cb6c9c9d337e,Lake Ashleymouth,18-24,9,2,1
Fiction,Flynn-Ryan,2017,War save.,83f788af-dc7c-473b-a077-787ae63ae8d2,New Diane,35-44,1,1,2
Mystery,"Parker, Patrick and Williams",1984,Season top raise.,306abdfa-df26-47aa-8943-f8ec8d1d5589,Manningport,18-24,3,5,4
Mystery,"Parker, Patrick and Williams",1984,Season top raise.,10e7f09b-a930-4d6d-b5fd-336e20008ec6,Davidmouth,25-34,10,2,2
Mystery,"Parker, Patrick and Williams",1984,Season top raise.,aed8bebb-b746-47ca-8d89-98f562696264,Thompsonville,Under 18,7,2,2
Mystery,"Parker, Patrick and Williams",1984,Season top raise.,f90e1a75-e782-4337-8ba9-700338411848,Sethberg,45-54,5,3,3
Mystery,"Parker, Patrick and Williams",1984,Season top raise.,501436ef-d6ca-44c3-b183-419e7f981139,South Brenda,35-44,3,3,3
Science Fiction,Diaz-Giles,1979,Avoid sport run.,6d54b81a-6e25-4a15-8085-db63b0fb4371,Brandonbury,45-54,1,5,2
Science Fiction,Diaz-Giles,1979,Avoid sport run.,d365927b-d92c-4154-9863-0860185b62f8,Leeshire,55+,1,2,4
Science Fiction,Diaz-Giles,1979,Avoid sport run.,a385186b-ad7a-4d76-aae4-0c03f5722db6,Sharonbury,Under 18,10,3,4
Science Fiction,Diaz-Giles,1979,Avoid sport run.,400d1f65-7d8a-4f76-9cc4-97966ce08dca,East Tiffanyview,55+,2,5,3
Science Fiction,Diaz-Giles,1979,Avoid sport run.,7be4002c-e4cc-47fb-b6b8-c10af420a771,East Tracy,18-24,1,1,4
Science Fiction,Diaz-Giles,1979,Avoid sport run.,aa9d3902-4f35-4264-9422-a869752f0834,Michaelshire,Under 18,6,4,4
Science Fiction,Diaz-Giles,1979,Avoid sport run.,552d20f1-541e-44c9-ac18-d055dcfceb13,New Alicia,25-34,2,5,5
Fantasy,"Hayes, Woodward and Rodriguez",1962,Ball science kitchen.,b1b2006c-f2d8-4d71-9f67-b8c152c966f0,South Katiefurt,45-54,3,1,2
Fantasy,"Hayes, Woodward and Rodriguez",1962,Ball science kitchen.,64d727a3-b123-49e4-8cc2-ffaa0e2ae95e,Jacksonport,18-24,1,5,2
Mystery,Rasmussen and Sons,2017,Indicate exactly.,e01a9c0d-aedd-4463-80f5-4cd118769998,Acevedoview,Under 18,7,3,3
Mystery,Rasmussen and Sons,2017,Indicate exactly.,c1623441-61ed-4a33-a25f-1978404da88b,South Jacquelineshire,55+,8,1,4
Mystery,Rasmussen and Sons,2017,Indicate exactly.,d224ce86-0c85-4e9e-8f56-34f53f6bab9d,Lake Cody,18-24,5,3,5
Mystery,Rasmussen and Sons,2017,Indicate exactly.,fb2271c6-a7ad-49be-94e6-796e85e9a30c,Jesseburgh,55+,3,5,2
Mystery,Rasmussen and Sons,2017,Indicate exactly.,8efe0b6f-9b59-4910-a5e5-c59dd50eb0a9,Joshuaview,Under 18,1,2,5
Mystery,Rasmussen and Sons,2017,Indicate exactly.,a6be64b4-2b02-4cb6-a4f5-18529a4f2e23,East Darren,45-54,8,2,2
Mystery,Rasmussen and Sons,2017,Indicate exactly.,79cc2c9f-7ace-4ccb-9f66-49cd1aa097d6,Port Ivantown,Under 18,2,2,1
Non-Fiction,Barnett LLC,1985,Dog watch future.,9c897203-b49a-4640-a50d-a87619e985bc,Kristinville,55+,4,3,5
Fantasy,Contreras Inc,2005,Common not language.,47fab38a-707b-4c05-8f19-8168d51d1b0a,Port Teresaville,35-44,10,3,1
Fantasy,Contreras Inc,2005,Common not language.,edae5757-0231-4186-bde4-0e72143a0d51,East Brianmouth,35-44,1,4,5
Fantasy,Contreras Inc,2005,Common not language.,29fc088a-ee9d-4008-bc87-0aa6cabb38d1,Port Cheryl,45-54,6,5,1
Fantasy,Contreras Inc,2005,Common not language.,d6a60212-9a44-48e1-9453-3e298dceeea9,Port Ashleyside,Under 18,6,2,3
Fantasy,Contreras Inc,2005,Common not language.,c615d98f-6651-4253-ab15-ab0240a9d6be,South Rachelland,35-44,3,1,5
Fantasy,Contreras Inc,2005,Common not language.,5b0361d2-a0da-4590-8088-01b7f7dfd069,North Joseph,Under 18,6,5,4
Fantasy,Contreras Inc,2005,Common not language.,46c8c078-240c-4a8f-a9b0-0bc27be2bcaa,Lisaville,35-44,7,2,5
Fantasy,Contreras Inc,2005,Common not language.,6006c2b6-aea0-48f4-bfc3-180d662199f4,East Courtney,Under 18,7,5,5
Fantasy,Contreras Inc,2005,Common not language.,8fa37bc0-6ad8-44bd-a2e8-bec32a074ffe,West Tonya,Under 18,2,3,5
Fantasy,Contreras Inc,2005,Common not language.,a4767b36-1ce3-4c08-be7b-5ad62564f992,New Kimberly,Under 18,7,5,4
Mystery,Mitchell-Khan,2014,Movement country.,4139673e-3691-49f1-91f4-d95dd1b7b82d,South Juliemouth,Under 18,1,2,3
Mystery,Mitchell-Khan,2014,Movement country.,ecb0df4b-f062-479b-9435-99fc806c48a4,West Suzanne,55+,5,1,4
Mystery,Mitchell-Khan,2014,Movement country.,b0ff181d-608c-4d30-aa74-efb11d12f565,East Darlenebury,18-24,6,5,3
Mystery,Mitchell-Khan,2014,Movement country.,f7b9fe0f-b885-4512-bdf6-4a4e702357fd,Omarbury,45-54,9,3,1
Mystery,Mitchell-Khan,2014,Movement country.,1533744d-4c12-4dff-8ba1-a056639efc66,South Brianchester,35-44,6,4,2
Mystery,Mitchell-Khan,2014,Movement country.,f63943ea-c312-45a2-8ab4-11f879f71f4e,New Clayton,25-34,4,2,3
Mystery,Mitchell-Khan,2014,Movement country.,663a5633-2b53-469e-a51e-057cac967bd9,Christianbury,18-24,7,2,2
Mystery,Mitchell-Khan,2014,Movement country.,08673c01-e712-4179-b1dc-158138bee7ba,Morenofort,55+,10,5,4
Mystery,Mitchell-Khan,2014,Movement country.,71b49e33-1df1-4c89-8a13-52bbcef5055f,Joshuaborough,25-34,10,2,3
Mystery,Mitchell-Khan,2014,Movement country.,094263d8-6b5a-42ce-98e4-3b4820308d5f,Barryview,Under 18,10,3,4
Fantasy,Brown Inc,1956,Day indeed fish.,66de8457-e189-42e2-b009-c7f3fc61e64d,Aaronmouth,35-44,1,4,4
Fantasy,Brown Inc,1956,Day indeed fish.,8ecb5c4e-f660-4f67-b847-f071d2cf8060,Stricklandchester,55+,3,5,3
Fantasy,Brown Inc,1956,Day indeed fish.,31237a9f-1c9e-4191-a62b-c7a7fb0a0798,East Ericborough,Under 18,6,4,4
Fiction,Newton-Flynn,1956,Wait by.,8820e8b5-e61d-49ce-afc5-9c3f150672ee,South Brianville,Under 18,9,3,3
Fiction,Newton-Flynn,1956,Wait by.,ec73824f-52ca-403e-85e2-3ba8739b0154,Michaelburgh,25-34,9,5,5
Fiction,Newton-Flynn,1956,Wait by.,5c632d8b-d735-4a22-89de-a91a80cc9f2f,Boyerchester,25-34,10,3,1
Fiction,Newton-Flynn,1956,Wait by.,19db7b13-177c-4093-a485-c5034306afb7,North Gregory,35-44,6,1,5
Fiction,Newton-Flynn,1956,Wait by.,0a6b9889-87fd-40df-be1a-8c998cca5429,Harrisfurt,25-34,7,3,4
Fiction,Newton-Flynn,1956,Wait by.,f6c35afc-59e3-4ca3-995b-f43bed87bd6e,East Cory,25-34,4,5,4
Fiction,Newton-Flynn,1956,Wait by.,27fd2e43-7892-4f3b-8eda-182f81a3d673,Ashleyshire,25-34,6,1,1
Fiction,Newton-Flynn,1956,Wait by.,dd5489ab-9adf-48e2-ac9d-045902b6a83e,Hallshire,35-44,2,1,2
Science Fiction,"Hurley, Russell and Johnson",1988,No plant stuff.,831c36ae-c933-4a94-8edc-22f0ee045d7f,East Bradleyview,45-54,10,4,3
Science Fiction,"Hurley, Russell and Johnson",1988,No plant stuff.,dd1698c9-30bd-43f5-8d9b-648be466c6de,Medinaville,18-24,5,3,3
Science Fiction,"Hurley, Russell and Johnson",1988,No plant stuff.,1610ee57-5661-4eff-bfb8-175a89eae5bb,Holtchester,55+,4,4,5
Science Fiction,"Hurley, Russell and Johnson",1988,No plant stuff.,e60c67ea-da44-428d-b0fe-81d44ef33366,Cindyton,18-24,7,5,5
Science Fiction,"Hurley, Russell and Johnson",1988,No plant stuff.,eda66c27-db7c-4bbb-ad7b-a0050cded347,West Hectorshire,35-44,7,3,5
Science Fiction,Quinn-Allen,1969,Ball.,39143b61-0e8f-4bd5-af79-0a12f8bc44cd,Hopkinsbury,45-54,4,5,3
Fiction,"Rosario, Tucker and Byrd",2016,Lose view represent.,4f315a24-4faf-4d30-8d56-86a089676963,Lake Samantha,35-44,10,4,4
Fiction,"Rosario, Tucker and Byrd",2016,Lose view represent.,8572d5a7-8a6d-4bf1-8dfa-eebcad3f42ec,New Melaniechester,25-34,9,1,5
Fiction,"Rosario, Tucker and Byrd",2016,Lose view represent.,62231e33-e7d9-461d-bda7-e7dccc3a6b5d,Luisview,35-44,3,5,5
Fiction,"Rosario, Tucker and Byrd",2016,Lose view represent.,c87fad5c-8873-425d-81a6-2caf7bf11260,Lake Justin,55+,5,5,1
Fiction,"Rosario, Tucker and Byrd",2016,Lose view represent.,18ea7fe0-2a69-4e03-b1be-c9e357eb16d1,Angelaside,Under 18,7,5,1
Fiction,"Rosario, Tucker and Byrd",2016,Lose view represent.,79f02938-188b-4ed4-9e70-d332149b372e,Weberberg,Under 18,8,1,4
Fiction,"Rosario, Tucker and Byrd",2016,Lose view represent.,7335c874-34fe-43a7-a12a-36c019539eee,New Jennifer,35-44,4,5,5
Fiction,"Rosario, Tucker and Byrd",2016,Lose view represent.,985e5acb-45b9-4ec0-ba91-12b72753d47e,Lauratown,25-34,9,4,3
Fiction,"Rosario, Tucker and Byrd",2016,Lose view represent.,c4696b4a-88dd-4dcd-a89b-bab90ac2d7c3,New Hannah,18-24,10,4,1
Fiction,Barrett PLC,2019,According.,381a2fdc-a987-4997-a9a0-ebfd36934b08,Kennethhaven,25-34,3,1,1
Fiction,Barrett PLC,2019,According.,a0cddd6c-c30a-4c07-ae1b-1eaa35666ed1,Kellyton,25-34,6,1,1
Fiction,Barrett PLC,2019,According.,495c25a4-d285-4366-b385-84bfecba1351,West Dianeshire,Under 18,4,5,2
Fiction,Barrett PLC,2019,According.,f4dcf5cb-2114-412e-b883-3e990ed95cf4,New Brittanyland,35-44,4,5,2
Fiction,Barrett PLC,2019,According.,6e9c225c-55ae-42b3-b46e-fcaf70b6a7af,Brandonfurt,45-54,8,5,4
Fiction,Barrett PLC,2019,According.,1f171249-b79b-4d89-aa96-95863a829754,New Ryanstad,55+,10,3,5
Non-Fiction,Marquez LLC,2017,Direction close environment.,8bf4eff2-9fe8-4e4c-9968-42cea4bfc64b,South Sharonchester,45-54,2,3,2
Non-Fiction,Marquez LLC,2017,Direction close environment.,eb6fa443-ff9c-48e4-aee3-70537c6cd2af,Michaelfort,18-24,10,2,5
Non-Fiction,Marquez LLC,2017,Direction close environment.,ca635d8c-ffd7-43be-abea-52a6e7587540,Michelemouth,55+,7,3,3
Non-Fiction,Marquez LLC,2017,Direction close environment.,d3214035-c103-4735-8ca5-72aa57a8c631,Robertsshire,45-54,2,1,4
Fantasy,Lyons-Decker,2009,Drop seat throughout campaign.,0f526336-bf2c-463e-9490-61e6ee1bce3f,Guzmanborough,55+,10,5,2
Fantasy,Lyons-Decker,2009,Drop seat throughout campaign.,45dc836f-6491-4b32-83de-be4488e49a20,North Ruben,25-34,10,1,3
Fantasy,Lyons-Decker,2009,Drop seat throughout campaign.,4aba4f5f-35a8-4dd7-b301-8ae57fb8d0e3,Claytonmouth,55+,7,2,2
Fantasy,Lyons-Decker,2009,Drop seat throughout campaign.,8e6c2d9c-e5eb-4635-bf3b-0f48b147632c,West Carol,25-34,7,2,1
Fantasy,Lyons-Decker,2009,Drop seat throughout campaign.,ca1339a4-fe9d-4559-9038-3d7831ec679a,Sandraport,35-44,7,3,5
Fantasy,Lyons-Decker,2009,Drop seat throughout campaign.,85a139a3-8bd7-401d-beef-54a09260baca,West Jonathanchester,45-54,1,1,3
Fantasy,Velasquez and Sons,1968,Enter suffer bar.,e3395885-08c1-435d-a1be-3a5b96db119a,South Christopherburgh,25-34,9,2,2
Fantasy,Velasquez and Sons,1968,Enter suffer bar.,5fcfeb1c-36c7-4f4b-94ed-75c9bfcb7afb,Angieshire,Under 18,6,5,1
Science Fiction,Warren-Medina,2007,Executive job home address.,fce6a65e-8dee-40a5-8949-2b770d231862,Patriciaside,45-54,5,2,4
Science Fiction,Warren-Medina,2007,Executive job home address.,7cde6719-2da8-4e0a-8b22-ec73b5ba02c3,Rodriguezville,25-34,1,3,4
Science Fiction,Warren-Medina,2007,Executive job home address.,8c4355fa-ac7c-41d1-9770-9016c296d557,North Becky,35-44,1,2,1
Science Fiction,Warren-Medina,2007,Executive job home address.,f720a881-615d-4341-9f12-07f7b14a6f69,South Robert,35-44,4,3,3
Science Fiction,Warren-Medina,2007,Executive job home address.,5bd4b9da-6e5f-483b-8f8f-80bf4eb1b7f0,Lake Joseph,55+,2,1,1
Science Fiction,Warren-Medina,2007,Executive job home address.,9a80a493-b61b-46eb-b694-7672535a18ef,East Andrewmouth,45-54,8,1,1
Fiction,"Nelson, Riley and Lewis",1992,Themselves choice owner.,73e0ed28-f1ad-4e78-89c8-0452af75f081,South Elizabethchester,55+,2,5,4
Fiction,"Nelson, Riley and Lewis",1992,Themselves choice owner.,ac746b46-c0bb-4ef2-b7e7-c4740521c750,Lake Robert,18-24,5,3,2
Fiction,"Nelson, Riley and Lewis",1992,Themselves choice owner.,86360514-d0ea-4ba6-8650-740596acd393,Williamsonton,25-34,5,3,2
Fiction,"Nelson, Riley and Lewis",1992,Themselves choice owner.,03cbd9a6-7255-46bb-80c1-61e44d389710,West Joseph,45-54,4,3,5
Fiction,"Nelson, Riley and Lewis",1992,Themselves choice owner.,dcfaa3cb-2b69-41d5-8cda-81c7f13cc580,Normaside,55+,4,5,3
Fiction,"Nelson, Riley and Lewis",1992,Themselves choice owner.,2d9d042f-51c3-473b-aad9-10be3df76de2,Rodriguezfurt,55+,7,4,5
Fiction,"Nelson, Riley and Lewis",1992,Themselves choice owner.,e14837f1-11cf-4bd9-b6ec-1dfa9497bd91,Michelleside,55+,9,2,1
Fiction,"Nelson, Riley and Lewis",1992,Themselves choice owner.,ead4f506-106c-4ab7-a15a-fb1dc46f97e4,Brownhaven,25-34,7,3,3
Fiction,"Nelson, Riley and Lewis",1992,Themselves choice owner.,f32ce976-cde5-40f8-ad6d-8217c95534ac,North Robertview,25-34,2,2,1
Non-Fiction,Stone-Smith,2012,Young gas free.,f580d4b2-d715-4cb7-9c4a-ea562b7c97c4,West Patrickview,45-54,2,4,1
Non-Fiction,Stone-Smith,2012,Young gas free.,87c8bc4a-f4a0-45ee-8ed0-6edb4b565df3,South Lauraberg,Under 18,6,5,2
Non-Fiction,Stone-Smith,2012,Young gas free.,b06dd1de-73e0-41bb-a25f-40fef4dc34f5,East Susanbury,18-24,6,1,3
Non-Fiction,Stone-Smith,2012,Young gas free.,afb957d2-eb8d-4d1f-9a15-442e91dc2f91,Douglasborough,25-34,5,2,2
Mystery,Davis Ltd,1961,Meet across reach.,6854d946-9a23-44dd-8c7a-1fa1796202ca,Lisashire,25-34,7,1,5
Mystery,Davis Ltd,1961,Meet across reach.,5cf326b6-9e19-40ef-988a-ae4999142d09,Lake Omarstad,35-44,1,5,2
Mystery,Davis Ltd,1961,Meet across reach.,a32602ec-ceb7-4858-9353-2c956044ebdd,Markfurt,25-34,5,4,1
Mystery,Davis Ltd,1961,Meet across reach.,937fb5ed-cc1f-48e1-a651-ef48e50ee54e,Vanessaburgh,18-24,5,4,5
Fiction,"Kennedy, Thomas and Walter",1971,Report receive phone.,1da4b827-c6d8-4425-8a3e-c75869d626b9,Delgadoberg,45-54,6,5,3
Fiction,"Kennedy, Thomas and Walter",1971,Report receive phone.,61eca96f-6350-464d-a120-1bf48ef54fe4,Lopezfurt,18-24,5,4,5
Fiction,"Kennedy, Thomas and Walter",1971,Report receive phone.,5976af3a-aa89-4fdc-8d0f-e1fa12d5de77,Matthewview,Under 18,3,2,2
Fiction,"Kennedy, Thomas and Walter",1971,Report receive phone.,4627290c-2902-4bff-b3d6-0e2ef08a9312,New Rachael,45-54,5,4,1
Fiction,"Kennedy, Thomas and Walter",1971,Report receive phone.,9e3e9713-cfb0-419c-a26b-cd3bff90398a,East Paulland,35-44,5,1,2
Fiction,"Kennedy, Thomas and Walter",1971,Report receive phone.,91964d2b-c6af-4c6f-a135-299b178f6d42,Jesseville,55+,10,3,4
Fiction,"Kennedy, Thomas and Walter",1971,Report receive phone.,79f27a14-69be-4e2c-a55d-d2e18d921961,East Joseph,35-44,3,2,5
Fiction,"Kennedy, Thomas and Walter",1971,Report receive phone.,1b74e7db-53ff-4884-b19d-7d878396a9aa,East Jeanette,55+,7,1,4
Fiction,"Kennedy, Thomas and Walter",1971,Report receive phone.,e3edfed4-53f2-4a6c-bc7f-0ba291b098af,Lake Kellytown,18-24,8,2,2
Science Fiction,Byrd-Davis,2003,Wife throw.,b4a8a574-6f72-4827-ad74-86c4822475fa,Williammouth,55+,7,5,5
Science Fiction,Byrd-Davis,2003,Wife throw.,79c0a2be-bd1d-4c07-8f7e-a242c8113b6c,Sarahberg,35-44,5,5,3
Science Fiction,Byrd-Davis,2003,Wife throw.,86b1ee3c-6efc-4e8f-bf94-ff77bc7707c3,Whitestad,25-34,4,1,3
Science Fiction,Rios PLC,1960,Admit church moment.,cc412ce2-d5a0-42b2-b960-8533ce434392,Watkinsborough,Under 18,4,4,1
Science Fiction,Rios PLC,1960,Admit church moment.,3bc74260-ca7e-48c8-a258-2614429fa204,Lake Charlesshire,35-44,2,5,3
Science Fiction,Rios PLC,1960,Admit church moment.,57bea7bf-ae1a-48f0-92a5-35eb1b8556ff,New Michelle,Under 18,4,4,3
Science Fiction,Rios PLC,1960,Admit church moment.,d976794e-331d-4b1e-8285-937416363b18,Port Shawnport,35-44,8,2,4
Science Fiction,Rios PLC,1960,Admit church moment.,b1a4a5af-dc57-4a85-8ba5-36347214b821,New Lisa,35-44,8,3,4
Science Fiction,Nguyen-Barnes,1980,Officer throughout special accept.,6716def4-8ee2-4c5e-b76d-aa923ceaa6b4,North Graceshire,18-24,5,1,4
Science Fiction,Nguyen-Barnes,1980,Officer throughout special accept.,484a42e9-69dc-4107-8956-ddab7c159644,Dillonberg,Under 18,3,3,2
Science Fiction,Nguyen-Barnes,1980,Officer throughout special accept.,41f4b3f0-babe-4147-9a46-7f5d56c2a008,South Cody,55+,4,2,3
Science Fiction,Nguyen-Barnes,1980,Officer throughout special accept.,74b03226-f243-49c3-b8dc-855cda07e7c3,Wrighttown,35-44,6,2,2
Science Fiction,Nguyen-Barnes,1980,Officer throughout special accept.,d01fae8c-5a2b-4813-aa96-0632807f04c8,Port James,Under 18,2,4,2
Science Fiction,Nguyen-Barnes,1980,Officer throughout special accept.,e8f18f85-0775-44a1-bb0a-d66c0881ef95,Port Daniel,18-24,7,3,1
Fiction,Obrien Group,1972,Hair admit.,b23bcb77-d75e-49fb-ad27-f21a04e08dd1,Nicolemouth,Under 18,10,4,1
Fiction,Obrien Group,1972,Hair admit.,8cabafdd-77e1-4e2c-8c88-5e7613a51e00,Lake Diane,25-34,7,2,1
Fiction,Obrien Group,1972,Hair admit.,60bffef7-37a8-44fe-9996-5470f04c9877,Kellyview,45-54,6,2,2
Fiction,Obrien Group,1972,Hair admit.,02ee3689-88c8-4b45-9439-b80b28915c06,Aguilarborough,55+,9,1,1
Fiction,Obrien Group,1972,Hair admit.,25ee0229-f38e-4f94-867c-f7e87b2e7a06,Port Katherine,18-24,6,1,5
Fiction,Obrien Group,1972,Hair admit.,1e7aac30-3620-4cd2-8e82-5f607cff9257,North Briannaside,25-34,7,5,2
Fiction,Obrien Group,1972,Hair admit.,266edfbc-83d2-41f1-9406-b1ff19598c43,North William,55+,5,3,4
Fiction,Obrien Group,1972,Hair admit.,37127547-fe24-4e7b-afb8-1582333859b6,Flemingchester,18-24,3,3,3
Fiction,Obrien Group,1972,Hair admit.,4f34b513-525f-4da6-8724-bb4605797277,North Kevin,45-54,4,5,2
Fiction,Obrien Group,1972,Hair admit.,2eb2151e-c5c4-4185-9d7d-74199d8eefd8,West Alexis,55+,9,4,4
Fiction,"Martin, Paul and Andrews",1955,For ten.,f7e64285-7517-45f6-b5cf-4d942722d79f,North Anthonyville,45-54,6,2,3
Fiction,"Martin, Paul and Andrews",1955,For ten.,7a3e781d-b002-43c3-9405-4675014c5de7,Parkhaven,35-44,8,1,4
Non-Fiction,Padilla Ltd,1974,Eat team.,2cd49507-5107-4c87-b014-41e31ebe0f8c,East Stevenview,18-24,3,5,3
Non-Fiction,Padilla Ltd,1974,Eat team.,c63e88fd-7ae0-47b6-aa99-56c5da09dd18,East Anthonymouth,35-44,1,3,2
Non-Fiction,Padilla Ltd,1974,Eat team.,ad38cdb8-566a-4063-97e8-33f5981ee821,East Stacy,55+,3,5,2
Non-Fiction,Padilla Ltd,1974,Eat team.,ac186665-db6f-48a9-a5a1-4e9e4c5851d2,Millerstad,25-34,3,3,1
Non-Fiction,Padilla Ltd,1974,Eat team.,b1659317-7e92-4607-9b02-7cdbfe99fa65,East Tiffany,35-44,10,1,4
Non-Fiction,Padilla Ltd,1974,Eat team.,5155ef68-1930-4bb9-85dd-ffbd96bd3180,Woodsview,45-54,10,4,1
Non-Fiction,Padilla Ltd,1974,Eat team.,200865d8-2db0-4b82-9be8-73fb7e4aba32,Ruthburgh,18-24,9,4,1
Non-Fiction,Padilla Ltd,1974,Eat team.,1cd05d35-5440-40ce-a3b4-35e5a987b69d,Lake Angela,55+,9,4,1
Non-Fiction,Padilla Ltd,1974,Eat team.,8f90f8aa-1f63-496a-b150-eb9e4a811369,Robertborough,25-34,5,4,5
Non-Fiction,Padilla Ltd,1974,Eat team.,d6d1086f-6703-423e-82e1-1de113b06eb1,Lake Jennifer,35-44,5,3,5
Non-Fiction,"French, Gutierrez and Burton",2019,Really service us.,1f774d05-03e7-428d-908a-701ff4def328,East Kathleen,35-44,5,3,5
Non-Fiction,"French, Gutierrez and Burton",2019,Really service us.,244fd35c-cadd-41e5-b3ce-a5160f31f079,Calderonborough,18-24,7,2,2
Non-Fiction,"French, Gutierrez and Burton",2019,Really service us.,d3d74009-eb2a-4394-b766-05aebeef9f85,Lindseyfort,45-54,7,2,4
Non-Fiction,"French, Gutierrez and Burton",2019,Really service us.,39c54805-d843-47e9-a7a7-7f4a83e8c065,West Lauren,35-44,10,3,1
Non-Fiction,"French, Gutierrez and Burton",2019,Really service us.,95aa56f6-d419-435b-b52f-b06cdf982856,South Jessica,Under 18,7,1,5
Mystery,Walter and Sons,2007,How model wear.,c9fa6a30-5b04-423f-ae79-cd3ff7c6b297,Portermouth,45-54,3,2,5
Mystery,Walter and Sons,2007,How model wear.,7b0542a4-c22e-4ad3-bda1-ee913a8bbcca,Fisherbury,35-44,8,4,5
Mystery,Walter and Sons,2007,How model wear.,c8e5b7bc-837b-4ceb-bfe0-f41e041dbe99,Barnestown,35-44,4,2,2
Mystery,Walter and Sons,2007,How model wear.,bc85019f-b00d-4dff-8e05-38086911d753,Rebeccafort,35-44,5,3,3
Mystery,Walter and Sons,2007,How model wear.,e481016b-7e92-4643-98ad-f131a64e0be4,Hallmouth,Under 18,10,2,3
Mystery,Walter and Sons,2007,How model wear.,63adebf1-f617-4c40-bfd0-0afb45db6f71,Derrickmouth,35-44,5,5,2
Mystery,Walter and Sons,2007,How model wear.,7ca6e6e6-9acb-4006-8a13-a8780294116d,Scottland,25-34,6,4,4
Mystery,Walter and Sons,2007,How model wear.,e6192841-6b61-4248-99b2-109cc2f5d8a9,Donnabury,45-54,6,5,3
Mystery,Walter and Sons,2007,How model wear.,46cc8f52-0a85-4abb-8cd0-de63791f286a,Markside,35-44,10,4,1
Mystery,Walter and Sons,2007,How model wear.,71ed795d-c02f-4939-a772-21ce9bfcb6b0,Dawsonport,35-44,6,5,1
Fiction,Davis-Rogers,1962,Research.,0b3ecc1d-361c-41e5-afdd-c42f0e58f2dc,Port Wayne,25-34,6,4,1
Fiction,Davis-Rogers,1962,Research.,59df401b-5e53-4141-8829-76b9d3f500bf,Andreaborough,Under 18,3,2,2
Fiction,Davis-Rogers,1962,Research.,8e7020ad-681c-417c-ad62-7a1d37cdbe18,Timothyview,55+,3,3,3
Fiction,Davis-Rogers,1962,Research.,e474925c-a793-480b-93f3-fac43b678c2d,Brownshire,25-34,7,2,1
Fiction,Davis-Rogers,1962,Research.,beaab1e2-a77c-490c-b921-dc15b4a9e2ae,South Dannyshire,18-24,3,3,4
Fiction,Davis-Rogers,1962,Research.,755c869f-bf42-4ac5-9e0a-db5dda794050,Michaelchester,18-24,9,4,3
Fiction,Davis-Rogers,1962,Research.,84de3df3-3322-4cc5-a8d0-3454ebb05d2c,Rosalesburgh,18-24,10,3,3
Fiction,Davis-Rogers,1962,Research.,db8bb55a-88f1-47e1-a18a-ac31432ec40e,Jackiechester,45-54,8,5,5
Mystery,"Hines, Robertson and Mckinney",1996,Best become.,847cc3ba-acc0-4306-ae2f-f7a153a5bb3d,Starkmouth,45-54,7,3,3
Mystery,"Hines, Robertson and Mckinney",1996,Best become.,cd961796-2f8f-4579-abd1-6bab5cca98d9,Kaylaberg,35-44,9,4,3
Mystery,"Hines, Robertson and Mckinney",1996,Best become.,8fcd0f1a-e3ea-4de4-bb84-e48447cf1436,Lake Katiechester,Under 18,3,1,4
Science Fiction,Simmons Ltd,1950,Draw imagine.,1aa10536-0fbe-4d77-9411-7d7b24ef493e,North Christopherland,45-54,2,1,3
Science Fiction,Simmons Ltd,1950,Draw imagine.,cd1867b2-ab40-4346-9d2b-e7044f1770bc,Johnsonbury,18-24,1,2,2
Science Fiction,Simmons Ltd,1950,Draw imagine.,8f3b3dd9-c2f5-4649-ae38-7260762a5604,East Lisashire,35-44,3,2,4
Science Fiction,Simmons Ltd,1950,Draw imagine.,aea16bfb-515e-4926-9fc7-f1edcd0f11af,West Stefanieland,55+,2,1,4
Science Fiction,Simmons Ltd,1950,Draw imagine.,25e6dfda-aa6e-4792-988f-41977848796d,Sydneymouth,25-34,10,5,5
Science Fiction,Simmons Ltd,1950,Draw imagine.,2ce5006b-2f06-4745-b139-66dc403e7781,Nathanbury,25-34,3,4,4
Science Fiction,Simmons Ltd,1950,Draw imagine.,0e2a65e1-c5d5-4a35-96cf-1d27a8b6b843,Taylorville,Under 18,6,2,2
Science Fiction,Simmons Ltd,1950,Draw imagine.,dd934152-1c4f-4821-9695-aa0db31a7bbc,Garystad,18-24,3,5,5
Science Fiction,Simmons Ltd,1950,Draw imagine.,28269ec6-b871-4d50-ac15-0c83562d2338,Lake Susan,25-34,7,1,2
Science Fiction,Simmons Ltd,1950,Draw imagine.,6130c713-6ebd-4175-9f28-41d75c521942,New Wesley,18-24,2,3,3
Science Fiction,"Douglas, Lopez and Johnson",1959,Student remain plant.,6bddb64d-a9aa-44e0-b1bc-3ef7cc033269,New Donald,55+,2,4,1
Non-Fiction,Bennett PLC,2011,Red because executive.,3f13f44c-f75c-4802-a59a-75f598b50576,Jeremychester,Under 18,7,1,2
Non-Fiction,Bennett PLC,2011,Red because executive.,5478e5c8-25a8-4f03-972d-636740dd03df,South Amberland,45-54,6,1,3
Non-Fiction,Bennett PLC,2011,Red because executive.,93d53bfc-ce2f-4dc1-87c3-169ea3cb39d3,Wolfborough,25-34,3,1,5
Non-Fiction,Bennett PLC,2011,Red because executive.,e3746f78-691b-4c5c-9bb3-38fb21bb6c22,New Ashleyville,Under 18,1,4,3
Non-Fiction,Bennett PLC,2011,Red because executive.,3a871f7d-560b-44c1-86a5-818840dc9050,South Oliviafurt,18-24,8,4,1
Non-Fiction,Bennett PLC,2011,Red because executive.,e641ec53-ddfa-4cb4-a798-aac283e3dff0,Jenniferton,45-54,1,3,2
Non-Fiction,Bennett PLC,2011,Red because executive.,6b187355-1504-405d-8609-ac941020de60,Sarahhaven,35-44,5,2,1
Non-Fiction,Bennett PLC,2011,Red because executive.,597f8464-d580-48a8-9828-15c7b0836eea,Heatherburgh,18-24,7,4,4
Non-Fiction,Bennett PLC,2011,Red because executive.,ea2cad37-9789-4887-9d92-59dd86a57cf1,Port Susan,45-54,3,1,1
Non-Fiction,Bennett PLC,2011,Red because executive.,67639356-71bf-4fae-abf5-cb775e901122,Kyliestad,Under 18,8,3,5
Fantasy,Scott-Pacheco,2016,Book benefit board.,8b54be1f-255e-47b3-bd5d-af4c87a49188,North Amberfort,55+,7,5,1
Fantasy,Scott-Pacheco,2016,Book benefit board.,35501cc3-a1d9-4328-99f0-4e25b96f8b1f,East Michealview,Under 18,6,2,1
Fantasy,Scott-Pacheco,2016,Book benefit board.,b0115ed9-6bd5-4668-8b84-d4bbeb5e770a,South Scott,Under 18,3,3,2
Fantasy,Scott-Pacheco,2016,Book benefit board.,9f05332c-e20b-4d9d-9d50-bfa661c47b47,South Barbarafort,Under 18,1,3,1
Fantasy,Scott-Pacheco,2016,Book benefit board.,606fab90-5790-42bf-b6c5-c66a9365b132,Johnsonview,55+,8,5,1
Fantasy,Scott-Pacheco,2016,Book benefit board.,cfda3eb6-b1e9-4680-a869-46eb184e9372,Harringtonmouth,Under 18,6,2,1
Fantasy,Scott-Pacheco,2016,Book benefit board.,3b500dcf-9bb9-47e1-8d1d-d71049a007d2,West Karen,55+,10,3,4
Fantasy,Scott-Pacheco,2016,Book benefit board.,c9478a9b-508c-4921-b72a-e3b41def2668,Kyletown,18-24,1,3,5
Fantasy,Scott-Pacheco,2016,Book benefit board.,ebfad510-cd7b-4d83-9765-b12443841bcd,New Jason,45-54,9,2,5
Fantasy,Scott-Pacheco,2016,Book benefit board.,a4d6d274-ad44-48fd-9dc6-ebd59111f0d4,Lake Brenda,18-24,10,5,1
Fantasy,Norris-Martin,1989,Summer against.,b23c701f-2cf6-4c1a-9067-c020d229c6dc,Martinezberg,18-24,5,1,2
Fantasy,Norris-Martin,1989,Summer against.,df2f4ab3-ea41-4c6f-93ee-e2b2faa382fc,Caldwellport,35-44,2,1,3
Fantasy,Norris-Martin,1989,Summer against.,dea5e71c-c64a-4d8d-b04d-6e2a5cf83912,Natashaton,25-34,1,3,5
Fantasy,Norris-Martin,1989,Summer against.,e02ebc69-8099-4984-b17c-73b2639c4ad0,West George,45-54,1,1,5
Fantasy,Norris-Martin,1989,Summer against.,313cf329-2eb7-44da-952f-76d571ab4b37,Port Emilyville,35-44,1,1,1
Fantasy,Norris-Martin,1989,Summer against.,1f8e4de3-eb59-493f-84ca-ecd6f5f03084,South Suzanneshire,25-34,2,1,4
Science Fiction,"Manning, James and Jacobson",1971,This music along.,8b395a69-d9f7-4c1b-a8dd-86898e40886d,Ferrellville,45-54,2,4,5
Science Fiction,"Manning, James and Jacobson",1971,This music along.,2e8dc346-50df-4cfe-af69-89590a997d42,Port John,35-44,4,4,4
Science Fiction,"Manning, James and Jacobson",1971,This music along.,9ee81ec8-9b85-4fd3-b6f7-f0260efa0930,South Geraldberg,45-54,7,2,5
Science Fiction,"Manning, James and Jacobson",1971,This music along.,7e413975-5810-4877-bd07-c13f5131e1db,Ayalabury,Under 18,7,5,1
Science Fiction,"Manning, James and Jacobson",1971,This music along.,0e9c5f7c-5c50-465a-8c75-04fe6ba94cab,Murraystad,18-24,4,4,2
Fiction,Peck Group,1962,Something mouth.,61eca599-91e1-48cc-a7ea-00dfe827091f,West Stevenhaven,35-44,9,1,5
Mystery,Henderson Ltd,2007,Official camera ever.,57e217de-7124-44f8-83c1-d85b71d0a3e0,Briantown,25-34,8,2,1
Mystery,Henderson Ltd,2007,Official camera ever.,f4f8eaff-652e-4564-bae5-4e5b0257b832,New Raymond,18-24,4,5,1
Mystery,Henderson Ltd,2007,Official camera ever.,3c1d7044-5fa4-4033-82fe-c1cd8a24b581,West Stephen,55+,9,5,2
Mystery,Henderson Ltd,2007,Official camera ever.,a73b7cfc-c113-4b2d-8e2e-819c1ef5fb80,New Denise,25-34,3,2,5
Fantasy,Smith and Sons,1971,Heart section environmental.,2716d88c-defc-4e21-bc8e-dcaf9fb46bdf,Ethanton,18-24,2,3,3
Fantasy,Smith and Sons,1971,Heart section environmental.,e9e7d4cf-b195-4e93-9994-ae6af8b74610,Wrightborough,Under 18,6,3,2
Fiction,Reynolds-Harrington,1972,Agree.,015f84cc-50aa-4c2f-a5a6-a61a4475e420,New Philip,25-34,6,4,2
Fiction,Reynolds-Harrington,1972,Agree.,298ab72e-d8fe-4fa4-bf65-c17a191cc1c9,Stephanieside,45-54,10,3,5
Science Fiction,Santos-Rodriguez,1965,List enjoy lay.,cc65e325-19d9-49f0-b942-6ae0eb811f23,West Tammyshire,55+,7,4,2
Science Fiction,Santos-Rodriguez,1965,List enjoy lay.,a46570a7-7943-400b-aa9f-772b6113a10c,Lake Kayla,25-34,9,3,1
Science Fiction,Santos-Rodriguez,1965,List enjoy lay.,88bbd5ae-f78e-4a11-b85d-465361a1762f,Danielville,18-24,2,5,2
Science Fiction,Santos-Rodriguez,1965,List enjoy lay.,96e5e32b-3bd2-46d9-929e-9b1dec5b7cbc,North Heathermouth,Under 18,6,4,2
Science Fiction,Santos-Rodriguez,1965,List enjoy lay.,21e20692-8179-46fd-9d45-406ba6be63ed,Beasleystad,Under 18,5,3,1
Science Fiction,Santos-Rodriguez,1965,List enjoy lay.,f3d29486-e8c0-443e-bbba-1279320f6bbe,West Staceyport,Under 18,9,4,2
Science Fiction,Santos-Rodriguez,1965,List enjoy lay.,b03ad60d-fbec-46e6-8a6b-5c0dfd22216b,West Bonniefurt,Under 18,1,4,4
Science Fiction,Santos-Rodriguez,1965,List enjoy lay.,2a1d0e38-988f-4257-9a82-343babfdc050,Kimview,35-44,2,2,2
Science Fiction,Santos-Rodriguez,1965,List enjoy lay.,04657238-5eae-4945-89b9-8158461f1cc4,West Thomas,35-44,6,1,1
Non-Fiction,"Myers, Ruiz and Thompson",1997,Such system vote.,4c62ac6a-5f49-47bd-98c3-4fe6d8b2626b,Cristinabury,35-44,10,4,3
Non-Fiction,"Myers, Ruiz and Thompson",1997,Such system vote.,19964eb8-1fe2-498c-8013-64ffb69561e7,Stoneside,18-24,6,2,2
Non-Fiction,"Myers, Ruiz and Thompson",1997,Such system vote.,9353753b-6656-49cc-ba12-0340bcd0102a,Alvareztown,25-34,9,1,1
Non-Fiction,"Myers, Ruiz and Thompson",1997,Such system vote.,bfdc01f4-e8ab-45a0-bdf3-491894f2a1d6,South Brianchester,Under 18,2,1,2
Non-Fiction,"Myers, Ruiz and Thompson",1997,Such system vote.,9e6d10d4-7cc7-4c24-816e-a4911aa12238,West Michael,55+,1,2,2
Non-Fiction,"Myers, Ruiz and Thompson",1997,Such system vote.,a9007892-289e-4586-a604-50965732c606,Lisabury,25-34,1,3,3
Non-Fiction,"Myers, Ruiz and Thompson",1997,Such system vote.,f0eb2ba4-7453-4b9e-bb63-dbb45a9e2633,South Brian,55+,2,2,5
Non-Fiction,"Myers, Ruiz and Thompson",1997,Such system vote.,f286f665-7606-4ac2-93fc-d0170e6268fe,Jessetown,35-44,1,4,1
Fantasy,"Munoz, Gross and Crawford",1966,Mrs.,647a2d50-d105-49af-aed3-6c98b54c8062,West Jacksonbury,25-34,5,5,5
Fantasy,"Munoz, Gross and Crawford",1966,Mrs.,dea6e80c-06aa-43c1-abeb-560a002a4bfa,Mckinneyshire,18-24,6,4,2
Fantasy,"Munoz, Gross and Crawford",1966,Mrs.,38a67442-f62f-4b05-93e3-a3e1842bf372,Johnsonburgh,Under 18,3,4,5
Fantasy,"Munoz, Gross and Crawford",1966,Mrs.,c5edf2e4-f177-4e90-80d8-c684fe5dd8a3,Cummingsshire,Under 18,1,5,2
Fantasy,"Munoz, Gross and Crawford",1966,Mrs.,fc260034-63e2-44c1-9160-2519dc12851e,Barbaraton,55+,3,4,2
Fantasy,"Munoz, Gross and Crawford",1966,Mrs.,a0a01c8c-d5b0-4f7a-8f69-274e37a6fec0,East Kevinmouth,55+,3,4,5
Fiction,Carter LLC,1960,Far evidence.,69a32287-98c0-4a33-b0ce-e974b9714cd2,South Jessica,18-24,9,3,4
Fiction,Carter LLC,1960,Far evidence.,ae648dab-f34c-44fa-97eb-3335673827df,Goodmanberg,Under 18,1,2,4
Non-Fiction,"Taylor, Fuller and Levy",1950,Hit newspaper seven.,7e1aba4c-b62a-4d18-a205-89941c452149,Tracybury,18-24,10,3,2
Fiction,"Elliott, Ramirez and Adams",1983,Them indeed.,cf31410a-94f5-4d8b-a6ee-0328fc328790,Lake Douglasshire,18-24,3,2,5
Mystery,Campbell and Sons,1982,Life apply despite.,58c5e8bf-c5f5-4353-9021-7bfd6d4ce315,Lake Randy,35-44,7,2,1
Mystery,Campbell and Sons,1982,Life apply despite.,4709a382-a5ff-4e7f-b240-ca383bcb827a,Reneeville,45-54,4,4,2
Mystery,Campbell and Sons,1982,Life apply despite.,0bae7d5c-ae2c-40fe-a7ef-037c319eb0ae,Lake Wendyville,18-24,5,1,4
Mystery,Campbell and Sons,1982,Life apply despite.,4eaec130-1915-4845-ab96-b4303dd31130,East Randychester,55+,3,1,4
Mystery,Campbell and Sons,1982,Life apply despite.,f4dc6f92-50c5-491d-9c36-c387c8fb566d,Patrickborough,Under 18,1,4,5
Science Fiction,Alvarado-Williams,1979,Exist model word.,6a8d3531-bfa7-4c4e-8eb7-3cb99d4f4ec4,Serranoport,35-44,5,3,4
Science Fiction,Alvarado-Williams,1979,Exist model word.,71c1dbe4-2fdc-4082-bba3-63f7a1c53985,New Christopherbury,45-54,2,3,4
Science Fiction,Alvarado-Williams,1979,Exist model word.,48b75c3b-eba1-41f4-9a1b-b7c2c2ccf9db,Walkerview,18-24,9,3,1
Science Fiction,Alvarado-Williams,1979,Exist model word.,7c6a2a33-6834-4f23-96af-38b9be757953,West Joseph,35-44,5,2,5
Science Fiction,Alvarado-Williams,1979,Exist model word.,7b1d55b9-f5e8-4e1b-bbce-a0b603e9e222,South Thomas,55+,4,1,1
Science Fiction,Alvarado-Williams,1979,Exist model word.,4ba96963-dc19-4438-afed-d32a9239af4c,Lake Nicoletown,25-34,1,4,4
Science Fiction,Alvarado-Williams,1979,Exist model word.,a6ddc5b9-ee34-4c70-9942-2adc448651a8,Port Robert,Under 18,2,5,1
Science Fiction,Alvarado-Williams,1979,Exist model word.,e4233051-4e5b-4011-9eba-fe7dc2b93cef,New Megan,45-54,10,2,1
Science Fiction,Alvarado-Williams,1979,Exist model word.,0e7d9d04-4480-42f4-8958-f74d2de9539b,Lake Jessica,18-24,6,5,1
Science Fiction,Alvarado-Williams,1979,Exist model word.,dbc523d9-d694-4964-903a-7b8824a2c3b5,New Julie,45-54,6,3,5
Science Fiction,Lewis Ltd,1991,Better hard him.,baa05f63-2e4f-483f-b7f0-23bdf15703b3,Lake Craig,18-24,8,1,5
Science Fiction,Lewis Ltd,1991,Better hard him.,3d99be27-1b30-4f9a-b142-6739650e70c2,New Kevin,55+,1,4,2
Science Fiction,Lewis Ltd,1991,Better hard him.,f31c3042-da86-4b31-bd1d-e5874b4dde83,West Matthew,45-54,5,4,1
Science Fiction,Lewis Ltd,1991,Better hard him.,150af4c5-4978-418d-9db2-b30863a75977,Krystalburgh,Under 18,2,2,3
Science Fiction,Lewis Ltd,1991,Better hard him.,66acd62b-2b72-498e-ab07-5c11c85c2368,Port Bryanmouth,25-34,10,5,4
Science Fiction,Lewis Ltd,1991,Better hard him.,80faf5fb-26c3-4585-b238-a142549b6ccd,Bellview,45-54,5,3,2
Science Fiction,Lewis Ltd,1991,Better hard him.,47d35535-a3e7-45f4-b1ae-66fde899d3de,East Laura,45-54,3,4,5
Science Fiction,Lewis Ltd,1991,Better hard him.,5329bea3-f8f9-4bb6-b0bf-9ac1e5c7d7b9,West Jessicaside,18-24,3,4,2
Science Fiction,Lewis Ltd,1991,Better hard him.,dbc00fb2-e344-44c4-9f16-4b3ec9ff5ede,New William,18-24,6,5,3
Science Fiction,Lewis Ltd,1991,Better hard him.,8e1548b6-0c4d-47cc-a350-f006f913ffa2,Carlaborough,45-54,7,5,4
Fiction,Leonard-Holmes,1996,Audience decide.,6afaa4e0-92d9-4b67-92bd-4d61c2119081,Port Jeffrey,25-34,10,5,1
Fiction,Leonard-Holmes,1996,Audience decide.,bb48e1cc-d551-474a-a1e7-322ed90fe45c,South Stephanieville,55+,6,3,3
Fiction,Leonard-Holmes,1996,Audience decide.,361f4bcf-9324-44ae-a1b5-5cbef3f58c1a,Port Victor,55+,5,3,3
Fiction,Leonard-Holmes,1996,Audience decide.,c6e72dfd-8c7c-4a74-b83c-fb5d9134ee7a,East Melissaberg,25-34,7,5,4
Fiction,Leonard-Holmes,1996,Audience decide.,394f0442-3827-4822-a933-f524af183073,Thomasshire,18-24,1,5,1
Fiction,Leonard-Holmes,1996,Audience decide.,68cd2ae1-b747-49c1-aa26-d56d469a8b5c,Coleport,18-24,2,2,2
Fiction,Leonard-Holmes,1996,Audience decide.,ba9fbe97-b686-43b3-8db4-8a53015b71f2,North Jillbury,25-34,3,3,1
Fiction,Bailey-Wright,1983,Year item.,6d5702b1-1444-4a01-bb9d-bb46bf9a7ca0,Port Jenniferchester,18-24,3,1,2
Fiction,Bailey-Wright,1983,Year item.,9e2801c6-0e56-4716-a338-672ecb98dbcb,Shannonville,18-24,1,5,3
Non-Fiction,"Washington, Young and Freeman",2016,Director opportunity price.,56ed6a58-38b4-484d-ba65-d29bee2d193f,Port Sydney,18-24,2,5,3
Non-Fiction,"Washington, Young and Freeman",2016,Director opportunity price.,0f6e3017-99e4-4b5e-8ca7-744fbc545f32,Port Matthew,45-54,7,2,5
Non-Fiction,"Washington, Young and Freeman",2016,Director opportunity price.,f22168f5-8d93-433c-bb01-a90f06f90d14,South Susanview,18-24,4,1,4
Non-Fiction,"Washington, Young and Freeman",2016,Director opportunity price.,1560024c-2fb1-4e42-a31c-a18b2cb6420b,East Nicholasfurt,55+,1,1,2
Non-Fiction,"Washington, Young and Freeman",2016,Director opportunity price.,d2576a4d-7909-4fda-9923-8a79c814d450,Port Rachelshire,45-54,8,5,5
Non-Fiction,"Washington, Young and Freeman",2016,Director opportunity price.,e219f139-d7fd-4946-92b7-afc726da7b99,Woodsfort,45-54,7,1,4
Non-Fiction,"Washington, Young and Freeman",2016,Director opportunity price.,4f1b120c-ab07-4024-8011-f2657b323c52,West John,55+,6,1,3
Non-Fiction,"Washington, Young and Freeman",2016,Director opportunity price.,6018a202-7e10-4eae-8a3d-d94325826735,East Pamela,Under 18,8,3,1
Fantasy,Wade Ltd,2003,Show mother.,be97bc2f-e9fb-4b5b-81f3-81ed58af2f37,Reneeburgh,35-44,1,1,2
Fantasy,Wade Ltd,2003,Show mother.,220ce035-1870-4652-bae2-f81f49930dd9,Loriberg,55+,9,2,4
Fantasy,Wade Ltd,2003,Show mother.,8121a818-26bd-4551-88b5-e47958d6df46,East Edward,35-44,5,5,4
Fantasy,Wade Ltd,2003,Show mother.,6eef5eae-b797-442d-97bd-ca7ec55484de,New Tinaborough,55+,10,3,2
Fantasy,Wade Ltd,2003,Show mother.,b72a3d34-493e-4398-b4e2-95de6a40bf4b,Desireeside,Under 18,8,1,5
Fantasy,Wade Ltd,2003,Show mother.,b5e74947-7253-4506-87b2-6f5b13498de2,East Carlosland,35-44,3,1,3
Fantasy,Wade Ltd,2003,Show mother.,b0f34f08-7208-424e-a46f-0a31c4c47119,Tiffanyborough,35-44,4,3,2
Fantasy,Wade Ltd,2003,Show mother.,68ab861d-d7d7-4f6c-8900-af8a50a11fb0,Samuelfurt,55+,7,4,2
Fantasy,Wade Ltd,2003,Show mother.,1d6ab20f-2558-4b4e-9239-931d071e6df1,Joneschester,18-24,9,3,1
Non-Fiction,Lloyd-Evans,1999,Difficult effect.,7aad0b7d-5f4b-4b6b-a793-64f9a7f515c6,North Matthew,35-44,3,3,3
Non-Fiction,Lloyd-Evans,1999,Difficult effect.,d4aa996c-599c-48c0-b9df-072d4ae39cbc,East Stacyport,55+,6,5,2
Non-Fiction,Lloyd-Evans,1999,Difficult effect.,833d8a5b-3d71-4549-abf9-476c41dce06f,Freybury,25-34,10,5,2
Fiction,Kidd-Rich,1965,Computer determine.,eef20f5c-4993-4d2b-ac25-5080d25646fd,Lake Julieburgh,25-34,1,5,4
Fiction,Kidd-Rich,1965,Computer determine.,2a5c8bca-23db-414e-94f5-becffad5c28a,Wandaton,35-44,5,1,4
Fiction,Kidd-Rich,1965,Computer determine.,04de0dd4-4dcf-4ed9-b4fd-b00df0ffa7b5,Davidtown,18-24,2,5,2
Fiction,Kidd-Rich,1965,Computer determine.,8d1ff2d1-a50e-4ae5-95f4-abd746d3518a,East Bradleychester,Under 18,9,5,1
Fiction,Kidd-Rich,1965,Computer determine.,5258788c-35a3-477b-8927-d6f05d531792,West Ethan,18-24,3,3,1
Mystery,Webster-Juarez,1960,Color present.,2af17be4-0b9d-4fde-ab9e-f6abeb187fd9,Port Jessica,25-34,10,1,3
Mystery,Webster-Juarez,1960,Color present.,c960bc11-6fa3-4a2a-a5a1-edb064cd9533,North Anne,45-54,6,2,2
Mystery,Webster-Juarez,1960,Color present.,9bb224e1-25cb-4516-9138-4948604ec343,Adamview,Under 18,10,4,1
Mystery,Webster-Juarez,1960,Color present.,89bc450e-0e75-423b-9cca-f473773ffff2,South Tonyaton,45-54,5,4,1
Mystery,Webster-Juarez,1960,Color present.,44b7ceac-2bcd-40f4-903c-32f9c8af9f8f,Danielsland,45-54,3,1,2
Mystery,Webster-Juarez,1960,Color present.,bfa31e8b-de48-4880-b897-63d84b098e8b,West Mary,35-44,10,2,3
Mystery,Webster-Juarez,1960,Color present.,1287e90f-e8e1-4162-b91f-edd2fda9dee2,New Cathy,45-54,9,4,3
Mystery,Webster-Juarez,1960,Color present.,33984e82-7e24-4410-bb2c-2016bda58922,Joannashire,18-24,8,3,5
Mystery,Ross LLC,1998,Product.,70ac7cad-bd37-4128-998b-656113a67991,Cookhaven,45-54,5,1,3
Mystery,Ross LLC,1998,Product.,c0f0ee09-4ced-410a-85e0-50ec7be4640c,Michaelview,45-54,7,1,1
Mystery,Ross LLC,1998,Product.,4071d3a4-f6de-4a40-8958-de3c43d1a231,South Natalie,55+,1,5,4
Mystery,Ross LLC,1998,Product.,d73ba584-2e07-4666-80f7-3863189e9e62,Lake Nicholasstad,55+,8,5,4
Mystery,Ross LLC,1998,Product.,df26f567-ec23-45e8-a6fa-0598cb017e8d,South Martin,45-54,6,3,3
Mystery,Ross LLC,1998,Product.,1ba115bf-2a26-42a8-b9ca-81fda2537ac5,Richardville,55+,6,1,1
Mystery,Ross LLC,1998,Product.,719f2e12-0c9a-46de-8102-c3f0db7acab0,Kinghaven,Under 18,7,2,3
Mystery,Ross LLC,1998,Product.,35c700ea-10f1-4201-bb4f-1c6facabca77,Velasquezhaven,45-54,6,1,2
Mystery,Fernandez and Sons,1968,Fact important rule.,6c28ac8b-47c7-4cb8-8740-cc0fc96757d9,Johnsonchester,25-34,9,5,2
Mystery,Fernandez and Sons,1968,Fact important rule.,05815e15-33e5-4612-ac02-fcca1b91f29a,North Meganport,Under 18,7,1,1
Mystery,Fernandez and Sons,1968,Fact important rule.,89198007-9eeb-4094-aa07-0670352b95fd,Steintown,18-24,1,5,3
Mystery,Gray Group,2023,Dog sort.,80119be8-087b-4964-87af-c8dc9221392e,Whiteland,45-54,9,1,5
Mystery,Gray Group,2023,Dog sort.,7120688b-e0ec-48ff-8c83-7e86d15102d2,West Johnberg,18-24,9,2,5
Mystery,Gray Group,2023,Dog sort.,369a10d9-ea4c-40b3-ad73-6e980a2154f0,Janechester,55+,6,1,3
Mystery,Gray Group,2023,Dog sort.,6794440d-8fb1-4585-9bc5-be9f9d1caa4b,Jonestown,35-44,1,1,5
Mystery,Gray Group,2023,Dog sort.,dc174c9b-cb8c-4e41-b716-16d39ca02931,Lake Mary,18-24,2,5,3
Mystery,Gray Group,2023,Dog sort.,ff332db4-1ec9-4a78-b58a-51797ff28358,New Kelseymouth,45-54,9,5,3
Mystery,Gray Group,2023,Dog sort.,81e3f649-d9e0-4bce-abb2-e9a6128b00d0,Port Christopher,18-24,10,1,2
Mystery,Gray Group,2023,Dog sort.,e8a2c0c6-7bc8-4ddc-8367-1f5510026ff0,Debraberg,Under 18,1,2,3
Mystery,Gray Group,2023,Dog sort.,08a5ccbc-72e2-4dd4-9663-2768354ea2fd,South Sarah,55+,4,2,4
Fantasy,Rodriguez-Hammond,1995,Commercial.,e2f22088-ccef-4eee-8c5d-ba7a52a9ca8f,West Nathanmouth,35-44,4,2,5
Fantasy,Rodriguez-Hammond,1995,Commercial.,67f5a678-a3d5-484f-87c6-50edcd731d9c,East Matthewfort,25-34,9,3,1
Fantasy,Rodriguez-Hammond,1995,Commercial.,dfcabdfd-90f7-4ddc-9bc3-5d0cf5939e48,Port Jennifer,18-24,10,2,4
Fantasy,Rodriguez-Hammond,1995,Commercial.,244ca68f-d7e4-4a70-8904-c9bc8a0aea41,Taylorbury,35-44,10,4,3
Fantasy,Rodriguez-Hammond,1995,Commercial.,0e763f5e-a9de-4c31-8405-f385b6f3415e,Webbview,18-24,7,5,3
Fantasy,Rodriguez-Hammond,1995,Commercial.,fce03607-d67e-44ac-a68d-e02506221109,North Christophermouth,35-44,7,2,2
Fantasy,Rodriguez-Hammond,1995,Commercial.,3684f795-cbc3-4941-8dd5-76696714ef65,East Anne,55+,8,3,2
Fantasy,Rodriguez-Hammond,1995,Commercial.,956ebb3e-5f72-4567-ade9-4681ebc563a5,Lake Davidside,55+,6,1,3
Fantasy,Rodriguez-Hammond,1995,Commercial.,8ae87169-9f41-45c9-9dec-6370da6146dc,West Kennethhaven,18-24,6,4,5
Fantasy,Rodriguez-Hammond,1995,Commercial.,11c263db-9076-43fd-a425-c26a69cbff92,Bauerburgh,35-44,9,4,5
Fantasy,Serrano Group,2021,Which together.,9d153d0b-0a60-469b-9c7d-c40407ca226e,Jessicamouth,25-34,8,4,4
Fantasy,Serrano Group,2021,Which together.,5a4ec980-8080-46ed-abf3-e946782495b8,East Edward,45-54,6,4,3
Fantasy,Serrano Group,2021,Which together.,0899c7e1-c553-455a-b64e-82b0da9be10c,Lake Michelle,45-54,8,1,5
Fantasy,Serrano Group,2021,Which together.,e2842a46-bad6-4040-99bb-e9cf68682c09,Mariemouth,55+,3,1,1
Fantasy,Serrano Group,2021,Which together.,03b5454b-daed-4639-b608-e5e3b5fa9fc0,South Diane,Under 18,2,4,1
Fantasy,Serrano Group,2021,Which together.,0067e4d4-4248-4d80-acaf-bb356b7a3342,Lake Nicole,55+,4,4,4
Fantasy,Serrano Group,2021,Which together.,4c779884-63cb-47e7-912b-e07aa7ec9e85,Port Elizabethstad,Under 18,3,2,5
Fantasy,Serrano Group,2021,Which together.,61fd93e0-7e20-4fa1-874e-099358ebbb89,Lewisview,45-54,4,3,2
Fantasy,Serrano Group,2021,Which together.,2215dbb6-7aaf-4bdc-ba36-781778f62060,West Phillipbury,25-34,9,1,3
Fantasy,Serrano Group,2021,Which together.,c93e949d-d0c9-46ac-bcce-9b4ae53eeacc,Port Kristinamouth,Under 18,1,2,5
Mystery,Eaton PLC,1997,Report challenge give.,526e0864-abb7-4443-9e73-ca66a0585e42,New Jefferyburgh,45-54,9,2,5
Mystery,Eaton PLC,1997,Report challenge give.,dcd28592-82f1-4f70-9551-481c1f7d67f6,East Amandamouth,45-54,5,3,3
Mystery,Eaton PLC,1997,Report challenge give.,7ffc7d5e-7010-42ae-a449-906321f5975b,East Jorge,Under 18,7,4,4
Mystery,Eaton PLC,1997,Report challenge give.,402cc313-a12b-4d56-9d5c-0c82e3d86827,Port Tamaraville,18-24,3,5,2
Mystery,Eaton PLC,1997,Report challenge give.,72401ad2-525b-4883-a583-5da7714f10a9,Bryantburgh,Under 18,6,2,5
Mystery,Eaton PLC,1997,Report challenge give.,52d40aff-4ec5-4dcd-b7f1-323c50ccfd66,Thompsonfurt,45-54,9,3,1
Mystery,Eaton PLC,1997,Report challenge give.,e7626ed7-8b00-4eee-8ba3-1536bea95ae4,Port Frankview,18-24,5,1,2
Mystery,Eaton PLC,1997,Report challenge give.,7b50edd9-253b-4f41-a1ef-4895a63309b7,Port Kristinaburgh,45-54,7,3,2
Non-Fiction,Pham LLC,1954,Happy.,9d8d3863-a0da-4a3f-97fa-76197ca5ba05,Wernerville,25-34,2,2,1
Non-Fiction,Pham LLC,1954,Happy.,a0cb2e95-e373-4370-b420-4b5a13f321f9,New Kimberly,18-24,8,3,1
Fantasy,Lozano Group,1997,Sell prevent.,c80379d6-5aed-4143-99e6-282cbb488ae2,West Jimmyland,18-24,2,2,3
Fantasy,Lozano Group,1997,Sell prevent.,52cceadf-fe7a-41c2-b5b2-481a3ab9e16e,Johnsonhaven,18-24,4,5,4
Fantasy,Lozano Group,1997,Sell prevent.,cd4827e7-68a7-4fb6-a287-fd2dc9abbad1,East Michaelville,Under 18,1,1,1
Non-Fiction,Flores PLC,2004,Major notice.,d6e23465-c5a9-4466-8e46-080ea7bf6c6f,West Eric,Under 18,3,4,1
Non-Fiction,Harris Inc,2008,Tend step will now.,e55eaacf-d968-4309-9325-c0401349e3de,Juliehaven,55+,8,1,5
Non-Fiction,Harris Inc,2008,Tend step will now.,a4eea2b9-9256-47fa-9935-95b3fc3ec68a,West Tonyaborough,25-34,6,4,1
Science Fiction,"Rivera, Hill and Payne",1961,Herself well hotel.,ba542c22-f5ba-47f1-b90d-052dd49e9e19,South Anthony,Under 18,1,5,1
Science Fiction,"Rivera, Hill and Payne",1961,Herself well hotel.,37c1321a-eb4c-4898-a350-66af976aa6be,Justinport,55+,9,5,3
Science Fiction,"Rivera, Hill and Payne",1961,Herself well hotel.,8cccaa3e-afbc-432f-88a3-ed6f52863447,Port Spencerchester,45-54,4,5,4
Science Fiction,"Rivera, Hill and Payne",1961,Herself well hotel.,f1b02111-aca2-4551-8a1f-ffbc677c6986,Port Lisa,35-44,10,3,3
Science Fiction,"Rivera, Hill and Payne",1961,Herself well hotel.,830f0149-d914-45e6-8d7b-4683411b1d94,South Perryfort,45-54,3,2,2
Non-Fiction,Walker Group,1972,Their police.,29972054-9b9b-4920-9b33-3bd44d0fdedc,Irwinstad,45-54,3,3,3
Non-Fiction,Walker Group,1972,Their police.,c437eef1-144a-459e-af09-2cc7b8c65d72,Smithhaven,25-34,4,5,3
Non-Fiction,Walker Group,1972,Their police.,7aea5e4e-cbc4-4cc0-b371-f894e6f78c0e,Barbaraborough,18-24,4,1,3
Non-Fiction,Walker Group,1972,Their police.,3e72fca3-0516-4fdb-9485-f65aec3d37e3,Port Colin,55+,2,1,3
Non-Fiction,Walker Group,1972,Their police.,8f657faa-cf66-4375-9c85-d08cabb71a77,Whiteport,18-24,1,4,2
Fantasy,Fletcher and Sons,1988,Event discussion.,80796c07-b463-432b-aabd-f1bf68de583a,North Cassandra,55+,3,1,2
Fantasy,Fletcher and Sons,1988,Event discussion.,5eadcc83-2026-4a0e-904a-d841bbda7903,Cervantesside,45-54,5,3,3
Fantasy,Fletcher and Sons,1988,Event discussion.,843dd04c-eb64-4362-b4d0-8d96629141ba,Charlesmouth,18-24,10,3,1
Fantasy,Fletcher and Sons,1988,Event discussion.,7c74f5bd-acd7-48d0-bff4-4bbe85a66591,West Nathaniel,Under 18,1,5,5
Fantasy,Fletcher and Sons,1988,Event discussion.,1a8adda8-bf19-4127-9ca8-f5dda8dc41d8,East Josephburgh,25-34,5,1,3
Fantasy,Fletcher and Sons,1988,Event discussion.,69e538fb-1f26-4a19-a3b0-98b8f23d6234,East Sara,35-44,6,1,1
Fantasy,Fletcher and Sons,1988,Event discussion.,add1d2d9-1fdb-49de-b8e7-1e47b408c264,East Jennyland,Under 18,1,4,4
Fantasy,Fletcher and Sons,1988,Event discussion.,371b7304-d85f-4de0-8dfe-f6bef326937a,Harrisonchester,25-34,6,5,2
Fantasy,Fletcher and Sons,1988,Event discussion.,c4f26f1c-688b-4e57-bad6-f15ce9bfcc91,Woodsmouth,55+,6,2,1
Fantasy,Fletcher and Sons,1988,Event discussion.,3dfdb22e-0036-4789-ba7f-bb0128281fa8,Lake Monicashire,Under 18,5,3,5
Mystery,"Blake, Yu and Ball",1973,Rich add.,525da4e5-d24d-4734-8194-26cac55db7f4,Knightberg,55+,2,4,4
Mystery,"Blake, Yu and Ball",1973,Rich add.,0262e5cd-2294-4c8a-a2b6-1427a83995c2,Careyport,45-54,2,5,5
Non-Fiction,Valencia-Daniel,1993,Trial soldier fill.,743be412-b97d-4db9-8ff8-64fd39d1944c,West Daniel,18-24,1,3,2
Non-Fiction,Valencia-Daniel,1993,Trial soldier fill.,832c0c13-c5f6-4d6b-a0bb-1eaf757d9013,Youngtown,25-34,10,3,5
Non-Fiction,Cole-Warner,2013,Size clear phone.,db18b259-c2f3-4846-a258-af4904c6e773,New Michael,35-44,6,3,1
Non-Fiction,Cole-Warner,2013,Size clear phone.,325f842d-c9ca-4007-9d34-042f59c8f2b7,East Chad,35-44,1,1,1
Non-Fiction,Cole-Warner,2013,Size clear phone.,e2391e0f-b1cb-4432-878b-0b241af3be62,Port Rhonda,18-24,8,5,5
Non-Fiction,"Browning, Beck and Sanders",1958,Growth bed response.,47afa1ca-b5e4-48ca-a60a-5a0d352e75d0,Scottburgh,45-54,4,4,2
Non-Fiction,"Browning, Beck and Sanders",1958,Growth bed response.,00e5b912-c332-44bf-92f2-51f39f2f564d,Palmerburgh,55+,6,4,3
Non-Fiction,"Browning, Beck and Sanders",1958,Growth bed response.,e110b711-e658-48d6-b6d1-b016320b3c6f,West Cynthiaborough,35-44,2,5,4
Mystery,Odonnell-Rivera,2017,Minute remain.,495e13cd-f5e4-45f2-b67c-c2667d7e8970,New Erica,25-34,5,4,1
Mystery,Odonnell-Rivera,2017,Minute remain.,c33b233f-0e0b-4f9c-865f-bea412a9a9b9,South Charles,Under 18,9,4,2
Mystery,Odonnell-Rivera,2017,Minute remain.,4f6ca6db-844e-47dd-b566-800fa1b7577f,West Jerrychester,25-34,9,2,2
Mystery,Odonnell-Rivera,2017,Minute remain.,78cdfcca-4fb8-4979-a504-5a13faa658fc,Carterberg,18-24,3,3,3
Mystery,Odonnell-Rivera,2017,Minute remain.,9d17ac02-1f95-4e69-a742-a978167e41a5,Lake Hannahville,Under 18,3,4,4
Mystery,Odonnell-Rivera,2017,Minute remain.,93700a79-bfcb-475a-b390-72079b3e1578,East Jamesfort,55+,10,4,5
Non-Fiction,Gonzalez Inc,1966,Everything high toward.,babfca0c-962f-4994-800f-5f1110f6f652,Adamschester,35-44,5,3,2
Non-Fiction,Gonzalez Inc,1966,Everything high toward.,f3bf9159-d608-4ee6-baa3-372d04bb1782,South Calvinside,25-34,5,1,2
Non-Fiction,Gonzalez Inc,1966,Everything high toward.,7d93560b-13c8-4dca-80e0-34d3088d2b3f,Brewerburgh,25-34,7,1,4
Non-Fiction,Gonzalez Inc,1966,Everything high toward.,42a87d24-5fa0-40d7-b1cc-6d1123741e58,East Masonside,18-24,9,2,4
Non-Fiction,Gonzalez Inc,1966,Everything high toward.,f098ff1b-dbb9-4eb2-a555-526629de66c6,New Brittany,Under 18,2,2,3
Non-Fiction,Gonzalez Inc,1966,Everything high toward.,4a4f6e41-27e6-45f7-853b-5062b44e809c,North Jessicaville,18-24,9,3,4
Non-Fiction,Gonzalez Inc,1966,Everything high toward.,62c5e2ca-8369-40b4-aba8-60236d1d87a5,Rubenfurt,25-34,4,5,4
Non-Fiction,Gonzalez Inc,1966,Everything high toward.,ca3d02ac-b0c8-4185-925c-709250497f31,Lake Jimmyport,55+,1,2,4
Science Fiction,Salas-Rios,1987,See research perhaps.,484ea13d-0604-488b-ac04-f117b2530d24,New Dawnville,25-34,9,2,3
Science Fiction,Salas-Rios,1987,See research perhaps.,1ba175de-1d42-4229-9e57-2c30e6b55fbe,Port Suzannetown,35-44,3,3,5
Science Fiction,Salas-Rios,1987,See research perhaps.,c259e729-e5c0-423f-a69e-3723a7a2b8dc,Kristenstad,55+,5,1,4
Science Fiction,Salas-Rios,1987,See research perhaps.,ae3682bf-76c8-4ad7-a795-a62e88d9ee15,South Thomasfort,25-34,1,4,5
Science Fiction,Salas-Rios,1987,See research perhaps.,cd309baf-8663-4a34-9907-12d07ceb6fde,Ellisborough,35-44,8,5,3
Science Fiction,Salas-Rios,1987,See research perhaps.,3cc2d1cd-0fc7-4e0a-830d-a45e528da5d1,Ralphshire,55+,2,1,5
Science Fiction,Salas-Rios,1987,See research perhaps.,314a85f5-6c8c-40d4-8708-78a7c5789d20,Taylorchester,18-24,8,5,3
Non-Fiction,Jones Inc,1960,Current international.,42359389-ba3f-44c1-80cf-a9a0392ff950,Comptonville,Under 18,10,1,1
Non-Fiction,Jones Inc,1960,Current international.,63e9ceee-169f-4159-af88-b57362b42aeb,Hardyfurt,25-34,6,5,4
Non-Fiction,Jones Inc,1960,Current international.,7a7cdab0-acb1-4596-acb1-406b8b84ff4f,Blackberg,55+,6,1,1
Non-Fiction,Jones Inc,1960,Current international.,9c6ec7a3-d619-41d0-8cb7-69b33fb2faaa,Port Jamesmouth,18-24,9,2,4
Non-Fiction,Jones Inc,1960,Current international.,5f68827e-f9a3-4c06-8978-1ab0cfa892ae,Davidsonstad,45-54,4,4,2
Non-Fiction,Jones Inc,1960,Current international.,1b3c5217-76e1-4832-ae02-f2b14afb48f0,Rebeccachester,45-54,8,4,5
Non-Fiction,Jones Inc,1960,Current international.,daa22f9b-81ff-40bf-a9f0-af5b2ee5fb15,Costamouth,Under 18,2,4,3
Science Fiction,Lyons LLC,2013,Culture state a.,b7624364-5af9-46f0-b8b9-e9f75b08062c,Boylechester,25-34,8,1,5
Science Fiction,Lyons LLC,2013,Culture state a.,b7404c8c-ec0a-4144-8d63-c2bf4fafb043,New Leah,55+,7,3,3
Science Fiction,Lyons LLC,2013,Culture state a.,02f78fea-190e-4e6b-a81a-7a5531cb096d,Danielburgh,25-34,9,3,5
Science Fiction,Lyons LLC,2013,Culture state a.,2598bd57-9d86-435c-856d-1eef9bafbc17,North Stevenside,45-54,3,5,2
Science Fiction,Lyons LLC,2013,Culture state a.,996b4bc0-7861-46b1-a4a7-879832d02dc5,Travisville,55+,4,1,4
Fiction,Wheeler PLC,1988,Expect realize.,f2eb982a-78e8-4c68-8d5a-f2058e6c645f,Christophermouth,35-44,6,1,1
Fiction,Wheeler PLC,1988,Expect realize.,4914510d-cced-4ecc-b74a-06a97d3e6dd5,Lake Sarah,55+,7,3,1
Mystery,Crawford-Hall,1990,Brother oil he.,d10522c9-2e62-4064-bbfa-bb2780099292,Romeroview,55+,6,5,2
Mystery,Crawford-Hall,1990,Brother oil he.,52ff4a97-bb79-424a-b810-b8a3c85a2dcd,West Kristenborough,Under 18,5,1,2
Mystery,Crawford-Hall,1990,Brother oil he.,44b260cb-e85e-4555-85ad-b8a90772fbb1,Millsland,25-34,10,1,3
Mystery,Crawford-Hall,1990,Brother oil he.,98f470e2-4817-44af-9400-e8319d57b04a,South Derekfort,18-24,1,5,3
Mystery,Crawford-Hall,1990,Brother oil he.,886597aa-b2f5-440a-a6ab-dadb3597893a,North Sheilashire,35-44,3,5,1
Mystery,Crawford-Hall,1990,Brother oil he.,c2df55a5-f40b-477c-a46d-6bb30badfb36,New Stephen,55+,9,2,1
Mystery,Crawford-Hall,1990,Brother oil he.,7376e21d-25ad-409b-bdd1-e51c0af9512a,Danielchester,25-34,9,5,2
Non-Fiction,Clay and Sons,1963,Along compare might.,61f43b82-1d8b-41f8-b309-20352ac565aa,Anthonyfurt,18-24,5,3,4
Non-Fiction,Clay and Sons,1963,Along compare might.,e578e5ec-ace5-4757-9658-1c51446d4f22,Margaretburgh,Under 18,6,4,5
Non-Fiction,Clay and Sons,1963,Along compare might.,30deb0db-05fc-4a43-8e4a-a4e8dc8c90e2,North Brittney,Under 18,5,1,5
Non-Fiction,Clay and Sons,1963,Along compare might.,0123a83e-657a-40b7-8091-6fd72e5625b9,Port Jason,25-34,7,2,4
Non-Fiction,Clay and Sons,1963,Along compare might.,82263e4f-0887-4974-91a8-62b901e12d76,Port Heidiburgh,45-54,4,1,3
Non-Fiction,Jones and Sons,1998,Even standard.,5473ff11-946f-4a03-b699-7b08d14c13f3,West Jerry,35-44,10,2,4
Non-Fiction,Jones and Sons,1998,Even standard.,4560489d-fde5-46bc-8bc9-f60fd5a1509a,Adamsview,25-34,6,3,4
Non-Fiction,Jones and Sons,1998,Even standard.,f8c59d67-16a4-4eb8-8151-aa627964504c,South Michaelborough,35-44,7,1,4
Non-Fiction,Jones and Sons,1998,Even standard.,0b05ab42-98c6-4c23-ba92-369747a84088,Haleystad,55+,8,5,2
Fiction,Robles Group,2002,Issue suffer.,540410d1-cc77-40ec-896c-2f396401be5e,Alyssaberg,55+,6,4,2
Fiction,Robles Group,2002,Issue suffer.,190f58d6-884a-4b96-88f3-e23af2fd5c30,Seanbury,45-54,2,3,4
Fiction,Robles Group,2002,Issue suffer.,26a42e7f-917a-4d6f-b247-d7b6c2c0b4c9,South Angela,55+,8,2,3
Fiction,Robles Group,2002,Issue suffer.,be1b8269-347e-4a9c-a131-340e99c4ea35,North Elizabeth,25-34,4,4,1
Fiction,Robles Group,2002,Issue suffer.,b3b841ea-00f4-4cd9-abdf-318855a0150f,New Robert,35-44,8,2,2
Fiction,Robles Group,2002,Issue suffer.,80136323-eb8d-4bc8-abca-52e1e7e41308,Lake Coreyborough,55+,8,1,2
Fiction,Robles Group,2002,Issue suffer.,75201b14-4516-42c5-af04-9c170f6eb9fd,South Susan,25-34,9,5,4
Fiction,Robles Group,2002,Issue suffer.,7e5e395f-2007-4150-879d-98f3239ebe08,New Amber,35-44,10,3,1
Science Fiction,Cline Ltd,1968,Above chance.,1f662565-386f-486f-89b9-96fb8101445f,Ashleyland,18-24,9,5,5
Science Fiction,Cline Ltd,1968,Above chance.,4017d72b-1693-42dc-9b85-c0cdd162a39d,East Kevin,55+,4,4,4
Science Fiction,Cline Ltd,1968,Above chance.,03014140-5090-4b7e-91e7-d5c975b37d3d,North Noah,45-54,5,5,1
Science Fiction,Cline Ltd,1968,Above chance.,2d3915c4-b4f0-4eee-9fd5-21e281c4e0f1,Jonesville,35-44,3,2,5
Science Fiction,Cline Ltd,1968,Above chance.,c0bafd73-1c43-4870-8e66-2e9c5bbf4284,Fisherbury,45-54,5,3,4
Science Fiction,Cline Ltd,1968,Above chance.,c81676c6-7567-49c1-9a41-4a59edf536bf,Port Brandon,35-44,5,1,2
Science Fiction,Cline Ltd,1968,Above chance.,23688f64-f792-4c8a-b3e3-32b4d937778f,West Monica,18-24,2,4,4
Science Fiction,Cline Ltd,1968,Above chance.,96a83ebd-ed54-417d-b727-a3193c2af10c,Alvarezfort,Under 18,7,1,2
Fantasy,"Wilkerson, Steele and Watson",2009,Somebody exactly.,7548762c-8b44-4d40-a55a-9a52de506cd4,Whitakerstad,35-44,10,1,3
Fantasy,"Wilkerson, Steele and Watson",2009,Somebody exactly.,e3e26440-2f9d-42b0-9c14-1eb2fdd867af,Smithstad,55+,3,3,3
Fiction,Thomas-Foster,1997,Measure million economy understand.,3c942ccf-9bb0-49f3-8f06-f5a542bee076,Jeffreymouth,25-34,2,4,4
Fiction,Thomas-Foster,1997,Measure million economy understand.,7c645de8-5f13-4a56-a1e7-8a2818e6ab8c,Amandafort,55+,5,1,4
Fiction,Thomas-Foster,1997,Measure million economy understand.,48ab6429-a6c9-47be-889b-05098d14b4b9,West Nathaniel,Under 18,6,2,2
Fiction,Thomas-Foster,1997,Measure million economy understand.,3c862825-eb9e-4d5c-a307-e5a6fe58364c,Wallacehaven,25-34,6,3,4
Mystery,Boyd PLC,1984,Budget develop.,8abdd065-05d0-4364-b308-aae10032f478,Douglastown,18-24,5,4,1
Mystery,Boyd PLC,1984,Budget develop.,541ccbff-1cdc-4ff9-b71a-09de037c1b67,Port Vicki,Under 18,8,1,3
Mystery,Boyd PLC,1984,Budget develop.,28203f6f-b57a-4935-a286-088e74b33133,West Blakeland,55+,2,4,4
Mystery,Boyd PLC,1984,Budget develop.,476df7ff-4bad-4d72-862b-8d53e1eef3f5,Butlermouth,Under 18,2,3,3
Science Fiction,Simmons and Sons,1956,Strategy modern than.,a8d4453b-d3c9-4d92-bf63-aac7f01ddd83,Port Cathytown,Under 18,10,5,5
Science Fiction,Simmons and Sons,1956,Strategy modern than.,c90d28cd-8061-4134-b2da-64f6eccaa640,South Samanthafurt,45-54,8,3,1
Science Fiction,Simmons and Sons,1956,Strategy modern than.,c17c9c7a-03dc-40d6-8377-2bdaee157f44,Howardberg,Under 18,4,1,5
Science Fiction,"Fletcher, Edwards and Charles",1992,Center never feel.,7ac7e821-0f24-4e2e-a75d-9e1da320e830,Hillport,55+,9,5,2
Science Fiction,"Fletcher, Edwards and Charles",1992,Center never feel.,8e5610b3-27a1-4124-b2f5-233d137fe4ed,Silvaport,18-24,7,5,1
Science Fiction,"Fletcher, Edwards and Charles",1992,Center never feel.,f6c4c8d6-10ba-4b72-a53f-414066b59e8c,Adkinsville,35-44,4,4,3
Science Fiction,"Fletcher, Edwards and Charles",1992,Center never feel.,a70bd91e-acef-4e24-b640-f0cfad2057cc,Rachelmouth,Under 18,4,4,4
Non-Fiction,Wiggins-May,2019,About tend.,cb453148-039f-4e1d-9db6-b32858687da6,North Lindaton,18-24,7,2,5
Non-Fiction,Wiggins-May,2019,About tend.,dcc44029-4fe9-4587-9b1d-8102f8f4c862,Port Nicole,Under 18,4,2,2
Non-Fiction,Wiggins-May,2019,About tend.,f654a0bf-ce21-432f-af4b-a406b4d9461b,West Thomasview,Under 18,5,2,1
Non-Fiction,Wiggins-May,2019,About tend.,9f2a89be-7899-4498-8537-d2ea3862d2f9,South Chloeport,Under 18,9,3,3
Non-Fiction,Wiggins-May,2019,About tend.,7d0d38b0-f2e2-49cf-a265-6dfe2fbba071,Lake Richardville,Under 18,6,4,2
Fiction,"Vaughan, Taylor and Mccoy",2012,Same himself something.,369862a3-86b1-4bb9-abe2-b6b4e70bfbff,Wrightland,18-24,9,3,2
Fiction,"Vaughan, Taylor and Mccoy",2012,Same himself something.,a310ac4f-342c-4785-835c-2b5443bc225f,Jenniferside,55+,8,4,4
Fiction,"Vaughan, Taylor and Mccoy",2012,Same himself something.,0ddfdd26-9e08-44e9-9d38-18cf63e5bfb6,Frankfort,Under 18,8,5,4
Fiction,"Vaughan, Taylor and Mccoy",2012,Same himself something.,c0b4596b-bfed-4e93-a467-e3670ec71a62,Woodmouth,35-44,6,3,2
Fiction,"Vaughan, Taylor and Mccoy",2012,Same himself something.,576d6e15-0142-4367-ae61-0bf72d6c2d1a,Ronaldfort,45-54,8,4,1
Fiction,"Vaughan, Taylor and Mccoy",2012,Same himself something.,80ea0079-ec93-4b18-9b95-92f35575acf0,Jonesfort,55+,2,4,1
Fiction,"Vaughan, Taylor and Mccoy",2012,Same himself something.,bc1a0a9d-c449-4eac-83b8-76c527bd45b7,Hollymouth,45-54,3,4,3
Mystery,Figueroa-Morales,1950,Effect win serious.,9263f2de-0f0c-4a01-bef8-f344970e8f13,Port Calvin,55+,7,4,1
Mystery,Figueroa-Morales,1950,Effect win serious.,1dc8988d-1d57-45fd-a05e-0adcb3630905,Dianaland,Under 18,8,4,1
Mystery,Figueroa-Morales,1950,Effect win serious.,4969d193-c327-4923-a1e3-56f77d8d1d18,Harpertown,55+,2,2,2
Mystery,Figueroa-Morales,1950,Effect win serious.,c566e5ad-e422-468f-9e39-75fa9d6e6b18,East Melissa,25-34,7,4,3
Mystery,Figueroa-Morales,1950,Effect win serious.,a2fb65e0-edc9-43fe-883d-11f4ce00b39f,Stevenville,18-24,9,5,4
Mystery,Figueroa-Morales,1950,Effect win serious.,19b4a7ea-a88f-4b17-9c92-f11eba9a4925,Whitemouth,35-44,5,3,1
Mystery,Figueroa-Morales,1950,Effect win serious.,90e0694c-a3c1-4e4d-860a-aba73ea7c30a,Markton,35-44,7,4,3
Fantasy,Foster-James,1967,Anyone picture.,6db9e161-68fd-46c4-9f72-ae9bda1f289a,Kerristad,55+,3,1,3
Fantasy,Foster-James,1967,Anyone picture.,dfd0c18a-84c8-4f23-8c4a-1208137332b1,Port Anna,Under 18,3,2,2
Fantasy,Foster-James,1967,Anyone picture.,e34011fa-a741-46fe-9917-404c78e4cbb6,Ortegaport,Under 18,7,4,3
Fantasy,Foster-James,1967,Anyone picture.,989d7c06-7fad-417f-af96-e01038946c6e,Amyborough,45-54,7,3,4
Fantasy,Foster-James,1967,Anyone picture.,356479d1-7c93-4c11-b9ae-27440a83e637,Lindamouth,18-24,9,3,4
Fantasy,Foster-James,1967,Anyone picture.,ec6ac2ae-abfd-49ea-a1ce-29723fbcc256,North Angela,45-54,9,4,4
Fantasy,Foster-James,1967,Anyone picture.,8cb330fe-e82f-4d91-914c-01f043eb4d7c,Campbellmouth,18-24,5,5,2
Fantasy,Foster-James,1967,Anyone picture.,53b0e6d6-64e5-49b9-8c2e-f1bfc574253e,Jeffreyview,45-54,3,2,5
Fantasy,Foster-James,1967,Anyone picture.,6f9bcf66-4977-4cca-ba89-d5b583bca187,North Keith,Under 18,10,4,4
Fantasy,Foster-James,1967,Anyone picture.,59c480cf-f9f3-49a2-b4f2-65a60b13121d,Andreaborough,25-34,2,5,5
Fantasy,Foley and Sons,2012,Offer without including cell.,5d557743-0780-4daa-822e-4f1417c90e33,East Deborahport,45-54,8,3,2
Fantasy,Foley and Sons,2012,Offer without including cell.,9cd9f66d-1a5f-4b43-acd2-f90e68385163,Williamview,18-24,1,5,2
Fantasy,"Roberts, Yoder and Shaw",2006,Natural.,dcbc2aed-58ea-4133-b28d-bec0566f23ae,Kerriberg,55+,4,2,3
Fantasy,"Roberts, Yoder and Shaw",2006,Natural.,f877927f-0e93-4d00-9974-5095abfd200e,North Tyrone,55+,5,5,1
Fantasy,"Roberts, Yoder and Shaw",2006,Natural.,7fa6df7e-cfb6-44ba-a6f2-3a53aa21f44c,Brandyfurt,18-24,2,3,3
Fantasy,"Roberts, Yoder and Shaw",2006,Natural.,0176ebb3-3cae-4d8b-8509-6375cfc7df92,Andreaport,35-44,4,5,5
Fantasy,"Roberts, Yoder and Shaw",2006,Natural.,fbf805a2-7a71-43a4-90c4-4037ed2c2e89,East Sandrashire,25-34,1,4,1
Fantasy,"Roberts, Yoder and Shaw",2006,Natural.,416c0086-5bf1-4f93-aaaa-ae5f56ea52a4,Kimport,Under 18,6,4,2
Fantasy,"Roberts, Yoder and Shaw",2006,Natural.,e5f57254-7e41-4c27-815d-3d201c7c55a3,North Breanna,25-34,1,2,1
Fantasy,"Roberts, Yoder and Shaw",2006,Natural.,5b350d00-98f3-47d1-9b8f-e2833ddb717b,West Katrina,35-44,6,5,5
Non-Fiction,Richard and Sons,2012,Song go few.,e175e884-97b0-4334-8741-117101b41561,Harttown,Under 18,1,3,5
Non-Fiction,Richard and Sons,2012,Song go few.,4c04e9b8-af46-425a-9530-dd2f9d4c1343,Port Edwin,Under 18,3,5,3
Non-Fiction,Richard and Sons,2012,Song go few.,7a953d97-b673-4141-8dfd-b9204c9b7152,Loriview,Under 18,8,2,2
Non-Fiction,Richard and Sons,2012,Song go few.,97f592c2-7c5d-4bc9-b005-3119dd2294fa,Stoutshire,45-54,2,4,3
Non-Fiction,Richard and Sons,2012,Song go few.,cd3dc376-8c60-40df-b72d-583bfc99f73a,East Julie,55+,7,4,3
Non-Fiction,Richard and Sons,2012,Song go few.,88de60f1-9073-4fd1-a756-58c1c9be24e4,Powerschester,25-34,3,5,2
Non-Fiction,Richard and Sons,2012,Song go few.,c55bedec-8547-43e6-bda6-6dc31953e8f7,Taylorborough,45-54,6,2,3
Non-Fiction,Richard and Sons,2012,Song go few.,cd476d3b-333d-456b-b82b-12e704e555ef,Oliviastad,45-54,8,4,3
Non-Fiction,Richard and Sons,2012,Song go few.,44731320-4aeb-4463-b1f6-81f311176efe,Lake Evelynfort,18-24,3,4,3
Non-Fiction,Richard and Sons,2012,Song go few.,e84157df-e989-4411-aea0-e93498e3d409,Nguyenfurt,25-34,1,2,1
Science Fiction,White and Sons,1953,Visit decision growth another.,c9338f41-d6ef-4c62-b0d5-7c5a91d8d4a2,Russellfurt,25-34,9,5,5
Science Fiction,White and Sons,1953,Visit decision growth another.,ac020ad9-879c-4866-a17e-5e15722d9c7b,West Brandon,55+,5,3,1
Non-Fiction,Jackson-Harris,1991,Group black bag.,2f03d3ab-cf27-4cb2-812e-6e3764a921bb,Campbellland,25-34,2,5,4
Non-Fiction,Jackson-Harris,1991,Group black bag.,740213b0-d332-44a5-9e4e-ed5b5ecbb3c1,Everettland,25-34,6,1,2
Non-Fiction,Jackson-Harris,1991,Group black bag.,471847a5-f4a4-499f-8f56-a8c6be8fa638,West Jeffreymouth,55+,2,2,2
Non-Fiction,Jackson-Harris,1991,Group black bag.,d1042e05-acb3-43c0-be63-02ac836900f7,Davismouth,55+,3,1,4
Non-Fiction,Jackson-Harris,1991,Group black bag.,f3e400b7-acfb-4779-8882-b74004dd294a,New Amber,35-44,9,2,1
Non-Fiction,Jackson-Harris,1991,Group black bag.,92fae956-fd74-4c2d-b2b0-438b264197b5,Chandlerstad,18-24,7,5,2
Science Fiction,Foster and Sons,1991,None how card.,48ee1f59-8949-4e5f-ba8f-85e85f8329ed,Randolphville,45-54,6,3,2
Science Fiction,Foster and Sons,1991,None how card.,fb9af6bc-5b64-432e-ae10-b79e43b3a738,East Cassidystad,18-24,6,5,3
Science Fiction,Foster and Sons,1991,None how card.,5e9d92fb-fcbd-41a2-a2ea-75aa0305d67d,Lindseymouth,18-24,9,5,5
Science Fiction,Foster and Sons,1991,None how card.,e3ef6415-9ea5-4d87-945b-3c39c947430f,Williamstown,Under 18,10,4,1
Science Fiction,"Bradley, Woodward and Gonzalez",1953,Toward late word.,6223acc5-8d27-4f63-a74b-f60155a7f431,Andrewshire,18-24,10,4,5
Science Fiction,"Bradley, Woodward and Gonzalez",1953,Toward late word.,8a9bc9e5-73f2-4ea1-af90-8aaf22af9cb7,South Eric,35-44,7,5,1
Science Fiction,"Bradley, Woodward and Gonzalez",1953,Toward late word.,e37d82c7-8886-4a47-9b23-2d2d19a25b49,Ashleyfurt,25-34,4,4,2
Science Fiction,"Bradley, Woodward and Gonzalez",1953,Toward late word.,539202bf-48cc-40ba-a03e-1a123daa5ef7,Lake Jessica,55+,1,5,5
Science Fiction,"Bradley, Woodward and Gonzalez",1953,Toward late word.,dead371c-febc-4e3c-aaeb-73bf1dadb4b1,Lake Stefanie,25-34,1,5,4
Science Fiction,"Bradley, Woodward and Gonzalez",1953,Toward late word.,c1c4efb6-4210-484e-ab91-ecf8d9481e72,Jeremyside,45-54,1,1,4
Science Fiction,"Bradley, Woodward and Gonzalez",1953,Toward late word.,aba93114-bc52-48b0-b913-a044b082e84e,South Jonathanmouth,18-24,8,5,5
Non-Fiction,Zimmerman Inc,1999,Prevent fast system.,5d51160c-0dc8-45f9-8290-14448e1ce61f,Hoffmanside,35-44,3,3,2
Non-Fiction,Zimmerman Inc,1999,Prevent fast system.,ffc955c3-bd45-47be-abb9-357640a247da,West Jennifershire,18-24,8,4,4
Fiction,Henderson LLC,2002,Heavy week song.,92e95746-16cb-4162-b775-50c9e464b370,New Kristenview,Under 18,5,4,1
Fiction,Henderson LLC,2002,Heavy week song.,c5e2957a-7776-40cc-bd9b-3a90304cabe0,West Williamchester,25-34,6,1,3
Fiction,Henderson LLC,2002,Heavy week song.,03fd5e44-39bf-4b79-be28-70dc70646b07,Jeremyfort,Under 18,10,5,3
Fiction,Henderson LLC,2002,Heavy week song.,f1527d5f-ad03-423c-b953-c60cfd116f83,Nortonview,25-34,3,2,1
Fiction,Henderson LLC,2002,Heavy week song.,a53f2cd4-b8c8-4918-bfec-2a4dd706c11a,East Teresa,35-44,9,2,2
Fiction,Henderson LLC,2002,Heavy week song.,936ce154-1c5b-4f73-9a17-8c6cbdcc590a,New Shirley,45-54,6,1,1
Fiction,Henderson LLC,2002,Heavy week song.,0a0a62b0-61f7-43b1-927b-e509a87e6f20,Lake Jennifer,55+,1,3,5
Mystery,"Stewart, Jones and Robertson",2017,Item line.,5f146958-4124-4c6a-a860-f03b8acafadc,Albertville,Under 18,10,1,1
Mystery,"Stewart, Jones and Robertson",2017,Item line.,83ed0906-164a-48b4-aa75-8c37b1660594,South Eric,35-44,3,4,1
Mystery,"Stewart, Jones and Robertson",2017,Item line.,2b84a4d3-d3f8-47e3-9917-58f2bb81ff07,Davidtown,Under 18,8,1,5
Mystery,"Stewart, Jones and Robertson",2017,Item line.,3861b3a4-f56c-4d41-a16a-6595fb11c6fd,East Samantha,35-44,3,2,3
Mystery,"Stewart, Jones and Robertson",2017,Item line.,ce4f112c-bc02-471f-96fd-2a74dadb9c1e,Staceyborough,Under 18,1,3,5
Mystery,"Stewart, Jones and Robertson",2017,Item line.,6996bd5a-baa8-43cc-8b9e-8a21c9564cc4,South Austinfurt,18-24,7,4,3
Mystery,"Stewart, Jones and Robertson",2017,Item line.,e8100304-9b13-4801-a4ab-3488baca0915,South James,45-54,6,4,5
Fiction,"Jones, Kirk and Williams",2000,Third talk.,f0fa40c8-d195-4d9e-9255-735d60a647e8,Carolynshire,55+,6,4,1
Fiction,"Jones, Kirk and Williams",2000,Third talk.,c4794d58-379b-428c-b9fb-b0ac186fc942,Andrewside,55+,6,5,2
Fiction,"Jones, Kirk and Williams",2000,Third talk.,3cc7ea68-6d42-4ce5-bd44-082d02f09362,Port Joshuachester,45-54,4,1,3
Fiction,"Jones, Kirk and Williams",2000,Third talk.,c47cac24-cd1d-42b5-ba31-ab726966c058,Jacquelineborough,Under 18,8,2,2
Fiction,"Jones, Kirk and Williams",2000,Third talk.,a53004f0-06e7-4bc0-9e8e-b58dfaf72e71,Hillbury,45-54,10,2,2
Fiction,"Jones, Kirk and Williams",2000,Third talk.,c9e41e39-8784-4025-bcbc-15525ab275ca,Port Rhondastad,45-54,9,3,1
Fiction,"Jones, Kirk and Williams",2000,Third talk.,97f5fb78-7698-46c4-97d4-26cb7423c71f,Berryfort,18-24,5,4,1
Fiction,"Jones, Kirk and Williams",2000,Third talk.,e847e0df-c5d1-4e92-95c1-5952bb294748,Kaylaburgh,Under 18,5,2,5
Fiction,"Jones, Kirk and Williams",2000,Third talk.,482aa125-2c65-4f14-9c1d-4bd9fc78c210,Coxside,18-24,9,3,2
Fiction,"Jones, Kirk and Williams",2000,Third talk.,fc89089f-8ea8-48f4-9568-174786052088,Davidport,35-44,10,5,4
Fiction,Lamb Ltd,1954,Occur resource.,18eb6642-6bbd-452d-9b69-bc0a6b04eb5a,New Matthewmouth,Under 18,5,4,3
Fiction,Lamb Ltd,1954,Occur resource.,6ace76c4-3b4d-4011-a273-a2ff21c2e630,East Jeffreyfurt,45-54,9,2,5
Fiction,Lamb Ltd,1954,Occur resource.,8138482f-ca6f-400a-a1a0-aa74e2dc6a89,West Lisaside,35-44,5,2,5
Fiction,Lamb Ltd,1954,Occur resource.,d40c95a5-e65a-4387-a1e0-97a047ec098d,South Kellyport,45-54,1,3,2
Fiction,Lamb Ltd,1954,Occur resource.,8e8b302e-ad2f-4687-ad0c-8a56903baf00,Lake Toddmouth,25-34,5,2,4
Fiction,Lamb Ltd,1954,Occur resource.,04939ff1-e8ba-484d-8dc4-82add9ed79db,Lake Dennis,45-54,10,4,4
Fiction,Marquez LLC,1974,Value guess professional.,8873de0f-e180-4c8f-ac6e-fa6903c4587a,East Brittany,25-34,7,5,3
Fiction,Marquez LLC,1974,Value guess professional.,97399890-e92e-4117-82c3-151237c38db2,West Wendy,35-44,6,4,1
Fiction,Marquez LLC,1974,Value guess professional.,a5744bab-79bf-4248-9959-65442abe02d9,Rogersshire,35-44,10,3,4
Fiction,Marquez LLC,1974,Value guess professional.,837ab47f-a74f-44a1-ad87-8f15678b0e08,South Tara,Under 18,4,5,5
Fiction,Marquez LLC,1974,Value guess professional.,b14a836d-7fa2-4b47-8a5c-4560d016b316,South Markville,18-24,10,2,5
Fiction,Marquez LLC,1974,Value guess professional.,385f5ea6-22b6-45ec-a620-9b6fe4f403d7,Port Michael,18-24,9,4,1
Fiction,Marquez LLC,1974,Value guess professional.,268ba67f-e719-4c1d-8063-52e29846c0c8,South Ralphland,25-34,7,1,4
Fiction,Marquez LLC,1974,Value guess professional.,212270bb-489a-4fce-af96-59171020d537,Marktown,Under 18,8,4,1
Fiction,Marquez LLC,1974,Value guess professional.,f463a7f7-adcf-458a-b96e-c6df1735fd16,Dustinmouth,Under 18,5,1,3
Fiction,Marquez LLC,1974,Value guess professional.,8f2a37c2-fa96-4708-820c-696e356600d1,Alexanderfort,35-44,2,5,5
Fiction,Mahoney Ltd,2022,Partner Mr.,2944d4cf-16e9-4ec2-a40c-dec549858cb0,South Maryville,35-44,3,4,5
Fiction,Mahoney Ltd,2022,Partner Mr.,12d6e031-7f0b-4c91-a59f-d27bb53f339b,Lopezborough,Under 18,2,5,1
Fiction,Mahoney Ltd,2022,Partner Mr.,da363589-d5de-4b6f-a2d4-2337022da718,Richardville,45-54,6,3,1
Fiction,Mahoney Ltd,2022,Partner Mr.,cacfead7-378a-433e-8b1e-dd93f69cabce,New Darrenshire,25-34,10,5,4
Fiction,Garcia Inc,1966,First me range.,215b0719-2018-454d-9bd3-85f3ed2e1187,Laurastad,18-24,8,1,2
Fiction,Garcia Inc,1966,First me range.,3560d7b0-db89-4558-9666-a15bed119f0c,Melaniemouth,55+,10,3,4
Fiction,Garcia Inc,1966,First me range.,76c68c4b-f2c7-4ed5-898c-9fe5d8f87a51,Castillomouth,25-34,5,4,2
Mystery,"Hoffman, Lloyd and Hammond",1984,Whether individual tree fire.,e2e9ebf9-af9a-4422-a6d1-e287ff139908,East Frankfurt,35-44,3,4,2
Fiction,Dixon-Miller,1994,Drive able visit.,69224208-24ad-4bd0-a1de-e785ae83d775,South Rachel,18-24,5,2,5
Fiction,Dixon-Miller,1994,Drive able visit.,75f28b24-10cb-4eb5-a26d-5f63d6eb68c4,Susanland,45-54,1,2,1
Fiction,Dixon-Miller,1994,Drive able visit.,535a6f71-02dc-4e43-a93f-34ed355438ee,Anthonyside,25-34,9,2,4
Fiction,Dixon-Miller,1994,Drive able visit.,3d4a7a2b-4668-4ce7-af4c-75fc0d5f0536,North Stacyfurt,25-34,6,4,1
Science Fiction,Thomas-Jacobson,1969,Season push.,0bc02567-4db9-4784-a331-e446d6a5a77d,Christopherfurt,55+,6,4,5
Science Fiction,Thomas-Jacobson,1969,Season push.,e7730c99-be62-4be1-a642-5488b8b8b49b,North Kyle,35-44,7,5,2
Science Fiction,Thomas-Jacobson,1969,Season push.,e7b27357-890a-4732-b691-24f68db40b1c,Gregorystad,45-54,1,3,4
Science Fiction,Thomas-Jacobson,1969,Season push.,9e26ae1b-9101-4e59-92bb-9227492b7fd5,Hodgemouth,Under 18,10,4,5
Science Fiction,Thomas-Jacobson,1969,Season push.,105211b5-7b08-4177-b542-91252699bec1,Port Kenneth,45-54,10,4,5
Science Fiction,Thomas-Jacobson,1969,Season push.,47532a21-c16d-434f-92d7-d3fcdbef9688,Erikahaven,35-44,6,3,5
Science Fiction,Thomas-Jacobson,1969,Season push.,2ec1fba1-7164-4165-88ca-a7018e0319fa,Lake Douglas,18-24,1,5,2
Science Fiction,Thomas-Jacobson,1969,Season push.,4a41c398-7aa6-4071-acf6-5b6a16fc1fc7,Jonathanland,35-44,7,4,5
Science Fiction,Thomas-Jacobson,1969,Season push.,0d92016a-37ba-4488-a463-614354c5295e,Andreaborough,18-24,4,4,3
Fantasy,"Ewing, Ortiz and Boone",1992,Parent ok bad hard.,f7454028-bd46-4286-a23b-1f3f2ffdd656,South Michaelmouth,18-24,8,2,1
Fantasy,"Ewing, Ortiz and Boone",1992,Parent ok bad hard.,f18833b6-fb17-43f8-bb15-de60fa66da13,Bryanbury,Under 18,4,5,2
Fantasy,"Ewing, Ortiz and Boone",1992,Parent ok bad hard.,2f7a30e2-26c4-4422-9300-e794bd0aa2c6,West Marthashire,45-54,2,3,2
Fantasy,"Ewing, Ortiz and Boone",1992,Parent ok bad hard.,d9f52605-6f31-4584-9ab5-ae3a94262d43,Jonesland,55+,6,2,5
Fantasy,"Ewing, Ortiz and Boone",1992,Parent ok bad hard.,6b749942-4e1d-42cb-9b55-cc0cff804baf,New Seanchester,Under 18,3,1,5
Fantasy,"Ewing, Ortiz and Boone",1992,Parent ok bad hard.,f23671ab-32fc-48be-9fc5-8f277acfa7e8,New Lorraineville,25-34,9,2,3
Fantasy,"Ewing, Ortiz and Boone",1992,Parent ok bad hard.,464ac43d-b02e-466d-9a29-4efb82b7eab5,Carterland,55+,8,2,2
Mystery,Lane-Hill,1991,Individual write will.,11b7d3da-35e9-4301-93c7-8b10f14609f8,East Ericfort,55+,9,4,1
Mystery,Lane-Hill,1991,Individual write will.,da92f711-74f8-49b5-ad02-0ed8ef191a16,West Garyside,35-44,5,3,3
Mystery,Lane-Hill,1991,Individual write will.,a1502ba1-c8f7-4d4e-aa73-10c8c6c5b5a3,New Rachel,55+,10,4,2
Mystery,Lane-Hill,1991,Individual write will.,c5db6b21-e998-4945-a5fa-edf13af4934a,Reneeville,25-34,3,4,1
Mystery,Lane-Hill,1991,Individual write will.,d662dae1-d4a8-480d-aade-f13a1c043ffb,Rebeccamouth,Under 18,10,5,3
Mystery,Lane-Hill,1991,Individual write will.,e896b07d-2ff5-40ef-a77d-93abe799f62e,Jamiestad,55+,7,4,3
Fantasy,"Clarke, Moon and Nicholson",2015,His as.,6c4970a3-2472-4769-ab3a-fe2e246f0022,Bentleystad,45-54,3,2,2
Fantasy,Prince Group,2009,Kitchen them.,c2f03581-e47e-4c5f-80de-b6ab5100dae7,Jordanmouth,18-24,5,1,3
Fantasy,Prince Group,2009,Kitchen them.,0cdcdea8-b2c3-491f-93f9-453509844cfc,Russellhaven,55+,10,5,4
Fantasy,Prince Group,2009,Kitchen them.,4b7e3fdc-8369-4af5-bf69-da18d884b80d,West Robert,55+,10,2,2
Fantasy,Prince Group,2009,Kitchen them.,4a7340a6-f96a-4ffa-b087-49c1d2a1d7d6,South Gwendolyn,Under 18,10,1,4
Fantasy,Prince Group,2009,Kitchen them.,84961ffb-94c9-46df-b1e3-546624d29a7e,New Allen,55+,10,5,3
Fantasy,Prince Group,2009,Kitchen them.,4d73e556-82d2-415a-b96c-71d7857471f6,Port Karenshire,35-44,5,4,2
Fantasy,Prince Group,2009,Kitchen them.,5e163014-a942-430f-a144-e2f260804dec,New Jennifer,45-54,8,4,4
Fantasy,Prince Group,2009,Kitchen them.,06a76b72-5f32-4858-87c4-010cbfb4270d,East Juliemouth,35-44,5,4,5
Fantasy,Prince Group,2009,Kitchen them.,5a22a9a3-d960-4ef7-b3f9-b3a6f7f19196,Hernandezchester,25-34,5,2,3
Fantasy,Barry-Bowman,1983,Commercial position.,70cec92f-5c4c-48be-911d-4523b2e611c6,Port Matthewchester,55+,2,2,3
Fantasy,Barry-Bowman,1983,Commercial position.,54e6c725-61a8-4350-9aea-94d5467ce7fa,Jamesport,18-24,7,2,1
Fantasy,Barry-Bowman,1983,Commercial position.,c08984a4-bf01-4164-9618-cd6ea5abdc90,Lake Glenn,35-44,1,5,5
Fantasy,Barry-Bowman,1983,Commercial position.,0033bb5d-6179-48fc-9093-d1322c9a2a01,Mccallport,55+,9,3,4
Fantasy,Barry-Bowman,1983,Commercial position.,75801d79-a87c-4945-9470-543581aa8832,Lake Harold,25-34,6,2,3
Fantasy,Barry-Bowman,1983,Commercial position.,4e69715d-bd8b-4e83-aa52-80a3c792d4a9,Boonestad,45-54,1,1,2
Fantasy,Hampton Inc,2000,Arm toward.,8a881462-38df-422b-a4a5-dbba6b99d470,Davidport,25-34,1,3,5
Fantasy,Hampton Inc,2000,Arm toward.,89294fb4-0bbb-48b9-b75a-a8e49bae6b58,Frazierside,35-44,9,5,5
Science Fiction,Odonnell-Anderson,2009,Very.,c45654d1-c7a3-45df-af5e-e18d8f760cd1,Christopherberg,Under 18,3,1,5
Science Fiction,Odonnell-Anderson,2009,Very.,7e05fe47-1bc4-458b-9f0c-d3095906b0a4,West Christopherchester,55+,9,4,2
Science Fiction,Odonnell-Anderson,2009,Very.,65d1e09f-723b-4cbd-a0c9-c5f587b0d2ee,North April,55+,6,3,4
Science Fiction,Odonnell-Anderson,2009,Very.,86afce6e-75be-4edf-bb51-574da928bc0b,Port Derrick,Under 18,10,4,5
Science Fiction,Odonnell-Anderson,2009,Very.,e3d15b93-eb6b-4642-9936-738695e02de1,Rodriguezchester,45-54,2,1,3
Science Fiction,Hobbs LLC,2003,Meeting final.,02691c0a-50fb-4de0-995f-0f092b316cef,New Jonathanburgh,Under 18,8,4,1
Science Fiction,Hobbs LLC,2003,Meeting final.,efd90496-368c-48dc-8dd5-f9fa5d7a82b5,Austinbury,35-44,3,3,5
Science Fiction,Hobbs LLC,2003,Meeting final.,b7eba7d7-f7bf-4a1f-8b88-87d1b23d04af,Port Lisa,Under 18,10,2,3
Science Fiction,Hobbs LLC,2003,Meeting final.,ca4b22ae-2db7-4c72-b12f-01c68c9068b7,Stephanieshire,18-24,1,3,4
Science Fiction,Hobbs LLC,2003,Meeting final.,2428b590-8c26-4553-9cab-95df4a53e80f,Boothfort,25-34,5,5,4
Science Fiction,Hobbs LLC,2003,Meeting final.,3726d40d-9bea-44eb-8ec5-c99e9fe280d6,Torresstad,18-24,8,4,1
Science Fiction,Hobbs LLC,2003,Meeting final.,2f93e865-2465-4e34-9efc-24ab5ba471dc,Leebury,25-34,7,1,5
Science Fiction,Hobbs LLC,2003,Meeting final.,b9053fed-355a-474f-9a34-a4924c03c1ef,Perryton,25-34,2,1,2
Science Fiction,Hobbs LLC,2003,Meeting final.,a1c59e09-8a42-4348-8556-5cd22a99a7ec,South Kimberlyside,25-34,1,2,4
Science Fiction,Hobbs LLC,2003,Meeting final.,67833402-91ea-4793-bca4-74b5245df6cb,Sandraport,45-54,8,2,1
Mystery,Mathews-Cummings,1996,Tonight apply you.,87883d27-263f-4b1b-a406-5d216c2fbaad,Lewismouth,55+,7,3,4
Mystery,Mathews-Cummings,1996,Tonight apply you.,69b555f6-b788-4bdb-9c20-ecdf1917cca0,Arnoldhaven,25-34,1,3,1
Mystery,Mathews-Cummings,1996,Tonight apply you.,fdbdf255-0206-4ea4-ad80-62dc5165da2b,Daviesberg,25-34,10,2,1
Mystery,Mathews-Cummings,1996,Tonight apply you.,36278e03-6697-47d8-a25b-44b50d7d3bf8,New Robert,18-24,5,2,5
Mystery,Mathews-Cummings,1996,Tonight apply you.,e4ad069e-f2c7-48db-92f8-995da33ee4e1,Wilsonton,25-34,3,5,1
Mystery,Mathews-Cummings,1996,Tonight apply you.,491ef088-7607-429b-b40b-dc698f8ccc82,Sandraville,55+,10,4,4
Mystery,Mathews-Cummings,1996,Tonight apply you.,ecff6ffa-7ebf-4b6e-8c23-5053138cecb1,Elizabethside,18-24,3,2,3
Mystery,Mathews-Cummings,1996,Tonight apply you.,b6f48a52-2515-4212-ab1c-a9a4c408c325,New Donald,35-44,6,5,3
Non-Fiction,"Espinoza, Coleman and Mcdowell",2021,Bit huge remember.,11727fed-89bd-424e-9f07-ac27ededb164,North Janet,35-44,1,5,2
Non-Fiction,"Espinoza, Coleman and Mcdowell",2021,Bit huge remember.,e6397586-b89f-4fa7-9d77-a235833ccf26,Port Lori,25-34,9,5,5
Non-Fiction,"Espinoza, Coleman and Mcdowell",2021,Bit huge remember.,5a5333da-2ae2-45e7-aa43-214da2d06a2f,Caldwellview,55+,9,2,4
Non-Fiction,"Espinoza, Coleman and Mcdowell",2021,Bit huge remember.,38507de9-bf59-448a-a46a-587ca18e8b32,Kellyberg,Under 18,10,1,5
Non-Fiction,"Espinoza, Coleman and Mcdowell",2021,Bit huge remember.,2803ebc2-94a9-43da-a123-806b6244cee4,Davischester,18-24,1,1,1
Non-Fiction,"Espinoza, Coleman and Mcdowell",2021,Bit huge remember.,89d06d92-74fb-4e89-b3d9-88d51d3d0e8e,South Shannon,Under 18,7,4,4
Non-Fiction,"Espinoza, Coleman and Mcdowell",2021,Bit huge remember.,72f0871a-5f32-49f7-838d-671b7c019ec7,North Robertberg,55+,6,1,1
Science Fiction,Ayala-Duke,1983,That amount consider.,b2de2a7c-a84b-445c-a693-4819c73a8305,Lake John,25-34,9,4,3
Science Fiction,Ayala-Duke,1983,That amount consider.,d4a1b77f-7db0-410e-bf21-2344d4335e2a,Jodyberg,25-34,3,3,5
Science Fiction,Ayala-Duke,1983,That amount consider.,e9a812ac-271d-4a5a-b104-d472e18e8007,Johnsonshire,45-54,7,1,3
Science Fiction,Ayala-Duke,1983,That amount consider.,1bdc7814-e238-44d9-93b0-24aa1085af63,Johnshire,55+,5,2,4
Science Fiction,Ayala-Duke,1983,That amount consider.,6357b79b-22fd-4286-ba7d-a3c8694a6425,West Diane,25-34,7,2,3
Science Fiction,Ayala-Duke,1983,That amount consider.,db4ad691-4cbd-477d-b645-5455a1680463,Washingtonberg,45-54,10,1,1
Fantasy,Moyer LLC,2007,Attorney receive.,b7face8d-0712-4a09-a130-691e60134ae0,New Carlos,25-34,10,2,1
Fantasy,Moyer LLC,2007,Attorney receive.,8ecfa0f7-9dbb-4af5-b5e9-4edfafd6e1ac,New Paul,25-34,9,2,4
Fantasy,Moyer LLC,2007,Attorney receive.,3fc81000-1a43-4927-beda-2e8436fc1e4b,Stephenbury,45-54,9,4,2
Fantasy,Moyer LLC,2007,Attorney receive.,e150f244-855b-45ee-a92c-28b19291dadf,Claireton,Under 18,3,5,4
Fantasy,Moyer LLC,2007,Attorney receive.,1cdd19f6-1b54-4c89-b3a2-4701f94bb818,East Matthewmouth,45-54,7,4,2
Fantasy,Moyer LLC,2007,Attorney receive.,e0c3a8fe-2c4c-43f8-adde-de4fdb2d2626,Castanedabury,25-34,7,3,5
Mystery,Howard LLC,1994,Perform left stock.,c8d086c1-6164-42fc-a917-5ea4d4671051,West Heidiburgh,35-44,7,3,4
Mystery,Howard LLC,1994,Perform left stock.,39a3957e-3084-4fde-ac2b-7c3cc80638b6,Maryshire,Under 18,9,4,1
Mystery,Howard LLC,1994,Perform left stock.,3ddc3377-3541-4788-8066-d4a739f47ed8,Stevenfort,45-54,5,1,4
Mystery,Howard LLC,1994,Perform left stock.,0c6930e7-d1cc-4224-810c-defdb21b6688,Phelpsburgh,45-54,6,5,2
Mystery,Howard LLC,1994,Perform left stock.,97f53678-7b5c-4047-95cf-924efeb17ada,Patrickfurt,25-34,3,5,1
Mystery,Howard LLC,1994,Perform left stock.,35e2fa2d-d1c7-424a-ba1b-0a5ec9ba6a1c,North Toddland,Under 18,10,3,3
Mystery,Howard LLC,1994,Perform left stock.,45975b4e-795c-4220-91f2-857ae46df3ce,Arnoldside,25-34,5,5,1
Science Fiction,Galloway-Stafford,2007,Another want.,d8f8359c-f17e-41eb-92a6-f42ff433338e,Kaylaborough,35-44,7,3,1
Science Fiction,Galloway-Stafford,2007,Another want.,a336273b-1f78-45d5-87bd-71c8b0213346,North Alexandraland,Under 18,9,2,2
Science Fiction,Galloway-Stafford,2007,Another want.,7ab9d31d-4117-40ba-b134-5108bbf2f16a,East Victoria,35-44,10,2,1
Science Fiction,Galloway-Stafford,2007,Another want.,7da0f320-031f-42e7-87b8-47d8620f7e3c,Torresville,18-24,8,5,1
Non-Fiction,"Russo, Gray and Taylor",1997,Usually employee difference big.,0db93c22-4f9e-4a62-bbe7-061deb456258,Hunterborough,Under 18,3,4,1
Non-Fiction,"Russo, Gray and Taylor",1997,Usually employee difference big.,5b61101d-ff8d-485d-bb9e-a0ffb574c268,East Christina,Under 18,5,2,5
Non-Fiction,"Russo, Gray and Taylor",1997,Usually employee difference big.,bd61ebe9-650c-4634-990c-cd7c4143d0c2,Port Christopher,25-34,3,4,1
Non-Fiction,"Russo, Gray and Taylor",1997,Usually employee difference big.,c89e8c4e-2ae7-42d5-b980-60bb0dbe2368,West Charles,35-44,10,4,5
Non-Fiction,"Russo, Gray and Taylor",1997,Usually employee difference big.,8c3921a2-9d67-496a-a67a-2884fccd9c09,New Patricia,35-44,1,5,2
Non-Fiction,"Russo, Gray and Taylor",1997,Usually employee difference big.,30ebeb69-c320-4fc6-97b3-7942fd1de573,South Mary,35-44,2,2,3
Non-Fiction,"Russo, Gray and Taylor",1997,Usually employee difference big.,7373c628-195a-4d15-a52c-b5cf2a6b937e,Samanthatown,35-44,1,4,2
Non-Fiction,"Russo, Gray and Taylor",1997,Usually employee difference big.,8b8458ce-364a-483f-87be-5bab6a3b156a,Danielleshire,35-44,5,4,2
Non-Fiction,"Russo, Gray and Taylor",1997,Usually employee difference big.,36a38d10-4d2b-4893-b2eb-6f0d41fa1e7d,Rodriguezmouth,45-54,9,2,2
Non-Fiction,"Russo, Gray and Taylor",1997,Usually employee difference big.,105b829a-9d9c-48da-bdae-4461a3a88077,Port Patricia,Under 18,3,2,2
Fantasy,Rice LLC,2019,Prove probably.,f077afce-0300-4f15-8353-7b0c123e8fd1,Port Alexandrashire,25-34,3,4,3
Fiction,Horn Inc,1952,Everything city able.,d3d076b2-84b0-441d-a337-f2243995da00,Whitneyshire,25-34,3,1,3
Fiction,Horn Inc,1952,Everything city able.,17439fb1-0e33-4433-996c-4d8caed477ef,Adamschester,Under 18,1,4,2
Fiction,Horn Inc,1952,Everything city able.,fac0c0bf-10be-4c95-b502-eb1b5a307ffe,Kylemouth,25-34,5,4,4
Fiction,Horn Inc,1952,Everything city able.,02547944-609c-4d8a-8df0-ecd23fb2e1d4,Garyberg,Under 18,7,5,4
Fiction,Horn Inc,1952,Everything city able.,daad301a-e6ac-4e28-b44f-c78f2b14d46a,Lake Daniel,25-34,4,2,3
Fiction,Horn Inc,1952,Everything city able.,640c1c6a-6abf-47d6-ae19-044d7eabcaee,Marisashire,Under 18,10,4,3
Fiction,Horn Inc,1952,Everything city able.,aa16c34d-5b0d-41ba-a4e7-8649278ac588,Bowmanmouth,45-54,1,1,3
Fiction,Horn Inc,1952,Everything city able.,b5baf69d-6a0b-4ec9-84b6-145cdbd0f007,North Davidville,Under 18,9,2,4
Fiction,Horn Inc,1952,Everything city able.,2ce3c40b-28f6-4205-9c6d-b9447efaa1ff,North Richard,Under 18,1,4,1
Fiction,Horn Inc,1952,Everything city able.,d6737761-ad65-45c0-a0a9-31acd952f7b8,Jasonstad,45-54,7,4,2
Science Fiction,Holmes-Meyer,2013,Support plant.,49c6fc4a-5ad4-4879-b435-cb85a25646ff,South Kylefort,Under 18,3,1,1
Science Fiction,Holmes-Meyer,2013,Support plant.,7a264794-bdfc-45e3-96bf-40b39ec65041,Bakerchester,45-54,9,4,4
Science Fiction,Holmes-Meyer,2013,Support plant.,44d28501-090c-4446-a144-63a332a47c1d,Aprilton,35-44,7,4,2
Science Fiction,Holmes-Meyer,2013,Support plant.,188b2ec3-342f-42b8-8e5a-4f4ec63cd6a6,Mortonview,18-24,3,1,3
Non-Fiction,Anderson Ltd,1959,Build near send.,a2188d59-07ca-4e82-a8e0-ad35c7293339,Gonzalezland,25-34,3,4,1
Non-Fiction,Anderson Ltd,1959,Build near send.,1ffea50c-3d6b-4e23-a5d8-79333a8d7511,Cynthiaburgh,25-34,1,5,5
Non-Fiction,Anderson Ltd,1959,Build near send.,b56233ea-9ed2-4627-af20-93e120427401,Zacharychester,18-24,10,1,2
Fiction,Vazquez-Ross,1966,During special particular.,b8fc4721-eaef-45b6-80f6-d5e0dc76028a,Arellanoport,25-34,10,4,3
Fiction,Vazquez-Ross,1966,During special particular.,8de626ce-beeb-4802-ac4e-2381cf36b3d1,New Kathleenmouth,18-24,9,3,5
Fiction,Vazquez-Ross,1966,During special particular.,5501cda2-b375-4df2-9df7-7851b237b441,Allisonshire,25-34,5,5,5
Fiction,Vazquez-Ross,1966,During special particular.,0f565a72-e0e1-4ece-b8f4-26f410108bae,Gregoryfort,25-34,9,4,3
Fiction,Vazquez-Ross,1966,During special particular.,faa55396-97b9-487e-8cad-989757adb121,Kimburgh,18-24,9,3,3
Fiction,Vazquez-Ross,1966,During special particular.,53250e6c-eab8-4d7d-96e7-4c69516e542f,New Rhondaville,25-34,6,1,1
Fiction,Vazquez-Ross,1966,During special particular.,23e50a85-83d9-41b8-9456-cf21b8c6eca9,North Emilyborough,35-44,1,4,1
Fiction,Vazquez-Ross,1966,During special particular.,61c73b90-b429-43c6-8607-ab5e7127865e,South Melanieshire,25-34,9,4,2
Fiction,Vazquez-Ross,1966,During special particular.,8e3b0b35-5f9c-404b-bc3e-4504868a4af8,Lake Andreashire,25-34,7,4,1
Fiction,"Smith, James and Blair",1969,Thank result anyone.,efcf58be-0be2-467d-b45c-b494b19fdd28,Olsonfurt,25-34,8,3,5
Fiction,"Smith, James and Blair",1969,Thank result anyone.,a4c8627d-5b13-46c6-a9f3-682256eda339,Shawnstad,45-54,7,4,3
Fiction,"Smith, James and Blair",1969,Thank result anyone.,34a881c8-a0f2-4a04-923b-0a45665c4cb2,Hallfurt,Under 18,4,5,3
Fiction,"Smith, James and Blair",1969,Thank result anyone.,ef1d6345-3637-469b-9377-680a40f0f5a4,Annamouth,55+,3,5,2
Fiction,"Smith, James and Blair",1969,Thank result anyone.,84e69ea4-5546-473a-9017-b36beae1807a,Williamview,45-54,1,4,1
Science Fiction,Haas Inc,1969,Effort choice medical.,4b8d69ef-3816-439d-94af-976b4a01287f,Warrenville,55+,6,2,5
Science Fiction,Haas Inc,1969,Effort choice medical.,e2128a72-ea37-40df-8a46-f42869171d88,West Lindafort,Under 18,10,5,1
Science Fiction,Williams-Barry,2001,Appear.,4ada216d-f731-4232-9816-293e104a04d9,Jameschester,Under 18,2,3,1
Science Fiction,Williams-Barry,2001,Appear.,849ebcb1-c32d-4ca4-aa2d-3bad624b1a9a,East Julian,25-34,9,4,3
Science Fiction,Williams-Barry,2001,Appear.,15f238f6-a9e7-4e2c-ab7d-99ffd82c9ce0,South April,Under 18,1,2,5
Science Fiction,Williams-Barry,2001,Appear.,722d81dc-899d-4077-900c-9d9dc33e757c,New Jamesburgh,18-24,10,5,4
Science Fiction,Williams-Barry,2001,Appear.,2db95e29-14f3-482f-adb8-ef431a9e8723,Payneburgh,25-34,9,5,1
Science Fiction,Williams-Barry,2001,Appear.,d9b63cba-3420-4cd0-bcbf-c985a01a63d3,North Darlenefort,45-54,5,2,4
Science Fiction,Williams-Barry,2001,Appear.,9dd10af5-c6f5-4b26-b6ef-99d760e166f5,South Williamville,45-54,5,1,4
Science Fiction,Williams-Barry,2001,Appear.,293be3bb-f0b8-426c-bfd7-aed7e16428bb,South Williamborough,25-34,2,4,3
Science Fiction,Ross LLC,1954,Realize human.,9d78d24b-3be4-49f3-bd8e-bba912a76cd4,Mooreton,25-34,8,1,4
Science Fiction,Ross LLC,1954,Realize human.,a12efb04-dfc7-4a6f-8155-711c350c1a2e,Port Jon,35-44,10,2,2
Science Fiction,Ross LLC,1954,Realize human.,4b15c74a-299a-4969-9dfd-60573f5fad0c,East Tony,55+,4,2,2
Science Fiction,Ross LLC,1954,Realize human.,ccb3ac16-6741-49d5-a61f-24f14d029678,Smithbury,25-34,1,5,3
Non-Fiction,Robles-Brown,2007,Election value speech.,c2a3cffa-0260-4704-aa3a-50ee6113e6f6,East Mandychester,Under 18,7,4,1
Non-Fiction,Robles-Brown,2007,Election value speech.,a8d5d4ee-9841-4a89-94b1-25801fd6efd7,West Ianport,35-44,2,4,3
Non-Fiction,Robles-Brown,2007,Election value speech.,44783770-cb15-4963-a12f-7f27823e1a04,Kylefort,Under 18,7,4,4
Science Fiction,Rose-Gould,1976,Friend finish.,58ad3fe3-6a7f-456a-8aa1-88a2429443c0,Lauraport,Under 18,2,1,5
Science Fiction,Rose-Gould,1976,Friend finish.,c0d9d1f5-bb3b-41e5-b812-b976d75effab,Williamsview,18-24,6,2,4
Science Fiction,Rose-Gould,1976,Friend finish.,a4f22530-e94f-4edb-a9bc-27bb6f4c8673,Adamview,55+,7,4,2
Science Fiction,Rose-Gould,1976,Friend finish.,addce145-2d5d-4f86-96be-d68aaf5db66c,Elizabethside,18-24,5,3,4
Science Fiction,Rose-Gould,1976,Friend finish.,25254542-a5d5-4c59-9d43-25c92bbb34f2,Cookport,18-24,10,5,3
Science Fiction,Rose-Gould,1976,Friend finish.,0da258d5-adcf-427c-92fc-fd8c6560b7e5,Port Paul,18-24,3,4,5
Science Fiction,Rose-Gould,1976,Friend finish.,8cf33ac5-27d0-4593-ab9b-299cc21e0c58,West Katelyn,45-54,2,4,2
Science Fiction,Rose-Gould,1976,Friend finish.,756ef9ce-6ff8-47d3-bc5d-62dca35081c6,Beckershire,45-54,3,5,2
Fantasy,"Davis, Davis and Mills",1997,Meeting Republican because.,8ab3f3a3-1a95-46f0-8a08-2faf813cf2ce,Tammytown,35-44,1,3,5
Fantasy,"Davis, Davis and Mills",1997,Meeting Republican because.,f630760f-67dc-4cbc-8a97-09400fe16667,South Daryl,18-24,10,4,5
Fantasy,"Davis, Davis and Mills",1997,Meeting Republican because.,5081a9b0-861e-4a57-973d-5c02cc0e2357,South James,55+,1,4,2
Fantasy,"Davis, Davis and Mills",1997,Meeting Republican because.,12cecadb-5112-493d-8c57-d8d9c01c3682,South Scottport,18-24,5,3,4
Fantasy,"Davis, Davis and Mills",1997,Meeting Republican because.,ae0ff9f3-79de-4eb8-9d6b-ee10c05f2f04,Josephberg,18-24,5,1,3
Fantasy,"Davis, Davis and Mills",1997,Meeting Republican because.,97c84172-e2c0-4045-835e-9d8483e64660,Jessicaland,35-44,1,5,3
Fantasy,"Davis, Davis and Mills",1997,Meeting Republican because.,0455cd48-39aa-48a3-a2d5-d6be33d5518d,East Michelle,18-24,6,2,3
Fantasy,"Davis, Davis and Mills",1997,Meeting Republican because.,e1a4ebdf-4694-4736-b873-e942d1ad50b2,Stoneberg,55+,2,2,2
Fantasy,"Davis, Davis and Mills",1997,Meeting Republican because.,ca4192ad-04b7-4b54-8250-40f953ca5f8b,Nicholasmouth,Under 18,8,2,5
Fantasy,Hardin and Sons,1988,However such follow side.,c04dc820-edfe-4a0f-8259-f8692c06a2b8,Ramosfort,25-34,2,1,1
Fantasy,Hardin and Sons,1988,However such follow side.,a9bf3723-29a5-4431-af65-ed6d2d63eb3a,Cooleyton,Under 18,9,5,4
Fantasy,Hardin and Sons,1988,However such follow side.,c4a5ca01-5885-46a3-a544-7640982e6fb9,New Dorothyton,18-24,2,4,2
Fantasy,Hardin and Sons,1988,However such follow side.,301415e6-281f-442e-bb28-06be10230785,Johnsonmouth,25-34,3,4,5
Mystery,Turner-Frazier,1987,Democratic manage arm.,34fe619a-71f0-457b-9a4d-123067362826,North Catherine,18-24,7,4,3
Mystery,Turner-Frazier,1987,Democratic manage arm.,3b879237-1ca8-42db-9ada-d7e58a9e1712,West Stephen,45-54,3,4,3
Mystery,Turner-Frazier,1987,Democratic manage arm.,3894b7fa-51c6-473f-9571-367d71ed3b11,Jasonstad,35-44,5,1,1
Mystery,Turner-Frazier,1987,Democratic manage arm.,d7822ebf-4fc8-45ee-be9f-7dc427c70cf9,Kristenview,25-34,2,1,5
Mystery,Turner-Frazier,1987,Democratic manage arm.,6b941161-00c1-47dc-b129-fc76db1d4539,Kellerborough,18-24,2,4,5
Mystery,Turner-Frazier,1987,Democratic manage arm.,8d3c2316-1c6d-4c45-a3ea-7414ec2a866d,New Rebeccastad,Under 18,10,2,4
Mystery,Turner-Frazier,1987,Democratic manage arm.,461053bd-9be7-44b9-b8cf-861b6ebf98bd,Sanchezburgh,18-24,9,3,3
Mystery,Turner-Frazier,1987,Democratic manage arm.,b99a93b5-3fe5-4b4b-8ed1-f2a044edd79e,East Allenchester,55+,2,5,4
Mystery,Turner-Frazier,1987,Democratic manage arm.,6dd005e2-6515-442e-8055-c9283adf260a,Port Robert,25-34,5,5,2
Mystery,Turner-Frazier,1987,Democratic manage arm.,77f38e0d-9f69-4941-b5df-387c8476aa0e,New Jasonstad,55+,4,3,2
Science Fiction,Johnson-Gaines,1968,Subject that.,94c1f1d3-1a2b-48a4-a698-6a8024ff97aa,Jacksonland,45-54,4,3,4
Science Fiction,Johnson-Gaines,1968,Subject that.,5ba6b597-0244-4368-8bcb-d134ea64074a,Hollyhaven,Under 18,6,3,5
Science Fiction,Johnson-Gaines,1968,Subject that.,10967ee3-e43c-4ded-91b8-3aa0d1c4e4cc,Port Michelle,55+,7,2,2
Science Fiction,Johnson-Gaines,1968,Subject that.,39c0febd-e76c-4e60-996e-dc5095b6459f,Lake Dominic,35-44,8,1,2
Science Fiction,Johnson-Gaines,1968,Subject that.,1807e582-ff80-40c6-bd1f-1d33f5869bb2,North Jeanette,25-34,8,5,1
Science Fiction,Johnson-Gaines,1968,Subject that.,ac0a7a25-57ce-43e7-a3f3-c1b7460a6b25,Freemanburgh,Under 18,5,5,3
Science Fiction,Johnson-Gaines,1968,Subject that.,036c456d-6962-46f9-9130-b523e2add62c,West William,35-44,6,3,2
Science Fiction,Johnson-Gaines,1968,Subject that.,964e0f4f-2ba8-43f1-a8b7-dad86cbe42ab,South Richardfort,55+,8,3,2
Science Fiction,Johnson-Gaines,1968,Subject that.,7a7f5763-f5bd-4cab-a7c9-dc403e0f9b64,Brianfurt,18-24,9,5,5
Science Fiction,Johnson-Gaines,1968,Subject that.,f7c8685e-c626-49ef-bd62-c29850d79bea,Hillville,35-44,3,3,5
Science Fiction,Davis PLC,2011,Dream if.,f80a877d-fb8b-4e99-8f6b-cd65416c2cd4,Brendaberg,55+,1,4,4
Mystery,Ward PLC,1993,Strong none back.,1177eaab-3b14-43cd-8820-3720905f0383,Robertbury,18-24,2,4,3
Mystery,Ward PLC,1993,Strong none back.,727aa8cd-6ed2-4eb2-9a4b-62f28d4a0bfd,Russellview,25-34,5,2,4
Mystery,Ward PLC,1993,Strong none back.,b6ebf279-8d9d-4f96-bd41-0b6a96f97bd0,Suarezchester,55+,2,2,4
Mystery,Ward PLC,1993,Strong none back.,79da2452-0460-4540-966c-1f041d01780f,West Faith,18-24,8,5,5
Mystery,Ward PLC,1993,Strong none back.,7c5b6129-2951-4a1e-b485-219ccb1d680a,Amymouth,Under 18,1,1,5
Mystery,Ward PLC,1993,Strong none back.,4627c4b3-33b2-473b-880b-49af888abb79,South Karen,45-54,7,3,5
Mystery,Ward PLC,1993,Strong none back.,563d9419-23b1-40f6-9e81-2d10b9a0f453,Lake Jamiefort,18-24,5,3,2
Mystery,Ward PLC,1993,Strong none back.,91ce0ce3-387a-4c43-a28a-074e6a0b6099,New Robertchester,55+,5,2,4
Mystery,Ward PLC,1993,Strong none back.,2fe21ad7-a590-45ca-aa80-6b5bd5b31da3,Craigberg,45-54,9,2,5
Mystery,Ward PLC,1993,Strong none back.,23d5c0e0-b141-4dc1-8c46-a86a0553761e,Millerbury,18-24,10,1,3
Fiction,Cox-Butler,1958,Far firm movement.,2e688e51-8320-4ca2-8524-b3cfb077b962,Markmouth,Under 18,5,2,2
Fiction,Cox-Butler,1958,Far firm movement.,510b6a2b-0f1d-48c3-94af-1ce94381319f,West Shawn,18-24,8,2,5
Fiction,Cox-Butler,1958,Far firm movement.,63bec41d-2c56-4f3d-84a0-c6a0b2b77ef7,New Julie,35-44,10,3,3
Fiction,Cox-Butler,1958,Far firm movement.,c89d5994-1551-47d0-9591-8436495bca67,New Rubenfurt,55+,4,5,4
Fiction,Cox-Butler,1958,Far firm movement.,9834e9a6-83c7-449d-9b77-1b5291c65f3d,South Daniellemouth,55+,5,5,2
Fiction,Cox-Butler,1958,Far firm movement.,0b82b1cf-908c-4c05-94cd-1457432bce7e,New Craig,25-34,6,3,4
Fiction,Cox-Butler,1958,Far firm movement.,04210b6b-fd0b-400d-9936-26584d4d6842,Lake Veronica,25-34,2,4,4
Fantasy,Palmer PLC,2015,Traditional child natural.,173d281c-22ea-4315-8150-329da54dbcd2,North Richard,35-44,4,3,4
Fantasy,Palmer PLC,2015,Traditional child natural.,beee07af-003c-493c-9d9d-96f2a18e08e5,Scottshire,Under 18,7,1,4
Fantasy,Palmer PLC,2015,Traditional child natural.,a099a926-73fe-4d3a-804d-82bbf485410c,South Tammie,35-44,4,1,1
Fantasy,Palmer PLC,2015,Traditional child natural.,248869b6-ee18-4890-b525-b5b3446420b1,East Edward,25-34,3,1,5
Fantasy,Palmer PLC,2015,Traditional child natural.,ef181ca0-db9d-4792-92db-70293ba36d5b,New Jared,18-24,7,2,3
Fantasy,Palmer PLC,2015,Traditional child natural.,c086a519-e5b7-4450-ac02-81ab72fd4e98,Murrayland,18-24,10,4,5
Fantasy,Palmer PLC,2015,Traditional child natural.,e5ceb0c8-4501-4465-896f-9e557db6c5ca,Jeffshire,35-44,9,2,4
Fantasy,Palmer PLC,2015,Traditional child natural.,7c3afab2-05fc-496f-956b-8701db22b751,Lauraborough,18-24,3,2,2
Fantasy,Palmer PLC,2015,Traditional child natural.,67b18e47-970b-4e84-af7e-092e484c6e16,Clarktown,35-44,7,3,3
Fantasy,Palmer PLC,2015,Traditional child natural.,940c854d-147e-4fb1-aea5-58c7c439a1d0,Darrentown,25-34,7,3,4
Science Fiction,Scott PLC,2016,View bar know.,f7ce8ce5-d251-4fc4-a6f5-2db3e86b5b94,New Patrick,25-34,7,1,3
Science Fiction,Scott PLC,2016,View bar know.,f3cfc4c7-e6d7-4375-8f3e-cc80881be703,North Suzanneborough,35-44,10,1,1
Science Fiction,Scott PLC,2016,View bar know.,8f3a6191-fc62-4c34-b34b-117e53a3da49,Marystad,45-54,10,4,2
Science Fiction,Scott PLC,2016,View bar know.,2105a3dd-df94-4125-a256-88cc5c94da34,Port Annstad,Under 18,5,1,1
Science Fiction,Scott PLC,2016,View bar know.,2bef552a-ef87-46ef-8efb-55786b8ce3af,North Robert,25-34,6,4,1
Science Fiction,Scott PLC,2016,View bar know.,6af04538-2733-48c4-8599-f1b21400192a,Brandonmouth,Under 18,1,3,2
Science Fiction,Scott PLC,2016,View bar know.,c35993c1-4ea7-43ee-b726-6275c9f3cef6,East Kevin,Under 18,4,5,2
Science Fiction,Scott PLC,2016,View bar know.,5a38f600-f007-4273-a013-023e38c61b5b,Lake Samuel,35-44,10,5,2
Mystery,Richard Group,2016,Final arrive.,6be4b6ae-6a1f-4189-9b92-bff14f43638d,Kington,45-54,2,5,3
Mystery,Richard Group,2016,Final arrive.,19221312-1cb1-4b04-94c7-a3710d622231,New Amber,35-44,1,1,3
Mystery,Richard Group,2016,Final arrive.,dcb2ea14-bf69-466d-9755-b6338ebe097d,Alexanderburgh,25-34,10,5,5
Mystery,Richard Group,2016,Final arrive.,6c9e7a93-14df-4d1c-9fdb-7228caf5d9b9,South Patrick,Under 18,7,2,2
Mystery,Richard Group,2016,Final arrive.,4e85b4c4-3fd7-4347-9761-29109e645836,Port Latasha,25-34,5,5,4
Mystery,Richard Group,2016,Final arrive.,bcb8bfc7-6ef2-401c-a2f8-c3c3e8b8aa69,Hendersonshire,55+,4,5,4
Mystery,Richard Group,2016,Final arrive.,9578e88b-010b-4796-a839-d27a2db65ce0,Smithchester,55+,9,3,2
Mystery,Richard Group,2016,Final arrive.,14533389-587c-464a-a1e8-46c4929993ff,East Johnny,25-34,2,2,5
Mystery,Richard Group,2016,Final arrive.,f30b109f-07dd-4c33-a3ea-7978dc35a954,West Kimberlyside,18-24,5,3,1
Mystery,Richard Group,2016,Final arrive.,74ae9a86-592a-417f-b6fe-ce7433246aa1,Kristintown,35-44,2,1,4
Non-Fiction,Martinez-Torres,1965,Early whatever.,73165c57-5b7c-4729-bd29-133287aa3557,Walkermouth,35-44,3,1,4
Non-Fiction,Martinez-Torres,1965,Early whatever.,8571c931-387e-4226-8ce1-3a24f948abf1,Huynhfort,45-54,4,1,5
Non-Fiction,Martinez-Torres,1965,Early whatever.,02de74c0-6685-41b3-946c-11ffda6b8019,Derekport,25-34,1,2,2
Non-Fiction,Martinez-Torres,1965,Early whatever.,c50cd807-9ebe-44cf-aea0-f2481c145d92,Lake Jenniferbury,25-34,5,2,2
Non-Fiction,Martinez-Torres,1965,Early whatever.,61908780-148a-4d75-98f4-485ed1a95bb1,East Brad,55+,6,1,3
Non-Fiction,Martinez-Torres,1965,Early whatever.,a1d0dc7f-8b40-46f6-8b20-9b64e564cab4,North Heatherton,45-54,2,1,4
Non-Fiction,Martinez-Torres,1965,Early whatever.,69dd1caa-6aa2-49d8-b0ae-e326bcc863c8,East Nicholas,45-54,10,1,1
Science Fiction,Lewis-Davis,1951,Theory.,6f26e19f-c7ac-4fb6-aee0-dade043783fa,Grayport,18-24,6,5,2
Science Fiction,Lewis-Davis,1951,Theory.,375b0792-b77a-4063-b63d-82cd97de4259,Johnsonshire,18-24,10,5,4
Science Fiction,Lewis-Davis,1951,Theory.,c53694ff-2bba-4c4f-b784-84952af95f46,Lynchfurt,45-54,1,4,3
Science Fiction,Lewis-Davis,1951,Theory.,f7f3e379-e06b-40c1-9859-87c960668d52,Johnsonbury,45-54,5,5,3
Science Fiction,Lewis-Davis,1951,Theory.,28c60116-bdfa-43f0-96d0-02a68d5d15b7,Deannaville,45-54,10,2,4
Science Fiction,Lewis-Davis,1951,Theory.,9d195c9b-3cc9-404b-bb12-5fc6fee29173,Jenniferhaven,25-34,3,4,2
Science Fiction,Lewis-Davis,1951,Theory.,3cab9528-84dc-4f97-9c03-f69a33045032,Andrewsfurt,45-54,10,1,4
Science Fiction,Lewis-Davis,1951,Theory.,89a98aa2-ecd2-4bd9-9bb6-b8f0a0399456,Sarahshire,45-54,4,3,3
Science Fiction,Lewis-Davis,1951,Theory.,b7b05399-898e-42c7-aeeb-dc4d4c53efab,New Davidport,35-44,9,2,1
Science Fiction,Lewis-Davis,1951,Theory.,37367649-84dd-4f7d-8d82-989b50c87880,Delgadohaven,45-54,2,4,5
Non-Fiction,Brown and Sons,1998,Door push.,bba7c9a2-8bb7-4c78-a965-905c599bb1ef,Harrisville,35-44,2,3,4
Fiction,Terry and Sons,1986,Town.,c31e040c-f370-42f0-871f-d93b33ffab36,East Meghan,55+,3,4,1
Fiction,Terry and Sons,1986,Town.,9a00e0a0-c670-4466-a935-9d0b93a2090d,South Hannah,35-44,9,4,2
Science Fiction,Crawford-Wells,1973,Public war before.,7272ff98-2dd8-4997-a35b-879b92893ab8,Meyerborough,45-54,4,4,4
Science Fiction,Crawford-Wells,1973,Public war before.,3237a8d3-cefd-47a9-afc8-ef7cb36cf65d,Kimport,35-44,10,2,1
Science Fiction,Crawford-Wells,1973,Public war before.,bac2f81b-2053-4209-b313-1a9d7564d747,Lake John,25-34,5,2,3
Science Fiction,Crawford-Wells,1973,Public war before.,7d5cc4cd-d0a7-4656-9afe-0626407f6868,Margaretmouth,25-34,1,5,3
Science Fiction,Crawford-Wells,1973,Public war before.,dfdd40ae-676c-4680-9996-cc586cacb78c,North Vincent,35-44,9,1,4
Science Fiction,Crawford-Wells,1973,Public war before.,e74d927f-4d74-43c8-a4b2-c0aac9c573f5,Evansville,55+,2,5,4
Science Fiction,Crawford-Wells,1973,Public war before.,3d949293-eb60-44e3-8d65-f9ec1b39d1ab,Barbaramouth,Under 18,9,4,3
Science Fiction,Crawford-Wells,1973,Public war before.,9a81ee42-82bb-48ac-9237-df511e7e7ffa,North Amanda,18-24,2,2,4
Science Fiction,Crawford-Wells,1973,Public war before.,641ebe3d-e21f-46f2-a64f-a450fcc241fd,Nortonberg,25-34,5,4,4
Non-Fiction,Smith Ltd,2006,Pay itself bag.,6cb983d7-52ef-424c-a0a4-967271c3bf45,Shelleyport,35-44,2,1,1
Non-Fiction,Smith Ltd,2006,Pay itself bag.,7246ea94-b2d0-4442-b60b-a3dfb916a022,Alexanderville,Under 18,5,5,2
Non-Fiction,Smith Ltd,2006,Pay itself bag.,e8718546-ce83-466d-aea9-cc5644b649e9,Port Ashleytown,55+,2,4,5
Non-Fiction,Smith Ltd,2006,Pay itself bag.,ed6e7f98-e6cd-4f97-a9af-4bcd9143a370,Hamiltonshire,55+,2,5,5
Non-Fiction,Smith Ltd,2006,Pay itself bag.,a93b89ee-8db8-4c50-bb32-a7964777812f,South Charlesland,25-34,2,5,4
Non-Fiction,Smith Ltd,2006,Pay itself bag.,b29845ac-76c5-45af-a002-af5a3ef4fe72,Fisherfort,25-34,10,3,2
Non-Fiction,Smith Ltd,2006,Pay itself bag.,ade22175-f75f-4481-841e-809d57102dd3,North Kevinberg,18-24,5,2,1
Mystery,Smith-Miller,1957,Guy assume last.,fc158756-5340-4d57-ad9c-cb365f22ebd7,Rhondaview,18-24,7,2,5
Mystery,Smith-Miller,1957,Guy assume last.,2410564c-dc65-4221-9d6b-912bf8912349,West Josephfort,35-44,10,3,1
Mystery,Robinson-Stevens,1987,Owner position truth.,d54a8722-3d8b-43cb-bb73-d4c3854e0c81,Lake Kimmouth,35-44,1,3,1
Mystery,Robinson-Stevens,1987,Owner position truth.,73a51d7e-58f8-4085-9acb-dadd589b2061,Port Nicholasville,55+,9,3,2
Mystery,Robinson-Stevens,1987,Owner position truth.,0cb62d6c-8bc7-4fbc-8bc7-9fd6790c24b7,Luisfurt,35-44,4,1,4
Mystery,Robinson-Stevens,1987,Owner position truth.,3079c0bf-1c75-491e-9b88-1cceb326b623,South Ericville,18-24,7,5,2
Fantasy,Blair Ltd,1984,Writer.,bd654511-eb6b-415a-af9c-f754ca6f5d42,Howardton,25-34,7,3,3
Fantasy,Blair Ltd,1984,Writer.,8245fc68-1827-44bc-b1b7-57ea65bdb268,Welchbury,18-24,7,3,1
Fantasy,Blair Ltd,1984,Writer.,c89f7f8d-5402-4ab9-aa9a-3b82810eef7c,Henryville,45-54,5,3,3
Fantasy,Blair Ltd,1984,Writer.,471e6385-d040-49ae-9443-47cc95fbae4a,West Catherine,Under 18,4,3,2
Fantasy,Blair Ltd,1984,Writer.,5b42ee34-e5f9-4126-b0e9-83a9c4d91c8d,Catherinefurt,25-34,2,3,1
Fantasy,Blair Ltd,1984,Writer.,9752a18c-3238-4938-8ecd-d67017c5eeec,Ryantown,45-54,3,1,5
Fantasy,Blair Ltd,1984,Writer.,7ef6ab3a-1284-4bb9-b053-8f624a5ea408,West Ricardostad,Under 18,9,4,4
Mystery,Alvarez Group,1984,Mrs share.,4c883ebf-6bc8-4563-93c5-64cd56f0fe13,Port Jessica,55+,6,2,3
Mystery,Alvarez Group,1984,Mrs share.,60813c76-5b96-46ab-b38f-11fc297b60cc,Brianhaven,18-24,7,1,2
Mystery,Alvarez Group,1984,Mrs share.,3f526b9c-b5ee-4c8e-81f5-52b95c721d79,West Jimmychester,45-54,1,2,4
Science Fiction,"Lynch, Kidd and Elliott",1972,That eye.,e26c9d23-fa53-4fc3-85d6-b13f0b11a272,Angelahaven,55+,5,5,1
Science Fiction,"Lynch, Kidd and Elliott",1972,That eye.,6b251224-6d39-474c-be7b-3179cd36a3b7,East Jose,18-24,3,1,3
Science Fiction,"Lynch, Kidd and Elliott",1972,That eye.,52cd7649-96a0-49e1-939d-f030595e5cd8,Port Scott,35-44,4,5,5
Science Fiction,"Lynch, Kidd and Elliott",1972,That eye.,a4b50aef-bb3a-400c-b3f3-25b3cafd8808,New Frederick,18-24,7,1,5
Science Fiction,"Lynch, Kidd and Elliott",1972,That eye.,20a22fa7-090f-485a-bcea-bee973d475ec,South Christopherfort,Under 18,10,1,1
Science Fiction,"Wells, Rivera and Anderson",1979,Huge until safe.,ef743291-dfe8-4946-9659-91a0da2068a9,Debramouth,45-54,8,4,4
Science Fiction,"Wells, Rivera and Anderson",1979,Huge until safe.,39dc71d3-4781-4f1f-93be-dc06284c33fc,Lake John,18-24,7,2,5
Science Fiction,"Wells, Rivera and Anderson",1979,Huge until safe.,c76122b6-88cc-4c57-9a99-998eb98d6a09,Munozville,35-44,7,2,3
Science Fiction,"Wells, Rivera and Anderson",1979,Huge until safe.,c85da55f-7301-45cd-b9f1-c5a267445972,North Deborahfort,55+,5,2,2
Science Fiction,"Wells, Rivera and Anderson",1979,Huge until safe.,1c79198e-70ba-4629-8644-d52d70dd0073,Carterland,35-44,2,5,5
Science Fiction,"Wells, Rivera and Anderson",1979,Huge until safe.,379dcb7c-ed5b-445c-8ddb-bb223f0be975,Billymouth,55+,10,3,5
Mystery,Galvan-Wilson,1975,Exist out cold.,4ff824f6-e49a-43fe-a478-b51c4b9ca2c7,East Jennifer,55+,7,1,2
Mystery,Galvan-Wilson,1975,Exist out cold.,c6e345be-3eff-4dce-ba0e-228ea7106d79,East Thomashaven,35-44,1,3,1
Mystery,Galvan-Wilson,1975,Exist out cold.,c42f9824-5cf6-472c-a725-8eff530b1314,Jonesfort,Under 18,10,3,2
Mystery,Galvan-Wilson,1975,Exist out cold.,f0c9c9dc-4950-4f92-b6ab-d8bb5a1d0c10,Lake Danielmouth,25-34,1,2,1
Mystery,Galvan-Wilson,1975,Exist out cold.,cba2ed4c-eeaa-48ae-a45a-cf5a4b5c5933,North Robert,Under 18,9,1,5
Mystery,Lewis-Davis,1979,Design because poor.,f39e5a75-8325-4e9b-a833-dc0d5a97bdac,Heatherborough,55+,10,1,3
Mystery,Lewis-Davis,1979,Design because poor.,8068f5ec-8128-4ea3-8851-29922e991b1a,North Johnborough,Under 18,5,3,5
Mystery,Lewis-Davis,1979,Design because poor.,1c7e3d20-d16b-488d-94b0-171a50abf266,Port Luis,Under 18,10,4,1
Fiction,Waters Inc,1957,Side subject.,6f80d80b-105e-41ab-8efb-14cb3d8ed936,Traceyborough,Under 18,10,5,4
Fiction,Waters Inc,1957,Side subject.,0c668459-5240-436f-9f3d-eac9b7e99def,New Hannah,45-54,5,4,1
Fiction,Waters Inc,1957,Side subject.,30140f63-f9fe-4a62-aec6-0023c1abd67e,Jacksonstad,35-44,4,2,2
Fiction,Waters Inc,1957,Side subject.,6eccfcba-7fdb-4ace-bcaa-dd24162af5f4,West Sean,25-34,2,3,4
Fiction,Waters Inc,1957,Side subject.,9455c795-eae5-4c09-9199-8a280d6c80e4,Port Laurashire,25-34,1,3,4
Fiction,Waters Inc,1957,Side subject.,1b758fcb-8c04-4dc7-a141-db4880753db3,New Brandi,18-24,9,3,4
Fiction,Waters Inc,1957,Side subject.,50938fd9-12dc-4806-8ea6-638be3993b2c,Port Brandifurt,18-24,7,5,1
Fiction,Waters Inc,1957,Side subject.,87fb5fc8-3b3c-4aa7-a566-fe4c40f05d6f,Jasminebury,35-44,6,1,1
Fiction,Waters Inc,1957,Side subject.,9b958998-6c0c-4b0a-80f1-7c8048e031e8,Jameshaven,35-44,10,2,5
Mystery,Brown-Davis,1969,Discuss environmental guess much.,60f6147a-2c99-45f2-b8e9-56dd336105ef,Masseyville,18-24,5,2,4
Mystery,Brown-Davis,1969,Discuss environmental guess much.,78f36a40-ba96-4326-bb57-61555ede8141,North Danaberg,55+,5,4,5
Mystery,Brown-Davis,1969,Discuss environmental guess much.,a63fad05-2a47-4430-ba90-a0030c299797,New Michelle,18-24,2,1,5
Mystery,Brown-Davis,1969,Discuss environmental guess much.,c881df30-7b90-4d19-bccc-baaefb58235a,East Anthonyton,18-24,6,5,1
Mystery,Brown-Davis,1969,Discuss environmental guess much.,b692ad0e-74db-4ac8-a159-b5b204af6c96,New Stephanie,55+,10,5,1
Mystery,Brown-Davis,1969,Discuss environmental guess much.,2f74b524-9e68-4841-a8bd-e3360ee8515c,Port James,35-44,7,1,1
Mystery,Brown-Davis,1969,Discuss environmental guess much.,353b95c2-df4e-411a-89ab-7b6390864664,Travistown,35-44,2,4,4
Mystery,"Sullivan, Ortiz and Bruce",1977,Lose should able.,3613a96c-cdfe-4476-a408-ecf3ba6c93a7,Kristenberg,45-54,4,5,5
Mystery,"Sullivan, Ortiz and Bruce",1977,Lose should able.,70fcb247-a7fc-40f2-846e-e611d8c18dae,New Cheryl,18-24,4,4,4
Mystery,"Sullivan, Ortiz and Bruce",1977,Lose should able.,2c45a3ae-2dc4-4b02-a800-518e5f185bdd,Kristinastad,Under 18,10,4,5
Mystery,"Sullivan, Ortiz and Bruce",1977,Lose should able.,dcee6d07-d0ec-44c4-8e5a-5d3e354782bf,Susanport,Under 18,3,5,1
Mystery,"Sullivan, Ortiz and Bruce",1977,Lose should able.,59a53ecb-f6f8-42a2-9e14-416d3bac0cdc,South Matthew,Under 18,9,1,1
Fantasy,Silva-King,1960,Race discover.,dc12346e-7703-4bc0-ae02-39e2c0176d74,Ryantown,55+,7,1,1
Fantasy,Silva-King,1960,Race discover.,befe7f54-0276-478e-b397-5c039fd8f8b8,Wiseburgh,25-34,3,2,4
Fantasy,Silva-King,1960,Race discover.,073d354d-2710-446c-905e-38e9b217d3f2,North Joseph,18-24,10,1,4
Fantasy,Silva-King,1960,Race discover.,bae9ec24-6460-45ab-9fde-51b5b027342c,Daviesside,55+,1,4,2
Fantasy,Silva-King,1960,Race discover.,0053542f-0fa4-40e3-b184-17a1e4332332,West George,25-34,5,5,4
Fantasy,Silva-King,1960,Race discover.,52019d06-7677-451b-9e5b-2c9dbf6cb58f,North Bradleyside,45-54,7,2,1
Fiction,Hayes Ltd,1976,Budget simple prove.,c13fe008-8860-4474-85a5-6bdd957896c5,East Cheryl,35-44,6,2,1
Fiction,Hayes Ltd,1976,Budget simple prove.,f2a44ac9-10d6-4348-a8d0-725c026e677e,Charlesshire,55+,2,3,4
Fiction,Hayes Ltd,1976,Budget simple prove.,2851d617-6a76-46d6-8ed9-607d8f9ec397,Lindafurt,55+,2,2,2
Fiction,Hayes Ltd,1976,Budget simple prove.,57e1bb4e-900a-47de-96f9-c265dcb79047,Crystalview,35-44,5,1,2
Fiction,Hayes Ltd,1976,Budget simple prove.,9bdc5cb1-d83e-4510-9582-6561235d0753,Juliemouth,25-34,5,4,5
Fiction,Hayes Ltd,1976,Budget simple prove.,d2fa690b-c9c7-42a3-857f-cc80880b17c6,East Stacy,Under 18,6,4,4
Mystery,Adkins Group,1995,Hold simply along.,1e67658c-cdba-448b-bea8-7ecbe02c64cc,North Kevin,55+,8,1,3
Mystery,Adkins Group,1995,Hold simply along.,dbd5c5d9-4da8-4d83-acce-65fc07eaa352,New Jamesbury,45-54,10,2,4
Mystery,Adkins Group,1995,Hold simply along.,d7301102-c82b-40df-a517-c3770f7f3c6f,Lake Richard,35-44,1,1,5
Mystery,Adkins Group,1995,Hold simply along.,580f6269-a634-4e82-8518-b0a7c6877631,Johnsonton,25-34,7,4,5
Mystery,Adkins Group,1995,Hold simply along.,576d3907-db95-4192-90c6-bc043d264e8f,Dunnshire,35-44,2,5,5
Mystery,Adkins Group,1995,Hold simply along.,c7567e39-5bd9-48fc-96cf-f055c89c896a,Stevenstad,45-54,8,4,3
Mystery,Adkins Group,1995,Hold simply along.,f8874fd0-88dc-4f4d-8369-88d2a1fc1416,Theresafort,55+,5,4,5
Fantasy,Pearson PLC,2013,Foot fly look.,c54a115c-7ab3-49d6-a684-5c2645505e61,Wrightside,Under 18,10,1,1
Fantasy,Pearson PLC,2013,Foot fly look.,103b9cf9-4965-44b1-a5b3-3286e3447694,Ericberg,45-54,3,5,2
Fantasy,Fernandez Inc,1976,Yourself discover early court.,2950ae54-51bc-4712-9fb7-19df5f2a809a,Elizabethfurt,Under 18,10,2,2
Fantasy,Valenzuela-Price,1954,Mr occur gun.,fa9ce9e4-9c5a-41e3-a92c-1ef90bba95aa,North Heather,18-24,9,1,2
Fantasy,Sanchez PLC,2007,Process range over cell.,b69de32a-d55e-40fc-9274-607a19fa724e,Stevenhaven,55+,5,3,2
Fantasy,Sanchez PLC,2007,Process range over cell.,89d3aab2-cf0c-4ea1-b69b-798b8de6d497,Pattersonfurt,Under 18,7,2,1
Fantasy,Sanchez PLC,2007,Process range over cell.,3d0b0250-1920-47e3-9101-8f68f88c7502,Ginaside,Under 18,5,2,4
Fantasy,Sanchez PLC,2007,Process range over cell.,098dbc84-3fbe-412d-b3e5-3c5ab60b00ee,South Matthewfurt,25-34,8,2,1
Fantasy,Sanchez PLC,2007,Process range over cell.,1cdf42e1-0820-48c4-b319-50c3be3fb31d,East Ashley,18-24,1,1,5
Mystery,"Johnson, Simmons and Lewis",1963,Hard far wall fear.,c73e7a37-4487-4fb0-ada2-9bdb6f89933d,Averyland,18-24,5,5,4
Mystery,"Johnson, Simmons and Lewis",1963,Hard far wall fear.,fb2feb0a-0a4c-4cd6-bf96-62df8cfedb6e,North Christopherchester,Under 18,8,5,1
Mystery,"Johnson, Simmons and Lewis",1963,Hard far wall fear.,5e7009d8-6f2e-4f4c-ae8f-301f366bb8d6,Kaufmanberg,18-24,7,2,3
Mystery,"Johnson, Simmons and Lewis",1963,Hard far wall fear.,5188267f-2771-4197-a179-e210e983dc19,North Richardstad,25-34,3,1,5
Fiction,Silva-Walton,1986,Charge.,767e40f0-865d-4a62-8d76-9e760a108a6e,West Kelseyborough,35-44,7,3,2
Fiction,Silva-Walton,1986,Charge.,fc773b6e-f2d8-4cc5-ab92-2f2945b3f06d,Briantown,25-34,3,5,3
Fiction,Freeman Inc,1981,Fly find girl.,ccfe77dd-1ff7-4e43-90c2-23daaf62fa83,Port Josephshire,Under 18,5,1,3
Fiction,Freeman Inc,1981,Fly find girl.,6e168742-9ee0-4e6b-b7a3-af5de7be2d56,Wilsonview,18-24,1,4,5
Fiction,Freeman Inc,1981,Fly find girl.,e7c0e48f-577c-4981-a7d9-e0787e2027ad,Johnsonberg,35-44,10,4,2
Fiction,Freeman Inc,1981,Fly find girl.,a17806e3-a0d9-4eb0-9daf-96d20093e1cc,Port Dawn,45-54,1,4,4
Fiction,Freeman Inc,1981,Fly find girl.,d7d7770e-e645-4137-946f-6f73556b30ce,Millerburgh,25-34,1,4,3
Fiction,Freeman Inc,1981,Fly find girl.,61306d62-460c-4007-a4e9-28e2637d174e,Brownberg,Under 18,4,1,5
Fiction,Freeman Inc,1981,Fly find girl.,80eb1a43-ed91-406b-92f4-a37276411fb5,South Julie,Under 18,2,5,4
Fiction,Freeman Inc,1981,Fly find girl.,4e132edd-a929-429a-bfef-af9c9e36c461,Lake Jeremy,45-54,2,5,5
Fiction,Freeman Inc,1981,Fly find girl.,4ae512f0-662a-461c-827f-d855d75f4950,Hughesfort,55+,3,3,1
Fiction,Freeman Inc,1981,Fly find girl.,dc4fd383-431b-4e71-888c-091e0290bd9e,New Samanthaborough,55+,9,2,4
Non-Fiction,"Gilbert, Jones and Potts",2004,Task necessary market.,6c05024f-12dc-408f-9710-2a459f44aa31,Mcgrathville,18-24,2,4,2
Non-Fiction,"Gilbert, Jones and Potts",2004,Task necessary market.,6c333007-cbcf-4e6a-b781-6eca9b6302aa,Cynthiahaven,25-34,5,1,4
Non-Fiction,"Gilbert, Jones and Potts",2004,Task necessary market.,ad8957cc-07c2-42c8-b931-3de9fde40cde,Paynechester,18-24,9,3,3
Non-Fiction,"Gilbert, Jones and Potts",2004,Task necessary market.,7031f466-1025-44d1-9748-74080c064cef,Robertstad,18-24,3,4,5
Non-Fiction,"Gilbert, Jones and Potts",2004,Task necessary market.,e76e955f-d051-48cf-8416-a0ad5a7478d7,Michaelburgh,Under 18,1,4,5
Fantasy,Huerta-Goodwin,2020,Place ball goal.,67d5f3c8-15d1-4289-9b8d-4af6d66d8307,South Jonathan,25-34,1,4,5
Fantasy,Huerta-Goodwin,2020,Place ball goal.,c7189670-2de8-4b14-8d69-cc9e0fe55a2f,Drakefort,45-54,8,1,3
Fantasy,Huerta-Goodwin,2020,Place ball goal.,c0e6fc3e-3d2d-433c-85b7-e81488df778f,East Deanna,35-44,3,1,1
Fantasy,Huerta-Goodwin,2020,Place ball goal.,eca19fc2-fe4b-457b-960c-98c80240d36c,Timothyfurt,18-24,7,5,2
Science Fiction,Bryant Inc,2011,Talk turn.,bd32f113-9111-4c46-a4a8-5f1495b9d722,Beckermouth,35-44,1,1,3
Fantasy,Suarez PLC,2017,From hospital person.,a82871c5-0b4c-479a-afd8-b0659599e4bc,Michaelborough,Under 18,4,5,5
Fantasy,Suarez PLC,2017,From hospital person.,15a0683a-2d99-45b4-a137-e4dc44ab2fe9,Rebeccamouth,18-24,10,4,2
Fantasy,Suarez PLC,2017,From hospital person.,2de77c8d-f411-479b-8ac5-0217becee74b,West David,18-24,4,5,2
Fantasy,Suarez PLC,2017,From hospital person.,444798c8-7047-45b3-a11d-2dabf5c21071,Hernandezchester,Under 18,8,4,3
Fantasy,Suarez PLC,2017,From hospital person.,c53a0f64-d59f-4586-a10a-7f00069d9cda,Port Sarahside,Under 18,2,3,4
Fantasy,Suarez PLC,2017,From hospital person.,86256eed-d3aa-4bb9-b0fc-348faf6b10a8,Brownland,Under 18,4,2,3
Fantasy,Suarez PLC,2017,From hospital person.,175fe771-ef6a-4a9d-ba5d-f727c054f4cf,East Lori,25-34,1,2,3
Fantasy,Suarez PLC,2017,From hospital person.,ca318664-13d6-4b4c-9997-fef04214b02d,Paigeberg,35-44,5,3,1
Fiction,Morris-Trevino,2015,People shoulder possible.,41fe4b4e-1f45-4c15-afe8-0f6d73bc2c61,Petersonside,45-54,9,5,2
Fiction,Morris-Trevino,2015,People shoulder possible.,05f5841a-5d8d-45d5-b61d-4d814cb95d32,South David,35-44,10,5,3
Fiction,Morris-Trevino,2015,People shoulder possible.,c192ae98-760e-4054-a149-dd006c63030b,South Javier,25-34,3,1,1
Fiction,Morris-Trevino,2015,People shoulder possible.,b1b4362c-3991-41c9-a86f-ed59d4a7094d,East Monicaville,Under 18,1,2,2
Fiction,Morris-Trevino,2015,People shoulder possible.,4ba3726d-4af3-432c-b87d-a9ff63612de8,Kristamouth,Under 18,6,4,5
Fiction,Morris-Trevino,2015,People shoulder possible.,b022236f-864f-4694-8d9d-30c8ef98cf41,Thompsonshire,25-34,6,5,2
Fiction,Morris-Trevino,2015,People shoulder possible.,9c0ffd5b-516a-4ecb-925a-be69679cd1dc,Walshport,25-34,2,1,3
Fiction,Morris-Trevino,2015,People shoulder possible.,1b2dce6a-7b7e-4286-b248-1bf47559065e,Port Nicolestad,18-24,3,3,2
Fiction,Morris-Trevino,2015,People shoulder possible.,5bc69dd5-8907-4a2b-9e9c-8afa1f24b99f,New Jason,45-54,7,3,4
Science Fiction,Garcia Ltd,1988,Protect actually allow.,39a7a578-9971-40bd-922b-543772a34be2,South Anita,Under 18,7,3,3
Science Fiction,Garcia Ltd,1988,Protect actually allow.,fa99e42a-4bd8-41a5-a796-381fbc536160,Port Pamela,18-24,5,2,1
Science Fiction,Garcia Ltd,1988,Protect actually allow.,80ba0200-4c43-4382-b717-0fc2ebfdc39b,Lake Shawn,45-54,7,1,3
Science Fiction,Garcia Ltd,1988,Protect actually allow.,fd2ccb43-cce9-438b-a0d9-f5772c352542,North Robertmouth,55+,10,4,1
Science Fiction,Garcia Ltd,1988,Protect actually allow.,ceb795c0-905a-45b9-a81b-dd10b87bcf82,Port Timothy,Under 18,9,5,4
Science Fiction,Garcia Ltd,1988,Protect actually allow.,50611ff0-18bc-44d5-9b95-9d5c6b1cf8c3,South Aaron,55+,9,3,2
Science Fiction,Garcia Ltd,1988,Protect actually allow.,b69cd3d4-ac44-4cc8-b6fa-f9f1c76c7d91,East Tylerberg,18-24,3,3,1
Science Fiction,Garcia Ltd,1988,Protect actually allow.,b52b4fcd-089c-4a2a-b7a1-014603ce36c6,Pattersonmouth,55+,6,1,4
Fantasy,"Bowen, Sullivan and Evans",1975,Space stay.,1e5c6197-9192-4455-b5ba-c71bebe713dd,Port Tracy,25-34,4,2,2
Fantasy,"Bowen, Sullivan and Evans",1975,Space stay.,757a7986-8ffd-45ff-ad5b-431ebe56cb5c,East Amandaberg,25-34,1,3,3
Non-Fiction,"Ellis, Greene and Fitzpatrick",2014,Determine key.,e0671b83-091f-4393-962e-1b0d79da60d3,Tammymouth,18-24,2,3,3
Non-Fiction,"Ellis, Greene and Fitzpatrick",2014,Determine key.,21bcd76b-c1f9-496d-81c0-f4bc59f67146,Walkerfurt,45-54,6,1,3
Non-Fiction,"Ellis, Greene and Fitzpatrick",2014,Determine key.,fce952fb-8de2-4743-bb84-766089694676,Alisonside,35-44,7,4,5
Non-Fiction,"Ellis, Greene and Fitzpatrick",2014,Determine key.,a2de3fc4-f8d2-4c2f-9498-a9bc16f0f135,Jaredtown,35-44,4,3,2
Non-Fiction,"Ellis, Greene and Fitzpatrick",2014,Determine key.,5917471b-502a-40b1-b843-4435ef24eb13,Paulchester,18-24,1,5,1
Non-Fiction,"Ellis, Greene and Fitzpatrick",2014,Determine key.,642fbe5a-1f87-4dd7-883e-96fdca0fcdda,Christopherburgh,55+,5,4,2
Non-Fiction,"Ellis, Greene and Fitzpatrick",2014,Determine key.,1c631b40-13d5-46bb-abe1-9cb7bda54bbd,Port Kimberlystad,55+,8,4,1
Non-Fiction,"Ellis, Greene and Fitzpatrick",2014,Determine key.,67b8eaa7-5541-4c6f-9d3b-ca511240ff41,Owensbury,18-24,7,2,4
Mystery,Mcknight Ltd,2017,Upon especially four.,38b40c40-e77a-4a8a-8ffe-27ab6313e70a,Port Charleshaven,45-54,9,4,2
Mystery,Mcknight Ltd,2017,Upon especially four.,2ad9a36d-fff9-46e6-bc29-76670d033157,West William,18-24,1,4,5
Mystery,Mcknight Ltd,2017,Upon especially four.,bde42054-2db1-4d9b-90ab-16cdbe302a96,Thomasfurt,Under 18,9,5,2
Mystery,Mcknight Ltd,2017,Upon especially four.,2e572ace-6533-44b1-9475-9b438357fd8f,Robinsonborough,25-34,9,2,3
Mystery,Mcknight Ltd,2017,Upon especially four.,1b8143e8-b4b6-4d35-9bb3-b61139e52bf2,West Vanessahaven,45-54,6,4,1
Mystery,Mcknight Ltd,2017,Upon especially four.,b4177aa5-6b08-4058-9baa-23ad4288232a,New Meganview,25-34,2,2,1
Mystery,Mcknight Ltd,2017,Upon especially four.,81ba19af-6126-470e-bd33-2cd094f16727,New Ryanfurt,35-44,6,1,3
Mystery,Mcknight Ltd,2017,Upon especially four.,1b7eebae-1897-4424-8891-df03a8834995,Howardtown,Under 18,3,4,2
Mystery,Mcknight Ltd,2017,Upon especially four.,9034a36a-5ae3-44fd-9683-1f8e29ce5967,Armstrongstad,18-24,2,5,4
Non-Fiction,"Eaton, Shelton and Johnson",1970,Quality he.,48ad67f4-6a72-4786-a26c-a7bb83f98a98,Lake Michelle,Under 18,10,5,5
Non-Fiction,"Eaton, Shelton and Johnson",1970,Quality he.,61924bc0-89a5-4c52-b6ce-b46ad21021a9,New Arielfort,Under 18,9,2,5
Non-Fiction,"Eaton, Shelton and Johnson",1970,Quality he.,48c51914-5252-488c-bf0b-ad9310df168b,Reedland,35-44,9,2,4
Non-Fiction,"Eaton, Shelton and Johnson",1970,Quality he.,feaf767a-ede7-4b55-88be-f7c4bc6dc9f6,West Tamaraville,25-34,1,1,2
Non-Fiction,"Eaton, Shelton and Johnson",1970,Quality he.,cbe005f6-2ed6-4ab8-97d2-e40981de19f0,West Joshua,18-24,9,2,5
Non-Fiction,"Eaton, Shelton and Johnson",1970,Quality he.,399be05f-ae9a-4626-a14e-266ddcd3d34c,East Brendafurt,Under 18,4,2,5
Non-Fiction,"Eaton, Shelton and Johnson",1970,Quality he.,1e004252-670f-4327-91ae-4540df67fc60,Jacobsview,25-34,6,3,5
Non-Fiction,"Eaton, Shelton and Johnson",1970,Quality he.,305b17ed-f38c-4c61-9a9f-96ed1da82c3b,Marktown,45-54,8,1,1
Mystery,Nelson and Sons,1962,Skin machine.,13df7bd3-4eed-450e-ac94-03ff8db02cf6,Petersborough,55+,8,1,2
Mystery,Nelson and Sons,1962,Skin machine.,313d757c-afc0-4cdd-b5cb-022e712b2428,South Candace,25-34,8,1,1
Mystery,Nelson and Sons,1962,Skin machine.,e0fd7f59-cf1f-46a5-b78b-c242beb9b58a,East Kelly,45-54,9,5,5
Mystery,Nelson and Sons,1962,Skin machine.,83b7adf2-97ef-40c1-abc3-00df1444c5b4,East Angela,Under 18,3,1,5
Mystery,Nelson and Sons,1962,Skin machine.,4f6094c3-219a-4c0a-9a76-bb92d91430b9,Nicholsonbury,Under 18,7,2,5
Mystery,Nelson and Sons,1962,Skin machine.,cac68840-76e3-4ca4-82d9-78cdc2d41336,Juliefurt,55+,3,5,4
Mystery,Nelson and Sons,1962,Skin machine.,53e4881b-a4c1-47e7-a7f8-74d3dd896edf,New Joshuaburgh,Under 18,2,2,3
Mystery,Nelson and Sons,1962,Skin machine.,0bb6a7d0-e5ec-4c9f-81dd-c29588aef006,Lopezchester,Under 18,10,3,1
Mystery,Nelson and Sons,1962,Skin machine.,8f395f96-2acd-4604-a9ea-516906623057,East Andrebury,35-44,9,5,4
Mystery,Nelson and Sons,1962,Skin machine.,b148a86f-017c-4e35-a762-2c603811b3de,Lake Steven,35-44,8,3,4
Non-Fiction,Buchanan-Robles,1998,National line sing.,44d6f467-af15-4fbd-bc82-ac50958b8b51,Nancytown,55+,3,1,2
Non-Fiction,Buchanan-Robles,1998,National line sing.,8eb16709-59de-47d6-ad4a-45960f7b158a,North Megan,25-34,6,2,1
Non-Fiction,Buchanan-Robles,1998,National line sing.,4562f3fb-fe55-4ea9-b738-00e643bc8a50,Stephensonstad,18-24,9,5,1
Science Fiction,"Rocha, Garcia and Hall",1988,Suddenly seat ground.,b974e822-5e09-4f26-ac5c-4c922eb9633c,Amandafurt,55+,5,5,2
Science Fiction,"Rocha, Garcia and Hall",1988,Suddenly seat ground.,a9389f9f-780f-4598-a0fc-e7fb897f6d48,Port Margaret,25-34,5,4,2
Science Fiction,Crawford PLC,1979,Assume force now.,68409586-cca6-4727-ac1c-7b6aa0a413b0,South Allen,18-24,9,4,1
Science Fiction,Crawford PLC,1979,Assume force now.,aace3dab-3b93-47e1-95ea-795577c2e730,Fernandezbury,25-34,7,4,5
Science Fiction,Crawford PLC,1979,Assume force now.,0f0b9eb5-75a5-4d08-95fb-2d028c076068,Sheenabury,25-34,7,5,2
Science Fiction,Crawford PLC,1979,Assume force now.,09820d31-237d-4afc-aa69-224677cc24e5,New Melissa,45-54,5,2,4
Science Fiction,Crawford PLC,1979,Assume force now.,b1d15cd0-c0f7-4304-bc1d-c2c5fc7dbb64,Carlaview,35-44,10,1,1
Science Fiction,Crawford PLC,1979,Assume force now.,b68d911d-9c43-45fa-b893-29e6a055911a,Michelleberg,35-44,4,5,5
Science Fiction,Crawford PLC,1979,Assume force now.,cf329aed-c294-4eef-8d9b-29906c6a57e6,West Melissa,45-54,8,4,2
Non-Fiction,Morgan LLC,1984,More administration.,292380eb-f385-4772-bf00-0dcc6b4404e7,North Amanda,25-34,10,5,2
Non-Fiction,Morgan LLC,1984,More administration.,94cb2d75-afce-4af5-bfeb-9b439a1b197d,Hernandezburgh,35-44,5,4,1
Non-Fiction,Morgan LLC,1984,More administration.,f33d18a7-269c-4325-a40a-518c540f8712,North Sara,18-24,10,2,2
Non-Fiction,Morgan LLC,1984,More administration.,f2c399ac-1004-4dbe-adf5-c6d8e45a5bd9,Kimfort,35-44,3,2,3
Non-Fiction,Morgan LLC,1984,More administration.,5735d8a4-a0ee-4ee1-a3fd-c4e19c53b59b,Floresberg,45-54,4,1,2
Non-Fiction,Morgan LLC,1984,More administration.,45156a4e-2e36-4a4a-9894-3e69b75686b4,West Kevinstad,45-54,5,2,4
Non-Fiction,Morgan LLC,1984,More administration.,aecf3ef5-76d0-4be1-876b-eb3058f29017,North Sarahview,18-24,1,3,5
Non-Fiction,Morgan LLC,1984,More administration.,21131b74-5f6d-4842-b6d9-e0d7686b02b5,Ericstad,45-54,9,5,2
Non-Fiction,Morgan LLC,1984,More administration.,09ea1cf8-1b3b-4219-9363-26dfaa0ff8c4,West Wandatown,45-54,9,3,5
Fantasy,Owens-Dean,1983,Nor word.,2d0873e2-07d1-4aaf-bf15-d671f04e650e,North Denise,45-54,2,5,4
Fantasy,Owens-Dean,1983,Nor word.,10071935-e6e3-4977-a2b9-0ea84d55fc3d,Ronaldside,Under 18,5,5,4
Fantasy,Owens-Dean,1983,Nor word.,bb5492f1-0476-4b1b-8354-e4201fcd4a7b,Richardsbury,55+,2,1,5
Fantasy,Owens-Dean,1983,Nor word.,441e5c9b-5eaa-47d5-ac1d-1839f9209423,Sarahstad,35-44,7,3,5
Fantasy,Owens-Dean,1983,Nor word.,e8e16efa-bd5b-426b-a70b-812ee7f66f15,Myerstown,25-34,2,1,1
Fantasy,Owens-Dean,1983,Nor word.,1351defb-0ed2-4d04-8d62-4f73d03ee897,Mccoystad,45-54,5,5,5
Fantasy,Owens-Dean,1983,Nor word.,e7da0495-21de-4960-9eb3-6aed90ac0c2f,Glenfurt,35-44,1,2,4
Fantasy,Owens-Dean,1983,Nor word.,90ce488a-f81a-4c3b-a503-3dbf9ebb3d3c,Mayfurt,35-44,8,4,3
Non-Fiction,"Moore, Hines and Moore",1968,Of of.,9a324aa9-aefa-4bf2-835d-55ec0e3ce36c,Wrightfort,Under 18,8,5,4
Non-Fiction,"Moore, Hines and Moore",1968,Of of.,04bc1ffd-387f-491f-bfe7-8980b43ee53f,West Bradchester,18-24,3,3,1
Non-Fiction,"Moore, Hines and Moore",1968,Of of.,5f3fc554-e1c6-423d-b7ac-2b67b4088244,New Danielmouth,45-54,3,2,4
Non-Fiction,"Moore, Hines and Moore",1968,Of of.,30af6f2f-248c-48e5-a1eb-42a9389b2210,East Michaelburgh,18-24,5,2,1
Non-Fiction,"Moore, Hines and Moore",1968,Of of.,791388ab-93aa-4dd9-bfa7-e4af4c739ab3,North Kellyfort,25-34,9,3,1
Non-Fiction,"Moore, Hines and Moore",1968,Of of.,68a0d502-8b20-4d8d-a7d5-721eb64f3bf1,Williamchester,55+,8,3,5
Fantasy,"Hall, Kelly and Pugh",1983,Agreement book.,5e4385e9-9361-4631-b5de-155327324af2,Valdezland,35-44,1,5,2
Fantasy,"Hall, Kelly and Pugh",1983,Agreement book.,c29ee1f1-0627-4c5d-8878-c945e44b35b4,Davidberg,25-34,10,3,3
Fantasy,"Hall, Kelly and Pugh",1983,Agreement book.,1af6b0ec-66c9-4735-aa10-9dd29cd4332f,Bryantown,45-54,4,3,1
Fantasy,"Hall, Kelly and Pugh",1983,Agreement book.,9ee8b2e2-e2f4-45dc-b722-9600c880c34b,Kimberlyville,18-24,2,2,4
Fantasy,"Hall, Kelly and Pugh",1983,Agreement book.,96933088-ce20-4d88-be60-f0592d04e674,West Timothy,18-24,9,4,2
Fantasy,"Hall, Kelly and Pugh",1983,Agreement book.,7d6e0722-1927-4bfe-a926-e8db5c969645,Lake David,Under 18,8,3,2
Fantasy,"Hall, Kelly and Pugh",1983,Agreement book.,feaac40c-1b24-492e-86da-8f8d8c604e54,Jefferymouth,45-54,7,4,3
Fantasy,"Hill, Pena and Walker",2005,Cup his.,17de631b-34ca-4ffc-a766-ded0d6a624d9,Natashamouth,35-44,3,5,3
Fantasy,"Hill, Pena and Walker",2005,Cup his.,95c4b782-b99f-45ed-bed1-c445ebe783a9,North Timothyhaven,18-24,2,3,4
Fantasy,"Hill, Pena and Walker",2005,Cup his.,04e4d146-922b-45b9-b63f-c4e1172beca3,Jennifershire,Under 18,7,3,4
Fantasy,"Hill, Pena and Walker",2005,Cup his.,01643977-0194-4671-86ce-37bedfea9cb5,Patrickport,55+,3,5,5
Non-Fiction,Ortiz Ltd,1954,Structure up.,f9ffa58c-f651-4de3-b8b1-51f8aff98e04,Mckayberg,25-34,2,3,1
Non-Fiction,Ortiz Ltd,1954,Structure up.,6eeddfaf-a415-46a4-bac1-ca5be910ca02,Wilkersonberg,Under 18,8,4,3
Non-Fiction,Ortiz Ltd,1954,Structure up.,72666132-5227-4972-944d-356a3b15ca5e,Codyville,25-34,10,1,5
Science Fiction,Edwards-Dean,1987,Who visit discover.,939621fe-10de-4e55-b7af-4a93a7aacbaf,Lake Timothy,18-24,3,3,1
Science Fiction,Edwards-Dean,1987,Who visit discover.,fc3ee984-4900-46f1-84c6-0bd2d64f1163,Jasminberg,18-24,8,1,1
Science Fiction,Edwards-Dean,1987,Who visit discover.,a727b629-4b23-4831-ab05-8b584b306c4f,West Melvin,45-54,3,3,1
Non-Fiction,"Roberts, Johnson and Smith",1977,Case yeah soldier.,7c91ae02-a11c-4a5e-9b16-8816d642f7a9,Brianstad,18-24,1,4,2
Non-Fiction,"Roberts, Johnson and Smith",1977,Case yeah soldier.,494436e0-867d-4448-809b-0f76f1227f91,Longshire,55+,3,5,5
Non-Fiction,"Roberts, Johnson and Smith",1977,Case yeah soldier.,428eff16-ed2f-41ee-af37-88eb6328de78,Brandonton,35-44,8,5,3
Non-Fiction,"Roberts, Johnson and Smith",1977,Case yeah soldier.,564285d1-7b15-4f8f-8b49-eccf5b11ded7,Port Brian,55+,6,2,2
Non-Fiction,"Roberts, Johnson and Smith",1977,Case yeah soldier.,7db46124-1794-4a31-8343-1120844ed5d7,Samanthashire,25-34,5,3,5
Non-Fiction,"Roberts, Johnson and Smith",1977,Case yeah soldier.,32c0d057-2504-4e45-96b5-d7e4c3a160bd,Ryanport,18-24,7,4,1
Non-Fiction,"Roberts, Johnson and Smith",1977,Case yeah soldier.,c17d250c-92fe-4712-a367-215d359ea3f0,Jeffreyborough,25-34,5,4,3
Science Fiction,Fields-Snyder,1993,Return huge six.,2c596d99-c749-4595-af66-7d463dcee9cb,South Johnny,35-44,10,1,3
Science Fiction,Fields-Snyder,1993,Return huge six.,f794cd56-30c3-47c2-8f05-badcbd1113e6,North Kimberlystad,45-54,9,2,5
Science Fiction,Fields-Snyder,1993,Return huge six.,e8e06743-60c4-4dcb-8e27-cd1fa39008a5,Port Paula,Under 18,10,1,2
Science Fiction,Fields-Snyder,1993,Return huge six.,92eba74c-4376-4f74-bd1a-bf9b043d8244,Nguyenchester,25-34,7,3,4
Science Fiction,Fields-Snyder,1993,Return huge six.,73d59333-34f4-450e-93df-280444a0a49b,Port Rebekahmouth,Under 18,7,2,5
Science Fiction,Fields-Snyder,1993,Return huge six.,d3b6874e-2fd0-4049-b644-9372680a0b25,Lake Anthonychester,25-34,9,3,5
Science Fiction,Fields-Snyder,1993,Return huge six.,cc190009-5d5f-44dc-a475-3b3e051dafdc,West Tylerland,Under 18,3,3,2
Fantasy,"Robinson, Rojas and Grant",2000,Nature across several.,76e58901-d657-4c50-b0b5-92d1fbf4c1db,Wilsonfurt,25-34,6,5,1
Fantasy,"Robinson, Rojas and Grant",2000,Nature across several.,3bef4717-18d3-46b8-b447-8e77fabdda9e,South Cherylbury,25-34,2,5,2
Fiction,Martin-Cochran,1987,Sport threat.,6e9acb4e-a2cf-42d3-b04c-317905559630,Shannontown,45-54,2,3,5
Fiction,Martin-Cochran,1987,Sport threat.,90999eb7-6f72-4f18-9f00-328f1c052597,Hortonburgh,35-44,1,2,1
Fiction,Martin-Cochran,1987,Sport threat.,36bb8cee-c9c3-4f66-bcb5-c0b5edf4af00,Robinmouth,45-54,2,1,2
Fiction,Martin-Cochran,1987,Sport threat.,99de9ab3-1097-4e2f-bb98-428bb338aa64,North Jennifer,25-34,5,1,5
Fiction,Martin-Cochran,1987,Sport threat.,bf6f64b4-2a32-454f-9b9c-43e380fb2674,Morrisberg,18-24,5,3,3
Fiction,Martin-Cochran,1987,Sport threat.,21450e5c-9da4-42a5-9225-a4c5cdcf78e2,Kellifort,18-24,6,4,5
Non-Fiction,Silva-Hall,1987,Court beyond smile.,57199bde-7279-4ba3-b794-ecfa6657d8d8,Lake Christineport,Under 18,7,5,3
Mystery,Patel-Smith,1972,Figure health.,39436ede-e491-4566-8878-17eea90c0a0a,South Joshuamouth,35-44,9,3,2
Mystery,Patel-Smith,1972,Figure health.,23dacf60-e7d9-4f29-b9b3-b08e123f62a6,Lake Keithberg,55+,5,2,3
Mystery,Patel-Smith,1972,Figure health.,a8c13ec5-6707-4459-bc51-d5ff15a39e76,North Jessicaport,35-44,4,3,1
Mystery,Patel-Smith,1972,Figure health.,3dee8339-28c0-4b39-a8bf-2210db747596,Arthurport,25-34,10,5,2
Mystery,Patel-Smith,1972,Figure health.,5b49613c-2768-47bf-8329-ce9b1494f91d,Geraldside,55+,2,1,5
Fantasy,Rodriguez-Moore,1961,Picture theory.,388796b5-f0ef-4929-bf57-91c099184350,Port Dennis,55+,8,5,4
Non-Fiction,"Brown, Mueller and Mullins",2001,Thousand page.,0a889f5f-6084-4c0c-91f9-c6564861e6a0,North Shelley,45-54,9,3,2
Non-Fiction,"Brown, Mueller and Mullins",2001,Thousand page.,fded7e82-3539-4180-a6cf-4b9ee4bbc0a3,Angelabury,25-34,6,5,1
Non-Fiction,"Brown, Mueller and Mullins",2001,Thousand page.,a1c88016-996a-4fd4-ac6f-cf003eb8a699,Fowlerchester,45-54,5,3,1
Non-Fiction,"Brown, Mueller and Mullins",2001,Thousand page.,a09a333e-3b00-42f9-bf67-196225f9802f,West Sierra,55+,1,5,5
Non-Fiction,"Brown, Mueller and Mullins",2001,Thousand page.,037e7296-3e51-4024-9c10-2a5d20f442a0,Maryfurt,18-24,8,3,2
Non-Fiction,"Brown, Mueller and Mullins",2001,Thousand page.,3c06c7fa-b23c-49c2-bdea-f38933cc7b4d,New Ernest,25-34,3,3,4
Mystery,David-Colon,1967,Sport serious catch.,dac22ad2-3d9d-4591-a463-5292cfdf78a2,Port Tracy,18-24,4,1,3
Mystery,David-Colon,1967,Sport serious catch.,db948a25-8adf-4bd1-a9ce-6e23203aeb70,North Chadshire,18-24,3,4,1
Mystery,David-Colon,1967,Sport serious catch.,ab2b45d9-7087-42a7-b7e3-50fcf7444123,Port Karenberg,18-24,1,2,3
Mystery,David-Colon,1967,Sport serious catch.,7990e8d4-4d43-40ee-8bbb-fa2ba914abad,North Donaldstad,55+,3,5,5
Mystery,David-Colon,1967,Sport serious catch.,55093757-63d0-471d-ad22-50d42e42c0a1,Mcdonaldmouth,45-54,3,1,3
Mystery,David-Colon,1967,Sport serious catch.,6e2edbb7-c78f-4999-8147-822ad36d2cf4,West Hannahhaven,45-54,3,4,4
Fantasy,"Holland, Browning and Wilson",2012,Quality its reflect.,20066272-603e-4ba0-98db-6eeecd00be99,West Sharon,Under 18,10,4,1
Non-Fiction,Valentine Group,2007,Must begin late.,7a05d824-7720-4b4a-815d-ef7897845cd7,East Jamie,55+,7,3,3
Non-Fiction,Valentine Group,2007,Must begin late.,741795eb-ed61-4a84-9d37-37346e86b15f,South Scott,35-44,6,1,3
Mystery,Nelson-Hudson,1974,Beat politics.,f9bd30b4-37ed-4481-a495-791de49da286,Drakebury,45-54,6,3,5
Mystery,Nelson-Hudson,1974,Beat politics.,2d220e9e-fcbb-49e3-a21d-22db2f2c6703,New Jamesstad,55+,1,5,2
Mystery,Nelson-Hudson,1974,Beat politics.,dd7d6cb5-2f92-45c6-baad-0279cd7e2aac,Maryfurt,55+,1,5,5
Mystery,Nelson-Hudson,1974,Beat politics.,82d1a981-b1bf-4672-b171-8f5fe0af5c8a,Westtown,Under 18,5,4,1
Mystery,Nelson-Hudson,1974,Beat politics.,40a98152-8f5b-4145-a07c-d9af90b8f9cf,Lake Michaelburgh,35-44,4,3,3
Mystery,Nelson-Hudson,1974,Beat politics.,44c19c99-1514-4616-b684-96e34d6da891,Michealstad,35-44,6,3,4
Mystery,Nelson-Hudson,1974,Beat politics.,356c845e-296a-4d90-a62f-004296b463b3,Jonathanborough,55+,10,4,5
Mystery,Nelson-Hudson,1974,Beat politics.,42fdc712-b50b-4fea-8c1e-701b145bc26f,North Kevin,35-44,4,3,4
Fiction,Ortiz PLC,1999,Change start.,ced40a5b-3300-4aa6-b889-3c17cdbac9f5,Johnsonberg,55+,7,2,2
Fiction,Ortiz PLC,1999,Change start.,edb70c97-abf0-4dac-b831-3804eff3dd83,South Andreaville,18-24,10,5,4
Fiction,Ortiz PLC,1999,Change start.,098880db-8145-4e00-a242-21508c66e648,Bryanville,35-44,7,4,3
Fiction,Ortiz PLC,1999,Change start.,5f046326-6779-4248-9dc4-6bb21d417eba,North Lauraview,55+,8,5,4
Fiction,Ortiz PLC,1999,Change start.,1a297c0e-4896-4639-a28b-e747b2ffd620,Bakerside,55+,10,2,5
Fiction,Ortiz PLC,1999,Change start.,51aa7094-17e6-439f-921c-1a4ccc072d01,South Brianberg,18-24,3,4,5
Fiction,Ortiz PLC,1999,Change start.,84fb88e2-47f3-43e2-9270-c617e0cebecd,Martinezborough,18-24,8,3,5
Fiction,Ortiz PLC,1999,Change start.,b7194a3a-11db-42c6-b0f0-13f85619a043,West Stevenville,Under 18,10,1,3
Fiction,Ortiz PLC,1999,Change start.,7a584740-e563-49f1-b8f6-a298665b1420,Richardsontown,Under 18,5,5,5
Non-Fiction,"Huynh, Ochoa and Johnson",2000,Movie leader.,191368ad-efb9-42c7-b362-b2597135bb60,Port Eugene,45-54,10,5,1
Non-Fiction,"Huynh, Ochoa and Johnson",2000,Movie leader.,5d4337f0-69cb-4b7b-a422-980d838f0b3a,Margaretmouth,Under 18,9,2,2
Non-Fiction,"Huynh, Ochoa and Johnson",2000,Movie leader.,40ff6d55-4b0e-4c6e-840a-303f1261c6eb,Riceberg,45-54,2,1,2
Non-Fiction,"Huynh, Ochoa and Johnson",2000,Movie leader.,9350b57a-80d6-4807-b713-45fbcd6d1b24,Hamiltonberg,45-54,10,3,5
Non-Fiction,"Huynh, Ochoa and Johnson",2000,Movie leader.,77879dfe-65e4-45e4-b553-1e402851a839,New Shannon,25-34,6,4,1
Non-Fiction,"Huynh, Ochoa and Johnson",2000,Movie leader.,101e6794-afbe-47ee-bd8e-4778e08e6435,Maciasstad,18-24,10,3,5
Fiction,Marquez-Hernandez,1965,Account have approach.,2571889d-b627-416d-a8b6-cc5cdbeabe16,West Chadhaven,25-34,6,5,4
Fiction,Marquez-Hernandez,1965,Account have approach.,d1ce378d-7821-4ac1-be83-aa57eafdfe4a,Mccallhaven,18-24,3,2,4
Fiction,Marquez-Hernandez,1965,Account have approach.,001fcdbb-d983-4e9b-9446-0aa9cebafeb9,Port Jessicaburgh,45-54,6,5,1
Fiction,Marquez-Hernandez,1965,Account have approach.,d51db68a-7c08-48ec-a18d-563c2c71d5a3,Zacharyview,25-34,10,5,2
Fiction,Marquez-Hernandez,1965,Account have approach.,ee412e6f-c9ef-4dfd-8bf1-695a3c6422d9,Wilcoxfurt,Under 18,9,1,3
Fiction,Marquez-Hernandez,1965,Account have approach.,72554e0f-7584-4c89-9d87-7448cf03d7c5,Kellyfurt,25-34,1,3,2
Fiction,Marquez-Hernandez,1965,Account have approach.,bb2be976-ac6f-4c36-9f94-1e0fc3269a08,North Natalie,Under 18,1,4,1
Fiction,Marquez-Hernandez,1965,Account have approach.,e26ea3bf-7fd3-4acb-a04a-b85e99c60f16,Montesshire,25-34,9,1,5
Fiction,Marquez-Hernandez,1965,Account have approach.,d384ec25-7ab4-48f8-8ebd-1f3d09ba704d,Lake Emily,Under 18,1,1,1
Mystery,Murphy-Hughes,2007,International hit behind see.,a1a76c85-a91c-4127-81df-377f49b57af4,North Kerrytown,35-44,4,3,4
Mystery,Murphy-Hughes,2007,International hit behind see.,7cb68a6b-6fe3-46e9-8d34-608a192b3253,Thompsonport,18-24,3,1,3
Mystery,Ford-Shepherd,1999,Card them food.,19042af1-d75d-4dfd-aef6-c99b079b47b9,Stefanieland,35-44,4,3,1
Mystery,Ford-Shepherd,1999,Card them food.,2d90a6f8-52d4-46ca-8b9d-19d3035b430f,Nicolechester,35-44,3,5,2
Mystery,Ford-Shepherd,1999,Card them food.,ab03615f-ad7a-4287-9d93-dd45b6b36f57,East Ian,25-34,6,3,2
Mystery,Ford-Shepherd,1999,Card them food.,8378ffbd-3173-4504-9bb0-2f3fead8aef8,East Nicole,25-34,9,4,5
Mystery,Ford-Shepherd,1999,Card them food.,b96f7a06-8b4d-410e-a70b-c7d791e570da,Murilloshire,45-54,4,1,4
Mystery,Ford-Shepherd,1999,Card them food.,a42f0f64-375e-458c-a991-48c40b62d98f,West Dominic,Under 18,10,4,4
Mystery,Ford-Shepherd,1999,Card them food.,7435ac8d-f0f2-4c9b-9875-e325a71c0444,New Mariaton,55+,7,4,2
Mystery,Ford-Shepherd,1999,Card them food.,c48049eb-fd33-4102-a1ee-7dfed9f6eeba,Lake Cassandrahaven,Under 18,1,3,5
Mystery,Ford-Shepherd,1999,Card them food.,19f67728-1e48-4859-94d2-c342b3631e39,Fishermouth,55+,2,4,1
Fantasy,Brown PLC,1950,Down west.,4ddd9d16-132f-4eb4-a1fb-870d3b50c76a,Guerrerohaven,Under 18,6,4,3
Fantasy,Brown PLC,1950,Down west.,70acebf0-da5c-460a-a86d-32005b54f3ba,Matthewfurt,45-54,10,4,4
Mystery,"Pace, Davis and Thompson",1953,Activity available.,e1dac655-4b53-4386-a943-694dd2059a0d,Port Ashleychester,55+,7,2,2
Mystery,"Pace, Davis and Thompson",1953,Activity available.,ec83e88b-8641-4922-89dd-6a097ae2a475,Melanieport,55+,9,5,2
Mystery,"Pace, Davis and Thompson",1953,Activity available.,708e84a9-3c1c-4d25-bbde-2e27f81f1346,Russellberg,18-24,7,3,4
Mystery,"Pace, Davis and Thompson",1953,Activity available.,96885fee-c40a-4d63-aec7-5c1d11533b54,Johnsonstad,55+,3,5,3
Mystery,"Pace, Davis and Thompson",1953,Activity available.,5d8b4194-ab95-4a9e-8f5f-71a26ae94dde,Port Jessicashire,55+,10,4,5
Mystery,"Pace, Davis and Thompson",1953,Activity available.,1ec316a7-582f-4ed9-b2a5-ec4055daf7cc,New Jasonberg,Under 18,3,1,3
Mystery,"Pace, Davis and Thompson",1953,Activity available.,7207e238-748b-4404-aab5-7359464f419f,Port Julia,45-54,1,3,4
Mystery,"Pace, Davis and Thompson",1953,Activity available.,6cd1a792-8aef-4842-88ae-d3cb7d77abf3,West Jonathan,25-34,4,4,5
Fantasy,"Nielsen, Ball and Bates",1972,At smile involve.,62653dde-099b-4d19-b5ca-23b82a4cd686,West Dianeville,Under 18,8,5,5
Fantasy,"Nielsen, Ball and Bates",1972,At smile involve.,686ed54c-7acc-4512-9b40-805a7376fad0,East William,25-34,7,2,5
Fantasy,"Nielsen, Ball and Bates",1972,At smile involve.,b7da4cc4-3c67-4622-bd6d-3e9df665f761,West Nicholaston,25-34,2,1,3
Fantasy,Pearson Ltd,2009,Represent forward.,ff2c0455-1744-47ab-b7c4-c69d476e5e45,West Christopher,45-54,7,4,3
Fantasy,Pearson Ltd,2009,Represent forward.,f1c16541-617b-493f-9665-c1277e932179,New Timothy,25-34,2,4,5
Fantasy,Pearson Ltd,2009,Represent forward.,4fded4ff-00ae-4722-9bd5-f4cae0bfb3ad,Morganberg,18-24,1,3,2
Fantasy,Pearson Ltd,2009,Represent forward.,d0217bda-97bb-4e07-8e7d-fad36534cc4a,Annebury,18-24,7,1,3
Fantasy,Pearson Ltd,2009,Represent forward.,87c60754-96f1-4053-affe-ca9cf59f8783,North Paula,Under 18,8,2,2
Fantasy,Pearson Ltd,2009,Represent forward.,2361e3be-80ab-4d2e-b7d8-42352f97c4db,South Ryanmouth,25-34,9,1,5
Fantasy,Pearson Ltd,2009,Represent forward.,829d28b1-5860-4487-9d3a-db0d0aa191e1,Lake Robertfort,25-34,8,4,5
Fantasy,Pearson Ltd,2009,Represent forward.,0b300627-b18c-4ae0-934e-7b38049651e0,East Jessicafurt,Under 18,5,5,1
Fantasy,Pearson Ltd,2009,Represent forward.,b0d425c1-a90f-4ff9-81b0-efc7a2a516b1,Andersontown,35-44,5,3,5
Fantasy,Ware LLC,1974,Number top model.,d6fefc1d-12e4-4630-82a3-2da0b499d6d2,Keithview,25-34,2,5,3
Fantasy,Ware LLC,1974,Number top model.,a4dc4df6-784a-4ae4-945a-209c3a266527,South Sarah,45-54,5,3,4
Science Fiction,"Bond, Ward and Diaz",1954,Lose article gas service.,8e571ddd-2d36-4543-94d1-f4d4bfa1a8a5,South Robertborough,45-54,8,3,4
Science Fiction,"Bond, Ward and Diaz",1954,Lose article gas service.,1380a9b4-1bf4-4890-9d39-b8819e680b7a,West Jillfurt,25-34,7,4,3
Science Fiction,"Bond, Ward and Diaz",1954,Lose article gas service.,067b7859-e0dc-4a2b-89ea-eaed986db60a,Tonyaton,18-24,3,1,1
Science Fiction,"Bond, Ward and Diaz",1954,Lose article gas service.,2ad6b185-c66d-47f6-877b-b950c968c5b8,West Stevenport,25-34,9,1,2
Science Fiction,"Bond, Ward and Diaz",1954,Lose article gas service.,155e1fc0-e2f9-472b-89fe-18712d389a7e,East Elizabethburgh,35-44,6,5,1
Science Fiction,"Bond, Ward and Diaz",1954,Lose article gas service.,79bd929d-dc79-4acb-b24b-c4be5b4edf96,New Kelliport,35-44,7,3,4
Science Fiction,"Bond, Ward and Diaz",1954,Lose article gas service.,efa22487-9a6a-4247-82bd-8105acab5597,New John,18-24,2,3,2
Science Fiction,"Bond, Ward and Diaz",1954,Lose article gas service.,5f7abf87-492a-43ea-b0e9-b336e40fc7c8,Cindytown,35-44,8,5,4
Fiction,Mejia-Smith,1984,Him stage as.,9102ae2b-2470-401a-8027-a903885d96fd,Youngland,25-34,3,3,5
Fiction,Mejia-Smith,1984,Him stage as.,88c7fe3a-cdfe-40c7-93d4-08327ef5b52a,Port Claire,35-44,8,3,3
Fiction,Mejia-Smith,1984,Him stage as.,bbcf2bc7-9bd4-406d-879b-f451acc406f7,Erikmouth,45-54,3,2,5
Fiction,Mejia-Smith,1984,Him stage as.,5017aa6e-b518-40b6-a23f-979aa384e913,Port Amber,25-34,4,5,1
Mystery,"Horton, Brandt and Price",2015,Risk value stock.,cd208584-fb73-4522-8fdb-4d0eb4ba0285,West Wendy,35-44,7,2,5
Mystery,"Horton, Brandt and Price",2015,Risk value stock.,8bd876b4-1fcd-457e-bcc6-1014d0bdc836,West Kenneth,Under 18,1,5,4
Mystery,"Horton, Brandt and Price",2015,Risk value stock.,e145849b-725f-4951-9820-faeaf2df7aa3,Port Cheryl,35-44,6,3,1
Science Fiction,Sanchez-Atkins,1964,We action.,5a005142-b17f-4888-8008-54a656a87c15,Danielside,45-54,2,5,2
Science Fiction,Sanchez-Atkins,1964,We action.,66780c53-75ba-4bb4-ace0-8006c2cb0d14,South Jeremybury,55+,2,3,2
Science Fiction,Sanchez-Atkins,1964,We action.,238078b4-407a-459c-bde0-cdc90a181180,New Logan,45-54,5,4,5
Science Fiction,Sanchez-Atkins,1964,We action.,1a7f48bb-eb52-4881-b714-b787dbb0fa0c,South Jessica,45-54,1,2,5
Science Fiction,Sanchez-Atkins,1964,We action.,a347ae80-64e9-4ee5-82a0-1d4eac43688f,New Amyside,35-44,9,3,5
Science Fiction,Sanchez-Atkins,1964,We action.,e9f34b35-2fa3-4cd0-912e-a75d81ebe562,Mariachester,45-54,9,5,2
Science Fiction,Sanchez-Atkins,1964,We action.,71b1251c-5501-40be-b36d-d02383982c8f,Millershire,18-24,2,3,4
Science Fiction,Sanchez-Atkins,1964,We action.,cdca9193-f9ce-45c6-b044-86a07ed77f6a,Justinshire,25-34,3,1,1
Science Fiction,Sanchez-Atkins,1964,We action.,0709d3ff-4d57-4e7d-911d-f116de3c4dc1,West Jasonbury,35-44,1,2,3
Non-Fiction,Fernandez LLC,1986,Girl population.,ac85870f-5a97-4d75-975f-4f05395ba4d3,Hensonville,55+,10,2,2
Non-Fiction,Fernandez LLC,1986,Girl population.,de3c7710-1be8-4389-a6a5-746a9d13c65f,East Jason,Under 18,3,2,2
Non-Fiction,Fernandez LLC,1986,Girl population.,0a1ccfd4-afe5-409c-b8bd-944f2e7593d8,Lake Clayton,Under 18,3,5,4
Non-Fiction,Fernandez LLC,1986,Girl population.,431319e7-a5bd-4778-8569-0b65ebd4c0d3,South Dylan,25-34,10,2,3
Fiction,"Owens, Dunn and Church",2021,Their form.,3841aa62-92aa-4109-bd8f-2775f72e04e0,Adammouth,Under 18,7,4,4
Fiction,Hill-Coleman,2005,End remember my.,9ba269a7-2175-4592-94a9-b994293fab97,Nicholsmouth,Under 18,6,3,5
Fiction,Hill-Coleman,2005,End remember my.,981c7b7d-307b-4b33-948a-0deb74c6633b,Powersfurt,35-44,5,5,2
Fiction,Hill-Coleman,2005,End remember my.,9dbeeac6-a7fd-426b-bbc7-f64208c6a07f,New Jamie,Under 18,6,3,5
Fiction,Hill-Coleman,2005,End remember my.,62be6842-c080-4793-a3a9-31894651e418,West Jimmy,25-34,5,3,1
Fiction,Hill-Coleman,2005,End remember my.,093162f7-2830-4ce2-ab14-9cadd41388b8,Benjaminchester,35-44,4,2,5
Fiction,Hill-Coleman,2005,End remember my.,cbd94f9b-b193-464e-acbe-4aa56edc25c7,Kelseymouth,18-24,9,1,1
Fiction,Hill-Coleman,2005,End remember my.,4bf348fd-c31a-49b0-87d6-2ba4190fe060,New Georgeton,35-44,9,4,1
Fiction,Hill-Coleman,2005,End remember my.,a20363d1-3ca4-4b69-a919-7e251fb7df6d,New Donaldchester,Under 18,7,5,2
Fiction,Hill-Coleman,2005,End remember my.,62eca06e-1a67-4fc2-83cd-979edd9dea48,Port Daniel,18-24,2,2,3
Fiction,Hill-Coleman,2005,End remember my.,cf9216f1-1a8d-422e-97d7-51577ebaedc8,Riosbury,45-54,10,4,5
Fiction,Pacheco LLC,1980,Couple tonight.,7d705d7b-9253-4ece-b64a-80296482acad,Port Austinchester,Under 18,9,4,2
Fiction,Pacheco LLC,1980,Couple tonight.,05d0cb82-a4c1-4e09-b369-2e8c06618dd0,Lake Desireeberg,45-54,5,5,2
Fiction,Pacheco LLC,1980,Couple tonight.,84dbe17c-3026-456f-896e-bc72f598f46e,South Rebecca,Under 18,8,5,4
Fiction,Pacheco LLC,1980,Couple tonight.,de404fb5-7e6d-4bc5-b4a4-8897a65dc2c5,North Franciscoport,18-24,1,2,1
Fiction,Pacheco LLC,1980,Couple tonight.,2c636766-e468-48fc-ae3c-1f73b150796d,West Jackie,55+,3,3,2
Fiction,Pacheco LLC,1980,Couple tonight.,2885fc3a-c25d-4fc4-a317-bb8093d48c65,North Gary,Under 18,5,5,3
Fiction,Duke LLC,1957,Player always walk.,830b8673-eb70-4c67-9309-273381bc1858,East Dennistown,45-54,4,1,1
Fiction,Duke LLC,1957,Player always walk.,e3b85dcd-4bb2-456e-a95e-53eb790a77bb,Jacquelinemouth,Under 18,4,3,1
Fiction,Duke LLC,1957,Player always walk.,76957091-4c70-4bb0-90cf-3c76c90261cb,Schneiderfort,Under 18,7,3,3
Non-Fiction,"Tate, Baldwin and Schwartz",1968,Father long.,28b9e5ae-915b-4e7e-bc64-44ab6dea2c13,Jasonburgh,35-44,8,5,1
Non-Fiction,"Tate, Baldwin and Schwartz",1968,Father long.,a84bd942-e17b-456a-9950-76b13e8519e7,Rossview,45-54,9,2,4
Non-Fiction,"Tate, Baldwin and Schwartz",1968,Father long.,db8be69e-792d-44b6-b45f-f24735874f5e,West Philip,18-24,6,4,5
Non-Fiction,"Tate, Baldwin and Schwartz",1968,Father long.,50682c17-c0ae-4db8-a889-13a00f174a36,Port Shawnfort,45-54,4,2,5
Science Fiction,Parker PLC,2012,Real meeting guy.,c3ed5260-96ab-4957-8931-a4a73c878373,Donaldburgh,35-44,3,3,1
Science Fiction,Parker PLC,2012,Real meeting guy.,63038f86-3e67-4c51-b33e-70751fca07f0,Lake Brittany,35-44,3,4,4
Science Fiction,Parker PLC,2012,Real meeting guy.,13905aa2-c42e-4ae9-8512-94a9f5e25a41,Robertburgh,55+,4,4,1
Science Fiction,Parker PLC,2012,Real meeting guy.,6153d03b-cdbb-416b-b014-681323a3d665,Davisborough,Under 18,8,5,4
Science Fiction,Parker PLC,2012,Real meeting guy.,8bca23aa-e18f-46e5-90a6-cbe3354c4bf6,Campbellton,18-24,6,5,4
Science Fiction,Parker PLC,2012,Real meeting guy.,7b995ca2-92ab-4990-938d-f880f4fe68d2,Sullivanhaven,18-24,4,1,4
Science Fiction,Parker PLC,2012,Real meeting guy.,ad75a9dd-3bf3-4a13-9283-552341eb3a39,Port Nicole,18-24,9,5,5
Science Fiction,Parker PLC,2012,Real meeting guy.,24eb2069-e2fa-4f7a-96e0-f6315e053f77,Moraton,Under 18,7,3,4
Science Fiction,Parker PLC,2012,Real meeting guy.,078df321-7172-488e-b112-1577f872d4ed,Lake Alison,25-34,1,1,5
Science Fiction,"Heath, Gutierrez and Barrett",2006,Article certain share simply.,2e7dad2d-ff30-4edd-bdbb-985c3cc9118e,Russellburgh,45-54,8,4,3
Science Fiction,"Heath, Gutierrez and Barrett",2006,Article certain share simply.,72d9eaf5-201b-4238-a6dc-8dde100805b4,West Aliciafurt,Under 18,3,2,1
Science Fiction,"Heath, Gutierrez and Barrett",2006,Article certain share simply.,d4c23015-5899-4961-87fe-1116e1070da0,Thomasberg,18-24,3,5,2
Science Fiction,"Heath, Gutierrez and Barrett",2006,Article certain share simply.,59cda926-9d56-4b3c-952a-bd32999bc5c7,East Katherine,18-24,3,2,1
Science Fiction,"Heath, Gutierrez and Barrett",2006,Article certain share simply.,fb4f947f-f8aa-4db9-bf9a-facb0754581a,North Melissa,Under 18,10,4,3
Science Fiction,"Heath, Gutierrez and Barrett",2006,Article certain share simply.,256f43cb-be2d-42a2-b35a-27f31e271ef8,Troybury,45-54,1,1,2
Science Fiction,"Heath, Gutierrez and Barrett",2006,Article certain share simply.,c1fca949-acba-44ac-899a-4fec315bbe8f,Lake Patrickland,45-54,4,5,1
Science Fiction,"Heath, Gutierrez and Barrett",2006,Article certain share simply.,f4042727-366b-4a17-92f7-0de495858e99,New Amandatown,55+,9,1,3
Fiction,Banks-Phillips,1978,Inside thank factor.,fc21536b-81b5-411b-90ad-aaf42a3b0482,East Maria,25-34,7,3,2
Science Fiction,Griffin-Herrera,1979,Remain.,96ddee09-ecee-4998-a54f-91b8a7e6e022,Sarahland,18-24,7,4,1
Science Fiction,Griffin-Herrera,1979,Remain.,ad462946-86a6-4868-a916-cc9b02ca40b0,Josephborough,18-24,6,3,5
Science Fiction,"Rodriguez, Faulkner and Bradley",1973,Nature just.,401e197a-02a2-4326-ada7-48ec6d89d490,New Jenniferland,35-44,1,1,5
Science Fiction,"Rodriguez, Faulkner and Bradley",1973,Nature just.,e0e1a204-0dbf-4992-9170-d139d096f5e2,Kellyside,25-34,10,3,4
Science Fiction,"Rodriguez, Faulkner and Bradley",1973,Nature just.,5742d27d-1447-4ad5-a271-a00eb78342a9,North Elizabeth,45-54,10,4,1
Science Fiction,"Rodriguez, Faulkner and Bradley",1973,Nature just.,0b678477-f73f-4d26-bcf9-4d35b774a94d,Hernandezmouth,18-24,1,5,3
Science Fiction,"Rodriguez, Faulkner and Bradley",1973,Nature just.,d6d10e07-3e21-4733-9ac2-accce0e244d6,Christophershire,18-24,3,5,4
Science Fiction,"Rodriguez, Faulkner and Bradley",1973,Nature just.,d89aefb7-d079-4b8e-9aa9-3e82b45f205f,Rodriguezberg,Under 18,2,4,4
Science Fiction,"Rodriguez, Faulkner and Bradley",1973,Nature just.,1f1003a9-0139-4388-8f0f-7466dcc574c5,Thomasshire,45-54,4,3,4
Science Fiction,"Rodriguez, Faulkner and Bradley",1973,Nature just.,aed3e590-3068-4afc-9ecb-3bfe79289b6d,East Destinyshire,55+,8,4,4
Mystery,Jones-Stevenson,1986,Generation indeed bank.,4073bcf1-659b-40c2-afd6-bf1ffd17bb7b,Romerobury,35-44,1,3,2
Mystery,Jones-Stevenson,1986,Generation indeed bank.,ef1b5127-ef1a-4ce2-859e-736449d76f14,East Wyattmouth,Under 18,6,2,1
Mystery,Jones-Stevenson,1986,Generation indeed bank.,88a2f802-7cf4-4a4d-b706-a2e206c84253,Kington,Under 18,1,1,4
Mystery,Jones-Stevenson,1986,Generation indeed bank.,456fdd8e-66ab-45d4-9106-144ef63f7fea,Karaport,18-24,5,3,5
Mystery,Jones-Stevenson,1986,Generation indeed bank.,bd8e6c4a-52ca-4f34-9504-8fd7cd5a03a2,North Caitlinstad,55+,10,1,1
Mystery,Jones-Stevenson,1986,Generation indeed bank.,ed681718-acc6-43c3-8abb-a6892ae96880,East Stephenmouth,18-24,9,4,3
Mystery,Jones-Stevenson,1986,Generation indeed bank.,427641c3-ed62-4d88-a748-f1d62d9f9fb8,Miguelville,25-34,2,3,3
Mystery,Jones-Stevenson,1986,Generation indeed bank.,56c26361-5f14-4e73-a00c-2ee15e64ec56,Laurastad,25-34,9,5,4
Mystery,Jones-Stevenson,1986,Generation indeed bank.,57e7416c-964f-4f4e-af14-502ef5fb0e8b,West Richard,Under 18,1,4,1
Mystery,Jones-Stevenson,1986,Generation indeed bank.,b7c33b80-b067-4586-a6f0-dd7fc91907b9,South Lauraberg,45-54,1,2,1
Fantasy,"Ferguson, Roberts and Jones",1953,Executive third.,a238ec06-cc28-486f-aeb2-63e837ef96ec,Lake Craigton,25-34,10,1,1
Fantasy,"Ferguson, Roberts and Jones",1953,Executive third.,81e7a0f8-bf28-4eef-843b-2cbae087d368,Cooperview,18-24,1,2,3
Non-Fiction,Wilson and Sons,2010,Must level Republican.,bca6b1ef-7803-458a-904d-8cf73a35d77d,Sarahland,25-34,8,5,5
Non-Fiction,Wilson and Sons,2010,Must level Republican.,c23b8dbe-6741-40c8-8645-0df35ba36ede,Courtneyberg,25-34,1,1,4
Non-Fiction,Wilson and Sons,2010,Must level Republican.,b4a7d9bf-ad5d-4056-9fac-e9bf7c6ea6c4,New Feliciaville,Under 18,3,1,5
Non-Fiction,Wilson and Sons,2010,Must level Republican.,f226fe8d-945a-4df7-8f20-82645a93c8d2,Leefurt,45-54,3,3,5
Non-Fiction,Wilson and Sons,2010,Must level Republican.,33e4e991-8f57-4633-85f5-39279544c3ca,South Dennis,18-24,6,5,5
Non-Fiction,Wilson and Sons,2010,Must level Republican.,1828fe08-7393-4740-86f1-d3b81ff9c263,Andrewsfurt,35-44,3,5,3
Non-Fiction,"Graves, Farley and Riley",2022,Difficult who paper.,12b41400-5e12-4ea4-9a8c-505c81c95db9,Harperburgh,25-34,5,5,2
Non-Fiction,"Graves, Farley and Riley",2022,Difficult who paper.,85c4012c-892e-4bb0-830b-71f569a43695,Munozberg,18-24,3,2,1
Non-Fiction,Thompson LLC,1989,Treatment civil sell.,15d97dde-1698-4a97-9546-d46c4a08cabd,Susanfort,18-24,3,5,3
Mystery,"Lewis, Martinez and Bates",1979,Recently get fear.,6a273523-c1e1-4cde-bef5-dcad521e9e2e,Peckton,25-34,8,1,5
Mystery,"Lewis, Martinez and Bates",1979,Recently get fear.,b72b6f76-ed43-41f4-bcdf-ff5b72be063a,Saraborough,45-54,3,2,4
Mystery,"Lewis, Martinez and Bates",1979,Recently get fear.,31993b35-8581-44c2-9ac7-7c9f00f5b60c,West Jasmine,45-54,5,1,5
Mystery,"Lewis, Martinez and Bates",1979,Recently get fear.,e7d10ea2-844d-4c71-8da7-5ab534217d0d,East Michaelland,25-34,8,1,4
Mystery,"Lewis, Martinez and Bates",1979,Recently get fear.,863cd817-36ac-4db1-b390-490489062815,Lake Derek,35-44,4,5,5
Mystery,"Lewis, Martinez and Bates",1979,Recently get fear.,7a8e17d3-79ac-4e3c-a807-adce71776c56,Stevenport,55+,6,2,5
Mystery,"Lewis, Martinez and Bates",1979,Recently get fear.,55846352-05f6-477c-9a6e-6f46598d06e4,Seanberg,45-54,9,3,1
Mystery,"Lewis, Martinez and Bates",1979,Recently get fear.,a5b1092a-7416-4033-8435-e02e1ab0326b,Mckinneyshire,18-24,7,4,3
Mystery,"Lewis, Martinez and Bates",1979,Recently get fear.,672f2cdf-a653-4d2b-950f-ce4b2450da5c,Johnmouth,25-34,6,4,4
Mystery,"Lewis, Martinez and Bates",1979,Recently get fear.,e738cf08-1c11-4ff7-9166-e6025c0f5dd1,Anneborough,Under 18,8,3,1
Fiction,"Tanner, Smith and Soto",1967,Build your.,df352bb3-48fa-4ec6-8311-a29b78058152,South Shelly,Under 18,8,1,2
Fiction,"Tanner, Smith and Soto",1967,Build your.,602c343f-c978-490c-8b89-2279e73b80af,Deannafurt,25-34,2,3,2
Fiction,"Tanner, Smith and Soto",1967,Build your.,0f7207f8-6f12-4d7d-84a9-e2002d83016b,Lake Gavinport,Under 18,6,3,3
Fiction,"Tanner, Smith and Soto",1967,Build your.,effe3317-df34-4f2e-b83b-1c05f8984f29,Benjaminview,18-24,3,2,5
Mystery,Clark Inc,1989,Conference vote.,aa8dfaf0-e11b-416d-a6cc-650628557792,Patriciaside,55+,7,2,2
Mystery,Clark Inc,1989,Conference vote.,b73c5ea6-1702-4e4a-ace6-cb02b0b06534,Wendyberg,25-34,4,5,2
Science Fiction,"Thomas, Weaver and Johnston",2022,Leader it such.,e6219450-55f1-48af-b2c0-92fc9c56bb0e,Mcclainport,55+,7,3,2
Science Fiction,"Thomas, Weaver and Johnston",2022,Leader it such.,7edb5e1e-295c-4fe8-9041-fffce668a14c,New Matthewmouth,35-44,10,4,1
Fantasy,Johns LLC,1992,Line.,e67777ee-d617-4d7c-a45d-3280fbd66857,Ericaview,18-24,2,5,3
Fantasy,Johns LLC,1992,Line.,5651e6ab-c905-4d60-be27-8dd426de8749,North Ronaldshire,18-24,5,3,1
Fantasy,Johns LLC,1992,Line.,dea5b2e9-aed6-452c-a8f2-6dccdb870319,Harringtonfort,18-24,6,2,3
Fantasy,Johns LLC,1992,Line.,0f0f608e-557f-47de-a362-ae5bb7e5986f,Arnoldside,45-54,1,1,5
Fantasy,Johns LLC,1992,Line.,7a69a504-fb0c-48ce-b9db-6d0919918278,Lake Madison,25-34,2,3,2
Fantasy,Johns LLC,1992,Line.,90d5e1eb-c3e7-4a9c-ade7-50f9bcd5e71b,North Nicholas,35-44,5,5,1
Fantasy,Johns LLC,1992,Line.,09420fd4-a7ef-49f3-bc0a-57e25da8d21b,Lake Valerieburgh,45-54,6,4,4
Mystery,Hanson Inc,1952,Too language money.,ed7cf846-4740-4c8a-a12d-454d368509c8,West Jamesville,55+,1,5,5
Mystery,Hanson Inc,1952,Too language money.,1ecfc73f-7f1d-4b5c-8803-cd69239d6341,Bryanbury,45-54,7,4,1
Mystery,Hanson Inc,1952,Too language money.,5b60db2d-b8f8-4249-bc43-108b8acc6ef0,Thomastown,25-34,5,3,5
Mystery,Hanson Inc,1952,Too language money.,bb5e07ed-8c0b-41a5-8a89-ee13b01f2105,Brownfurt,25-34,1,2,1
Fiction,"Ramos, Melton and Brown",1981,Popular billion lot.,a6445935-924b-4ca3-97e5-57cf54839eef,North Alexanderport,55+,6,1,1
Non-Fiction,Mcknight-Lee,2017,Current character pick.,f481eb43-8e54-4d36-b064-7559a99c2748,Teresaview,35-44,3,1,3
Non-Fiction,Mcknight-Lee,2017,Current character pick.,4490122b-a1b7-43ac-9a19-503a6b6c0be7,Mcdonaldshire,25-34,10,3,5
Non-Fiction,Mcknight-Lee,2017,Current character pick.,07424369-4a63-4278-8168-2c78ca4d9eaa,North George,45-54,9,4,1
Fiction,Palmer-Young,1956,Play.,a0b11217-ad5d-4fd9-8ebc-c41fb37ba456,New Catherineport,55+,4,5,3
Fiction,Palmer-Young,1956,Play.,412482ba-eb91-44e0-875c-98b5aa70de8e,North Robertstad,Under 18,9,5,3
Fiction,Palmer-Young,1956,Play.,13231bc1-558c-4570-875f-13a5957d8934,South Laura,55+,7,1,2
Fiction,Palmer-Young,1956,Play.,c197f2ca-4df6-4a36-b38f-207d35e0459a,Browntown,25-34,4,5,1
Fiction,Palmer-Young,1956,Play.,6f510797-8c28-40e0-a744-f9eb05f02bd3,Henryshire,45-54,10,5,2
Fiction,Palmer-Young,1956,Play.,3e4e0f91-86b9-455a-8707-787bdc8bf3c1,Rodrigueztown,45-54,9,1,5
Fiction,Palmer-Young,1956,Play.,66a78499-0b7d-4a37-be6d-ac42b5cbe3bf,East Bryanport,Under 18,3,5,5
Fiction,Palmer-Young,1956,Play.,12209474-2a22-402f-8367-560d5af6e490,Port Rosemouth,25-34,10,1,2
Fiction,Palmer-Young,1956,Play.,909c5cee-467e-481d-bb0a-320c3af5e2dd,Johnsonshire,25-34,6,3,2
Fiction,Lang-Rios,1997,Society reason weight.,11513262-c9d9-4fac-a5fe-a3f98fd48c7e,New Kevinchester,Under 18,4,3,5
Fiction,Lang-Rios,1997,Society reason weight.,34c0ca4a-9798-4d64-96d1-f6bc2a25ef7e,Jonesland,Under 18,7,3,1
Fiction,Lang-Rios,1997,Society reason weight.,3e8c4e43-9ecf-4f31-b921-e6a30fb4115f,New Kayla,55+,9,4,5
Fiction,Lang-Rios,1997,Society reason weight.,0a5c2a68-4b21-4af6-bc68-81b19b472b0d,Amybury,25-34,5,3,1
Fiction,Lang-Rios,1997,Society reason weight.,b0781b2e-4aef-4388-8764-37fe8ab15b71,West Matthew,18-24,2,3,1
Fiction,Lang-Rios,1997,Society reason weight.,d9a6eb74-61f1-4959-bcda-bf79be2c24cc,New Samanthashire,Under 18,7,2,4
Fiction,Lang-Rios,1997,Society reason weight.,e2f83f46-75a3-4071-92c9-1d9dc1bdc8ad,Lake Jessica,18-24,8,3,4
Fiction,Lang-Rios,1997,Society reason weight.,ccaf5602-3468-42e4-9517-a17d1e6a00df,East Steven,25-34,4,4,5
Fiction,Lang-Rios,1997,Society reason weight.,c823dfb7-4ab2-4e91-908e-d1ddcd5fb5d9,Lake Jenna,18-24,6,4,3
Mystery,"Mooney, Jones and Johnson",1984,Debate happen.,ea14a75f-5099-4730-b3e4-a9e0ba4d13bb,New Daleberg,35-44,2,3,2
Mystery,"Mooney, Jones and Johnson",1984,Debate happen.,9691728b-ad3f-40c7-af99-65645a060aec,Port Jessicabury,35-44,1,3,2
Mystery,"Mooney, Jones and Johnson",1984,Debate happen.,a51dc21e-577f-4b95-b82b-291842829302,Mooreville,55+,8,1,1
Mystery,"Mooney, Jones and Johnson",1984,Debate happen.,11f8614b-fe6e-4e60-ac7d-f24242425a3c,South Lisashire,35-44,7,4,5
Mystery,"Mooney, Jones and Johnson",1984,Debate happen.,504a10e6-b2a0-46de-9779-b52f2df395fc,East Gloria,25-34,3,5,2
Mystery,"Mooney, Jones and Johnson",1984,Debate happen.,8dcd3782-fbd8-4e2a-81e4-2fa271d0e752,Craneburgh,18-24,1,3,4
Mystery,"Mooney, Jones and Johnson",1984,Debate happen.,68ac4e15-4144-4e1f-9a0e-53601a3219a9,Port Deanberg,Under 18,5,2,2
Mystery,"Mooney, Jones and Johnson",1984,Debate happen.,42c9b875-1160-44b2-9348-c49e272164a3,South Margaretfort,25-34,6,5,1
Mystery,"Mooney, Jones and Johnson",1984,Debate happen.,06799e15-a577-4b98-840e-d6f04a8907b7,Phamfurt,25-34,8,5,4
Mystery,"Mooney, Jones and Johnson",1984,Debate happen.,424593b3-54e3-4f69-b248-90041acb2ed7,South Roger,45-54,6,4,1
Mystery,Petty-White,1978,Second catch blue.,b8327bc1-1ecf-45cd-9b2d-1d7efac90489,New Selenaberg,45-54,7,3,3
Mystery,Petty-White,1978,Second catch blue.,205576bd-d4ee-4b98-b9dd-c19bad4e951c,Port Tammie,55+,8,1,1
Mystery,Petty-White,1978,Second catch blue.,b74f48ae-f502-443a-b983-f7b22d50aa30,Travisside,45-54,9,2,5
Mystery,Petty-White,1978,Second catch blue.,5884c024-f106-46ce-8c49-15e138e44b1f,Hughesstad,18-24,1,3,2
Mystery,Petty-White,1978,Second catch blue.,6e973ab0-914a-441c-b067-2146d8306b18,West Melissa,25-34,3,3,5
Mystery,Petty-White,1978,Second catch blue.,2ce331ce-bec0-416a-bea3-5ba27f7a3694,Lake Amymouth,18-24,4,5,1
Mystery,Petty-White,1978,Second catch blue.,d2dc2c0f-37e9-4b3b-ba8b-b5fd2623e5ab,Paynemouth,Under 18,2,3,1
Mystery,Petty-White,1978,Second catch blue.,496f212b-1bd4-4b01-a851-67f1f22929ac,Ashleyville,45-54,8,5,1
Mystery,Petty-White,1978,Second catch blue.,2b98473b-1d0a-436f-83b2-22e3e0265a15,South Jose,Under 18,10,5,5
Mystery,Petty-White,1978,Second catch blue.,9f99ce68-0e70-4c7f-8e8c-f10847f48077,Billychester,55+,8,3,4
Mystery,"Sanchez, Meyer and Martinez",2006,Create Republican.,b5139542-3543-4753-9665-20b0ce943e71,West Scottland,Under 18,10,1,1
Mystery,"Sanchez, Meyer and Martinez",2006,Create Republican.,814df133-a316-47ea-a3e1-ababaff07e9e,East Jacobview,18-24,5,2,3
Mystery,"Sanchez, Meyer and Martinez",2006,Create Republican.,e69d2577-f2b4-4d1c-8907-f8f38204a6b0,Lake Annastad,Under 18,5,3,1
Mystery,"Sanchez, Meyer and Martinez",2006,Create Republican.,799c835c-9480-4c93-b553-96081440f49f,North Jessica,18-24,3,1,3
Mystery,"Sanchez, Meyer and Martinez",2006,Create Republican.,b8711f62-8345-4b72-a82b-42c4f4ef0dde,Alexismouth,25-34,3,2,3
Mystery,"Sanchez, Meyer and Martinez",2006,Create Republican.,5b908ccb-0c74-449b-846b-5b95a0f0e41b,East Connie,25-34,2,4,3
Mystery,"Sanchez, Meyer and Martinez",2006,Create Republican.,c201a8f2-f2c2-4fff-84e7-4a7675eebc4b,Markbury,55+,5,3,2
Mystery,"Sanchez, Meyer and Martinez",2006,Create Republican.,78d584dc-60ab-4ab3-9cf9-b6caf5fa09d3,North Raymond,35-44,4,3,4
Fantasy,Maxwell and Sons,1955,Loss enough.,c6bd3500-b3da-40de-b56b-17584e61c9c9,Hicksside,18-24,5,2,1
Fantasy,Maxwell and Sons,1955,Loss enough.,bf5cae90-06c9-486c-bacb-a7e0c7feb569,Harrisonfurt,45-54,5,4,2
Fantasy,Maxwell and Sons,1955,Loss enough.,4e2e6c99-b0f8-4f29-9b00-e55b57a2623a,East Nathanielhaven,Under 18,6,3,2
Fantasy,Maxwell and Sons,1955,Loss enough.,cee06900-68cc-45ab-9926-8407a6e2d42b,Christopherhaven,55+,5,1,1
Mystery,Miles-Huerta,2016,Pm cell.,b4039319-8faa-4cea-987e-f19870822fdf,Cynthiamouth,18-24,10,1,4
Mystery,Miles-Huerta,2016,Pm cell.,315ac13f-906b-4dc3-a1b0-70ae121eed4b,East Darleneburgh,25-34,9,2,4
Mystery,Miles-Huerta,2016,Pm cell.,64e1c888-bd0b-422b-89dd-c6415b52f235,Port Jacob,18-24,1,5,4
Mystery,Miles-Huerta,2016,Pm cell.,71f23d3e-af19-4d36-84ca-b00d8ec84f30,Gonzalezchester,55+,10,5,3
Mystery,Miles-Huerta,2016,Pm cell.,90cd3543-1e86-4aa8-bd77-2a354aa48d47,East Megan,Under 18,6,2,2
Fantasy,"Hayes, Mann and Murphy",1985,Value soon low.,ec72bf0f-5d32-4cb7-89d2-45da60381394,Port Matthew,25-34,9,2,1
Fantasy,"Hayes, Mann and Murphy",1985,Value soon low.,f1fd7c62-78dc-429f-89d6-cbb8e73de2de,Tiffanyland,35-44,3,3,2
Fantasy,"Hayes, Mann and Murphy",1985,Value soon low.,a7b3e862-16ff-4984-a1cb-814e32c43610,Jonesville,55+,5,3,3
Fantasy,"Hayes, Mann and Murphy",1985,Value soon low.,0ec8489c-189c-47d7-8e51-845d6bc11638,Port Caitlin,25-34,2,2,3
Fantasy,"Hayes, Mann and Murphy",1985,Value soon low.,3239410a-faef-4447-9447-4a95a7e6001f,Scottstad,Under 18,4,4,3
Fantasy,"Hayes, Mann and Murphy",1985,Value soon low.,dd90236c-9df4-413e-9602-751ae7eab78d,East Shawnville,25-34,2,4,4
Fiction,Barrett PLC,1984,Image.,4dbaca40-a650-486a-a9e4-33092f185bed,Lake Alisonside,55+,1,2,5
Fiction,Barrett PLC,1984,Image.,0e5b7446-4921-40eb-af87-16fd2463d908,Moodybury,45-54,10,4,3
Fiction,Barrett PLC,1984,Image.,9931a886-dfcc-4dba-bad9-77dd5c87da58,Tracymouth,45-54,5,3,1
Fiction,Barrett PLC,1984,Image.,561e8e53-b4af-405d-a8c7-d927271b36bf,Fordfort,35-44,5,4,3
Fiction,Barrett PLC,1984,Image.,c0724eb8-4606-4e9e-8135-db5aa206c361,East Guyhaven,45-54,7,5,1
Fiction,Barrett PLC,1984,Image.,c2204e0a-68b6-456f-af5a-756a563928a1,Lake Haley,25-34,4,1,2
Fiction,Barrett PLC,1984,Image.,f60ada07-c360-4030-87ee-63d3bdfc8c90,Lake Dawnhaven,18-24,2,3,5
Fiction,Barrett PLC,1984,Image.,5b85d7f1-7e42-4673-8960-c47377abdd27,Scottberg,Under 18,10,5,4
Non-Fiction,"Ryan, Blackburn and Pineda",2003,Manage training.,06df5eec-69a5-45b5-a55a-ce2b8fa274df,South Lisa,35-44,1,2,1
Non-Fiction,"Ryan, Blackburn and Pineda",2003,Manage training.,64275f24-2917-406a-a680-73d60d57606d,Port Davidport,55+,4,2,3
Non-Fiction,"Ryan, Blackburn and Pineda",2003,Manage training.,fa4ec3a4-e309-43f7-a12f-f8c0c1167c47,Woodside,18-24,4,2,5
Non-Fiction,"Ryan, Blackburn and Pineda",2003,Manage training.,1b881efc-57ee-4520-abc8-a0c5c072bad5,Lucasmouth,55+,10,4,3
Non-Fiction,"Ryan, Blackburn and Pineda",2003,Manage training.,6c20c1d1-2bfc-4d12-8423-39db11c29060,Lihaven,18-24,2,5,2
Non-Fiction,"Ryan, Blackburn and Pineda",2003,Manage training.,25b5ce9a-700b-4fc5-a26d-7e1a8aa98965,Manuelstad,18-24,6,3,3
Non-Fiction,"Ryan, Blackburn and Pineda",2003,Manage training.,c4991907-9da7-4477-bdf3-012fe1ddaaea,South Sean,Under 18,2,3,1
Non-Fiction,"Ryan, Blackburn and Pineda",2003,Manage training.,2684b86f-1832-4424-a7f0-2d8c9fbfafd2,East Ivan,Under 18,10,2,4
Non-Fiction,"Ryan, Blackburn and Pineda",2003,Manage training.,4e208222-aaa4-40eb-a2ff-3b3dcda73f34,Douglasshire,35-44,2,4,2
Fiction,Anderson-Turner,1977,Employee now worker.,e4399c54-8c9f-4664-9c00-4443cff2c340,West Christopher,45-54,7,4,4
Fiction,Anderson-Turner,1977,Employee now worker.,79700cff-35aa-4956-a56f-877cf79a0372,Lake Peter,55+,2,3,2
Fiction,Anderson-Turner,1977,Employee now worker.,18fa62a7-6716-4b93-b31c-ad906e8047a7,East Justinhaven,25-34,8,3,5
Science Fiction,Briggs-Barnett,2014,House remember.,eab2d62c-e9ba-4945-9291-59180b54af9a,South Justin,25-34,1,5,1
Science Fiction,Briggs-Barnett,2014,House remember.,48e34793-8f4c-42cb-8e4f-5a9659c37dd4,Port Andrew,55+,9,2,3
Science Fiction,Briggs-Barnett,2014,House remember.,761e0d6e-1ee4-45da-a0d7-f0a79f367578,South Sharonbury,55+,10,3,3
Science Fiction,Briggs-Barnett,2014,House remember.,ca243847-70b1-495e-b568-60e0e031a814,East Tammy,35-44,1,2,5
Mystery,Gross-Lopez,2001,Prove another focus.,95489801-aa74-4b9b-95d9-1bda64291881,East Erica,25-34,5,1,1
Mystery,Gross-Lopez,2001,Prove another focus.,03996315-ce45-4103-a89c-b5d14a712b72,Royborough,Under 18,3,2,4
Mystery,Gross-Lopez,2001,Prove another focus.,a637cded-f8db-4d1d-a776-5439677a46c6,Robertstad,45-54,8,2,5
Fantasy,Griffin-Christian,1958,Sell treatment.,e215ea4a-64a2-4e47-999a-f8aecdb2be6b,South Carlos,45-54,6,3,3
Fantasy,Griffin-Christian,1958,Sell treatment.,cfde0955-c3be-47c6-9479-041f56f9598d,East Rebecca,25-34,4,5,4
Fantasy,Griffin-Christian,1958,Sell treatment.,148d3186-db22-408d-8953-bd409cff320d,Michaelfurt,55+,5,4,1
Fantasy,Griffin-Christian,1958,Sell treatment.,bddef12e-d480-49f8-aaa8-7fbc46ddbba6,Baxterburgh,25-34,1,1,5
Fantasy,Griffin-Christian,1958,Sell treatment.,10438900-3c20-4890-9dff-247d3ea5c1cc,Lake Kevinburgh,45-54,9,1,4
Fantasy,Griffin-Christian,1958,Sell treatment.,e79e4193-0dfd-4a56-a756-69a5bf112305,Lake Lawrence,45-54,10,3,3
Fantasy,Griffin-Christian,1958,Sell treatment.,75a6cbe9-180f-445c-9b41-7b3c9a84d854,Lake Krystal,45-54,4,5,2
Fantasy,Griffin-Christian,1958,Sell treatment.,0ea69b0e-e56a-41d3-b202-f8c335d7ae3b,Elizabethview,45-54,5,3,4
Fantasy,Griffin-Christian,1958,Sell treatment.,a57d50c9-98b9-4608-b65b-40677caa7e16,South Shawnside,25-34,8,5,5
Non-Fiction,Flynn-Lopez,1963,Consumer four.,c86244be-d3f5-42bd-a3c9-a6b6c8939bc5,Garciamouth,18-24,7,5,2
Non-Fiction,Flynn-Lopez,1963,Consumer four.,d3c8af4e-1178-45b3-8921-0b685dd3b11d,Beltranstad,18-24,3,1,1
Non-Fiction,Flynn-Lopez,1963,Consumer four.,9c7af3fd-3712-49d3-baa9-cadc3140aced,Jillborough,Under 18,2,4,1
Mystery,"Bradley, Schmidt and Brown",1959,Rock will.,88b7fdc6-9850-4c4a-9274-586155dde67d,North Paulbury,25-34,3,5,3
Fantasy,Rivera-Harrison,1974,Different expect its cold.,dca88cec-3a2e-4874-879e-3bb01a943514,North Sara,Under 18,4,5,3
Fantasy,Rivera-Harrison,1974,Different expect its cold.,2b66cdba-31c0-4a51-8e65-265675245cff,Port Charlesburgh,35-44,4,5,1
Fantasy,Rivera-Harrison,1974,Different expect its cold.,f8cd5a90-5bf8-4801-a64d-544202b3da8e,North Ryanbury,45-54,7,4,1
Fantasy,Rivera-Harrison,1974,Different expect its cold.,4ba4598f-00b8-4acb-8ccb-6e5f488596b1,Simpsonborough,45-54,10,5,4
Fantasy,Rivera-Harrison,1974,Different expect its cold.,510f79a4-3033-4e6b-b084-c78e7c7ea94a,Richardstad,25-34,3,5,5
Non-Fiction,Lucas LLC,1976,Plan enjoy.,8548dc3f-8e9b-47ca-9426-d01733164bcc,New Williamborough,55+,2,2,3
Non-Fiction,Lucas LLC,1976,Plan enjoy.,aaee469b-d8a5-4426-9455-96c1b3e8f831,Harrisburgh,55+,10,5,2
Non-Fiction,Lucas LLC,1976,Plan enjoy.,01815eea-a98e-41a7-ab3d-4b961d932f47,Mclaughlinhaven,25-34,3,5,3
Fiction,Garcia-Porter,1984,Raise natural thought.,7b85d22a-868e-4c41-b3ff-b1949368508f,Monroestad,Under 18,8,4,4
Mystery,"Smith, Brooks and Martinez",1972,Financial three move.,315ec70d-7251-47e7-9311-e9df2bc3f0f7,North Anthonytown,Under 18,1,4,4
Mystery,"Smith, Brooks and Martinez",1972,Financial three move.,3130ef37-2b71-4a92-9628-af4e34597f94,Lake Tyler,55+,2,4,2
Mystery,"Smith, Brooks and Martinez",1972,Financial three move.,828e860d-9d1e-4f77-ae33-eeb575cacd52,Dominiqueton,35-44,7,4,1
Mystery,"Smith, Brooks and Martinez",1972,Financial three move.,3e47546e-da34-4645-b713-b20649d31a03,Scottberg,Under 18,8,5,2
Mystery,"Smith, Brooks and Martinez",1972,Financial three move.,5d2cca83-1e98-46d4-b68b-f16f6d4c23b1,Jonathanberg,18-24,6,3,1
Mystery,"Smith, Brooks and Martinez",1972,Financial three move.,a7e2097d-5b41-466e-84cd-4a15eba40e57,Castilloshire,55+,7,3,5
Mystery,"Smith, Brooks and Martinez",1972,Financial three move.,71ba88f9-8362-4516-ba80-5375b9c5b413,Goodwinstad,35-44,7,3,1
Mystery,"Smith, Brooks and Martinez",1972,Financial three move.,a424c6ba-8f15-4fa4-84a4-704101a05d88,North Amandamouth,35-44,5,2,1
Non-Fiction,"Robbins, Sharp and Rodriguez",2003,Finish say defense.,3850486b-b03c-4b97-bb01-45b0778e627f,Santiagoside,18-24,4,4,3
Non-Fiction,"Robbins, Sharp and Rodriguez",2003,Finish say defense.,7ad64594-925a-4d4e-8af4-3e133a9a2450,Richardsview,55+,10,3,2
Non-Fiction,"Robbins, Sharp and Rodriguez",2003,Finish say defense.,2174438c-e414-4e15-862f-ef22548e135c,South Robert,45-54,2,2,1
Non-Fiction,"Robbins, Sharp and Rodriguez",2003,Finish say defense.,32d355c5-d785-4dca-924a-37918447f326,East Billy,18-24,2,2,5
Non-Fiction,"Robbins, Sharp and Rodriguez",2003,Finish say defense.,a9c4b6ca-e47d-44ec-b880-94e889e0c9c3,West Clinton,25-34,1,2,5
Non-Fiction,"Robbins, Sharp and Rodriguez",2003,Finish say defense.,40bc7040-b2bd-455b-9cbe-777ebaf7fb64,Haleyport,Under 18,1,1,3
Science Fiction,Wyatt PLC,2008,Herself stand.,1886c124-853d-4e6a-9e34-f528555359cf,Wilsonfort,55+,3,4,3
Science Fiction,Wyatt PLC,2008,Herself stand.,2e2ebe36-f054-4933-b5e7-b1530e124f6b,Colemanport,45-54,10,2,2
Science Fiction,Wyatt PLC,2008,Herself stand.,4c6dd00d-83c7-4969-919c-48edba5a0ccd,Kennedyberg,55+,1,4,3
Science Fiction,Wyatt PLC,2008,Herself stand.,29cc83fe-0d0f-4c18-b4dc-280baccaf994,West Jack,55+,9,4,4
Science Fiction,Wyatt PLC,2008,Herself stand.,edda22a0-1eb8-4527-95c8-8dee3babf9ea,Lake David,Under 18,3,5,5
Science Fiction,Wyatt PLC,2008,Herself stand.,84c30c7e-e7b0-447a-af1e-86553277b4c2,Charlesstad,Under 18,4,2,3
Science Fiction,Wyatt PLC,2008,Herself stand.,5257ff5d-3e3b-4087-b82c-22ef2bd49479,West Stacyhaven,35-44,10,1,4
Science Fiction,Wyatt PLC,2008,Herself stand.,c6655e5b-08eb-4dd9-927c-e18a897769bc,Medinaside,25-34,2,4,3
Mystery,Whitehead Inc,1983,Item since speech.,40d01d1d-798a-4d32-8fca-cc065224609c,Kennedyfort,55+,9,1,3
Mystery,Whitehead Inc,1983,Item since speech.,0fe49d83-d887-4935-bf5a-611487fbaa25,Hollystad,45-54,8,3,5
Non-Fiction,Krueger Group,2014,Pass day range.,0c83b9d3-3173-469b-a003-02561952d945,Collinsstad,45-54,4,4,2
Non-Fiction,Krueger Group,2014,Pass day range.,76cbad6a-b5bf-4623-b198-9e453f8eb1c0,Matthewmouth,Under 18,1,5,4
Non-Fiction,Krueger Group,2014,Pass day range.,e12908c4-2a67-49b5-b504-ca0520f6cf6f,Hillchester,45-54,10,4,5
Non-Fiction,Middleton Ltd,2014,Buy garden.,6485090b-7c40-4cae-b83d-42dcb3f6d774,Port Christopherfurt,Under 18,6,5,1
Non-Fiction,Middleton Ltd,2014,Buy garden.,6ba5146d-785c-4796-83aa-428e2f328e10,New Matthew,Under 18,9,3,5
Non-Fiction,Middleton Ltd,2014,Buy garden.,030d3758-8ac8-4075-9747-70c3ca83d188,Port Kerryhaven,25-34,6,5,1
Non-Fiction,Middleton Ltd,2014,Buy garden.,b0ab3ef7-6918-449a-b526-c7a9e056c593,Jonesport,35-44,1,2,1
Non-Fiction,Middleton Ltd,2014,Buy garden.,c7d26cba-cb3d-4772-b42a-bd56f9ebd3b9,Johnstonmouth,25-34,1,5,1
Non-Fiction,Middleton Ltd,2014,Buy garden.,ea526ed3-0258-48f1-b613-052f8dc0e479,Ryanhaven,Under 18,9,1,3
Non-Fiction,Dickson-Davis,2007,Shake vote option.,b362548c-d8c6-4c4f-b1c6-5a9398846036,North Trevor,Under 18,9,2,5
Non-Fiction,Dickson-Davis,2007,Shake vote option.,f2bdb105-2d3a-41bd-851f-1f19b4a98df7,Dorseyberg,Under 18,9,4,5
Non-Fiction,Dickson-Davis,2007,Shake vote option.,13e3e83b-5ecb-4c1b-8759-eca89117e826,East Mariaville,35-44,5,2,3
Non-Fiction,Dickson-Davis,2007,Shake vote option.,09417b64-8a01-4925-a7c6-fad49a9930e4,Pittsfurt,55+,5,5,2
Non-Fiction,Dickson-Davis,2007,Shake vote option.,32bf80f7-5cfb-4a7e-b2f0-8e1f7157e99d,Millerland,55+,3,5,5
Non-Fiction,Dickson-Davis,2007,Shake vote option.,ee628d4d-3d1f-4ac9-8de4-b8e608373206,New Gerald,55+,10,4,2
Non-Fiction,Dickson-Davis,2007,Shake vote option.,c4c142c1-d761-452b-b264-f05496d1a01a,Lake Richard,18-24,7,3,4
Non-Fiction,Dickson-Davis,2007,Shake vote option.,6b30d4a7-fb33-467b-a26f-37eb9490ae98,Hoopermouth,55+,5,3,5
Fantasy,Kim-Morales,2005,Piece friend.,b9c4113c-4857-4b61-981f-769879151a6f,Lake Tristan,25-34,7,4,4
Fantasy,Kim-Morales,2005,Piece friend.,8addf0fc-6968-44b9-8df9-4f2322868476,Owenland,55+,9,2,1
Fantasy,Kim-Morales,2005,Piece friend.,a6ea3208-caca-4dff-bf3d-0f4da94a49eb,West Kimberly,Under 18,1,1,1
Fantasy,Kim-Morales,2005,Piece friend.,bd533609-70fc-471b-9776-e7bb6dc77a20,North Joshualand,45-54,3,3,2
Non-Fiction,Pena Group,2012,Our.,8aff68a7-eab9-4ee2-9eaa-af2f9be6ed42,North Jasminetown,25-34,10,3,4
Non-Fiction,Pena Group,2012,Our.,24aaf137-5435-4c73-b44d-6768f6b78ce3,Michaelton,18-24,10,2,5
Non-Fiction,Pena Group,2012,Our.,2a9b969d-12f1-4758-8bbc-69d24a33f01e,South Amanda,35-44,6,5,1
Non-Fiction,Pena Group,2012,Our.,b20fc6a7-3cdc-4d9c-aca2-2e57b683612c,Port Josephmouth,45-54,6,4,4
Non-Fiction,Pena Group,2012,Our.,559b6436-8d8a-4446-a60f-b977db8c9cb0,Bestville,Under 18,2,4,4
Science Fiction,Smith Ltd,1955,Assume computer why.,d51cfa0b-325d-457f-a21c-2d3ea6dd84b4,West Gregory,18-24,1,1,4
Science Fiction,Smith Ltd,1955,Assume computer why.,6a1fc2bb-01aa-4602-8eda-848ff6a362ae,East Jameshaven,55+,10,2,2
Science Fiction,Smith Ltd,1955,Assume computer why.,9c69894b-7b06-4746-8611-c36b3367e8e9,West Kenneth,18-24,3,4,2
Science Fiction,Smith Ltd,1955,Assume computer why.,2dc58aea-4aba-4c7f-ba65-a435025e3fec,North Cheryl,35-44,1,1,5
Science Fiction,Smith Ltd,1955,Assume computer why.,f8c5e5fb-cf32-44cc-8cda-3da2d8f69efd,South Victor,55+,1,1,5
Science Fiction,Smith Ltd,1955,Assume computer why.,7c364887-470a-40e8-8a47-330354b582ba,Joshuabury,35-44,7,4,2
Science Fiction,Smith Ltd,1955,Assume computer why.,d4681523-3e29-4fb8-88ba-91c07a4e39d5,Kristinashire,18-24,5,1,1
Science Fiction,Smith Ltd,1955,Assume computer why.,d018d544-3697-495b-bdef-5fb384a7bde2,Andersonland,18-24,6,2,4
Science Fiction,Smith Ltd,1955,Assume computer why.,6bd7c002-7252-4491-9768-d4d64d711ebc,Port Justin,55+,8,1,5
Science Fiction,Smith Ltd,1955,Assume computer why.,b8458fce-2147-44bd-9ed3-4b23eee0f90b,New Codymouth,18-24,3,1,5
Fantasy,"Collins, Lang and Fisher",1993,Imagine southern feel.,331b682a-d19c-4994-a5b4-0a9dece5738c,Kochville,18-24,10,5,2
Fantasy,"Collins, Lang and Fisher",1993,Imagine southern feel.,5b823403-5f3d-4b63-9fa1-873d7a4e422d,West Nicoleberg,18-24,2,3,4
Fantasy,"Collins, Lang and Fisher",1993,Imagine southern feel.,ae320967-7ed1-42e8-b7c9-87d0f73b8a5f,Jordanville,18-24,10,2,4
Fantasy,"Collins, Lang and Fisher",1993,Imagine southern feel.,1af13024-5ea2-450b-8d88-a0f0002fdb03,Reyesview,18-24,9,5,2
Fantasy,"Collins, Lang and Fisher",1993,Imagine southern feel.,36c3e9b2-eb9f-4ea3-a4c9-4fe5b10d23a9,Jonestown,Under 18,7,4,1
Fantasy,"Collins, Lang and Fisher",1993,Imagine southern feel.,e02a4bc2-5a49-45f5-8867-77ecd3800b93,Thompsonburgh,55+,5,5,4
Fantasy,"Collins, Lang and Fisher",1993,Imagine southern feel.,82160520-2d93-4561-8747-f4b85d3dcb41,North Sarah,18-24,9,4,3
Fiction,"Baker, Ibarra and Aguirre",1965,Ability hard.,0963076e-a02f-4723-b1f4-4575b30d35a8,Bradleybury,Under 18,5,1,2
Fiction,"Baker, Ibarra and Aguirre",1965,Ability hard.,9b098b13-a71b-4b8e-a74a-f2feeb1a9545,Tiffanystad,25-34,8,2,1
Fiction,"Baker, Ibarra and Aguirre",1965,Ability hard.,d4894a2d-cc58-4585-9acd-618b81308342,North Samuelborough,25-34,6,3,5
Fiction,"Baker, Ibarra and Aguirre",1965,Ability hard.,f6d703ab-f1f2-446d-ac3b-7cbda3751a0a,East Sandra,25-34,4,2,5
Fiction,"Baker, Ibarra and Aguirre",1965,Ability hard.,6d77d6e5-1105-4349-a532-8a54c5f5fe94,Markfurt,35-44,8,3,5
Fiction,"Baker, Ibarra and Aguirre",1965,Ability hard.,826bcb7c-c98b-44e2-aefb-d62a8823b8d1,Amberbury,18-24,4,4,4
Fiction,"Baker, Ibarra and Aguirre",1965,Ability hard.,8592182e-465d-4d6f-854b-7d7d876d5d47,Kelseyside,55+,5,1,2
Mystery,"Castillo, Avila and Wilkerson",1973,Nice lead produce.,befe99c0-589a-438e-b900-4b410df937f0,Lake Catherine,Under 18,1,3,2
Mystery,"Castillo, Avila and Wilkerson",1973,Nice lead produce.,7beae22d-1a42-4430-9630-863b42092740,Leahton,18-24,6,5,5
Mystery,"Castillo, Avila and Wilkerson",1973,Nice lead produce.,dd0f0d27-d13d-42f0-a507-93cd839d8ed4,Port Crystalborough,Under 18,7,4,5
Fantasy,Wheeler Ltd,1972,Modern thing show.,72c92fa1-fcff-48c4-b7e2-a99c3f04a5e0,West Tammyborough,35-44,5,4,3
Fantasy,Wheeler Ltd,1972,Modern thing show.,ab4c05b2-c710-4d36-88bf-b0d92857e75a,Port Gregory,45-54,10,4,2
Fantasy,Wheeler Ltd,1972,Modern thing show.,e76fa0ce-546d-4ac3-9e7e-0fddf8aebd7f,East Jason,25-34,7,3,1
Fantasy,Wheeler Ltd,1972,Modern thing show.,513a7ed7-ab70-43a0-a646-160e3740487c,Paulabury,35-44,8,4,3
Fantasy,Wheeler Ltd,1972,Modern thing show.,fc6111de-5d1e-4781-a902-3278e25e1ee5,East Heatherburgh,18-24,4,3,3
Fantasy,Wheeler Ltd,1972,Modern thing show.,fae99d94-24ae-43f3-9eee-56275f8c4c3f,Hoffmanport,55+,8,2,4
Fantasy,Wheeler Ltd,1972,Modern thing show.,3f3ccc35-48b1-49f2-abc7-612ea22199c1,New Rachelton,35-44,2,2,4
Fantasy,Wheeler Ltd,1972,Modern thing show.,a26086c7-aafa-4e43-8ec3-7561d4517e40,Tonyachester,55+,5,4,2
Fantasy,Howell-Yoder,2014,Move chair power.,87b370f5-d3ee-4ade-a202-8c5dfdbc1b2d,Martinezborough,55+,3,5,1
Fantasy,Howell-Yoder,2014,Move chair power.,1696ae96-6647-451f-97b1-6121e0d6a445,East Calvinmouth,45-54,7,2,1
Fantasy,Howell-Yoder,2014,Move chair power.,f1dcbc95-659f-4465-822a-a19336ed9fa4,Andrewbury,25-34,2,5,2
Fantasy,Howell-Yoder,2014,Move chair power.,9e910b97-2eb4-4a4f-af0f-ea6eed3a4638,Garciashire,35-44,10,4,1
Non-Fiction,"Smith, Schroeder and Murray",1982,Interest simple above.,73dc3fb0-c046-4bc4-9d22-8aec954e33ec,Lake Ashley,45-54,6,2,1
Non-Fiction,"Smith, Schroeder and Murray",1982,Interest simple above.,da79390a-3094-4752-b6fb-9ead0fbb5607,Julieport,Under 18,9,4,5
Non-Fiction,"Smith, Schroeder and Murray",1982,Interest simple above.,228d6e51-ced5-4706-bafc-8750115a6b1d,Henrystad,Under 18,1,1,2
Non-Fiction,"Smith, Schroeder and Murray",1982,Interest simple above.,34f2c82c-1ec2-4eb9-9a6a-2cc21e625fac,South Paulaside,25-34,7,5,2
Non-Fiction,"Smith, Schroeder and Murray",1982,Interest simple above.,d609543a-1c19-43b2-a394-c11f140c4129,East Michael,Under 18,2,2,1
Non-Fiction,Patton-Graham,1957,Allow toward.,01bb6059-c2fa-4b49-832f-415e41333bea,North Ashleyville,18-24,10,5,4
Non-Fiction,Patton-Graham,1957,Allow toward.,0f771b00-4fe3-4cc1-b756-61eff9429df0,Port Maryside,25-34,5,3,5
Non-Fiction,Patton-Graham,1957,Allow toward.,6bcdbc78-d8cf-48a6-9fb8-47a863f1fbb6,Davidside,Under 18,10,2,4
Non-Fiction,Patton-Graham,1957,Allow toward.,e6d7ed78-3667-48c6-b743-7bc0ef5357f2,East Tracy,Under 18,7,5,4
Fiction,Young Group,1985,Instead travel.,54e4e1d6-08ed-4cee-83cb-6edb1e7d6304,Smithbury,45-54,8,5,2
Fiction,Young Group,1985,Instead travel.,2047934c-b6ae-4095-90e6-60f4fedc46c7,Wendyfort,35-44,10,4,4
Fiction,Young Group,1985,Instead travel.,0798497b-be39-4122-bd9e-cfc275a80b96,North Angelamouth,35-44,9,3,1
Fiction,Young Group,1985,Instead travel.,be64592b-e8ea-40d2-a4c2-50be862d2bf0,Gregoryborough,25-34,6,3,4
Fiction,Young Group,1985,Instead travel.,b7149950-64b1-4fd6-977a-ecb1aec77acb,West Michellefurt,45-54,7,3,1
Fiction,Young Group,1985,Instead travel.,bcf13fb1-2532-40e8-a563-cbd086aa3461,North Jason,18-24,6,1,2
Fiction,Young Group,1985,Instead travel.,080f2ee2-c5db-4555-b618-7873df013468,Anthonyfurt,55+,8,2,3
Fiction,Young Group,1985,Instead travel.,3b9a220e-5dd4-4bdd-99e6-077b94785536,Port Davidstad,35-44,1,5,3
Fiction,Young Group,1985,Instead travel.,0c479201-b8cd-4f9d-aecd-02a496f9b4db,Rachaelmouth,25-34,5,2,1
Fiction,Young Group,1985,Instead travel.,0b3ac2d3-abd7-4768-b834-b8627232ed47,Coxtown,25-34,8,5,2
Science Fiction,Fitzgerald-Baker,2008,Easy son spend.,53fb2847-42d7-485f-8151-366a5c9f9253,West Kylemouth,18-24,2,4,4
Non-Fiction,Giles-Williams,1959,Stock set build.,82bf93c7-d654-4ce2-884e-54f844b74704,East Michelle,45-54,2,5,2
Non-Fiction,Giles-Williams,1959,Stock set build.,13da4c6f-0142-4772-8ffe-c6e1e3ebb83f,Whitemouth,35-44,1,3,5
Non-Fiction,Giles-Williams,1959,Stock set build.,ad25f214-c486-4d9c-990e-caaf38189c3f,North Brandiburgh,45-54,1,3,1
Fantasy,"Hill, Reynolds and Oconnell",2006,Allow run entire.,7bf68189-56f7-4b08-80c0-e2887b4bbb3d,Port Travis,18-24,1,1,2
Fantasy,"Hill, Reynolds and Oconnell",2006,Allow run entire.,8320b981-2484-4b08-8b4a-a9c280c3ef68,Markton,35-44,3,1,5
Fantasy,"Hill, Reynolds and Oconnell",2006,Allow run entire.,aa24928e-4e4c-491c-b3fb-35416dcabb1c,Mariaville,35-44,1,5,5
Fantasy,"Hill, Reynolds and Oconnell",2006,Allow run entire.,1ef38905-3c8f-4a29-9650-33a67668cc63,Port Brittanyville,18-24,2,5,1
Fantasy,"Hill, Reynolds and Oconnell",2006,Allow run entire.,fe01546a-09a8-44df-8f46-8e70103e27af,Michealview,Under 18,5,3,2
Fantasy,"Hill, Reynolds and Oconnell",2006,Allow run entire.,38baeea5-3c5d-4164-9447-7ef73a1ef299,West Cheyenne,35-44,2,1,3
Science Fiction,"James, Newton and Burton",1974,Visit.,faa7d8f9-03d3-4058-9d9e-5fcc06b53faf,North Jennifer,Under 18,3,4,5
Science Fiction,"James, Newton and Burton",1974,Visit.,e07441f0-5e16-488a-8a59-9de76c0d5521,Lorihaven,18-24,8,2,5
Science Fiction,"James, Newton and Burton",1974,Visit.,d5d9de96-3bbf-491d-99e4-4374b28e0618,Juliefurt,25-34,6,1,4
Science Fiction,"James, Newton and Burton",1974,Visit.,995dfa0a-cc8a-470d-88c9-a31482fcc600,Lindachester,35-44,1,5,2
Science Fiction,"James, Newton and Burton",1974,Visit.,9f477bab-ea71-49b3-8808-e800fde04c04,Port Christopher,45-54,6,1,2
Science Fiction,"James, Newton and Burton",1974,Visit.,c584bf99-9d66-4538-9c99-10f7d0dbc6a1,Coxtown,35-44,2,4,5
Science Fiction,"James, Newton and Burton",1974,Visit.,1ad268f6-da98-4c36-8e03-d77f371a498e,Calebstad,55+,4,4,1
Science Fiction,"James, Newton and Burton",1974,Visit.,5336d2a8-bb62-4bc2-a07b-0a9a2c026eb3,South Ryan,18-24,3,3,1
Science Fiction,"James, Newton and Burton",1974,Visit.,553a8ae8-2606-421c-8687-29a2cb55be19,North Christy,25-34,9,2,4
Fiction,Ruiz-Rose,1984,Often wide meeting.,a08c81e9-b01d-46b2-8b01-7186b42d10ca,Bryantview,18-24,7,1,4
Fiction,Ruiz-Rose,1984,Often wide meeting.,0dd24625-4e94-47a7-a1db-932b1d1d78f4,Lake Joelmouth,45-54,8,5,3
Fiction,Ruiz-Rose,1984,Often wide meeting.,eb90694b-ee28-49fc-997d-5fef1fabe105,East Angela,45-54,2,1,1
Fiction,Ruiz-Rose,1984,Often wide meeting.,a4c3f54e-0839-4846-a387-0da4460ab2a3,Karenberg,45-54,1,5,1
Fantasy,Frost and Sons,1999,Professional network capital.,b1f3c0c1-c189-4cd0-9dd9-62d08bddfdc6,North Kristenfort,45-54,10,5,2
Fantasy,Frost and Sons,1999,Professional network capital.,fc11ff91-8357-4629-84ba-8b1efe557075,Ingramstad,35-44,6,5,3
Fantasy,Frost and Sons,1999,Professional network capital.,e8f45b49-759f-4267-9baa-9779fe017537,Matthewstad,25-34,10,2,5
Fantasy,Frost and Sons,1999,Professional network capital.,938cf1ac-a019-4358-92a5-1a72b026d5e8,Carsonborough,55+,9,2,2
Fantasy,Frost and Sons,1999,Professional network capital.,cfcb1d53-512e-438b-84c6-cd85ebab8db5,Lake Joshuashire,25-34,9,5,5
Fantasy,"Carter, Hill and Evans",1980,Important occur science.,8a69abf3-9fea-4eed-8c38-cf67e4b9aa29,Petersonfort,18-24,1,2,2
Fantasy,"Carter, Hill and Evans",1980,Important occur science.,737053ff-f83d-4dea-ba13-ce00c5847044,Port Joseberg,35-44,3,3,3
Fantasy,"Carter, Hill and Evans",1980,Important occur science.,1a90f6db-471d-4153-bbeb-e2be18621482,Port Deanchester,45-54,3,1,1
Fantasy,"Carter, Hill and Evans",1980,Important occur science.,67ac7ce4-bbc2-4137-ae88-3924050ac2c9,Amyberg,35-44,8,5,4
Fantasy,"Carter, Hill and Evans",1980,Important occur science.,b14456e0-e6e4-4230-b3bc-3b839286ce10,Lake Rebeccaville,55+,7,3,1
Science Fiction,"Brennan, Aguirre and Bailey",1975,Specific.,f533b4eb-b010-42dc-87b0-66ad8bc73b42,Knappchester,25-34,5,5,1
Science Fiction,"Brennan, Aguirre and Bailey",1975,Specific.,169b64b8-6630-48f8-9627-34f742f0ab90,New Tammychester,Under 18,5,3,1
Science Fiction,"Brennan, Aguirre and Bailey",1975,Specific.,1623d891-a934-4839-8925-d336271c2c36,North Jennifer,35-44,5,2,2
Fantasy,"Barrett, Richardson and Ramirez",1964,Civil suddenly man.,a12d3b08-9ad8-4aa6-a8b8-fba17d20b9c8,West Derekburgh,25-34,9,5,3
Fantasy,"Barrett, Richardson and Ramirez",1964,Civil suddenly man.,f372c072-ac1a-4857-8904-fc367b4d26b2,North Dennisborough,Under 18,8,2,3
Fantasy,"Barrett, Richardson and Ramirez",1964,Civil suddenly man.,024d4356-c60c-48bc-8d74-1459ddb185c1,Morrisbury,45-54,4,4,5
Fantasy,"Barrett, Richardson and Ramirez",1964,Civil suddenly man.,24560868-2e51-4e36-9ae9-7e7c5c0094b2,New Jamesland,25-34,10,3,5
Fantasy,"Barrett, Richardson and Ramirez",1964,Civil suddenly man.,bf349024-a853-4067-8b15-a1577456c9f2,Amandaland,45-54,3,1,4
Fantasy,"Barrett, Richardson and Ramirez",1964,Civil suddenly man.,95251edd-8ab2-40cb-93bd-8b2c35cd6245,Lisamouth,55+,9,2,5
Fantasy,"Barrett, Richardson and Ramirez",1964,Civil suddenly man.,01ad0f07-e07b-438d-9ed3-3e47550f6e80,Gentryfurt,35-44,3,1,2
Fantasy,"Barrett, Richardson and Ramirez",1964,Civil suddenly man.,68edd10d-fc09-492a-93ad-90fc03035793,Kingport,55+,3,1,5
Fantasy,"Barrett, Richardson and Ramirez",1964,Civil suddenly man.,c109ed35-f14d-4a97-8589-e0cf5fbadfd5,Boydtown,35-44,7,2,2
Non-Fiction,"Hubbard, Paul and Duke",1983,Receive yes sea.,4e0e088e-9b50-48da-9dd7-3b3e47b1484a,North David,25-34,6,4,2
Non-Fiction,Smith-Perez,1978,Own parent career.,e028834d-537a-4646-b8c5-6c0888d7d125,Port Scott,25-34,5,1,5
Non-Fiction,Smith-Perez,1978,Own parent career.,5c2f814f-097f-494c-9a7d-8ff4d8c9a087,Annafurt,45-54,10,4,4
Non-Fiction,Smith-Perez,1978,Own parent career.,0914b153-4744-4d38-860b-5f2b1b688055,Christopherchester,18-24,4,1,3
Non-Fiction,Smith-Perez,1978,Own parent career.,ced827f0-8786-4673-8b3d-f1b4f59f49bb,Ashleyfort,Under 18,2,1,3
Non-Fiction,Smith-Perez,1978,Own parent career.,481d109d-c88d-4a29-b92e-f9de99d4f8fd,Teresastad,35-44,4,3,5
Non-Fiction,Smith-Perez,1978,Own parent career.,5e645b6d-88d3-40e1-bff5-ef20eaa29801,Tylerfort,35-44,8,1,5
Non-Fiction,Smith-Perez,1978,Own parent career.,f203944b-edc6-467f-869e-c379ef83d28c,Parkermouth,45-54,6,2,3
Non-Fiction,Smith-Perez,1978,Own parent career.,f2170e08-8ad0-4c34-8961-17785b9f6af6,Port Michaelchester,55+,6,1,5
Non-Fiction,Smith-Perez,1978,Own parent career.,146be0ea-3ed2-4e8b-94ac-0e908a285df9,West Jenniferbury,Under 18,2,2,3
Science Fiction,Hamilton-Young,1952,Hard follow especially special.,04def4d3-2b72-4900-bb34-be17b0e56978,Arnoldside,Under 18,4,1,3
Mystery,Anderson-Burke,1973,Detail specific on.,ba6676c0-c5a1-44e0-bcd0-19012b025756,Williammouth,25-34,1,3,5
Mystery,Anderson-Burke,1973,Detail specific on.,9c9c5870-5dd8-4502-9838-4d9b8e937238,East Joel,55+,8,3,3
Mystery,Anderson-Burke,1973,Detail specific on.,c3517ee5-6d57-460f-b8b3-4953723e915c,North James,45-54,2,4,4
Mystery,Anderson-Burke,1973,Detail specific on.,72ba60b7-1a92-45b1-a6eb-907144de2508,East Richardville,55+,7,5,2
Science Fiction,Hayes-Green,1973,Bad.,58cc0c2f-7b64-470a-94f5-9dd2b4a3b116,Kristinbury,45-54,4,2,5
Fantasy,Clements LLC,2001,Have office.,1627d040-eaf9-4a49-b5e3-8dd68c2f2c57,New Janetborough,25-34,10,1,1
Fantasy,Clements LLC,2001,Have office.,fa6aadba-d5ae-436a-b586-6651ca459813,West Charlesshire,Under 18,7,2,4
Science Fiction,Thomas-Wallace,1981,Building nice own.,d115a76c-9807-4af4-94ed-f0eb26974e8e,Woodbury,35-44,8,2,5
Science Fiction,Thomas-Wallace,1981,Building nice own.,faed1ee7-5741-4ba2-8dc2-b24253432ffa,Castilloside,55+,8,3,3
Science Fiction,Bryant-Morris,1972,You particular.,b6dcb808-2de3-4d73-93d1-2635329e5579,Rayburgh,25-34,5,4,2
Science Fiction,Bryant-Morris,1972,You particular.,36f40328-92c8-4b7e-9ca7-b6881d3fac0c,West James,55+,3,5,4
Science Fiction,Bryant-Morris,1972,You particular.,bf34bba8-fed4-4d30-bff6-d04068c1f283,Fosterstad,Under 18,8,1,1
Science Fiction,Bryant-Morris,1972,You particular.,12b4cac4-52fe-45d2-8671-b364d77b75b9,West Noah,35-44,2,3,5
Science Fiction,Bryant-Morris,1972,You particular.,039a322b-4807-43c1-b1ad-6a94e5a2a464,Hoganton,25-34,7,3,1
Science Fiction,"Pierce, Brown and Mclaughlin",1968,Our.,2777b73e-ebc7-4865-9fd8-b197e1bb474a,Lake Robinchester,45-54,9,2,2
Science Fiction,"Pierce, Brown and Mclaughlin",1968,Our.,94bb1fe1-8a22-485e-a21d-d66591f0e4c6,North Teresa,25-34,10,5,1
Science Fiction,"Pierce, Brown and Mclaughlin",1968,Our.,105a40b9-abf6-4bdf-aeb1-ddd69618b14c,New Ryan,55+,10,5,4
Science Fiction,"Pierce, Brown and Mclaughlin",1968,Our.,bdf0743d-4dd4-4c59-8a79-5d2e53757fe9,Dylanchester,Under 18,6,3,2
Science Fiction,"Pierce, Brown and Mclaughlin",1968,Our.,5bc53331-0d49-4695-a98d-8b060206eb36,Clayhaven,25-34,5,1,5
Fantasy,Brown-Griffin,2000,Evidence support for.,156b5761-c87c-499a-b007-b18db5b4579b,Deborahside,55+,10,2,4
Fantasy,Brown-Griffin,2000,Evidence support for.,d98d2340-5e3e-40a4-b9b8-c44585745c2f,Rogersstad,25-34,10,2,2
Fantasy,Brown-Griffin,2000,Evidence support for.,0bb00b85-c6f8-4cd4-9363-8d21488fb9d0,Rayborough,25-34,1,5,2
Fantasy,Brown-Griffin,2000,Evidence support for.,1ffb6e09-6353-4f82-8b51-1d0f2e90428b,Andrewfurt,45-54,1,3,1
Fantasy,Brown-Griffin,2000,Evidence support for.,521f4376-3b52-4e59-89b3-9f2330df388e,North Bridget,35-44,4,1,3
Fantasy,Brown-Griffin,2000,Evidence support for.,7af7958f-bcf6-4bc5-a32d-dfeb5208fd15,Jessicabury,35-44,5,2,2
Fantasy,Brown-Griffin,2000,Evidence support for.,340959b0-6979-4cfb-8ee4-c2da3ed18d84,Smithside,55+,4,5,1
Fiction,Smith Ltd,1994,Too type trial.,6556b89d-52a1-4210-bde5-2005f505ce7a,Joshuabury,55+,7,4,3
Fiction,Smith Ltd,1994,Too type trial.,a8a4dedd-2ec6-4b3e-9193-67e72609017b,Port Sandra,55+,1,2,5
Fiction,Smith Ltd,1994,Too type trial.,3eb1870b-eda8-4109-b679-2aa3ee2ce85c,West Hannahview,35-44,8,2,2
Fiction,Smith Ltd,1994,Too type trial.,75822315-80b9-4104-8480-8533ee4a4f03,Rodgersport,18-24,6,5,3
Fiction,Smith Ltd,1994,Too type trial.,7f8d7743-777c-4d79-ab45-2045d2447371,Taylorport,18-24,6,1,1
Fiction,Smith Ltd,1994,Too type trial.,79fa41c2-1167-466f-a0e1-93c4ce29dfba,Taylormouth,45-54,8,1,2
Fiction,Smith Ltd,1994,Too type trial.,3c5fbc45-b94a-4c2b-a6b5-4d7c107871a3,East Patriciabury,35-44,3,4,4
Science Fiction,Shields-Wall,1966,National sometimes standard.,f6fd877b-58de-4566-8562-d3fdb11cfdf6,South Randallstad,35-44,4,5,5
Science Fiction,Shields-Wall,1966,National sometimes standard.,4c05ecdf-2f88-4e66-97a2-36e9a8f70182,West Nancy,18-24,5,3,4
Non-Fiction,"Kelley, King and Rodriguez",1954,Fight place relate.,b0b52e91-fbda-4ed0-b418-450f31898dd4,Port Jenniferhaven,35-44,2,1,1
Non-Fiction,"Kelley, King and Rodriguez",1954,Fight place relate.,743363cd-b473-44da-aa4a-3c72c9499ea9,Raymondhaven,45-54,8,2,5
Non-Fiction,"Kelley, King and Rodriguez",1954,Fight place relate.,6dea5ccc-f177-46b8-9130-1ce962b6b703,Tracyhaven,35-44,1,4,2
Non-Fiction,"Kelley, King and Rodriguez",1954,Fight place relate.,64d3a9e0-b386-4e70-8576-7e94c5cf4351,Robinsonhaven,25-34,2,4,5
Non-Fiction,"Kelley, King and Rodriguez",1954,Fight place relate.,2e30f0c9-fea6-4c56-ab70-6367c4ccadae,Lawsonborough,55+,2,3,5
Non-Fiction,"Kelley, King and Rodriguez",1954,Fight place relate.,4b503c91-47c5-4c0b-91ff-96d31d84161a,South Sarahburgh,18-24,1,1,3
Non-Fiction,"Kelley, King and Rodriguez",1954,Fight place relate.,ade0e535-3bd4-4b83-a54b-ac50a45fce85,Floydville,25-34,10,3,4
Non-Fiction,"Kelley, King and Rodriguez",1954,Fight place relate.,57920a2b-3327-438a-b203-c06362e3a426,Haleborough,45-54,7,4,2
Non-Fiction,Tran Inc,1970,Performance indicate.,c8b4144f-5b5a-4d41-976c-fa6ae951f39f,New Misty,25-34,1,2,3
Non-Fiction,Tran Inc,1970,Performance indicate.,f6639bf8-6d40-4756-8743-f1cac9e3147c,Normanberg,35-44,1,4,1
Non-Fiction,Tran Inc,1970,Performance indicate.,07410099-dfc2-4731-896b-c3d573b12b2b,Jamesmouth,55+,8,5,1
Non-Fiction,Tran Inc,1970,Performance indicate.,aa01b43b-ba40-4f6a-afa5-e4af8194d3dc,Velasquezchester,55+,3,1,5
Fiction,Tyler and Sons,1973,Another manage.,5b15a116-efe9-4a8d-a528-8ee02afacf3d,North Bobby,Under 18,2,1,5
Fiction,Tyler and Sons,1973,Another manage.,dc7d51b0-1c4e-422b-b55f-118ca1c41d90,New Joshua,35-44,3,4,3
Fiction,Tyler and Sons,1973,Another manage.,5dab1a32-d15b-42dd-9224-06c879518740,North Angelaside,18-24,8,3,1
Fiction,Tyler and Sons,1973,Another manage.,5029aa1c-afb9-4499-badb-cbef14a8cc97,Harrisbury,35-44,3,5,3
Fiction,"Ward, Vargas and Cole",1993,Government look.,a8a3f92e-9907-4a40-a72f-b69bf297fd07,New Amber,25-34,3,2,1
Fiction,"Ward, Vargas and Cole",1993,Government look.,2583d945-57e5-467b-9ca9-983404cf06f6,South Debbie,25-34,4,3,3
Fiction,"Ward, Vargas and Cole",1993,Government look.,788fcbe1-7ea3-45c4-ba03-50a1b00469dd,Douglasview,25-34,2,2,4
Fiction,"Ward, Vargas and Cole",1993,Government look.,40d8c0bc-b599-4d56-ace6-4b85480cc770,South Brandonborough,45-54,3,2,5
Fiction,"Ward, Vargas and Cole",1993,Government look.,49eab599-5bc7-4c47-9240-143306ec0076,North Jenniferbury,25-34,3,5,3
Fiction,"Ward, Vargas and Cole",1993,Government look.,e1df08f9-7b6e-407e-9acb-6e30db3245c8,Morganburgh,35-44,1,2,2
Fiction,"Ward, Vargas and Cole",1993,Government look.,f5c48973-a82e-4cb8-8dc9-3fbd53c8201c,Port Matthewville,Under 18,8,4,1
Fiction,"Ward, Vargas and Cole",1993,Government look.,f0f7ef0a-fbca-44ed-a72e-3e5c0566a324,Markmouth,18-24,10,4,2
Mystery,"Hughes, Mann and May",1976,Man determine.,d78cc0e1-a323-414a-9be2-cd9d750e81da,New Arianaburgh,45-54,3,5,3
Fantasy,Lucero-Hoffman,2014,Whatever action.,87046250-6762-49b0-98ec-68a5549a6dc6,Palmerberg,35-44,9,5,4
Fantasy,Lucero-Hoffman,2014,Whatever action.,246c4664-5c8d-4e38-bdf1-dd95bff5549a,Burnsshire,45-54,2,5,3
Fantasy,Lucero-Hoffman,2014,Whatever action.,43c192a9-f70d-435a-b2bb-e1da5b20b5b5,North Amberstad,55+,10,5,4
Fantasy,Lucero-Hoffman,2014,Whatever action.,8456b544-a992-407f-b9e6-e5c7300adcb3,East Austinmouth,45-54,2,2,4
Fantasy,Lucero-Hoffman,2014,Whatever action.,9f341ac1-8d3c-4d03-816a-2e4d607cfb2d,Zacharyburgh,18-24,6,2,1
Fantasy,Lucero-Hoffman,2014,Whatever action.,83d082d7-3a3e-41a5-b099-a642c2ed52bb,Port Michael,18-24,5,4,5
Science Fiction,Armstrong-Huff,2012,Provide move.,4cf1e43a-b5f3-4fd7-9ddb-3cd6f9f723be,South Walterchester,18-24,8,4,1
Science Fiction,Armstrong-Huff,2012,Provide move.,84fb9752-7a77-4850-99e3-a1a9080aa441,Ericaview,25-34,7,1,1
Science Fiction,Armstrong-Huff,2012,Provide move.,749aaf5f-9ff4-4c59-938c-e3bf701a189d,Mariofort,25-34,4,3,3
Science Fiction,Armstrong-Huff,2012,Provide move.,c36a5d9d-850d-46de-a5bb-e06a5b515edb,Derekhaven,55+,2,2,4
Science Fiction,Armstrong-Huff,2012,Provide move.,3f3d8f99-8a8e-43f4-942c-06479e0e9e04,North Jessicafort,45-54,9,1,3
Science Fiction,Armstrong-Huff,2012,Provide move.,d7722b86-a6c7-4339-ba8f-fb5d44f1b932,East Robert,45-54,8,4,3
Non-Fiction,"Brown, Lowe and Johnson",2019,City only project wife.,399c0147-d84c-4694-a0e5-7b6088de9d35,New Janebury,25-34,1,5,5
Non-Fiction,"Brown, Lowe and Johnson",2019,City only project wife.,cf6e3990-8869-40e4-9446-cf4ec69d695d,Tiffanyside,25-34,3,4,4
Non-Fiction,"Brown, Lowe and Johnson",2019,City only project wife.,a3813258-397a-4b64-9710-9d0954fdec35,Johnsonmouth,18-24,3,5,4
Mystery,"Gomez, Zimmerman and Nguyen",2006,Far deep.,fe8e2c0e-9075-4b28-8adf-803862f07f2c,Hansonborough,45-54,1,3,2
Mystery,"Gomez, Zimmerman and Nguyen",2006,Far deep.,5306ab3d-6e1a-4010-9157-60d6aee4333a,South Dustinborough,55+,7,1,5
Mystery,"Gomez, Zimmerman and Nguyen",2006,Far deep.,e1fa05e3-d24b-4623-9a83-48c848493012,Darrenshire,18-24,8,3,5
Mystery,"Gomez, Zimmerman and Nguyen",2006,Far deep.,b064d5ee-b45d-430e-b283-104647530cb7,Tracyborough,55+,1,2,1
Mystery,"Gomez, Zimmerman and Nguyen",2006,Far deep.,5f877e47-c751-4f24-b3ca-52a00f5492b3,New Lauraside,18-24,2,3,1
Mystery,"Gomez, Zimmerman and Nguyen",2006,Far deep.,ae3ebefa-ee03-4ccb-92eb-be018657c7f8,Underwoodmouth,18-24,1,2,3
Mystery,"Gomez, Zimmerman and Nguyen",2006,Far deep.,3246c8b5-9eae-4da1-bf5d-1f68ac98decc,New Jessicatown,25-34,2,1,2
Mystery,"Gomez, Zimmerman and Nguyen",2006,Far deep.,2fbef9fb-1cb1-4366-839d-8a33b0ad74e7,New Janetview,35-44,10,2,3
Mystery,"Gomez, Zimmerman and Nguyen",2006,Far deep.,b643a93b-8d88-4869-87ed-6bac9e95e690,Fisherbury,45-54,4,5,2
Mystery,"Gomez, Zimmerman and Nguyen",2006,Far deep.,f94ac744-bcdb-4029-9527-1dd8b18839e3,East Ashleyport,25-34,2,4,2
Mystery,"Graham, Reynolds and Wilkins",2010,Front still.,e914c6ee-a9bb-4786-bf82-bf9ab476a718,East Justin,35-44,6,1,5
Mystery,"Graham, Reynolds and Wilkins",2010,Front still.,36440940-b378-4cbc-abd7-4d64f1641fad,South Tiffanymouth,Under 18,10,1,1
Mystery,"Graham, Reynolds and Wilkins",2010,Front still.,58c98de7-cbcc-48e2-ac8e-d12657222d4f,Jacksontown,Under 18,8,4,1
Mystery,"Graham, Reynolds and Wilkins",2010,Front still.,8a2d3675-334a-4c69-9751-66ab86b9cf4a,Choifort,25-34,9,3,2
Mystery,"Graham, Reynolds and Wilkins",2010,Front still.,13893a40-7779-47d6-8203-c98155c6b320,East Davidfurt,55+,6,5,3
Fantasy,Ramirez Group,1970,Reality require this.,3378dcbd-f508-44f9-b833-2baf2692f42b,Greenstad,35-44,9,1,1
Fantasy,Ramirez Group,1970,Reality require this.,cc90cf05-c6ca-4dc3-830b-cb2c1d2eea2c,New Daniel,25-34,2,1,4
Fantasy,Ramirez Group,1970,Reality require this.,e6e80a80-2f70-4e65-8f5d-a100305871b9,North Markfort,35-44,9,1,3
Fantasy,Ramirez Group,1970,Reality require this.,7678911e-1e4b-47ba-87cc-65cccf2b3989,South Johnburgh,55+,5,2,1
Fantasy,Ramirez Group,1970,Reality require this.,f831ab91-537e-48e2-b857-ae3d635c095e,Cynthiachester,35-44,6,3,5
Fantasy,Ramirez Group,1970,Reality require this.,e87b6b51-7293-4de9-bc44-e259abf3dbbf,Elizabethhaven,25-34,9,3,1
Science Fiction,"Berg, Moreno and Martinez",2017,Bed outside alone.,d7b60c11-45d3-44df-a006-ea7918d43b64,New Ryanton,Under 18,3,5,2
Science Fiction,"Berg, Moreno and Martinez",2017,Bed outside alone.,09380960-746b-4bc2-a73e-500f99e6ee5a,Petersland,25-34,1,4,1
Science Fiction,"Berg, Moreno and Martinez",2017,Bed outside alone.,a47a1a36-37bd-4919-8803-4ada291c2feb,Connietown,18-24,4,4,4
Science Fiction,"Berg, Moreno and Martinez",2017,Bed outside alone.,dd803594-330c-467a-96ff-727401226213,North Emilyville,35-44,7,3,1
Science Fiction,"Berg, Moreno and Martinez",2017,Bed outside alone.,d8df31bf-c194-4883-b629-eaa9fcc628b8,Sallyview,45-54,1,2,3
Science Fiction,"Berg, Moreno and Martinez",2017,Bed outside alone.,c3672a24-9352-43a0-aaa9-50dbced9da0a,East Marymouth,18-24,3,1,3
Science Fiction,Gibson-Hernandez,2017,Face.,5bade7e8-9d67-401e-8812-4a20eae89be0,Brianside,Under 18,1,5,4
Science Fiction,Gibson-Hernandez,2017,Face.,a94de6ae-adfd-4976-9339-3fbbce63300b,South Morganbury,35-44,3,3,2
Science Fiction,Gibson-Hernandez,2017,Face.,c1e20c9a-d37c-4a0c-b265-f681be17eacc,Madisonfort,45-54,7,1,5
Science Fiction,Gibson-Hernandez,2017,Face.,bca3bdfe-32bb-4213-86e4-bedf8f1de3c8,East Sarahburgh,45-54,9,1,5
Science Fiction,Gibson-Hernandez,2017,Face.,20ef2690-212c-487f-bbba-bfa7467bc607,Guerrerofurt,25-34,10,2,2
Science Fiction,Gibson-Hernandez,2017,Face.,c03af6e8-ca29-49df-89d3-2ac6c6deed08,Michellemouth,35-44,3,1,4
Science Fiction,Gibson-Hernandez,2017,Face.,1ac71e6c-120a-428a-8e4a-d1c029873de0,Port Samanthastad,25-34,8,5,2
Science Fiction,Gibson-Hernandez,2017,Face.,b2267f9f-6e43-4d88-953f-e8493c193798,South Michael,18-24,2,4,2
Science Fiction,Gibson-Hernandez,2017,Face.,c9097f9d-e1b5-42f4-9571-fa6635852e35,New Amy,Under 18,5,1,5
Science Fiction,Gibson-Hernandez,2017,Face.,c4b873aa-a0d9-4b2b-a8a4-a602b68fa4a6,Lake Robertside,55+,1,2,2
Fiction,Glass-Norton,1978,Toward week.,8486342d-a459-4930-98d6-39eda42f6e85,North Rubenville,55+,8,5,4
Non-Fiction,Allen Ltd,1984,Generation.,97898f11-4962-422e-8437-c88b6164a6a7,Port Scott,25-34,5,3,3
Non-Fiction,Allen Ltd,1984,Generation.,d79378c3-6ba7-4456-8d86-e4e7666a329d,Davisside,25-34,7,2,3
Non-Fiction,Allen Ltd,1984,Generation.,464c0789-b557-471f-8dd0-da05b3c05aa9,West Reneeburgh,25-34,4,4,1
Non-Fiction,Allen Ltd,1984,Generation.,6abc7f8f-f192-4720-83a2-d08a36727336,West Cassandrafort,35-44,3,4,2
Non-Fiction,Allen Ltd,1984,Generation.,2e8be2dd-dae8-4316-baf3-77ce142bbf69,Dianefort,25-34,8,5,5
Non-Fiction,Allen Ltd,1984,Generation.,c4a1b123-d559-4189-8ed9-14154741eaf8,West Mike,25-34,7,1,1
Non-Fiction,Allen Ltd,1984,Generation.,097b8c32-f910-46c4-9b07-d572f6794b88,Port Sarafort,25-34,6,4,4
Non-Fiction,Allen Ltd,1984,Generation.,4f38f32d-1172-4c79-9b76-0d10c8982ad2,Barronside,18-24,2,4,2
Non-Fiction,Allen Ltd,1984,Generation.,a85fe859-2a0f-4485-b765-7f1a9c2f0243,Petersonside,18-24,10,4,4
Non-Fiction,Johnson Inc,2013,Force agree across.,08b01ac2-dc7b-4c32-ae60-c090c25c0085,Hillfurt,18-24,4,5,5
Non-Fiction,Johnson Inc,2013,Force agree across.,51a29ffa-cdb8-4025-8e44-fc7259bdec6e,Williamsbury,35-44,6,4,2
Non-Fiction,Johnson Inc,2013,Force agree across.,fbfbf182-b411-4cd8-b123-fc994f1484ce,Andrewstown,45-54,7,4,5
Non-Fiction,Carter-Harris,1965,If education art.,5e75fd74-cdc1-44dc-9bd0-c0d0d4a04056,West Ashley,35-44,3,2,1
Fantasy,Welch-Nguyen,1961,Get forward.,7b7a12d8-f24a-47b3-b2ec-9d6d363ea1b9,Penaborough,35-44,8,1,4
Fantasy,Welch-Nguyen,1961,Get forward.,9366c2e1-bc38-4064-bddf-f408278cfea0,East Scott,55+,2,2,3
Fantasy,Welch-Nguyen,1961,Get forward.,343b80f2-d398-45d7-aae6-5a56992461ff,Port Jeffrey,Under 18,3,1,4
Fantasy,Welch-Nguyen,1961,Get forward.,2bc963d0-5c3c-4856-a354-74fef98a6a30,Brittneyville,18-24,5,5,1
Fantasy,Welch-Nguyen,1961,Get forward.,3fd21302-7d6a-4158-bcbd-a2616aca10b1,Johntown,18-24,8,3,5
Fantasy,Welch-Nguyen,1961,Get forward.,5a686114-834c-4c01-934c-a6c5462a5a2c,Port Elizabeth,18-24,1,4,4
Fantasy,Welch-Nguyen,1961,Get forward.,d3145c3d-2d75-46e8-9463-85d0ca092263,Millerfort,Under 18,5,2,1
Fantasy,Welch-Nguyen,1961,Get forward.,cdd49dc1-22c1-4aa9-a668-cb05252c4560,North Laurieborough,Under 18,1,2,4
Fiction,Cantrell-Mccarthy,1958,Threat try.,2e8a2e5e-6f58-49cf-9ff0-d50c6d1092a4,Port Andrewland,25-34,4,4,4
Fiction,Cantrell-Mccarthy,1958,Threat try.,b6b9046b-5e8c-43dc-bfff-58fe314b851a,Suttonland,35-44,1,2,2
Fiction,Cantrell-Mccarthy,1958,Threat try.,3edb760d-2ae5-40be-9d07-be76dcd92f4a,Erinstad,45-54,6,2,3
Fiction,Cantrell-Mccarthy,1958,Threat try.,ef020b79-42e8-4960-bead-b825059b4654,Johnstonview,35-44,5,2,5
Science Fiction,Gallegos-Mccoy,1976,Ability she.,6690ec01-ccf5-47c5-bf2b-0f300e68a4b3,Brandimouth,35-44,9,3,1
Science Fiction,Gallegos-Mccoy,1976,Ability she.,b5f64bfb-c573-48a0-99eb-67e4ccd63279,Jefferyport,18-24,10,2,3
Science Fiction,Gallegos-Mccoy,1976,Ability she.,c0ee2b5e-0e3d-4ed7-b36c-4bc6d89369bd,New Fred,18-24,8,4,2
Science Fiction,Gallegos-Mccoy,1976,Ability she.,de637f13-dde2-4dc2-9941-e5719bb1041d,Taylorstad,Under 18,5,2,5
Science Fiction,Gallegos-Mccoy,1976,Ability she.,4e0337ab-0e1c-46c5-b71a-00b58cce8520,Keithburgh,35-44,10,4,1
Science Fiction,Gallegos-Mccoy,1976,Ability she.,92ab0bd4-524f-4f46-96de-aab21a440cf5,Lopezport,45-54,8,2,1
Fantasy,Miles Group,1990,Lead official wife.,c801d75d-d29e-40a5-b904-a5fa8c151fb8,Ellisonmouth,Under 18,8,4,4
Fantasy,Miles Group,1990,Lead official wife.,cac6bdcb-7dd2-412f-b25d-193b16148837,Chaneyland,35-44,10,4,4
Non-Fiction,Reilly-Hanson,1978,Player participant.,1e0f9db5-a08a-4b1f-ba84-fd43f0ff898d,Davidburgh,35-44,2,5,5
Non-Fiction,Reilly-Hanson,1978,Player participant.,9e24d140-ee70-48c0-b2d9-ac8bfb9841b7,Phelpsview,35-44,2,2,2
Fantasy,Young-Mahoney,2019,Student energy.,f4d0b57d-ed05-46c1-978b-3ed0fbc23728,Morganville,Under 18,2,5,5
Science Fiction,Lee Ltd,1995,Turn something five.,1279e094-827f-4c0d-b0ff-697c20915a64,East Melissaland,45-54,7,5,4
Science Fiction,Lee Ltd,1995,Turn something five.,686a325b-7892-42fb-9306-056b973d1327,East Katherine,18-24,4,1,5
Science Fiction,Lee Ltd,1995,Turn something five.,93598b51-22ca-4b39-9072-96b54e90d815,Allenport,55+,8,4,2
Science Fiction,Lee Ltd,1995,Turn something five.,db19839c-dda3-49ff-a984-5b6630827500,Singletonport,45-54,5,3,5
Science Fiction,Lee Ltd,1995,Turn something five.,99564af2-c2ed-4433-89b2-b7a9e176343b,Edwardschester,35-44,5,5,4
Science Fiction,Lee Ltd,1995,Turn something five.,18f9b085-f026-4dfa-9ac3-caff6a6573c4,Greenfort,18-24,9,4,4
Science Fiction,Lee Ltd,1995,Turn something five.,7ca569c0-1486-4ddf-9cd2-21eb2fcc33c6,New Jessica,18-24,5,5,1
Science Fiction,Lee Ltd,1995,Turn something five.,bdcb600a-1178-40c0-8696-25551bb09156,Lake Todd,18-24,6,5,2
Science Fiction,Lee Ltd,1995,Turn something five.,e723e06f-7f1c-436c-b677-7a3a423baac8,Lake Wendyfort,18-24,6,1,2
Mystery,Butler PLC,1965,He stage.,fd58d35b-ca1d-4afb-aab4-bac0832839b8,North Reginastad,45-54,4,3,2
Mystery,Butler PLC,1965,He stage.,278c2f4e-73ee-422a-9695-255c6a164015,New Sean,Under 18,5,1,2
Mystery,Butler PLC,1965,He stage.,5432312c-a3eb-480c-904a-5595d46b0ef2,Lake Sarah,35-44,7,3,5
Mystery,Butler PLC,1965,He stage.,f1c87c30-fe01-4375-a2ea-e340ec4bfb09,West Matthew,25-34,7,4,5
Fantasy,"Gay, Warner and Hamilton",1967,Hotel church.,5e987be7-5e46-406f-bf26-675fa45ae468,Port Justin,55+,10,2,1
Fantasy,"Gay, Warner and Hamilton",1967,Hotel church.,339d974e-3812-421c-9b4c-4cbe32583ef3,West Lisamouth,18-24,10,2,3
Fantasy,"Gay, Warner and Hamilton",1967,Hotel church.,f4a69292-3dce-456f-9dcf-5dd13210a49a,Erichaven,35-44,6,1,4
Fantasy,"Gay, Warner and Hamilton",1967,Hotel church.,f612e781-f1d6-41cf-8cdd-3bc11e639379,Victoriaburgh,35-44,5,3,4
Fantasy,"Gay, Warner and Hamilton",1967,Hotel church.,850ccb82-9d5d-4530-bb87-61486d6c8bdb,Larsonton,55+,9,4,5
Non-Fiction,Le Group,2003,Key size former.,d6ce9923-2971-4250-9705-8e774769d915,Port Rebekahberg,25-34,1,1,4
Non-Fiction,Le Group,2003,Key size former.,6e52a7df-8f4c-4436-b299-f54dadb79d34,Diamondview,18-24,4,4,1
Non-Fiction,Le Group,2003,Key size former.,94db8f9b-2838-4273-bef9-387b9a1594f6,Tarafurt,35-44,4,2,5
Non-Fiction,Le Group,2003,Key size former.,163084e7-489a-416d-8c70-3c93e095b7a1,North Brendan,35-44,9,4,3
Non-Fiction,Le Group,2003,Key size former.,127106ce-644b-4988-9338-544ac0b614ab,Lake Robertton,Under 18,4,2,5
Non-Fiction,Le Group,2003,Key size former.,a9923315-63e3-4b58-9062-46a2055c8fec,Chavezbury,55+,9,4,5
Non-Fiction,Le Group,2003,Key size former.,a2bab868-f3e9-408c-aa6c-7afb51d36a36,Lake Danielstad,35-44,7,4,4
Non-Fiction,Le Group,2003,Key size former.,6191ab06-38b0-4eb0-a4b5-da0731cf985d,Katrinahaven,55+,4,4,4
Non-Fiction,Le Group,2003,Key size former.,c1e8a98c-5f5e-45fc-9101-01726a143f83,Knightchester,35-44,5,2,5
Science Fiction,"Lee, Mack and Spears",2017,Exist physical.,c7167a95-8a67-4983-87c4-ca03d011fbe0,Longchester,25-34,9,4,2
Science Fiction,"Lee, Mack and Spears",2017,Exist physical.,987f019d-0349-4439-9f7b-207f10ee7093,North Michael,45-54,6,1,4
Science Fiction,"Lee, Mack and Spears",2017,Exist physical.,9e31e376-2a86-48c2-bdfe-93d4b2148e67,West Josephbury,Under 18,6,4,4
Science Fiction,Butler LLC,2013,Marriage minute ball gas.,d2868f12-05de-4a0a-9ec8-1f92330dc205,Port Sara,35-44,3,5,2
Science Fiction,Butler LLC,2013,Marriage minute ball gas.,4fe76046-e717-4e41-b92b-c19a195b5ccb,Willieland,55+,1,2,2
Non-Fiction,"Rivers, Torres and Valenzuela",1965,Simple himself.,ad091252-03bf-4408-b8d6-bc4a9974bf8a,Hayesside,25-34,2,1,2
Non-Fiction,"Rivers, Torres and Valenzuela",1965,Simple himself.,45f50d11-d3e4-47ed-ba66-f77cb5f5bcc6,Erinstad,25-34,10,5,1
Fiction,"Olson, Alvarado and Stephens",1967,Teacher list government.,55b1733d-a321-40c0-986b-6f6dc719bbec,Staceyview,18-24,8,1,2
Fiction,"Olson, Alvarado and Stephens",1967,Teacher list government.,ab36c4e6-1919-46c6-bd8c-4578183e1916,Lake Lindsay,18-24,3,5,4
Fiction,Church-Joseph,1964,Ahead way quickly.,bf98b4eb-bbe0-49ec-80fa-d08bf8436d70,New Joe,35-44,4,5,5
Fiction,Church-Joseph,1964,Ahead way quickly.,d998e522-dd97-4cc2-be30-dd09adcd7a5c,West Karen,45-54,7,4,4
Fiction,Church-Joseph,1964,Ahead way quickly.,01fecd29-9688-4a32-ae1d-663b4267f9d6,North Angelaberg,25-34,7,3,2
Fiction,Church-Joseph,1964,Ahead way quickly.,6df1237f-4dfc-4aaf-a8e7-684008db7e2b,Ashleyton,35-44,1,3,1
Fiction,Church-Joseph,1964,Ahead way quickly.,168eff8b-11cf-4815-a085-3246fe95e2e1,South Edwardstad,45-54,3,3,5
Fiction,Church-Joseph,1964,Ahead way quickly.,23974d92-e37f-404d-b4f0-e677bd4f2bf1,Grahamfurt,18-24,1,2,1
Fiction,Church-Joseph,1964,Ahead way quickly.,457c2529-2039-4c0a-aa06-bf5b08200c48,Wheelerborough,35-44,7,2,3
Fiction,Church-Joseph,1964,Ahead way quickly.,56e832e4-67e7-4f7d-8bb9-d44abb3ea375,Josephfurt,45-54,4,3,4
Fiction,Martin-Rocha,2003,Animal quite prevent.,72e0d8e9-242c-46d2-ad9a-a0263a0d0dea,North Taylorton,35-44,5,1,5
Fiction,Martin-Rocha,2003,Animal quite prevent.,22b53891-a108-4d9b-8450-a9e7af41078e,Moralesville,18-24,2,3,3
Fiction,Martin-Rocha,2003,Animal quite prevent.,6e0ae809-2916-4d83-9b4d-c6513e3f2e65,Duffyland,18-24,3,5,3
Fiction,Martin-Rocha,2003,Animal quite prevent.,48c5b1ae-6f13-41c9-8430-1a891aa55e3d,South Kaylamouth,18-24,8,1,3
Fiction,Martin-Rocha,2003,Animal quite prevent.,de40997e-bbea-4ffd-85de-a8c13aa90b85,South Joshua,55+,1,4,3
Science Fiction,Cox Ltd,1963,Also glass.,eb2a021a-c053-41fb-b456-638acaccd0d9,Gutierrezburgh,35-44,1,2,1
Science Fiction,Cox Ltd,1963,Also glass.,13fd90e2-4631-4798-ad07-aef220102362,Robinsonfort,Under 18,8,5,3
Science Fiction,Cox Ltd,1963,Also glass.,58975e25-dd8a-436f-b637-04f1f0501d35,South Jessica,Under 18,9,4,3
Science Fiction,Cox Ltd,1963,Also glass.,40d253e3-85de-4575-aaae-77b8e6daed5b,South James,55+,1,5,2
Science Fiction,Cox Ltd,1963,Also glass.,aac3fa77-b3aa-4b66-9f74-15ea7647c516,New Allen,Under 18,3,4,2
Science Fiction,"Stephens, Phillips and Tucker",2021,Learn instead.,ff3951eb-0515-4c1b-8df6-09f56bdf2091,Hahnstad,55+,9,4,5
Science Fiction,"Stephens, Phillips and Tucker",2021,Learn instead.,a751aa7d-763d-45e1-b457-31ceac735a9b,Robertberg,45-54,10,2,3
Science Fiction,"Stephens, Phillips and Tucker",2021,Learn instead.,2b18000d-d69e-4f65-b967-f404fc2fcf96,East Cody,18-24,6,2,5
Science Fiction,"Stephens, Phillips and Tucker",2021,Learn instead.,9f146c9a-7641-4f19-9040-931b9a471630,Espinozaburgh,35-44,7,5,3
Science Fiction,"Stephens, Phillips and Tucker",2021,Learn instead.,6be07a2b-e519-4d99-b3f5-eb510fbd34c5,Lake Jade,55+,2,5,2
Science Fiction,"Stephens, Phillips and Tucker",2021,Learn instead.,78dcf306-8ef2-4e29-864e-f37e5a15821b,Heatherhaven,Under 18,4,4,4
Science Fiction,"Stephens, Phillips and Tucker",2021,Learn instead.,744dbcc4-0ae9-4c35-9702-119642068e4d,Quinntown,45-54,1,2,3
Science Fiction,"Stephens, Phillips and Tucker",2021,Learn instead.,283223df-1af0-4d77-bb59-938a16c6c52a,Lake Stephenborough,Under 18,6,3,1
Science Fiction,"Stephens, Phillips and Tucker",2021,Learn instead.,d5febbb9-b71d-4d7e-8a92-d0802c242c90,Brianborough,Under 18,2,2,5
Science Fiction,"Stephens, Phillips and Tucker",2021,Learn instead.,2a23b260-059a-4d8a-9468-fd837685e6d6,South Katherine,45-54,7,5,3
Fantasy,Moore-Beard,1958,After public between.,6a5b1232-63d7-47dc-8e96-4b64d94f8a30,Smithmouth,35-44,9,4,4
Fantasy,Moore-Beard,1958,After public between.,06504ccc-7457-4544-a6c1-a151f5cbd274,Diazmouth,55+,1,1,4
Fantasy,Moore-Beard,1958,After public between.,17631583-a0a8-4fd2-ac71-42b40c336949,Cunninghamberg,55+,7,1,5
Fiction,Estrada Inc,1998,Choose represent Congress.,e86d2c4a-ba29-405b-b210-8df767d885e9,New Frankborough,25-34,6,1,1
Fantasy,Newton-Rhodes,1982,Close measure.,acc36b5a-c2a0-4541-a448-cd5373e1cc93,West Charlotte,55+,6,1,4
Fantasy,Newton-Rhodes,1982,Close measure.,9e015938-6059-4555-8c93-5a0458c61462,Kevinbury,Under 18,5,5,4
Fantasy,Newton-Rhodes,1982,Close measure.,6c63e9ef-5e44-427e-bd6f-ad7525dfca43,North Jamesmouth,45-54,9,3,2
Fantasy,Newton-Rhodes,1982,Close measure.,cb764d05-39f7-4d73-9d22-0c991ef29ae6,Joshuashire,35-44,2,3,1
Fantasy,Newton-Rhodes,1982,Close measure.,c27f8493-8b20-4713-9318-130b38bad30c,Julieberg,Under 18,3,5,2
Fantasy,Newton-Rhodes,1982,Close measure.,b5e3eae7-1f18-4929-91ac-910dd2902c76,North Kaylee,18-24,2,5,1
Fantasy,Newton-Rhodes,1982,Close measure.,e2732a6f-5846-405b-be20-a06ec7543959,Stephensonmouth,Under 18,10,1,1
Fantasy,Newton-Rhodes,1982,Close measure.,a54ad699-4036-45c6-8959-7ce94e1b63e3,East Frankland,55+,9,2,5
Fantasy,Newton-Rhodes,1982,Close measure.,6f413999-596c-4270-bc5b-7ef28e44105b,Shanefort,Under 18,7,2,4
Fiction,Reynolds-George,1951,Heart executive class.,136cc44f-0453-4f97-98ff-1b55c20ecce2,Millsport,45-54,2,3,1
Fiction,Reynolds-George,1951,Heart executive class.,762b966b-3873-4bfc-a4f2-7eb6114f8da2,Stevensbury,18-24,6,5,4
Fiction,Mclean-Graham,2003,Behavior commercial the.,3c39b8e9-95e4-4a32-9483-86bb7502f04d,Karenhaven,18-24,5,4,5
Fiction,Mclean-Graham,2003,Behavior commercial the.,fe3e5e21-6459-4edd-aa16-33fe0ec05a6c,New Matthew,25-34,1,4,2
Fiction,Mclean-Graham,2003,Behavior commercial the.,87670833-2814-4f9d-a95a-35117f45b554,East Annette,35-44,9,1,5
Fiction,Mclean-Graham,2003,Behavior commercial the.,9cc4fb50-5cc7-41a5-9c6f-cce5380a1116,Crawfordmouth,18-24,10,2,2
Fiction,Mclean-Graham,2003,Behavior commercial the.,93bf85c2-5c69-4cde-af6f-f27acbddee54,Port Melissahaven,25-34,2,3,2
Fiction,Mclean-Graham,2003,Behavior commercial the.,99386ec5-b664-41ae-a4a7-32369ba923f9,Hudsonchester,55+,1,3,5
Fiction,Mclean-Graham,2003,Behavior commercial the.,b1d19b02-c74e-4ffa-9214-0ab588fa56a9,Maloneburgh,Under 18,8,4,5
Fiction,Mclean-Graham,2003,Behavior commercial the.,727317d1-baee-4b4d-82d9-1e6b823abe53,Josephmouth,18-24,5,1,4
Fiction,Mclean-Graham,2003,Behavior commercial the.,0499c335-4344-41bc-b8ef-37ddec48758f,West Brent,18-24,1,5,4
Fiction,Mclean-Graham,2003,Behavior commercial the.,10c26b27-fa30-4c6c-a9d2-a1effe687390,Gabrielleview,35-44,10,4,1
Science Fiction,"Bowman, Dixon and Robinson",1999,Year those.,261e8cd4-9389-464f-9e9f-c37cab903d0a,Marissastad,35-44,3,1,4
Science Fiction,"Bowman, Dixon and Robinson",1999,Year those.,968832a8-131c-4e19-94cf-70f624086d86,Samuelview,25-34,8,5,5
Science Fiction,"Bowman, Dixon and Robinson",1999,Year those.,1048e095-6bf7-4c80-830e-9c470120d9b4,New Heather,Under 18,3,5,3
Science Fiction,"Bowman, Dixon and Robinson",1999,Year those.,0be48ea6-8e2e-41dc-a683-ea5b4bed75ca,Timothyburgh,35-44,3,5,5
Science Fiction,"Bowman, Dixon and Robinson",1999,Year those.,dd8404be-402c-4fd3-ad3c-2586e3888df6,Port Johntown,55+,3,2,3
Science Fiction,"Bowman, Dixon and Robinson",1999,Year those.,f3a9c45e-b8a5-4e8c-8bcc-2e90a07a8762,Richardmouth,45-54,3,5,1
Science Fiction,"Bowman, Dixon and Robinson",1999,Year those.,26b2a93a-c0fd-4fec-a8eb-7447767146d3,Jeanberg,55+,3,2,4
Science Fiction,"Bowman, Dixon and Robinson",1999,Year those.,dce96bb2-236d-4b01-92aa-36b1c94ca3b2,North Todd,35-44,6,5,1
Science Fiction,"Bowman, Dixon and Robinson",1999,Year those.,3ad829ca-17bc-46b6-b42d-7407a2eb31f1,New Karenchester,55+,4,5,1
Science Fiction,"Ford, Alexander and Bennett",1953,Song trouble.,a99feb33-8943-4373-a716-7426c6985970,Omarmouth,55+,3,3,5
Science Fiction,"Ford, Alexander and Bennett",1953,Song trouble.,030a593c-a01a-43cf-8535-b2e7cf0cace8,West Mark,Under 18,5,2,1
Science Fiction,"Ford, Alexander and Bennett",1953,Song trouble.,3fe50ed4-d892-402d-863d-fec92ee823dd,Port Kenneth,35-44,10,1,4
Science Fiction,"Ford, Alexander and Bennett",1953,Song trouble.,142fd3b1-27a7-49aa-a779-96fbf36e8978,Riversberg,Under 18,9,1,3
Science Fiction,"Ford, Alexander and Bennett",1953,Song trouble.,2d7608af-9378-4bf1-b630-6da5422cf880,Wattsstad,35-44,2,5,1
Science Fiction,"Ford, Alexander and Bennett",1953,Song trouble.,715ad5b1-767c-4b48-80f5-ee386b32e1b1,Travismouth,18-24,4,4,2
Science Fiction,"Ford, Alexander and Bennett",1953,Song trouble.,d6d6a09a-30d4-4b01-8eb7-5e52e1562aba,Sheriborough,55+,1,2,1
Fiction,Mccarthy Inc,2019,Make whom.,471b4f0d-46d1-4e7b-a72e-7c945b4aefac,Raymondstad,18-24,4,2,3
Fiction,Mccarthy Inc,2019,Make whom.,e66f609a-120a-4676-af6b-91313bcd19a7,Timothyburgh,35-44,4,1,2
Fiction,Mccarthy Inc,2019,Make whom.,fcfc133d-3624-4901-a5b0-ef5528750e93,Huntfurt,45-54,3,3,2
Fiction,Mccarthy Inc,2019,Make whom.,68c9dc4c-06b5-402c-90c0-6ab966d5360c,Fernandezview,18-24,9,4,1
Fiction,Mccarthy Inc,2019,Make whom.,e6a75cd9-f822-4443-9d91-2d72ea322f05,Port Cole,25-34,6,2,1
Fiction,Mccarthy Inc,2019,Make whom.,351f5e86-7c04-470f-bf22-10d078a953e5,Meltonside,18-24,2,5,2
Fiction,Mccarthy Inc,2019,Make whom.,d63e1665-a1f0-4d21-9144-f96905bd41fd,Terrenceview,Under 18,10,1,2
Fiction,Mccarthy Inc,2019,Make whom.,cdcf91d8-d9c9-4900-9e22-031dfd9b4baa,Jonathanport,Under 18,1,4,5
Fiction,Mccarthy Inc,2019,Make whom.,e321c12a-ef63-4509-a594-f585701d4ab2,Lake Casey,35-44,10,3,3
Science Fiction,Jones-Phillips,2002,Some market.,afd7e300-dfca-4433-b285-8b2da4e6c956,Cristianfort,35-44,2,3,4
Science Fiction,Jones-Phillips,2002,Some market.,77fba127-9933-4552-8f18-f04f11ab3466,Michaelborough,25-34,3,1,3
Science Fiction,Jones-Phillips,2002,Some market.,7ca1e06d-ce06-4dbc-87a0-57d78b2d3d6f,Vasquezberg,Under 18,10,1,4
Science Fiction,Jones-Phillips,2002,Some market.,971a397f-f191-4a98-b009-c5b57e34f42b,North Davidborough,55+,3,2,1
Science Fiction,Jones-Phillips,2002,Some market.,e3ecc36b-a8d4-424e-885e-dfb0e421d63b,East Jasminemouth,45-54,6,5,1
Science Fiction,Jones-Phillips,2002,Some market.,2a177abd-4e0d-47e7-a733-027cb4ebe485,Scotttown,55+,3,2,2
Science Fiction,Jones-Phillips,2002,Some market.,d30a8708-56fb-4121-b3b5-97435a506006,New Joseph,25-34,3,1,3
Science Fiction,Jones-Phillips,2002,Some market.,f3d84d09-88f3-4b76-b375-d31529d5ba2e,Marcmouth,18-24,8,4,1
Science Fiction,Jones-Phillips,2002,Some market.,922a2357-aa5d-484e-abf3-6d8b57b536b8,North Sean,25-34,5,3,2
Science Fiction,Jones-Phillips,2002,Some market.,81062319-7787-417b-ac5a-6d9f35beefc8,South Jasminefurt,18-24,4,2,5
Science Fiction,"Wilson, Meyer and Bush",1976,Move community.,5c84b2f4-9b16-47a5-bf80-6dc1cf3cbe1e,North Kevinside,35-44,1,5,2
Science Fiction,"Wilson, Meyer and Bush",1976,Move community.,518cc5c6-f80f-4d8b-8f1d-a899e5e37d0c,Garciaburgh,55+,5,5,5
Science Fiction,"Wilson, Meyer and Bush",1976,Move community.,21133bad-1bee-400d-a4d8-2ac32fa81004,East Cindy,18-24,9,4,2
Science Fiction,"Wilson, Meyer and Bush",1976,Move community.,12d7a4e4-7588-4dc9-b1f1-4125b017e771,Maryhaven,25-34,6,2,1
Fantasy,Davis-Thomas,1950,Industry live.,633c1437-0ea0-4293-bea6-f98ba107470e,East Stacey,25-34,2,5,3
Fantasy,Davis-Thomas,1950,Industry live.,740d0f02-fdbb-4d11-a007-d9b668c2ff28,Martinezville,Under 18,6,1,5
Fantasy,Davis-Thomas,1950,Industry live.,998afde3-4bb5-4e76-8e5a-50ab8484c01e,Brandonside,55+,3,5,5
Fantasy,Davis-Thomas,1950,Industry live.,af589941-4981-407c-82c3-25d7a63f0740,Timothyview,35-44,8,1,5
Fantasy,Davis-Thomas,1950,Industry live.,c3755635-9f39-489a-8791-04636203adcd,Robinview,25-34,10,4,5
Fantasy,Davis-Thomas,1950,Industry live.,5f995eb0-fe14-4f58-9d19-46520f93a497,Jefferyport,35-44,2,3,4
Fiction,"Glass, Marshall and Cooper",1961,Better eye.,e6f09578-6817-4549-860c-31b8f889d3bc,East Isaactown,18-24,4,2,1
Fiction,"Glass, Marshall and Cooper",1961,Better eye.,e65db029-89fd-4185-bda3-a2f177851693,West David,18-24,9,2,1
Fiction,"Glass, Marshall and Cooper",1961,Better eye.,cc3085cd-50d8-4876-9b3c-a21390c5b2a5,North Cathymouth,Under 18,4,3,5
Fiction,"Glass, Marshall and Cooper",1961,Better eye.,15afdfd6-fc2a-4448-af31-4da422853b60,Port Michelleport,55+,6,4,2
Fiction,"Glass, Marshall and Cooper",1961,Better eye.,173465b6-310f-479d-9061-f6407cc7be9d,Lake Williammouth,18-24,9,5,1
Fiction,"Glass, Marshall and Cooper",1961,Better eye.,2d5ce653-76ad-4145-9686-dec6586030b8,West Kellyview,18-24,7,2,5
Fiction,"Glass, Marshall and Cooper",1961,Better eye.,473823cc-3a4d-443a-a725-bc981e0f008b,Harringtonland,45-54,3,5,3
Fiction,"Glass, Marshall and Cooper",1961,Better eye.,a4492d71-5032-4172-8e96-ef15026f688a,West Sarah,45-54,9,4,5
Mystery,"Miller, Smith and Lynch",1991,Effort stay.,9d487f6f-0ad4-4fb2-8314-4a255054053f,Port Jennifer,25-34,1,5,1
Mystery,"Miller, Smith and Lynch",1991,Effort stay.,ff570648-92c9-460e-abf4-df1bfe43b696,Martinezfort,Under 18,6,2,2
Mystery,"Miller, Smith and Lynch",1991,Effort stay.,877319ac-ba60-4c82-b0eb-a4d8c801eb2c,Port Kimberly,35-44,6,1,4
Mystery,"Miller, Smith and Lynch",1991,Effort stay.,13af7016-d58b-45a6-b6d7-aad116a750df,Morrisbury,25-34,8,3,2
Mystery,"Miller, Smith and Lynch",1991,Effort stay.,c4fca08d-3c38-4723-b671-597f728170b6,South Jason,18-24,4,1,5
Mystery,"Miller, Smith and Lynch",1991,Effort stay.,905e1942-d2bc-4d5c-b184-d439ce848aec,New Jose,55+,8,2,1
Mystery,"Miller, Smith and Lynch",1991,Effort stay.,4bc0441c-9808-4c8e-8455-fa6c23b3aa29,Lake Monica,55+,4,2,5
Mystery,"Miller, Smith and Lynch",1991,Effort stay.,f10be7b9-7a1c-41d5-bce2-df523951c5eb,West Ivanmouth,25-34,1,3,5
Mystery,"Miller, Smith and Lynch",1991,Effort stay.,7291a633-ae57-4b58-bf26-d07912575932,Toddfort,25-34,10,5,3
Mystery,"Alvarez, White and Lee",2020,Indicate show certainly child.,e1302830-486c-4a00-bb12-a6fbfc12442c,East Brandyshire,35-44,3,3,1
Mystery,"Alvarez, White and Lee",2020,Indicate show certainly child.,a7c95200-4371-4474-b72b-81373cfecd03,East Makayla,Under 18,1,4,4
Mystery,"Alvarez, White and Lee",2020,Indicate show certainly child.,2fcfa0eb-f938-4a91-9cc2-69dc438e0088,Lindseyborough,45-54,9,5,2
Mystery,"Alvarez, White and Lee",2020,Indicate show certainly child.,e0a6498b-0137-443d-8625-5e6263505b08,South Matthewchester,35-44,1,3,3
Mystery,"Alvarez, White and Lee",2020,Indicate show certainly child.,4efa774f-a944-42cd-b8ba-a3b44be0c8e6,Raytown,35-44,3,5,3
Mystery,"Alvarez, White and Lee",2020,Indicate show certainly child.,871053e5-6468-4f7c-90b2-af68eeb84c29,Jameschester,18-24,4,2,3
Mystery,"Alvarez, White and Lee",2020,Indicate show certainly child.,7f23a0ca-23e8-46cd-8aab-539e14c4f7cd,Williamsfurt,Under 18,9,2,4
Mystery,"Alvarez, White and Lee",2020,Indicate show certainly child.,4dd33da0-946c-45c5-bdf2-868f32327dad,North Jonburgh,25-34,5,1,1
Mystery,"Alvarez, White and Lee",2020,Indicate show certainly child.,1bded6e0-4e7d-46ae-95b6-4b49da471571,Christopherchester,45-54,5,5,2
Mystery,Bush-Bryant,2003,Tend picture.,84e6cd27-81f0-41ca-a972-cd09bacce6d1,Rogersborough,25-34,10,5,4
Mystery,Bush-Bryant,2003,Tend picture.,b0f59b35-e6be-4567-9f56-5959e35f72bd,Port Cheryl,35-44,4,1,4
Mystery,Bush-Bryant,2003,Tend picture.,7b7ba7a4-354b-4b67-9a69-197db10bfcea,Everettville,35-44,9,2,4
Mystery,Bush-Bryant,2003,Tend picture.,eff56e85-bd65-4d4e-a7c6-ee231f29492f,East Jason,Under 18,1,1,1
Mystery,Bush-Bryant,2003,Tend picture.,33e0215e-d32e-4848-9078-cfd9410a434d,New David,35-44,6,4,5
Mystery,Bush-Bryant,2003,Tend picture.,ace841ac-24c2-4db1-a129-aa662f3d9bdd,Smithfort,35-44,5,2,1
Mystery,Bush-Bryant,2003,Tend picture.,43eacabe-b75d-4212-b701-938fb4aa1eca,Colemanfort,Under 18,8,1,4
Non-Fiction,"Melton, Smith and Porter",2009,Forget serve service.,f4ee31d4-bc18-4fda-bd2e-e8bfe28dc958,Collinsmouth,Under 18,8,4,5
Non-Fiction,Baker-Coleman,2011,Loss if.,19091300-ae0b-4a0d-8efd-b3a6fa6c8da4,West Carla,18-24,4,1,1
Non-Fiction,Baker-Coleman,2011,Loss if.,48539b76-f113-4fc8-97ae-9ab78655d5c4,South Regina,55+,5,4,3
Non-Fiction,Baker-Coleman,2011,Loss if.,e6e7334b-62c6-4a9d-be6e-1e71701ffd90,New Nicholasbury,Under 18,10,2,3
Non-Fiction,Baker-Coleman,2011,Loss if.,b8d7b073-bd48-48be-8d9f-b2b16d81e37a,Ashleyshire,35-44,6,2,1
Non-Fiction,Baker-Coleman,2011,Loss if.,5db6e39f-5f76-4833-bedb-46fe94117926,Sandrafort,25-34,10,2,4
Non-Fiction,Baker-Coleman,2011,Loss if.,23015d15-d147-4942-b93b-9811b6d44321,South Jasonchester,35-44,7,1,5
Non-Fiction,Baker-Coleman,2011,Loss if.,9a125b01-7c2e-4cd0-a8e3-e7fe4fcdf04a,Martinezstad,Under 18,2,1,4
Fiction,Sexton-Moore,2010,Particular there.,74818acb-6e0f-4dd9-88b5-330ee9c8f4ae,North Maryburgh,55+,4,3,1
Fiction,Sexton-Moore,2010,Particular there.,f371a9b4-1d25-41f1-969e-d379265cb841,Mooreberg,45-54,1,4,5
Fiction,Sexton-Moore,2010,Particular there.,91a59183-073c-42d8-bace-3f264718f04b,Newmantown,35-44,2,4,2
Fiction,Sexton-Moore,2010,Particular there.,164e94fe-1c7c-4a23-9ab0-9cef79751ae3,South Dawnmouth,35-44,4,4,2
Fantasy,"Mcgee, Robbins and King",1974,Teach during.,44a1ba42-c4ce-4465-bbbc-7f0681971ed4,Brownborough,55+,3,4,5
Fantasy,"Mcgee, Robbins and King",1974,Teach during.,c4381e22-8479-4d5e-8306-2bde3487383a,Andersonland,25-34,9,5,3
Fantasy,"Mcgee, Robbins and King",1974,Teach during.,3ef5ec7f-52d7-434c-ad38-c798a9ebf013,Brandonchester,Under 18,7,3,4
Fantasy,"Mcgee, Robbins and King",1974,Teach during.,52dbb021-17e7-47b5-b106-fbd8c4fcb5d4,Lake Brooke,55+,8,3,1
Fantasy,"Mcgee, Robbins and King",1974,Teach during.,4bbcc54d-ed49-4d64-b7ec-fcef3c631850,New Joeland,25-34,3,1,5
Fantasy,"Mcgee, Robbins and King",1974,Teach during.,bb2e268b-76ba-488b-b5aa-6d45ca0b3f6e,New Stephanie,35-44,4,4,5
Fantasy,"Mcgee, Robbins and King",1974,Teach during.,f4bd66a9-5efc-4035-86af-3237fa109b55,Greenfurt,55+,6,1,4
Fantasy,"Mcgee, Robbins and King",1974,Teach during.,850f5816-628e-4a85-bf32-e1d5f8ba2dde,Frankfurt,25-34,6,3,4
Non-Fiction,Bauer Ltd,2021,Easy answer alone.,291f0698-8276-47b8-9010-a84d70444e02,Ramirezfort,25-34,6,1,4
Non-Fiction,Bauer Ltd,2021,Easy answer alone.,029a283d-f315-42f2-a06e-caf334f5c627,New Lesliefort,35-44,3,5,3
Non-Fiction,Bauer Ltd,2021,Easy answer alone.,fcdf4865-4385-4698-a85d-a266fd6d26a2,Garciaborough,55+,6,1,1
Non-Fiction,Bauer Ltd,2021,Easy answer alone.,b44b6869-da79-4598-b48c-7db71f7048ec,North Sandra,35-44,8,1,1
Non-Fiction,Bauer Ltd,2021,Easy answer alone.,79fb7bcd-839c-487a-bbcd-90a1e6c55465,Lauraton,18-24,5,2,3
Non-Fiction,Bauer Ltd,2021,Easy answer alone.,8973baad-735a-48b9-bf02-cbb655212780,Thompsonchester,45-54,2,3,5
Non-Fiction,Garcia-Ward,1964,Poor particular accept.,3ea6976e-b1c9-4a10-8ea3-e574476893f7,Joshuaburgh,55+,3,5,2
Non-Fiction,Garcia-Ward,1964,Poor particular accept.,7baf3c95-4c26-41d3-9fb9-c6c6e40ce6ef,South Paulport,35-44,2,5,5
Non-Fiction,Garcia-Ward,1964,Poor particular accept.,20722e78-8b82-4860-8f53-616feb3264d2,New Vanessa,Under 18,6,5,2
Non-Fiction,Garcia-Ward,1964,Poor particular accept.,030118e4-b638-4e53-aa14-332c76dfd3c8,Ricardoport,35-44,9,1,3
Non-Fiction,Garcia-Ward,1964,Poor particular accept.,2e3f0a14-a90d-4976-95ee-e5b45cc6f341,New Jonathanfort,55+,1,1,4
Non-Fiction,Garcia-Ward,1964,Poor particular accept.,f9b0ac72-7201-4fe2-8ba3-92ef3495b051,Brookeland,55+,1,2,4
Non-Fiction,Garcia-Ward,1964,Poor particular accept.,879539f6-a4b9-4ea0-8d17-c39f8c5cda7f,Harrisview,35-44,1,2,1
Non-Fiction,Garcia-Ward,1964,Poor particular accept.,f5d3f295-196b-474d-acac-abe6f8c78b39,North Brendastad,55+,8,5,3
Fiction,Smith-Schmidt,2004,Must.,5a38578d-78f5-4935-a59e-520e7a9e1dd1,Danielstad,35-44,4,4,3
Fiction,Smith-Schmidt,2004,Must.,47817aef-372d-4db8-82ee-725075184231,South Craigmouth,45-54,1,5,4
Fiction,Smith-Schmidt,2004,Must.,5420b3be-4ab7-48ef-a6ad-617e28b8cb77,Adamstown,Under 18,5,5,1
Fiction,Smith-Schmidt,2004,Must.,3cc58c14-6972-4e0e-bec2-712930fa87e1,West Jacob,35-44,4,4,4
Fiction,Smith-Schmidt,2004,Must.,6c7279d2-771b-4b86-87e7-8397c3cf98cd,Fosterborough,18-24,3,2,1
Fantasy,"Freeman, Mccormick and Sutton",2000,Bring responsibility form.,97ad4f60-1a0b-4440-8bc8-731e937030f4,Mitchellborough,18-24,8,5,1
Fantasy,"Freeman, Mccormick and Sutton",2000,Bring responsibility form.,cb7a1a03-b6d3-4b9b-b515-be632caf29ad,Lake Eric,25-34,7,2,3
Fantasy,"Freeman, Mccormick and Sutton",2000,Bring responsibility form.,7b78702b-20d6-4dee-9e29-56741e0fbcb2,Ortegaton,45-54,4,4,1
Mystery,Garza PLC,1967,Six citizen.,80eb6e81-fe64-47db-b8be-491ec5c3c26a,Thomastown,18-24,6,5,5
Mystery,Garza PLC,1967,Six citizen.,ca1fbf91-901e-4c83-ba58-5f26c2b07a4b,New Jenniferborough,35-44,10,4,3
Mystery,Garza PLC,1967,Six citizen.,2062e63f-ea9d-4145-b18c-e0f892a69ae2,North Jamietown,18-24,9,2,1
Mystery,Garza PLC,1967,Six citizen.,f809a903-b472-4d51-a23f-53fd3e466b3d,Stevenmouth,55+,3,4,4
Mystery,Garza PLC,1967,Six citizen.,f40990e2-38cc-475a-b4fe-a00f5a0e76e2,Gomezstad,45-54,6,1,5
Mystery,Garza PLC,1967,Six citizen.,c8034234-607b-4293-918c-c8f3db88808c,West Carolyn,25-34,1,2,3
Mystery,Garza PLC,1967,Six citizen.,0420f5e3-7d5b-4b5c-ac1d-50b32f348fe8,Davismouth,35-44,6,3,4
Mystery,Garza PLC,1967,Six citizen.,84cb3f84-08e1-4e7f-8071-4e937873a79e,Jeanmouth,45-54,8,3,1
Mystery,"Clark, Fitzgerald and Morrison",1988,Staff act.,f344c03f-d147-425e-8bef-8b919be1bbf2,Cartershire,55+,3,3,5
Mystery,"Clark, Fitzgerald and Morrison",1988,Staff act.,f0977b99-b521-4dba-8e09-ae9b902e39bc,Andersonshire,35-44,9,2,2
Mystery,"Clark, Fitzgerald and Morrison",1988,Staff act.,d67b4bb2-eb1c-4bad-9d7c-aaa2b0d679ce,Ruizburgh,35-44,4,3,1
Mystery,"Clark, Fitzgerald and Morrison",1988,Staff act.,0b49c680-b37f-4417-9b3a-086fa23a2da0,Smithhaven,45-54,2,4,1
Science Fiction,Haynes-Jefferson,1974,People huge son.,578d8dc8-dea0-42a4-a2ab-e82594046e71,Lake Thomasview,35-44,9,1,1
Science Fiction,Haynes-Jefferson,1974,People huge son.,cf85076b-3b85-4c3d-abf1-c37f82a5ff67,Walkermouth,25-34,1,1,5
Science Fiction,Haynes-Jefferson,1974,People huge son.,1cda3f8e-c543-4adf-b385-5dfafab7ca03,Lake Lacey,Under 18,6,5,1
Mystery,Smith-Whitehead,1986,Unit health bit.,e1ae1ebe-1aa2-4f8a-8c41-07c7fb6b0dba,New Brian,18-24,2,5,1
Mystery,Smith-Whitehead,1986,Unit health bit.,22d7c5cf-2efc-418a-a18f-2623a39155b8,Phillipsville,35-44,7,3,2
Mystery,Smith-Whitehead,1986,Unit health bit.,9044a753-aeb6-40af-b48f-7e445b2ce77f,North Antonio,Under 18,4,2,5
Mystery,Smith-Whitehead,1986,Unit health bit.,802d8677-168f-4b8f-85c7-175c8db4aff1,North Anita,45-54,9,2,3
Mystery,Smith-Whitehead,1986,Unit health bit.,a8df85d3-38cb-4b77-8184-1abab57add50,West Kellyburgh,45-54,1,2,3
Mystery,Smith-Whitehead,1986,Unit health bit.,0a8ea2aa-33f4-4c39-a612-241d034e028b,North Chelseamouth,Under 18,3,5,5
Mystery,Smith-Whitehead,1986,Unit health bit.,f57934b9-dc8e-402a-87de-ca755b20a27f,Katherineview,45-54,6,5,4
Mystery,Smith-Whitehead,1986,Unit health bit.,b0dea404-7d7c-4d83-9f8b-b8299fc1c6a7,Solisview,25-34,7,1,5
Mystery,Pineda Inc,2005,Boy action.,4c3fb67b-3395-4f50-96b4-bf68a6557b5d,Hicksborough,Under 18,10,1,5
Mystery,Pineda Inc,2005,Boy action.,cb27f38b-9c5c-4060-8a86-17ca06294d7e,North Maryhaven,35-44,4,3,1
Mystery,"Allen, Patel and Scott",2012,Smile edge western.,d6fd91a9-f85a-4296-a055-29201153c46d,South Terriside,18-24,6,1,1
Mystery,"Allen, Patel and Scott",2012,Smile edge western.,9930a37a-ba1e-436b-baef-9d74737d9552,New Curtismouth,Under 18,2,4,2
Mystery,"Allen, Patel and Scott",2012,Smile edge western.,f1974fac-e263-4b25-a61e-a593364bc089,Lake Jennifer,45-54,3,5,4
Mystery,"Allen, Patel and Scott",2012,Smile edge western.,95d578b0-18f0-4e38-85b8-52d9ab0906af,Lake Alison,55+,4,2,1
Mystery,"Allen, Patel and Scott",2012,Smile edge western.,05cbeab7-531a-4dad-8e55-b2b3d0f1dc55,Nicolefurt,Under 18,5,2,1
Mystery,"Allen, Patel and Scott",2012,Smile edge western.,7c81c269-0b88-4844-a348-37f09d844bfc,East Markfort,18-24,1,2,1
Mystery,"Allen, Patel and Scott",2012,Smile edge western.,e5241162-cec4-4e53-b7a8-e7c9c003c223,Josephberg,55+,6,4,2
Mystery,"Lane, Brown and Gonzalez",1975,Information tend.,69dc99d6-7513-4730-b90f-4da9233fcaf5,North Caitlin,35-44,3,1,2
Mystery,"Lane, Brown and Gonzalez",1975,Information tend.,3dcbda03-ca21-48e1-b6c2-bae251c49d6c,Henryshire,45-54,9,5,2
Mystery,"Lane, Brown and Gonzalez",1975,Information tend.,b8bbe64d-1522-4fb3-9939-7e6a6d82f90c,Pageside,35-44,8,4,2
Mystery,"Lane, Brown and Gonzalez",1975,Information tend.,4a5316cf-1ede-4788-9d90-73538dde3ff1,Tammytown,18-24,1,5,3
Mystery,"Lane, Brown and Gonzalez",1975,Information tend.,5eebdf91-23fd-4088-ad47-cfd9a92758d2,West Brittanyshire,25-34,7,4,4
Mystery,"Lane, Brown and Gonzalez",1975,Information tend.,073c5d27-211e-406f-afd4-bd913711c59d,Brittanystad,Under 18,8,5,1
Mystery,"Lane, Brown and Gonzalez",1975,Information tend.,8df993ba-3916-4654-9b9b-3e5e023ee6de,Virginiamouth,Under 18,4,2,2
Fiction,Johnson PLC,1980,Republican clearly.,55f4d4d6-5976-42ef-95a5-47aef4f3a1bf,Matthewtown,45-54,4,5,3
Fiction,Johnson PLC,1980,Republican clearly.,8813bbcb-dfe7-4374-b7a9-2db3d4c1c4c4,Johnsonland,Under 18,3,5,3
Fiction,Johnson PLC,1980,Republican clearly.,1f3fa3dc-aba6-4ae9-a9d2-b8ddd0636050,Port Crystalshire,Under 18,3,2,3
Fiction,Johnson PLC,1980,Republican clearly.,feb1e80b-13cd-4db5-a20a-06c26bddf41f,Lake Rileymouth,45-54,10,1,3
Fiction,Johnson PLC,1980,Republican clearly.,e1aace65-5e29-4000-9e9a-a290a02929eb,Katherineport,18-24,8,2,5
Fiction,Johnson PLC,1980,Republican clearly.,ab9b8ac4-3391-4d74-b6b8-4175cf5af899,Millerchester,18-24,1,4,1
Fiction,Johnson PLC,1980,Republican clearly.,b2d23526-9001-44e4-b410-5da68b5f4a67,New Paul,25-34,8,5,1
Fiction,Johnson PLC,1980,Republican clearly.,31a1c165-6196-4207-a782-0eb4d30c3a68,North Lori,55+,9,1,1
Fiction,Johnson PLC,1980,Republican clearly.,46c1197d-131a-410d-8a1c-f579ab8fbdb1,Bennettfurt,35-44,3,2,4
Science Fiction,Flores-Caldwell,2022,Evening west must.,30c6c40d-a2bf-4435-980d-0d0aa0b3c6e3,Rogerston,55+,7,2,4
Science Fiction,Flores-Caldwell,2022,Evening west must.,16a1a1db-e1d5-44f5-9aaa-2ac4fdf7b557,Markport,45-54,7,2,5
Science Fiction,Flores-Caldwell,2022,Evening west must.,5007a901-7ae0-4674-ae07-f5d344e06a68,East Ashleyshire,35-44,5,2,1
Science Fiction,Flores-Caldwell,2022,Evening west must.,40af94dd-1b13-4e10-a1c1-0dfd8ac5a1e4,Josephmouth,55+,1,2,2
Science Fiction,Flores-Caldwell,2022,Evening west must.,e648a8db-49ec-4fa9-97c9-35448614a1ae,Port Erikfort,18-24,4,5,5
Science Fiction,Flores-Caldwell,2022,Evening west must.,7e357f32-5a48-44a5-b01e-737de1219e8c,North Kristina,35-44,1,4,3
Science Fiction,Flores-Caldwell,2022,Evening west must.,51fe9695-39a7-404c-ba0d-3a37193ef013,North Jenniferborough,45-54,1,1,3
Science Fiction,Flores-Caldwell,2022,Evening west must.,633af011-448f-4b87-966b-d758d73adb82,Lake Michael,35-44,4,4,5
Science Fiction,Flores-Caldwell,2022,Evening west must.,e0289a0a-6791-436f-b644-8d2dc13aae9d,North Adamville,Under 18,3,5,3
Science Fiction,Flores-Caldwell,2022,Evening west must.,2acd3bd4-9319-4122-bf3c-e3d561f6a0bc,North Jeffreyville,Under 18,8,2,4
Mystery,Morales Ltd,2017,Always.,53d6da6f-89fb-40c1-b45f-5aaf31c59535,Melissafurt,25-34,6,2,5
Mystery,Morales Ltd,2017,Always.,91999eee-199d-43ae-96e0-505cba20942e,North Teresatown,25-34,9,5,2
Mystery,Morales Ltd,2017,Always.,11b287c7-2bd7-4a26-80a6-48afec468de5,New Scott,45-54,6,2,4
Mystery,Morales Ltd,2017,Always.,aa73f820-ae0a-452c-9926-ea114696fed2,Rodriguezhaven,Under 18,6,4,3
Mystery,Morales Ltd,2017,Always.,70725e93-77b7-484c-b480-e27e76f1fe17,East Angelburgh,25-34,2,4,1
Mystery,Morales Ltd,2017,Always.,e8c49a46-f032-4363-8d81-8ae8885e9c9d,Jamieberg,55+,3,2,3
Mystery,Morales Ltd,2017,Always.,2de443ea-bf2e-4090-9662-2e0c6088923f,Elizabethville,45-54,2,3,1
Mystery,Morales Ltd,2017,Always.,9203196c-fdee-433c-a7f9-03000a825d65,New Jonathon,25-34,10,3,4
Mystery,"Franklin, Sosa and Wallace",1974,Yeah interview.,c99ea4a6-d573-4eda-b162-4bfef91ba071,Jacksonland,55+,10,3,4
Mystery,"Franklin, Sosa and Wallace",1974,Yeah interview.,1d2942c9-7667-49de-97bc-2b1a4857830d,Feliciaside,25-34,8,5,2
Fiction,Combs-Dixon,2013,Number personal stand.,8b667660-9639-4be0-a4ce-c42298f38af0,North Christopher,18-24,7,2,3
Fiction,Combs-Dixon,2013,Number personal stand.,bb14ede3-530d-4971-ae96-1d79d7828c2b,Morrowside,55+,10,4,5
Fiction,Combs-Dixon,2013,Number personal stand.,cef28ad2-0397-42e5-8812-ae459eb31b14,Wademouth,18-24,3,4,1
Fiction,Combs-Dixon,2013,Number personal stand.,404333bb-7719-4a77-acb9-b11936788c26,Gregoryfort,35-44,3,5,4
Fiction,Combs-Dixon,2013,Number personal stand.,f37d82ac-6299-47c9-bf12-6fb8a6c78d73,West Rebecca,Under 18,4,4,5
Fiction,Combs-Dixon,2013,Number personal stand.,47952699-50b5-472a-a0bd-5d0695fac129,Lake Jeffreyshire,55+,1,4,5
Fiction,Combs-Dixon,2013,Number personal stand.,560486d7-83fc-443e-a4d0-2b31cf5297a4,New Jeremy,45-54,8,5,3
Fantasy,Warren-Harrison,1996,Finish feeling all.,507e514c-72f1-495a-9972-62040e1467f0,Heathmouth,35-44,6,1,1
Fantasy,Warren-Harrison,1996,Finish feeling all.,f3a47e5e-7424-42d9-92aa-cd68a3de730c,North Marymouth,45-54,4,3,5
Fantasy,Warren-Harrison,1996,Finish feeling all.,8c0030b4-3b2b-4ef5-84ba-7bda4cec84cc,New Jeremymouth,Under 18,5,5,2
Fantasy,Warren-Harrison,1996,Finish feeling all.,0b78b891-8655-4d24-806a-6e03a84c9478,Hornton,55+,3,1,2
Fantasy,Warren-Harrison,1996,Finish feeling all.,a16a69ea-e817-42a3-a1b7-12068f1f8193,Mckayborough,35-44,1,1,5
Fantasy,Warren-Harrison,1996,Finish feeling all.,9c325559-9b81-4b77-b799-a51de7081a9f,Robinview,55+,2,5,2
Fantasy,Warren-Harrison,1996,Finish feeling all.,b23260a5-4a59-4a2c-8a00-eabd3f55dbbb,Fergusonfurt,25-34,3,4,5
Non-Fiction,"Garcia, Benton and Williams",2022,Area green sound yeah.,ce75ed49-50b7-4ae0-9f29-4c44fa95df2f,Smithland,25-34,7,4,5
Non-Fiction,"Garcia, Benton and Williams",2022,Area green sound yeah.,963f25e9-be8d-499a-90bb-430bf0918eb8,Hubbardmouth,18-24,2,4,4
Non-Fiction,"Garcia, Benton and Williams",2022,Area green sound yeah.,daca046c-0c1f-40ca-9984-f3022a3816b9,Ayersstad,45-54,7,2,5
Non-Fiction,"Garcia, Benton and Williams",2022,Area green sound yeah.,d0217e2c-6330-44fe-86dc-c948a455063c,Meganmouth,18-24,7,5,1
Non-Fiction,"Garcia, Benton and Williams",2022,Area green sound yeah.,df91ca8e-1cf8-4385-babc-85ef15dc2bbd,South Christopherborough,35-44,7,4,4
Non-Fiction,"Garcia, Benton and Williams",2022,Area green sound yeah.,352f8944-5652-431e-bf4e-ed77a69c521a,West James,18-24,1,5,4
Non-Fiction,"Garcia, Benton and Williams",2022,Area green sound yeah.,3c7b3827-8650-4d35-b422-b575b8c59504,Katherineville,35-44,6,5,1
Non-Fiction,"Garcia, Benton and Williams",2022,Area green sound yeah.,c1bbe38c-9c1e-4428-baa3-5ad8b4076f20,Stephanieburgh,45-54,2,1,2
Non-Fiction,"Garcia, Benton and Williams",2022,Area green sound yeah.,656ed693-5021-4c71-9167-c661a486914e,Jordanborough,25-34,4,4,5
Non-Fiction,"Garcia, Benton and Williams",2022,Area green sound yeah.,3ce75060-a077-4dcc-807e-03402becf360,New Stevenbury,45-54,5,5,1
Mystery,Rose Group,2019,Quickly should social.,7be0f625-f140-4d76-af11-cd1f98481947,Jaimechester,45-54,2,2,5
Mystery,Rose Group,2019,Quickly should social.,2f152b45-f533-473d-9ac3-7b7e6c5d73b9,Philliphaven,Under 18,9,2,2
Mystery,Rose Group,2019,Quickly should social.,fb0bb204-2117-46d1-bfb4-6162128d8ddf,Adamsfurt,35-44,1,5,3
Mystery,Rose Group,2019,Quickly should social.,10a7e248-ddbb-4bf2-b552-9f0567554112,Wardmouth,35-44,3,4,2
Mystery,Rose Group,2019,Quickly should social.,23b61aac-f092-4286-8ee3-77b01e6e0536,Emilyhaven,35-44,1,5,4
Fantasy,"Hines, Campbell and Porter",1978,Room.,0bc1671e-af3c-442a-9f30-06f129ce3893,New Christopherhaven,Under 18,9,1,3
Fantasy,"Hines, Campbell and Porter",1978,Room.,bd317e1d-9f1b-4568-a4f2-9f73330ad625,North Tina,55+,7,3,1
Fantasy,"Hines, Campbell and Porter",1978,Room.,36dd9002-7a60-448b-b86f-17381412aa36,Gonzalezborough,55+,2,3,2
Fantasy,"Hines, Campbell and Porter",1978,Room.,c1f5f756-d63c-41d0-ba94-d3be6000734a,Lake Kristina,45-54,10,2,5
Fantasy,"Hines, Campbell and Porter",1978,Room.,585c6fd1-b7f2-425b-a6fe-86382d271cae,West Craig,Under 18,8,3,5
Fantasy,"Hines, Campbell and Porter",1978,Room.,66cd79b7-dd40-49bb-8005-b2ee1960eed9,Lake Jamesport,18-24,8,4,1
Fantasy,"Hines, Campbell and Porter",1978,Room.,10a3f4e5-a34f-452f-82d7-b3708310f997,Port Gabrielville,35-44,3,5,1
Fantasy,"Hines, Campbell and Porter",1978,Room.,a8bde3ce-2ace-410b-80a6-4b38deaa960e,Martinezton,45-54,7,2,5
Mystery,"Dean, White and Duke",1968,Huge individual Democrat.,de0deb8e-b792-492a-9103-c0e7d1a553bb,New Mary,35-44,7,1,5
Mystery,"Dean, White and Duke",1968,Huge individual Democrat.,685fc2d1-a095-40c1-9df4-712e98c320ab,Lake Travisberg,18-24,7,1,1
Mystery,"Dean, White and Duke",1968,Huge individual Democrat.,4692cee0-4e7e-41b8-8889-dbcea6cdf9ae,Heatherstad,25-34,1,4,3
Mystery,"Dean, White and Duke",1968,Huge individual Democrat.,cf15b08b-90b8-4688-b4f8-81f6a62f7876,East Cheryl,25-34,9,4,3
Mystery,"Dean, White and Duke",1968,Huge individual Democrat.,b71aa180-1749-45db-a611-49db0aeb6390,Aliciaville,45-54,5,1,1
Mystery,"Dean, White and Duke",1968,Huge individual Democrat.,9085aa42-43eb-400f-94ff-b58872c6301c,Normanton,25-34,1,3,4
Mystery,"Dean, White and Duke",1968,Huge individual Democrat.,4c0043f0-aac9-43a7-b045-f3bd3c8fb95e,Martinberg,35-44,5,4,3
Mystery,"Dean, White and Duke",1968,Huge individual Democrat.,263c3945-3186-4274-867a-2dc8d694bca8,West Davidshire,Under 18,7,2,5
Fantasy,Garcia Inc,2001,Cost I.,1a4d4115-be03-4663-8878-6c546fbeb0e8,Lake Jeff,Under 18,5,3,5
Fantasy,Garcia Inc,2001,Cost I.,c56aea10-be2d-4ae9-8305-6279e4de4589,Lindsayton,55+,3,1,2
Fantasy,Garcia Inc,2001,Cost I.,d883e2b5-fda9-4ebe-822e-76a52692af04,New Samanthaville,18-24,6,4,1
Fantasy,Garcia Inc,2001,Cost I.,4a8f620c-d3af-4666-af86-20299ab4b050,Robinfort,25-34,10,5,3
Fantasy,Allen-Johnson,2013,Challenge sea.,912a131a-3e8c-42d2-b084-6f9a9663480c,East Jessicaside,25-34,3,4,2
Fantasy,Allen-Johnson,2013,Challenge sea.,123b018e-ef85-4fe5-9346-fddffb90e37e,Johnsville,25-34,7,2,5
Fantasy,Allen-Johnson,2013,Challenge sea.,aaa97db3-9860-40d2-89c3-4fd54d37eecc,West Teresa,25-34,3,2,5
Science Fiction,"Hanson, Dixon and Ruiz",2013,Degree run.,f1b59031-3316-488d-bd99-5a6566d9d169,Perkinsview,35-44,10,5,3
Science Fiction,"Hanson, Dixon and Ruiz",2013,Degree run.,b88aed87-5120-43a7-8cfe-a509853a4fc5,West Gabriel,35-44,2,4,3
Science Fiction,"Hanson, Dixon and Ruiz",2013,Degree run.,87e5b527-269f-4b5d-a6ce-0ea5f58df06c,Silvatown,45-54,2,2,2
Science Fiction,"Hanson, Dixon and Ruiz",2013,Degree run.,e350f8d8-75d6-4798-a611-1f5de608ef4e,Aimeeborough,25-34,8,5,5
Science Fiction,"Hanson, Dixon and Ruiz",2013,Degree run.,54e67afd-bca4-46e3-a8a7-7e065560f570,Franciscoberg,45-54,5,3,4
Science Fiction,"Hanson, Dixon and Ruiz",2013,Degree run.,4231853b-8cbd-4941-abb3-cb337ebbe622,Melissastad,35-44,3,2,2
Science Fiction,"Hanson, Dixon and Ruiz",2013,Degree run.,0fc72f20-8b55-4c68-a414-6da27abc80c2,Crawfordfort,35-44,7,5,4
Science Fiction,"Hanson, Dixon and Ruiz",2013,Degree run.,85411209-a754-43fa-aa5f-e4aad09fdcde,Floresberg,45-54,6,1,3
Science Fiction,"Hanson, Dixon and Ruiz",2013,Degree run.,16347fac-5d95-4c56-9d84-158a45273ec4,East Timothy,25-34,4,3,5
Fantasy,Branch PLC,1962,Sure nor.,add53285-ed9c-40bd-afb7-8a082474e110,Charlesview,45-54,5,4,4
Fantasy,Branch PLC,1962,Sure nor.,cb9b62dd-49f3-4d52-a1d8-fbb0c22e3741,Susanbury,18-24,6,5,2
Fantasy,Branch PLC,1962,Sure nor.,6abff8fd-5dfc-4319-9319-e13e1ccca156,Rachelport,45-54,2,5,4
Fantasy,Branch PLC,1962,Sure nor.,1937ca89-aa68-4eab-af8d-418089104593,Ginaborough,35-44,9,3,2
Fantasy,Branch PLC,1962,Sure nor.,09587f14-53a1-42e6-8443-70c3311832aa,Ellisland,18-24,7,1,3
Fantasy,Branch PLC,1962,Sure nor.,c931761e-21a9-4724-b335-453c29a2884c,Nancyland,Under 18,6,2,1
Fantasy,Branch PLC,1962,Sure nor.,c73f8c54-4329-4a77-8857-a25c62ef7b66,Darlenemouth,55+,1,1,5
Fantasy,Branch PLC,1962,Sure nor.,3d3aa246-8460-4bb3-84c6-979bd9df7f4d,North Charles,55+,8,5,1
Fantasy,Branch PLC,1962,Sure nor.,99b94e9f-8300-4418-b9f6-92cd64007ecd,Delgadochester,55+,1,3,1
Fantasy,Branch PLC,1962,Sure nor.,0d14936d-20a5-454a-9ca6-f85e2c1df4b8,East Michaelville,Under 18,6,2,1
Non-Fiction,Johnson-Stevens,1988,Training amount administration.,16ae5320-0be6-4078-9eea-72347331d9c9,East Lisa,25-34,9,4,4
Non-Fiction,Johnson-Stevens,1988,Training amount administration.,9cc68094-fd81-4590-a6e1-3d00bb55c3a9,New Dennis,Under 18,2,4,2
Non-Fiction,Johnson-Stevens,1988,Training amount administration.,5999fa27-b752-4584-986e-105c412e5cdf,Villarrealton,55+,5,3,1
Non-Fiction,Johnson-Stevens,1988,Training amount administration.,e7480f2a-5a1a-4579-a26b-382a840a2aec,East Jamesport,35-44,5,2,1
Non-Fiction,Johnson-Stevens,1988,Training amount administration.,8387de16-11b9-4d40-9977-175695c03554,New Benjaminchester,35-44,3,5,2
Non-Fiction,Johnson-Stevens,1988,Training amount administration.,f4bc9e14-b160-4f3b-b488-f989dc00e5bd,New Joseph,18-24,2,3,5
Non-Fiction,Johnson-Stevens,1988,Training amount administration.,648d813a-0279-487b-9b18-1aa5da4413ed,Ianton,18-24,5,1,2
Non-Fiction,Johnson-Stevens,1988,Training amount administration.,1fd70a4b-b0f7-431e-94ca-4f855815f2cf,East Stephanie,55+,3,1,5
Fantasy,Gordon-Contreras,1956,Run yard very kind.,09c1db24-bbcc-4452-8001-9d6bb01cefba,New Drew,35-44,6,4,4
Fantasy,Gordon-Contreras,1956,Run yard very kind.,4d928813-3955-4aa8-b2f2-a44034284c46,Timothytown,55+,1,4,2
Fantasy,Gordon-Contreras,1956,Run yard very kind.,fcf08648-91d7-490a-9dcb-3a7976655371,Cameronmouth,45-54,2,2,1
Fantasy,Gordon-Contreras,1956,Run yard very kind.,fb6ec4c8-4658-44cc-8d19-ed9f4af24354,Port Benjaminbury,18-24,10,5,3
Fantasy,Gordon-Contreras,1956,Run yard very kind.,280f396d-e365-4f36-8e1b-b37620c0b74d,West Amanda,Under 18,4,2,3
Fantasy,Gordon-Contreras,1956,Run yard very kind.,db4094b2-1c57-41dd-92d7-ce042749cbb1,Colleenport,35-44,6,1,4
Science Fiction,Smith Ltd,1996,Ground me.,233c8bcb-fde2-4e50-862b-fa80b90831a5,Rodrigueztown,18-24,6,1,3
Science Fiction,Smith Ltd,1996,Ground me.,9f00097f-95b8-4392-aafb-65a362eb04c1,Baileyberg,55+,8,1,5
Science Fiction,Smith Ltd,1996,Ground me.,ee2b9cfd-f195-4911-ada6-78964c5c1db1,Ortizchester,55+,7,2,5
Science Fiction,Smith Ltd,1996,Ground me.,4785db0d-f974-4346-942c-1b7a4609f085,New Kellyland,25-34,3,3,2
Science Fiction,Smith Ltd,1996,Ground me.,35fe1515-00be-4a3c-b61f-a9e56856ce89,Lake Raymondberg,Under 18,4,5,3
Non-Fiction,Wilson and Sons,1972,Number identify loss always.,df3c4445-2dfc-4ad6-937a-e517d3ec263e,West Kristin,25-34,6,1,5
Non-Fiction,Wilson and Sons,1972,Number identify loss always.,ec173383-13c4-4fa1-9c7e-eadec9c9e8d2,Deniseland,35-44,5,3,3
Mystery,Garcia and Sons,1993,We focus.,5e791454-54cc-4b19-aa1c-7d157ba14044,Camerontown,35-44,1,3,5
Mystery,Garcia and Sons,1993,We focus.,0aa3c6d0-d276-48ca-bb05-877665d20a19,Port Brandon,35-44,2,2,4
Mystery,Garcia and Sons,1993,We focus.,5648723f-3d75-4cd6-aa9f-7f31f1b3e2ae,Lewisstad,18-24,1,1,5
Mystery,Garcia and Sons,1993,We focus.,5677484f-e7d3-48d2-9fe2-b253fd6f02bf,Port Stacymouth,Under 18,4,4,2
Mystery,Garcia and Sons,1993,We focus.,dab5d433-5ea8-4b32-b2e3-daca3b8b515a,Andersonfurt,45-54,8,5,1
Mystery,Garcia and Sons,1993,We focus.,922ad941-cff9-4824-82b5-fd59ef0c6409,New Cheryl,18-24,6,3,1
Mystery,Garcia and Sons,1993,We focus.,1b1b1094-03f9-4088-8077-9481328367e2,Bentleymouth,Under 18,3,5,2
Mystery,Garcia and Sons,1993,We focus.,005e60bd-0939-43f4-b297-c2d7decf478c,Johnnymouth,55+,5,3,1
Fiction,Frazier Group,1977,Citizen public.,c0ecc294-4204-44c2-b0c6-ae5bdc360ab3,Sharonport,45-54,4,4,5
Fiction,Frazier Group,1977,Citizen public.,56d78465-baa2-4a29-b3ff-b958153dcdba,Port Robert,Under 18,9,3,3
Fiction,Frazier Group,1977,Citizen public.,8deba653-bc58-4247-b96c-6502caaa060f,Murrayville,25-34,1,2,5
Mystery,Ramirez-Ramirez,1962,However person.,37f5e9b3-d943-48dc-bcd9-c84a4db5af8b,Gregorymouth,Under 18,4,4,2
Mystery,Ramirez-Ramirez,1962,However person.,d1bdd174-9a0d-4213-a48e-4dd773951ef7,Kevinmouth,55+,10,3,2
Mystery,Ramirez-Ramirez,1962,However person.,df6e0450-e02e-43bc-96e0-5939205060fb,West Davidburgh,55+,5,3,4
Mystery,Ramirez-Ramirez,1962,However person.,905d3f91-f11f-49d3-a820-90d491fac945,North David,55+,8,3,3
Mystery,Ramirez-Ramirez,1962,However person.,c4ef10a2-9ccd-44e3-bb84-b71956a3eb99,East Gregory,35-44,1,5,2
Fiction,"Hawkins, Vega and Nelson",1963,Thing enter.,4d4824e5-2cd9-4d80-bbd0-059c49555b92,Jonesview,25-34,9,3,1
Fiction,"Hawkins, Vega and Nelson",1963,Thing enter.,3aca5689-7c52-4a12-aed2-c3b88641c507,Shariborough,35-44,8,5,3
Fiction,"Hawkins, Vega and Nelson",1963,Thing enter.,b89a0d6b-477a-48e1-aac3-8f56664ced42,Port Jenniferhaven,Under 18,5,4,5
Fiction,"Hawkins, Vega and Nelson",1963,Thing enter.,d377f7fe-fe79-4f0b-bb98-3cdd7e21e109,New Sarah,Under 18,6,5,1
Fiction,"Hawkins, Vega and Nelson",1963,Thing enter.,c8cd4d6e-bdf9-4004-8874-50ec3e4777e3,Port Jacob,55+,4,3,4
Fiction,"Hawkins, Vega and Nelson",1963,Thing enter.,96aa64f1-84ea-480d-aaec-a925b6b8444d,Robertmouth,35-44,6,3,3
Fiction,"Hawkins, Vega and Nelson",1963,Thing enter.,dec60bd0-6672-4217-9854-ef3613b15f75,South Larryview,Under 18,2,1,4
Non-Fiction,Washington and Sons,2001,State black.,26816fcc-5f5a-40a5-8547-01fb3e73a5b6,North Jamesmouth,45-54,3,4,4
Non-Fiction,Washington and Sons,2001,State black.,ecddffc8-09f2-44f4-922b-86fb03336c06,Cooperburgh,Under 18,6,5,3
Non-Fiction,Washington and Sons,2001,State black.,05027764-1dc0-43c4-aee8-d28195da4c35,South Barbaramouth,45-54,6,5,3
Non-Fiction,Washington and Sons,2001,State black.,da8e7b45-4a72-4f5c-954c-59d5e6f175e7,New Cynthia,35-44,8,2,1
Non-Fiction,Washington and Sons,2001,State black.,445fbf83-f8e2-4530-88a7-8118fbb2d4fb,West Clairechester,55+,5,5,4
Non-Fiction,Washington and Sons,2001,State black.,35d91be0-3cb5-425a-a569-3e1d250ffd54,East Rhonda,25-34,6,3,3
Non-Fiction,Washington and Sons,2001,State black.,e1f8c00b-9e46-415a-bf5e-4b7be2788a3f,Jasonborough,25-34,7,5,1
Non-Fiction,Washington and Sons,2001,State black.,3bfe03f5-6791-432a-8589-2339f15b39bd,Cruzland,35-44,8,2,5
Science Fiction,Parsons-Pearson,1999,Democratic machine.,4e5b4ea0-4e9f-43aa-90f7-46b4a71ac934,West Caroline,35-44,10,3,1
Science Fiction,Parsons-Pearson,1999,Democratic machine.,a17df769-72df-447b-a181-b13ec890be57,New Derek,45-54,8,3,1
Science Fiction,Parsons-Pearson,1999,Democratic machine.,a6ef6b7b-8ff9-4bce-ac33-0e7ddc6e9da1,Jonesport,Under 18,10,2,5
Science Fiction,Parsons-Pearson,1999,Democratic machine.,5a3faee4-711a-4375-9a27-a780e3be2f87,East Misty,Under 18,7,4,3
Science Fiction,Johnson-Snyder,1987,Great add.,bd2f47f8-66cd-4b5d-a1e1-1bf77cb829e9,Port Alexis,Under 18,3,5,3
Fantasy,Grant Group,1989,Table.,361d502d-114d-40c6-a4fc-3cc74e833d0b,Lake George,45-54,6,1,2
Fantasy,Grant Group,1989,Table.,f3322c6a-5b6e-4804-81a2-28f7c0bcd2bf,Keithstad,25-34,10,2,4
Fantasy,Grant Group,1989,Table.,31280cf4-aeb5-4c26-aff8-322b9d84f2b0,South Kylie,Under 18,3,2,4
Fantasy,Grant Group,1989,Table.,aedf3a22-45e5-423d-9928-57d89a342afd,South Theresa,25-34,7,1,3
Fantasy,Grant Group,1989,Table.,75280ed3-ce25-497c-846a-858c8ff1c715,North Royport,55+,10,3,5
Non-Fiction,Berry-Gallagher,1950,Enjoy partner water.,392ed435-3545-4ad5-a406-f79a3fb7730d,Michaelmouth,35-44,5,1,1
Non-Fiction,Berry-Gallagher,1950,Enjoy partner water.,e06710c7-35cc-48ab-aec5-ec9263320787,Nicholasmouth,45-54,6,5,3
Non-Fiction,Berry-Gallagher,1950,Enjoy partner water.,0d257f7e-df7c-4c8e-bb10-0c76dd763e0a,East Kurt,18-24,1,4,2
Non-Fiction,Berry-Gallagher,1950,Enjoy partner water.,4805b19f-ac01-40aa-ac6f-cb8986d24979,Campbellbury,Under 18,9,5,3
Non-Fiction,Berry-Gallagher,1950,Enjoy partner water.,7406c4c6-e53b-4940-82f4-bee69e55a738,Lake Joseph,35-44,6,4,4
Mystery,Osborne Group,2001,Thing professor each.,fccee34f-d453-4b79-b605-d0d7bcc76ea3,Lake Zacharyside,35-44,5,3,1
Mystery,Osborne Group,2001,Thing professor each.,6fbaa9ac-7beb-4796-8c46-a5d7e48aba35,South Daniel,35-44,9,2,4
Mystery,Osborne Group,2001,Thing professor each.,f26286a7-7f72-4aac-a536-638e6aaf824b,Spencerside,25-34,8,2,2
Mystery,Osborne Group,2001,Thing professor each.,88c486f4-e10b-4c90-8075-631a96617642,South Susan,18-24,7,4,3
Mystery,Osborne Group,2001,Thing professor each.,7da4dbaa-1638-44fe-a1a1-98d2aca8bfe2,Ashleyport,35-44,8,5,2
Mystery,Osborne Group,2001,Thing professor each.,ac5f01ec-f0ed-4c0a-91fc-3df605236338,Victoriaside,35-44,2,1,5
Mystery,Osborne Group,2001,Thing professor each.,465a1e57-580e-4537-b3d3-6a9ef18bf38e,Obrienburgh,35-44,5,4,1
Mystery,Osborne Group,2001,Thing professor each.,f5831b30-ccbd-4e48-a170-7dbfb0ecc0e3,West Amandatown,Under 18,6,2,3
Mystery,Osborne Group,2001,Thing professor each.,93be9830-884c-45ef-be08-1f5d65c9cbf0,North Michellehaven,45-54,8,1,3
Fiction,Bishop-Patrick,1968,Sometimes.,d9c84a97-dc6a-452e-b36d-5d68d31f4742,Cowanburgh,25-34,8,2,1
Fiction,Bishop-Patrick,1968,Sometimes.,49e4e1a5-5cf0-4ae4-a980-963ac6b1d8d7,Joneston,55+,1,3,2
Fiction,Bishop-Patrick,1968,Sometimes.,fa04dba6-5514-4d9b-b83b-01c1dff6c0ef,Leefort,45-54,4,5,1
Mystery,"Lamb, Campbell and Gould",2009,Major rule baby.,f05fd6ab-9d3e-4060-964c-e88a4b2850b5,East Charlene,35-44,9,2,1
Mystery,"Lamb, Campbell and Gould",2009,Major rule baby.,0cc0ef49-a581-4c4d-981d-706468ccc0bb,Watsonberg,55+,8,5,5
Mystery,"Lamb, Campbell and Gould",2009,Major rule baby.,c4b79422-41e1-42d6-8dcd-cdf39f70ed3e,Sabrinatown,Under 18,8,1,1
Mystery,"Lamb, Campbell and Gould",2009,Major rule baby.,1f2d096b-bded-483a-9170-99572352183b,Williamport,18-24,3,3,3
Mystery,"Lamb, Campbell and Gould",2009,Major rule baby.,24a41329-17bc-473a-8ae4-819f9466f2d5,Cynthiaberg,25-34,5,3,1
Mystery,"Lamb, Campbell and Gould",2009,Major rule baby.,e614733c-b5b0-4b33-aa01-10283c34226f,Port Frank,55+,1,2,2
Mystery,"Lamb, Campbell and Gould",2009,Major rule baby.,8c259da6-4eb4-4fc4-b9df-aecc8a627807,East Kelly,18-24,3,3,5
Mystery,"Lamb, Campbell and Gould",2009,Major rule baby.,a9fb0bee-a026-44aa-8dce-41f58dd60120,Brandonside,18-24,6,5,1
Mystery,"Lamb, Campbell and Gould",2009,Major rule baby.,a6013a8b-7086-48a7-aa77-7bf3637aaea1,Lake Ashley,25-34,7,5,2
Mystery,"Lamb, Campbell and Gould",2009,Major rule baby.,f897fc7c-caff-43bf-85fb-b1d18e0ea9c3,Jeremyhaven,Under 18,8,5,2
Science Fiction,Mclaughlin PLC,1995,Between indicate low degree.,0523e691-7913-4fa4-941f-a43836b40367,North Kevin,18-24,3,1,5
Science Fiction,Mclaughlin PLC,1995,Between indicate low degree.,c7178695-9c99-456b-8414-e27bbdc7fbd4,Hicksmouth,25-34,2,2,1
Science Fiction,Mclaughlin PLC,1995,Between indicate low degree.,5f49e078-8388-4949-938b-2028bc526946,Wardborough,55+,3,4,2
Science Fiction,Mclaughlin PLC,1995,Between indicate low degree.,064e549e-ced0-492d-a55f-046d546b3c79,Hughesport,18-24,7,4,3
Science Fiction,Mclaughlin PLC,1995,Between indicate low degree.,4515f641-a785-482f-9df7-4da869b66f35,Sawyerstad,35-44,6,1,1
Non-Fiction,Macias-Lewis,1991,Research sort.,0cd8c828-9a62-4687-b4fc-309e67382909,Sherrifort,35-44,4,2,3
Non-Fiction,Macias-Lewis,1991,Research sort.,097b089a-d1b5-47d4-91a2-8347ac87c6fa,Walkerbury,55+,6,5,4
Non-Fiction,Macias-Lewis,1991,Research sort.,73dd4fde-b06c-4861-a509-3c3abf727d2b,Andrewstad,45-54,3,4,1
Non-Fiction,Macias-Lewis,1991,Research sort.,1f222d36-4fb5-42c4-89cf-3303f9afc2eb,Lindseystad,55+,9,2,5
Non-Fiction,Macias-Lewis,1991,Research sort.,05aa6c86-0103-491d-950b-6ec02914d392,Lake Matthew,35-44,8,1,1
Non-Fiction,Macias-Lewis,1991,Research sort.,775c480f-9ed1-46ea-a023-21d680366e49,Bradleyburgh,45-54,8,5,4
Non-Fiction,Macias-Lewis,1991,Research sort.,2b033868-ca26-4054-9fdd-d3420f26dbb9,Christopherport,55+,9,5,3
Non-Fiction,Macias-Lewis,1991,Research sort.,2cb4846a-c3a2-41fd-9e10-e378cd2e011d,Lake Brett,25-34,5,2,1
Non-Fiction,Newton-Kennedy,1962,Career size.,8b097cca-0a56-4771-ac69-9ef1b890e709,Tonyafurt,55+,9,4,2
Non-Fiction,Newton-Kennedy,1962,Career size.,78a03864-1dae-4d93-a8c3-f886e2afc2bf,Curryton,55+,10,4,4
Non-Fiction,Newton-Kennedy,1962,Career size.,330dde28-bbe1-4a87-81b2-92c3cc4448b3,Hebertshire,55+,5,2,3
Non-Fiction,Newton-Kennedy,1962,Career size.,8adc1333-bed1-4907-ac61-15ae72d44116,Port Elizabeth,18-24,4,2,3
Science Fiction,Cruz-Myers,1977,Pretty her trial.,e296b746-ab97-4cb2-9e8b-b5a3933a8fee,Thomasmouth,35-44,7,5,2
Science Fiction,Cruz-Myers,1977,Pretty her trial.,86c5bd22-9c27-4385-a515-7c582bba77d3,South Crystalstad,55+,3,2,3
Science Fiction,Cruz-Myers,1977,Pretty her trial.,3f3ac2cf-2da5-435e-9892-b51213e5fc95,South Patrick,Under 18,3,1,2
Science Fiction,Cruz-Myers,1977,Pretty her trial.,77a61d7e-f287-400e-815b-484ff8d17958,Port Jeffrey,Under 18,1,1,1
Science Fiction,Cruz-Myers,1977,Pretty her trial.,420eec87-b9f5-49e0-9381-351351d0fd61,Lake Bethton,18-24,6,3,5
Science Fiction,Cruz-Myers,1977,Pretty her trial.,95a90a48-7868-48bc-a669-d4371bcababa,Mooreborough,45-54,7,3,4
Science Fiction,Cruz-Myers,1977,Pretty her trial.,3d766c90-a309-4fbb-b2f5-1e9d770f5bc6,Martinville,18-24,9,2,4
Science Fiction,Cruz-Myers,1977,Pretty her trial.,ab0ee75a-1e82-4650-b76b-52828d8ced31,West Samanthaburgh,45-54,4,2,5
Science Fiction,Cruz-Myers,1977,Pretty her trial.,b7cf5a8a-77da-474d-ab67-8ef012ad70a0,Strongshire,18-24,7,1,2
Non-Fiction,Powell and Sons,2006,Position.,c54b0f75-77c5-4443-94c1-673b6ec8bcf9,East Catherineton,35-44,3,3,2
Science Fiction,Gardner-Barnes,2012,Political chance.,967e1bde-7f1e-4850-b4cc-a95b406f5092,North Jeremyhaven,25-34,6,4,2
Science Fiction,Gardner-Barnes,2012,Political chance.,bcbb6e68-0980-44aa-8001-d6a5b6aca4a4,South Vincentberg,18-24,2,3,1
Science Fiction,Gardner-Barnes,2012,Political chance.,f4aa5a2f-4252-4ced-b639-2b26cef5d2fe,Grahamchester,45-54,2,4,3
Mystery,Schwartz LLC,1990,Fish up nature forward.,d98894a8-6008-4fbf-9046-e81c522aa8f7,Masseyside,35-44,10,4,4
Science Fiction,Harrison-Ortiz,2023,School.,1ed16096-1ff9-43f2-af45-78b10f4aa351,Michelleville,25-34,8,5,5
Science Fiction,Harrison-Ortiz,2023,School.,ac3ac873-4b72-4b73-a314-c0b41c0b56cf,New Reneeland,Under 18,7,2,1
Science Fiction,Harrison-Ortiz,2023,School.,a388e636-c196-4401-b075-7ed5cf91f84c,South Barbaraburgh,55+,7,4,2
Science Fiction,Harrison-Ortiz,2023,School.,70000cec-56b9-4985-a6db-f9641014e5bc,Stephaniefurt,35-44,9,2,3
Science Fiction,Harrison-Ortiz,2023,School.,932a48cb-2925-4c56-8777-c62e48345880,Micheletown,Under 18,5,3,4
Science Fiction,Harrison-Ortiz,2023,School.,6dd06a12-c939-4ffb-b290-43d71ddf6759,West Jonathan,55+,1,2,5
Science Fiction,Harrison-Ortiz,2023,School.,394fe11e-43f3-4080-91d6-079d093b85d8,Georgeberg,Under 18,8,3,3
Science Fiction,Harrison-Ortiz,2023,School.,96294778-e556-4db3-9511-e87e9dcf0a72,Thomasmouth,25-34,3,4,2
Science Fiction,Harrison-Ortiz,2023,School.,d31e96af-d84d-4882-9966-b1b699f40ce0,Tannerhaven,25-34,6,2,1
Science Fiction,Harrison-Ortiz,2023,School.,474ec309-6664-4919-be61-d006459f048d,North Amandamouth,25-34,6,1,5
Fiction,"Beck, Martin and Wilcox",1997,Film weight score.,c983fd47-db5c-4ef8-9f8a-eac3ce8a29a1,Lake Mary,18-24,1,3,2
Fiction,"Beck, Martin and Wilcox",1997,Film weight score.,4677382c-64a0-4f8c-847a-dbf34fdd1085,Robertsonfurt,25-34,3,5,4
Fiction,"Beck, Martin and Wilcox",1997,Film weight score.,2e38c657-3f36-4d47-bbf0-21e005fe784e,Lake Nancyfort,25-34,10,5,5
Fiction,"Beck, Martin and Wilcox",1997,Film weight score.,d380b4e5-f191-43cc-b7c1-a69f5508b962,Johnsonchester,25-34,8,3,4
Fiction,"Beck, Martin and Wilcox",1997,Film weight score.,a97f8519-4478-4fbd-9a0c-ce43bef27f67,Patrickbury,35-44,3,1,5
Fiction,"Beck, Martin and Wilcox",1997,Film weight score.,6f2ab9c7-2651-452c-9e9e-3e7645a4c600,Andrewburgh,25-34,10,5,1
Mystery,Smith Group,1963,Assume more though.,5100418c-e3b7-482d-a9fb-bae8553a9e12,New Katie,Under 18,8,5,5
Mystery,Smith Group,1963,Assume more though.,9ebfab8c-3f3d-4e8e-8260-0c3411b80ad8,West Christine,35-44,4,4,3
Mystery,Smith Group,1963,Assume more though.,29e09080-eb11-43e7-91c8-9b890ea4b74c,South David,25-34,4,2,4
Mystery,Smith Group,1963,Assume more though.,6c1f1228-d728-444a-9fe3-73e88814dd8e,West Jacob,Under 18,9,4,3
Mystery,"Torres, Zimmerman and Barrett",1976,Be speech.,d470fc13-75fb-4f74-8d60-3d01448612c2,New Paulberg,35-44,9,4,2
Mystery,"Torres, Zimmerman and Barrett",1976,Be speech.,5a23f525-ab64-4eda-9a37-0bbd77342e7e,West Margaret,45-54,9,1,1
Mystery,"Torres, Zimmerman and Barrett",1976,Be speech.,e65434fc-46c9-447f-b625-be7076573e04,Hernandezfort,35-44,8,3,4
Mystery,"Torres, Zimmerman and Barrett",1976,Be speech.,589da237-d660-402b-aaf4-478a68685b6a,Jenniferborough,45-54,9,1,1
Mystery,"Torres, Zimmerman and Barrett",1976,Be speech.,a4fb8749-649a-4350-b4fb-2344f5177972,Reyesbury,45-54,1,2,4
Mystery,"Torres, Zimmerman and Barrett",1976,Be speech.,69c338cd-2c39-43fe-a1bb-aaeaaa852a81,Port Jamesshire,18-24,2,5,2
Mystery,"Torres, Zimmerman and Barrett",1976,Be speech.,d5621451-fe10-454a-9b59-b9556709b8f9,North Tinaborough,Under 18,3,4,1
Mystery,"Torres, Zimmerman and Barrett",1976,Be speech.,da5775b6-1d73-4255-adbf-37b86580e647,Briggsmouth,45-54,1,4,2
Mystery,"Torres, Zimmerman and Barrett",1976,Be speech.,12c4a1b9-257f-4304-b155-5e4843b419ac,Keithmouth,25-34,6,1,4
Mystery,"Torres, Zimmerman and Barrett",1976,Be speech.,aca5443f-65ef-4b07-8ba6-a8e700e80165,North Austinview,18-24,4,1,4
Non-Fiction,"Hansen, Rice and Boyd",2004,Paper.,0540e71c-9618-4cd8-9cde-39d3c8380be8,Mikemouth,55+,9,3,4
Non-Fiction,"Hansen, Rice and Boyd",2004,Paper.,fbb29b2d-c190-4d70-b59a-a2003342c59c,Port Denisetown,35-44,3,4,3
Mystery,"Hanna, Brown and Burke",1961,Shoulder enjoy.,d51f3b80-2b0d-4826-a357-ad730703142b,Katelynborough,35-44,2,5,4
Mystery,"Hanna, Brown and Burke",1961,Shoulder enjoy.,b6228ac4-5cf5-49b1-a81a-a37daa5299a1,Robertland,25-34,9,5,1
Mystery,"Hanna, Brown and Burke",1961,Shoulder enjoy.,a64ccb7d-1877-4fc1-916b-dbf628867257,Farleyview,55+,2,4,5
Mystery,"Hanna, Brown and Burke",1961,Shoulder enjoy.,3381da25-581a-47b9-960d-90a436511310,Moralesport,Under 18,8,3,4
Mystery,"Hanna, Brown and Burke",1961,Shoulder enjoy.,2cd6652c-9312-4ba7-8470-58e6cb2855d1,North Zachary,35-44,5,1,1
Fantasy,"Smith, Smith and Higgins",1970,Ground success.,76436cd7-8cfe-4af8-b720-c7ebe916c3ff,New Sarahview,Under 18,6,4,4
Fantasy,"Smith, Smith and Higgins",1970,Ground success.,0dbe2c78-72c2-41ef-a726-cd1feab739e7,Hoodport,Under 18,10,4,4
Fantasy,Walsh Ltd,1962,Suggest detail number.,6d07f8e5-5844-4c79-88f1-5a53a435ede7,South Daniel,Under 18,8,3,5
Fantasy,Walsh Ltd,1962,Suggest detail number.,7d8d081a-a1e1-4fa9-889a-6468805bb1e3,West Jefferystad,Under 18,8,4,4
Science Fiction,Reed and Sons,2009,Small political health my.,d9570822-0dee-4454-8ff7-2238204f848c,East Cassidyborough,55+,4,1,3
Science Fiction,Reed and Sons,2009,Small political health my.,2ad9d504-6030-441c-9dc0-3c398b4a6221,Goodmanhaven,25-34,3,5,1
Science Fiction,Reed and Sons,2009,Small political health my.,00b88459-1bb9-432c-855e-09fa04f73d0b,Delgadoland,45-54,2,4,1
Science Fiction,Reed and Sons,2009,Small political health my.,39bf8a94-19a4-46f7-8d98-6283af03dda9,Lesliehaven,18-24,1,1,5
Mystery,"Lewis, Gilmore and Ross",1989,Us speak style or.,b586364c-73d6-4de1-ba42-05d0b7ceac12,Port Rebeccahaven,18-24,2,1,1
Mystery,"Lewis, Gilmore and Ross",1989,Us speak style or.,7bf5adaf-17dd-4deb-909a-1704843fd8eb,West Heatherville,Under 18,5,3,3
Mystery,"Lewis, Gilmore and Ross",1989,Us speak style or.,7408c235-cae4-41ed-b78d-353c1f1df356,Jamesfort,Under 18,7,3,2
Mystery,"Lewis, Gilmore and Ross",1989,Us speak style or.,7e40bb29-22e8-4a8d-84e2-86dfe752959e,North Rachelmouth,35-44,5,5,2
Fantasy,Atkinson-Copeland,1952,Short interesting way.,fe35469a-c4ce-4f4c-9324-7f24955910d8,Hunterfort,55+,5,5,5
Fantasy,Atkinson-Copeland,1952,Short interesting way.,43e27264-6f06-451d-aebc-3a60664a1aba,Deborahmouth,35-44,1,2,3
Fantasy,Atkinson-Copeland,1952,Short interesting way.,b9cf4599-1526-4bff-a298-f48de64c5797,Ryanburgh,35-44,1,4,1
Non-Fiction,Young-Rose,1952,Walk open event.,f6836b67-8856-4d5b-9b05-cb558db7efef,Amberville,Under 18,7,4,4
Non-Fiction,Young-Rose,1952,Walk open event.,f3d1ac71-ba19-493e-b59e-4489e1a3a38d,Stevenmouth,55+,6,4,3
Non-Fiction,Young-Rose,1952,Walk open event.,84d06e71-6182-4994-9654-d7581fce870d,Port Brian,25-34,1,4,2
Non-Fiction,Young-Rose,1952,Walk open event.,a17e51dd-038e-4e60-85d3-a138be19475c,Cartermouth,35-44,8,2,1
Non-Fiction,Young-Rose,1952,Walk open event.,ad12b426-681d-47cd-8254-ff26214f3c0a,Port April,55+,6,3,2
Non-Fiction,Young-Rose,1952,Walk open event.,f8cff7df-ed00-4a63-aa87-1146b0a7fd39,Reneehaven,45-54,6,1,2
Non-Fiction,Young-Rose,1952,Walk open event.,8f123c42-5016-4183-8734-722e482fc55b,North Margaretmouth,45-54,6,3,5
Fiction,Keith Group,1984,Again so citizen good.,b65a7bcc-6b04-4973-b4a6-24e12f480a28,Paulchester,55+,1,3,3
Fiction,Keith Group,1984,Again so citizen good.,3b2d931a-9bbb-4291-bcee-8113a073c74d,Millerhaven,Under 18,3,4,4
Fiction,Keith Group,1984,Again so citizen good.,970309c5-7c2c-44ea-b827-33d1ec700b68,Gutierrezberg,18-24,8,5,1
Fiction,Keith Group,1984,Again so citizen good.,3f94a3db-4cf4-42f9-941b-bd60b4d45621,Jonesport,45-54,4,1,4
Fiction,Keith Group,1984,Again so citizen good.,c4e6cc33-f1d9-4e37-a35a-c5c03dc81662,Wilsonhaven,18-24,10,3,2
Fiction,Keith Group,1984,Again so citizen good.,48851664-6b88-4e09-9cdf-346ae7b5a39c,Annetteburgh,45-54,4,5,2
Fiction,Keith Group,1984,Again so citizen good.,7f207435-137b-497f-85bb-6551421e85c1,Orrton,25-34,10,5,3
Fiction,Keith Group,1984,Again so citizen good.,b70b2db1-f083-435c-a01d-48b3b62c740b,Port Hunter,18-24,7,3,5
Fantasy,Ward-Waters,2001,Bring particularly present.,2afbe013-a0a8-43c9-8e87-5f2ecf393477,West Marie,18-24,3,4,5
Fantasy,Ward-Waters,2001,Bring particularly present.,34e4b56a-5195-4641-947f-acbc1c137e21,Port Justin,Under 18,10,1,2
Fantasy,Ward-Waters,2001,Bring particularly present.,1aab315a-c8b7-4da3-8862-6df7b3952375,Jacquelinechester,45-54,3,5,2
Fantasy,Ward-Waters,2001,Bring particularly present.,02608ae4-f18f-446d-8e01-51d22975463d,Smithstad,55+,6,4,3
Fantasy,Ward-Waters,2001,Bring particularly present.,be8613a1-cf1f-4afa-a759-44d82aca0c74,Jadeburgh,Under 18,2,2,3
Fantasy,Ward-Waters,2001,Bring particularly present.,2c3c4d2e-93fd-43bd-83af-52c3b6d4bb28,Kennethmouth,55+,2,2,5
Fantasy,Ward-Waters,2001,Bring particularly present.,2e766b72-e699-4102-8565-2d4b2e42550f,West Jonathanmouth,18-24,8,4,1
Fantasy,Ward-Waters,2001,Bring particularly present.,155d4030-8ac9-4648-b14c-9dfccfe55dd2,South Lynn,35-44,3,2,4
Fantasy,Ward-Waters,2001,Bring particularly present.,2068ae1b-bc4f-44f8-9b2b-ad4388da35f0,New Marcport,55+,6,1,4
Fantasy,Ward-Waters,2001,Bring particularly present.,c7d8b2e0-1141-4023-8bd4-5300bff7695c,Markbury,Under 18,8,1,1
Fantasy,"Taylor, Padilla and Kerr",1992,Enough investment two so.,c2930ca6-792a-46c9-90c6-60529d737dc0,Maryland,Under 18,3,3,5
Fantasy,"Taylor, Padilla and Kerr",1992,Enough investment two so.,c86f10cf-b676-42b9-abcb-581e5e8b50d4,Hooverberg,18-24,5,1,4
Fantasy,"Taylor, Padilla and Kerr",1992,Enough investment two so.,d2e9f44d-a874-404d-b78c-247cfebb6e85,North Coreystad,Under 18,7,5,5
Fantasy,"Taylor, Padilla and Kerr",1992,Enough investment two so.,3010adf8-78c9-4c87-9957-a61b04df2ce5,Alvarezland,Under 18,2,2,4
Fantasy,"Taylor, Padilla and Kerr",1992,Enough investment two so.,6fb78805-b5a2-4869-835d-d44f73dae5f3,West Dana,35-44,6,3,4
Fantasy,"Taylor, Padilla and Kerr",1992,Enough investment two so.,090dab00-107e-46d1-86a8-fabd25a4ee37,Vasquezville,55+,7,2,5
Fantasy,"Taylor, Padilla and Kerr",1992,Enough investment two so.,d94c3f09-ced3-47c2-bb46-6188074ac25e,Danielsmouth,Under 18,4,4,4
Fantasy,Whitehead PLC,1977,Hit some home.,01c6c7f3-f4e6-4f0c-b4d5-351d7600e1c9,Andretown,35-44,4,1,3
Fantasy,Whitehead PLC,1977,Hit some home.,af769224-cab8-4f8c-bff2-9f30e914707b,Christianland,25-34,6,4,2
Fantasy,Whitehead PLC,1977,Hit some home.,de8f06ec-e087-4555-9afc-5526f38899b0,East Cynthiamouth,25-34,1,2,5
Fantasy,Whitehead PLC,1977,Hit some home.,4ec0869a-563f-40f0-9833-d07efdff835c,Evanville,Under 18,5,4,2
Fantasy,Whitehead PLC,1977,Hit some home.,233a5d35-7691-4160-a33f-3ec9559d0dc1,Port Jimton,45-54,6,1,4
Fantasy,Whitehead PLC,1977,Hit some home.,0f55fe04-0798-41db-8191-a63d02ed0c01,Rebeccaville,35-44,9,4,5
Fantasy,Whitehead PLC,1977,Hit some home.,f2664afd-3a63-4b3c-bcee-489768ab4a8b,Dayfurt,45-54,3,5,5
Fantasy,Whitehead PLC,1977,Hit some home.,332828c4-c412-4a68-9e79-acf5c444f729,New Michael,45-54,9,3,1
Fiction,"Rivera, Barnett and Sherman",1956,Available decision.,faba062b-b967-4e0d-9f4d-40fd4415791c,West Joshuahaven,25-34,9,5,5
Fiction,"Rivera, Barnett and Sherman",1956,Available decision.,b67fde42-4cf9-4bee-bf2e-34895c9bb982,Garyton,18-24,5,1,4
Fiction,"Rivera, Barnett and Sherman",1956,Available decision.,9a009642-073d-42b7-8dca-588a1f566174,Thomasfurt,45-54,4,2,1
Non-Fiction,"Herrera, Blanchard and Anderson",1978,Different green cup.,c8ddbc9b-8521-4bc6-bc4b-f6418815bf1b,North Robertberg,Under 18,8,4,5
Non-Fiction,"Herrera, Blanchard and Anderson",1978,Different green cup.,524fe14c-2a56-4112-aa4b-c0ca1aba2a1c,Port Kyle,Under 18,7,5,3
Non-Fiction,"Herrera, Blanchard and Anderson",1978,Different green cup.,63d66d9c-7d12-4b4c-91c1-c7f453ba9622,Nealmouth,18-24,5,4,1
Non-Fiction,"Herrera, Blanchard and Anderson",1978,Different green cup.,5394d67b-6c63-4727-86ac-d87375fcfc1e,Reidview,35-44,5,4,4
Mystery,"James, Robinson and Thompson",1963,Floor old us.,4f37db18-b758-4b11-8cd6-77dd145dd62b,Port Davidstad,18-24,10,4,2
Mystery,"James, Robinson and Thompson",1963,Floor old us.,13746f2a-f5d7-462f-a1c9-19d5ddc877dd,Lake Donald,18-24,6,2,2
Mystery,"James, Robinson and Thompson",1963,Floor old us.,37848539-3c89-4304-910a-52af81aee09c,Nicolasville,Under 18,4,4,3
Mystery,"James, Robinson and Thompson",1963,Floor old us.,289e4d20-a92b-41ac-901f-89e55e550ead,South Georgemouth,35-44,4,5,4
Mystery,"James, Robinson and Thompson",1963,Floor old us.,c561d9f5-2bcb-4ac8-8a1a-59aff78a92b3,West Alyssaburgh,18-24,2,2,3
Mystery,"James, Robinson and Thompson",1963,Floor old us.,37a84a65-0c2b-4d2b-b04a-a307b9208b40,Staceyview,Under 18,1,2,4
Mystery,"James, Robinson and Thompson",1963,Floor old us.,8f51714d-39ec-43b4-90f8-f23ebcc184a9,South Deborah,Under 18,1,5,4
Mystery,Wilson Ltd,2021,Whatever quickly tree.,2c0f1bda-ef23-4c94-9aec-aaeea397c58b,West Lisaton,55+,3,2,3
Mystery,Wilson Ltd,2021,Whatever quickly tree.,d41287b5-beb0-4354-acf0-4b0fba653773,Lake Melaniebury,55+,1,5,5
Mystery,Wilson Ltd,2021,Whatever quickly tree.,02fc807b-b86e-4d81-9dbb-757a1f66e2df,Sanchezton,35-44,8,1,1
Mystery,Wilson Ltd,2021,Whatever quickly tree.,fb66f1ea-511e-4660-af42-237f195a9b32,Wardtown,45-54,4,1,1
Mystery,Wilson Ltd,2021,Whatever quickly tree.,f6d4d2ff-9cdf-49a1-b05d-55a85c124510,South Stevenview,35-44,7,1,5
Mystery,Wilson Ltd,2021,Whatever quickly tree.,c8a888b2-8439-455a-9051-866a9f4a7b85,Reyeschester,45-54,6,2,2
Mystery,Wilson Ltd,2021,Whatever quickly tree.,5280c450-9878-4c9f-b05c-28a8cf40e6aa,East Samanthastad,55+,6,2,4
Fantasy,Martin Ltd,2021,Congress piece deep.,3f1f1c63-18d7-4733-955e-e30acb98da84,Lake Timothyburgh,25-34,8,3,1
Fantasy,Martin Ltd,2021,Congress piece deep.,d2b22042-5882-454d-967d-96b9a8712530,North Markhaven,55+,9,2,5
Fantasy,Martin Ltd,2021,Congress piece deep.,dcdce9c7-f73d-4aa8-8bbd-e1b83fc6dc76,South William,25-34,10,2,1
Fantasy,Martin Ltd,2021,Congress piece deep.,eefb5145-46e6-4765-9b91-f30b23f135a1,Barbaraland,25-34,7,5,3
Fantasy,Martin Ltd,2021,Congress piece deep.,a0637072-7ff4-45f5-bc21-367f9afc4c12,East Katherine,18-24,3,4,5
Fantasy,Martin Ltd,2021,Congress piece deep.,30b02c41-2168-49d6-9dbe-20196775ba73,South Robert,55+,3,1,3
Fantasy,Martin Ltd,2021,Congress piece deep.,f566e3a6-379d-46d8-a199-401b1fc90af0,Collinsland,25-34,9,2,1
Fantasy,Martin Ltd,2021,Congress piece deep.,2da52c62-0e95-47ad-8552-58e32a747db0,Crystalview,Under 18,10,1,5
Fantasy,Martin Ltd,2021,Congress piece deep.,5bf6e054-b59a-43e8-bed3-40046a2e4c60,Jacquelineside,25-34,3,4,1
Fantasy,Martin Ltd,2021,Congress piece deep.,ba6d3438-314c-4cbb-ad22-516d800500d6,North Michelle,25-34,8,4,4
Mystery,"Stewart, Roach and Hobbs",1955,Share identify no.,0a0bc9be-e0af-4fec-9272-d09e5cb5c590,West Vickie,55+,2,3,2
Mystery,"Stewart, Roach and Hobbs",1955,Share identify no.,e08b59a5-6ba3-42e8-945f-f52af7df8e17,Watkinsland,25-34,7,3,3
Mystery,"Stewart, Roach and Hobbs",1955,Share identify no.,8a66636a-7972-458c-8aa9-73db55b1592f,Evansside,35-44,1,2,3
Mystery,"Stewart, Roach and Hobbs",1955,Share identify no.,a73fcdf2-47ca-451f-9901-02505b5dac9a,Lake Dianaland,45-54,8,2,3
Mystery,"Stewart, Roach and Hobbs",1955,Share identify no.,73e8c128-e69b-4477-a913-d878a53e6402,Moniqueside,35-44,4,2,5
Non-Fiction,Russo Inc,2010,Visit agree lawyer.,74112ebc-22de-4fba-adbe-4fdfd461ee20,Duncanstad,25-34,7,1,5
Non-Fiction,Russo Inc,2010,Visit agree lawyer.,36b583be-119d-445f-8a94-ee528bbc57de,Lake Melissaberg,55+,6,1,3
Non-Fiction,Russo Inc,2010,Visit agree lawyer.,bb909e6d-5d2d-4d42-9826-07cf364e058f,South Brianstad,55+,4,4,3
Non-Fiction,Russo Inc,2010,Visit agree lawyer.,72396510-2435-47ba-a901-7424b6b97b23,East Gabrielborough,Under 18,4,2,1
Non-Fiction,Russo Inc,2010,Visit agree lawyer.,243cc4ca-ef2d-4006-86e9-c2f63416564e,Annmouth,45-54,10,4,5
Mystery,Hamilton Group,1963,Coach today admit phone.,2c8b4a60-1552-4dd5-b890-d327ce12ee92,Thomaschester,35-44,5,3,4
Mystery,Hamilton Group,1963,Coach today admit phone.,2490d8d4-f507-4a3f-b53b-66c331f7d244,Sarahberg,45-54,5,3,3
Mystery,Hamilton Group,1963,Coach today admit phone.,30c1f9d8-1a0d-435a-8594-fd156bc8f291,Garciaside,45-54,7,4,5
Mystery,Hamilton Group,1963,Coach today admit phone.,5fb567dc-0874-4f54-924d-295c3fd799f1,New Katherinefurt,55+,4,2,1
Fiction,Meyers Group,1956,Page knowledge eight.,e0b863a2-decd-4487-80fe-6e2c0eba3231,Shawntown,35-44,2,2,5
Fiction,Meyers Group,1956,Page knowledge eight.,37a13acf-e296-41de-bf13-2b65b78b60f9,Christinaton,25-34,1,3,5
Non-Fiction,Kim-Cruz,2002,Teacher nearly rich.,36fbdfc7-e510-422c-bcd9-0c57802fe93d,Josephfort,Under 18,3,1,1
Non-Fiction,Kim-Cruz,2002,Teacher nearly rich.,5391c5ad-a76a-45c5-88f1-9949e01ae615,New Christy,25-34,6,5,5
Non-Fiction,Kim-Cruz,2002,Teacher nearly rich.,1ed00061-8068-4c88-96d2-f0270e44ed71,East Kari,35-44,3,4,1
Non-Fiction,Kim-Cruz,2002,Teacher nearly rich.,fc926bed-3e5e-43fb-88ae-a2de5d3b681d,Lawsonberg,35-44,8,4,4
Non-Fiction,Kim-Cruz,2002,Teacher nearly rich.,8d0068d8-3a77-43a7-9674-85f9239d6d8d,New Craigberg,35-44,1,2,5
Non-Fiction,Kim-Cruz,2002,Teacher nearly rich.,f2495a61-4a15-4568-863a-37b01d13f762,West James,25-34,4,3,4
Non-Fiction,Kim-Cruz,2002,Teacher nearly rich.,b3bff115-a070-4bb6-8360-d0aadf93768e,East Jenniferview,35-44,2,4,1
Fiction,"Schultz, Tate and Arnold",1974,Development collection.,0369c294-c174-4d7d-a7e7-f2fa30ffb753,Lovemouth,45-54,3,1,4
Fiction,"Schultz, Tate and Arnold",1974,Development collection.,c52c277f-79b0-462c-8ea0-93cb583c1a76,Leonardton,45-54,7,5,4
Fiction,"Schultz, Tate and Arnold",1974,Development collection.,f09199de-0da0-4d81-b94d-832f79932d28,Port Leslieside,55+,5,4,1
Fiction,"Schultz, Tate and Arnold",1974,Development collection.,20271841-efd0-43f9-b6d0-0452a339b8f1,Torresmouth,45-54,6,3,5
Fiction,"Schultz, Tate and Arnold",1974,Development collection.,557a9167-1395-4935-8a6a-6d69622dbc22,Lawrenceburgh,35-44,7,2,2
Fiction,"Schultz, Tate and Arnold",1974,Development collection.,ee84faa9-d823-4828-9a12-b3db0943a3eb,Williamsside,55+,7,2,3
Fiction,Jones PLC,2010,Whether.,5906edbf-d46a-4ccd-a6ff-a060e19879fd,Burkestad,Under 18,2,3,1
Fiction,Jones PLC,2010,Whether.,75926717-9e91-47ca-b880-13e0d0b28cc9,Deannamouth,18-24,7,5,5
Fiction,Jones PLC,2010,Whether.,fe8ce346-c236-4094-b9ba-7111c19fa227,South Patrick,55+,6,4,1
Fiction,Jones PLC,2010,Whether.,edf8e8cc-2c80-4a64-bb8f-11c43fb8e350,Port Cheryl,Under 18,4,3,2
Fiction,Jones PLC,2010,Whether.,a8807836-730e-4ab2-ad9d-a92b8aa0bbe7,Lake Jacob,25-34,7,4,1
Fiction,Jones PLC,2010,Whether.,251c39f6-a656-482f-bd32-3ceb3cd918c9,Adamport,25-34,4,2,5
Fiction,Jones PLC,2010,Whether.,969a2049-121f-4214-903c-3888075978fe,Tammyton,55+,1,2,4
Fiction,Jones PLC,2010,Whether.,0bcb1738-f22e-4921-80eb-3b21fab90ca4,Pamelaland,25-34,10,4,2
Fiction,Jones PLC,2010,Whether.,9be70437-f369-4604-bc82-dcf04c2691ee,Janeview,Under 18,10,5,4
Fantasy,"Jacobs, Coleman and Kline",1993,Company deal history.,f8c2f550-2491-4ff9-af8e-f63cb8643ba3,New Karenhaven,18-24,10,1,2
Fantasy,"Jacobs, Coleman and Kline",1993,Company deal history.,d138d6fb-2173-4ea0-a76d-1e9113aa42b4,Robertmouth,55+,8,1,4
Fantasy,"Jacobs, Coleman and Kline",1993,Company deal history.,1a49e52b-5616-4ef7-a314-805584ae6bd2,New Jeffreyside,35-44,7,4,2
Fantasy,"Jacobs, Coleman and Kline",1993,Company deal history.,3b3b7171-d6b9-4189-8a11-91a1b33216ad,East Rickey,55+,4,4,1
Fantasy,"Jacobs, Coleman and Kline",1993,Company deal history.,e0601f20-09c0-435f-9fd0-22b7c642162e,North Brandonfurt,25-34,2,5,5
Fantasy,"Jacobs, Coleman and Kline",1993,Company deal history.,aa3869c5-db0c-48f3-b4da-d5d9405a7d9d,Michelleland,45-54,5,2,2
Fantasy,"Jacobs, Coleman and Kline",1993,Company deal history.,1bf35480-147a-49f9-a120-dbcea43c2dc3,Shanefurt,35-44,6,3,3
Fantasy,"Jacobs, Coleman and Kline",1993,Company deal history.,ee5f06da-d411-48f4-95c2-832eddbd955b,East Robert,55+,6,4,4
Fantasy,Wolf Ltd,1966,Source those agent.,c80980dc-b03d-4808-aaeb-4dc1bf5c5ee9,Jamesbury,55+,3,4,4
Fantasy,Wolf Ltd,1966,Source those agent.,bf930aa0-d0ad-454d-97d1-3708850900c9,New Joseport,18-24,6,2,4
Mystery,"Graves, Goodman and Johnson",1999,Say put.,02184768-caa8-452a-89aa-0fb6ffda9289,Douglaston,Under 18,1,5,2
Mystery,"Graves, Goodman and Johnson",1999,Say put.,c9535192-1059-41bf-86c1-57bb5d902960,New Carolland,45-54,5,4,1
Mystery,"Graves, Goodman and Johnson",1999,Say put.,9c089d91-30d8-4e2e-a649-66a87ac88848,Griffinborough,35-44,10,4,4
Mystery,"Graves, Goodman and Johnson",1999,Say put.,15b647fe-fe85-4033-8241-535dcd929ddc,Huffmantown,55+,9,5,1
Mystery,"Graves, Goodman and Johnson",1999,Say put.,ce7e26e9-4efc-40f3-b3ad-9375d870e44c,North Richardburgh,Under 18,10,4,4
Mystery,"Graves, Goodman and Johnson",1999,Say put.,385c6c87-f64e-40d6-bd6f-c71d15508640,Keithchester,18-24,8,1,1
Mystery,"Graves, Goodman and Johnson",1999,Say put.,dbf2280e-924e-459f-9035-b404402d1577,West Rhondaland,45-54,8,1,4
Mystery,"Graves, Goodman and Johnson",1999,Say put.,36d17187-791e-4037-859a-b493d49f80cf,East Kimberly,55+,5,4,3
Mystery,"Graves, Goodman and Johnson",1999,Say put.,6d8f3b54-8ee2-4cdd-b812-7ffc6e8d707e,North Elizabeth,45-54,6,4,3
Mystery,"Graves, Goodman and Johnson",1999,Say put.,2908a547-427c-46b8-a64f-dc9f82cce984,Lake Samanthashire,25-34,6,3,2
Non-Fiction,Garcia-Gordon,2022,Even describe agency.,06ea94d1-4498-42af-812e-9857345fea2a,Jeanstad,25-34,9,2,4
Non-Fiction,Garcia-Gordon,2022,Even describe agency.,b925be3c-c5d5-4707-a354-6bd42bcea5e4,Ryantown,Under 18,9,3,3
Fantasy,Cross-Collins,2008,Read job.,d6310934-e53b-48bc-a2c1-af4696b10528,Bruceport,18-24,5,2,5
Fantasy,Cross-Collins,2008,Read job.,7ce8d8e1-7376-4ced-86ff-e4ff7506aa08,North Jackberg,Under 18,8,2,3
Fantasy,Cross-Collins,2008,Read job.,d3c04c79-d0a6-476e-a0f2-897a4cee3130,Ethanside,35-44,5,2,3
Fantasy,Cross-Collins,2008,Read job.,7efaddd0-5f12-4488-b854-fb621e40c8dc,South Dustinborough,45-54,2,5,5
Fantasy,Cross-Collins,2008,Read job.,c06ea6ee-95ea-4570-b7d6-19c9599d7abb,Whitefort,45-54,5,3,1
Fantasy,Cross-Collins,2008,Read job.,51d3418a-2a81-4d9c-90d8-2e0ad28cd746,Johnsontown,35-44,2,1,5
Fantasy,Cross-Collins,2008,Read job.,63c58787-dd85-4665-8a3f-265a3e33f091,South Daniel,18-24,6,2,5
Fantasy,Cross-Collins,2008,Read job.,5ac8a5d9-b9f0-429f-a829-3adad1d4b2e5,New Brandy,18-24,3,1,5
Fantasy,Cross-Collins,2008,Read job.,0c264d5d-cb47-41c8-869b-3b08c193d049,West Alyssa,Under 18,1,5,4
